player_name,Zone,Contest,FGA,FGM,FG_PCT
aaron brooks,Above the Break 3,Heavy Contest,67,23,0.3433
aaron brooks,Above the Break 3,Slight Contest,87,36,0.4138
aaron brooks,Above the Break 3,Wide Open,45,22,0.4889
aaron brooks,Corner 3,Slight Contest,12,5,0.4167
aaron brooks,Free Throw / Short Range,Heavy Contest,171,70,0.4094
aaron brooks,Free Throw / Short Range,Slight Contest,32,12,0.375
aaron brooks,Mid-Range,Heavy Contest,27,8,0.2963
aaron brooks,Mid-Range,Slight Contest,27,9,0.3333
aaron brooks,Restricted Area (Layup),Heavy Contest,61,31,0.5082
aaron brooks,Restricted Area (Layup),Slight Contest,12,9,0.75
aaron gordon,Above the Break 3,Wide Open,11,3,0.2727
aaron gordon,Free Throw / Short Range,Heavy Contest,42,20,0.4762
aaron gordon,Restricted Area (Layup),Heavy Contest,23,17,0.7391
al farouq aminu,Above the Break 3,Slight Contest,26,2,0.0769
al farouq aminu,Above the Break 3,Wide Open,35,13,0.3714
al farouq aminu,Corner 3,Slight Contest,10,4,0.4
al farouq aminu,Corner 3,Wide Open,18,6,0.3333
al farouq aminu,Free Throw / Short Range,Heavy Contest,55,24,0.4364
al farouq aminu,Mid-Range,Slight Contest,13,3,0.2308
al farouq aminu,Restricted Area (Layup),Heavy Contest,54,36,0.6667
al farouq aminu,Restricted Area (Layup),Slight Contest,10,8,0.8
al horford,Above the Break 3,Wide Open,16,3,0.1875
al horford,Corner 3,Wide Open,11,5,0.4545
al horford,Free Throw / Short Range,Heavy Contest,223,117,0.5247
al horford,Free Throw / Short Range,Slight Contest,46,25,0.5435
al horford,Free Throw / Short Range,Wide Open,10,8,0.8
al horford,Mid-Range,Slight Contest,101,39,0.3861
al horford,Mid-Range,Wide Open,201,111,0.5522
al horford,Restricted Area (Layup),Heavy Contest,82,60,0.7317
al horford,Restricted Area (Layup),Slight Contest,10,10,1.0
al jefferson,Free Throw / Short Range,Heavy Contest,446,201,0.4507
al jefferson,Free Throw / Short Range,Slight Contest,56,35,0.625
al jefferson,Free Throw / Short Range,Wide Open,11,7,0.6364
al jefferson,Mid-Range,Heavy Contest,52,15,0.2885
al jefferson,Mid-Range,Slight Contest,108,43,0.3981
al jefferson,Mid-Range,Wide Open,33,16,0.4848
al jefferson,Restricted Area (Layup),Heavy Contest,84,56,0.6667
alan anderson,Above the Break 3,Heavy Contest,40,13,0.325
alan anderson,Above the Break 3,Slight Contest,55,14,0.2545
alan anderson,Above the Break 3,Wide Open,27,13,0.4815
alan anderson,Corner 3,Heavy Contest,19,8,0.4211
alan anderson,Corner 3,Slight Contest,17,6,0.3529
alan anderson,Corner 3,Wide Open,16,6,0.375
alan anderson,Free Throw / Short Range,Heavy Contest,58,30,0.5172
alan anderson,Free Throw / Short Range,Slight Contest,12,6,0.5
alan anderson,Mid-Range,Heavy Contest,28,8,0.2857
alan anderson,Mid-Range,Slight Contest,14,7,0.5
alan anderson,Restricted Area (Layup),Heavy Contest,35,23,0.6571
alan crabbe,Above the Break 3,Slight Contest,13,4,0.3077
alan crabbe,Above the Break 3,Wide Open,19,8,0.4211
alex len,Free Throw / Short Range,Heavy Contest,68,33,0.4853
alex len,Free Throw / Short Range,Slight Contest,15,6,0.4
alex len,Mid-Range,Slight Contest,30,9,0.3
alex len,Mid-Range,Wide Open,30,10,0.3333
alex len,Restricted Area (Layup),Heavy Contest,119,74,0.6218
alex len,Restricted Area (Layup),Slight Contest,20,18,0.9
alexis ajinca,Free Throw / Short Range,Heavy Contest,89,54,0.6067
alexis ajinca,Free Throw / Short Range,Slight Contest,24,15,0.625
alexis ajinca,Mid-Range,Slight Contest,16,7,0.4375
alexis ajinca,Mid-Range,Wide Open,20,9,0.45
alexis ajinca,Restricted Area (Layup),Heavy Contest,49,32,0.6531
alonzo gee,Free Throw / Short Range,Heavy Contest,54,20,0.3704
alonzo gee,Restricted Area (Layup),Heavy Contest,30,20,0.6667
alonzo gee,Restricted Area (Layup),Slight Contest,10,8,0.8
amare stoudemire,Free Throw / Short Range,Heavy Contest,136,71,0.5221
amare stoudemire,Mid-Range,Heavy Contest,12,3,0.25
amare stoudemire,Mid-Range,Slight Contest,29,9,0.3103
amare stoudemire,Mid-Range,Wide Open,14,6,0.4286
amare stoudemire,Restricted Area (Layup),Heavy Contest,123,80,0.6504
amare stoudemire,Restricted Area (Layup),Slight Contest,10,10,1.0
amir johnson,Above the Break 3,Slight Contest,14,4,0.2857
amir johnson,Above the Break 3,Wide Open,13,6,0.4615
amir johnson,Free Throw / Short Range,Heavy Contest,164,87,0.5305
amir johnson,Free Throw / Short Range,Slight Contest,21,14,0.6667
amir johnson,Mid-Range,Slight Contest,13,8,0.6154
amir johnson,Restricted Area (Layup),Heavy Contest,131,83,0.6336
amir johnson,Restricted Area (Layup),Slight Contest,20,17,0.85
andre drummond,Free Throw / Short Range,Heavy Contest,285,114,0.4
andre drummond,Free Throw / Short Range,Slight Contest,27,17,0.6296
andre drummond,Restricted Area (Layup),Heavy Contest,291,167,0.5739
andre drummond,Restricted Area (Layup),Slight Contest,33,24,0.7273
andre drummond,Restricted Area (Layup),Wide Open,13,8,0.6154
andre iguodala,Above the Break 3,Slight Contest,47,13,0.2766
andre iguodala,Above the Break 3,Wide Open,43,19,0.4419
andre iguodala,Corner 3,Slight Contest,18,7,0.3889
andre iguodala,Corner 3,Wide Open,24,8,0.3333
andre iguodala,Free Throw / Short Range,Heavy Contest,55,26,0.4727
andre iguodala,Free Throw / Short Range,Slight Contest,16,12,0.75
andre iguodala,Mid-Range,Heavy Contest,23,6,0.2609
andre iguodala,Mid-Range,Slight Contest,32,14,0.4375
andre iguodala,Restricted Area (Layup),Heavy Contest,42,25,0.5952
andre iguodala,Restricted Area (Layup),Slight Contest,10,9,0.9
andre miller,Free Throw / Short Range,Heavy Contest,63,28,0.4444
andre miller,Free Throw / Short Range,Slight Contest,16,9,0.5625
andre miller,Mid-Range,Heavy Contest,19,11,0.5789
andre miller,Restricted Area (Layup),Heavy Contest,52,35,0.6731
andre roberson,Above the Break 3,Slight Contest,11,3,0.2727
andre roberson,Above the Break 3,Wide Open,37,8,0.2162
andre roberson,Corner 3,Wide Open,14,5,0.3571
andre roberson,Free Throw / Short Range,Heavy Contest,30,14,0.4667
andre roberson,Free Throw / Short Range,Slight Contest,12,10,0.8333
andre roberson,Restricted Area (Layup),Heavy Contest,45,24,0.5333
andrew bogut,Free Throw / Short Range,Heavy Contest,109,49,0.4495
andrew bogut,Free Throw / Short Range,Slight Contest,17,9,0.5294
andrew bogut,Restricted Area (Layup),Heavy Contest,77,51,0.6623
andrew bogut,Restricted Area (Layup),Slight Contest,21,16,0.7619
andrew wiggins,Above the Break 3,Heavy Contest,12,1,0.0833
andrew wiggins,Above the Break 3,Slight Contest,30,14,0.4667
andrew wiggins,Above the Break 3,Wide Open,41,15,0.3659
andrew wiggins,Free Throw / Short Range,Heavy Contest,302,129,0.4272
andrew wiggins,Free Throw / Short Range,Slight Contest,21,14,0.6667
andrew wiggins,Mid-Range,Heavy Contest,100,30,0.3
andrew wiggins,Mid-Range,Slight Contest,116,39,0.3362
andrew wiggins,Mid-Range,Wide Open,31,13,0.4194
andrew wiggins,Restricted Area (Layup),Heavy Contest,104,69,0.6635
andrew wiggins,Restricted Area (Layup),Slight Contest,10,9,0.9
anthony bennett,Free Throw / Short Range,Heavy Contest,53,22,0.4151
anthony bennett,Mid-Range,Heavy Contest,17,3,0.1765
anthony bennett,Mid-Range,Slight Contest,64,23,0.3594
anthony bennett,Mid-Range,Wide Open,63,20,0.3175
anthony bennett,Restricted Area (Layup),Heavy Contest,50,35,0.7
anthony davis,Free Throw / Short Range,Heavy Contest,301,158,0.5249
anthony davis,Free Throw / Short Range,Slight Contest,25,20,0.8
anthony davis,Free Throw / Short Range,Wide Open,10,9,0.9
anthony davis,Mid-Range,Heavy Contest,47,16,0.3404
anthony davis,Mid-Range,Slight Contest,191,81,0.4241
anthony davis,Mid-Range,Wide Open,80,38,0.475
anthony davis,Restricted Area (Layup),Heavy Contest,145,104,0.7172
anthony davis,Restricted Area (Layup),Slight Contest,24,21,0.875
anthony morrow,Above the Break 3,Heavy Contest,29,3,0.1034
anthony morrow,Above the Break 3,Slight Contest,44,16,0.3636
anthony morrow,Above the Break 3,Wide Open,57,29,0.5088
anthony morrow,Corner 3,Heavy Contest,13,3,0.2308
anthony morrow,Corner 3,Slight Contest,29,11,0.3793
anthony morrow,Corner 3,Wide Open,30,16,0.5333
anthony morrow,Free Throw / Short Range,Heavy Contest,84,38,0.4524
anthony morrow,Free Throw / Short Range,Slight Contest,16,10,0.625
anthony morrow,Mid-Range,Heavy Contest,41,16,0.3902
anthony morrow,Mid-Range,Slight Contest,39,18,0.4615
anthony morrow,Restricted Area (Layup),Heavy Contest,17,13,0.7647
aron baynes,Free Throw / Short Range,Heavy Contest,81,41,0.5062
aron baynes,Free Throw / Short Range,Slight Contest,13,6,0.4615
aron baynes,Mid-Range,Slight Contest,16,6,0.375
aron baynes,Mid-Range,Wide Open,16,7,0.4375
aron baynes,Restricted Area (Layup),Heavy Contest,105,65,0.619
arron afflalo,Above the Break 3,Heavy Contest,69,21,0.3043
arron afflalo,Above the Break 3,Slight Contest,69,26,0.3768
arron afflalo,Above the Break 3,Wide Open,35,11,0.3143
arron afflalo,Corner 3,Heavy Contest,28,9,0.3214
arron afflalo,Corner 3,Slight Contest,44,16,0.3636
arron afflalo,Corner 3,Wide Open,14,6,0.4286
arron afflalo,Free Throw / Short Range,Heavy Contest,178,85,0.4775
arron afflalo,Free Throw / Short Range,Slight Contest,35,17,0.4857
arron afflalo,Mid-Range,Heavy Contest,102,51,0.5
arron afflalo,Mid-Range,Slight Contest,61,28,0.459
arron afflalo,Restricted Area (Layup),Heavy Contest,35,14,0.4
avery bradley,Above the Break 3,Heavy Contest,31,9,0.2903
avery bradley,Above the Break 3,Slight Contest,95,28,0.2947
avery bradley,Above the Break 3,Wide Open,71,30,0.4225
avery bradley,Corner 3,Heavy Contest,10,6,0.6
avery bradley,Corner 3,Slight Contest,20,10,0.5
avery bradley,Corner 3,Wide Open,23,8,0.3478
avery bradley,Free Throw / Short Range,Heavy Contest,71,35,0.493
avery bradley,Free Throw / Short Range,Slight Contest,14,9,0.6429
avery bradley,Mid-Range,Heavy Contest,150,59,0.3933
avery bradley,Mid-Range,Slight Contest,126,50,0.3968
avery bradley,Mid-Range,Wide Open,43,22,0.5116
avery bradley,Restricted Area (Layup),Heavy Contest,79,40,0.5063
avery bradley,Restricted Area (Layup),Slight Contest,13,12,0.9231
ben gordon,Above the Break 3,Heavy Contest,24,6,0.25
ben gordon,Above the Break 3,Slight Contest,32,11,0.3438
ben gordon,Above the Break 3,Wide Open,12,4,0.3333
ben gordon,Free Throw / Short Range,Heavy Contest,61,29,0.4754
ben gordon,Mid-Range,Heavy Contest,57,19,0.3333
ben gordon,Mid-Range,Slight Contest,23,13,0.5652
ben gordon,Restricted Area (Layup),Heavy Contest,12,6,0.5
ben mclemore,Above the Break 3,Heavy Contest,36,12,0.3333
ben mclemore,Above the Break 3,Slight Contest,93,24,0.2581
ben mclemore,Above the Break 3,Wide Open,101,42,0.4158
ben mclemore,Corner 3,Heavy Contest,15,4,0.2667
ben mclemore,Corner 3,Slight Contest,19,11,0.5789
ben mclemore,Corner 3,Wide Open,22,10,0.4545
ben mclemore,Free Throw / Short Range,Heavy Contest,98,44,0.449
ben mclemore,Free Throw / Short Range,Slight Contest,21,16,0.7619
ben mclemore,Mid-Range,Heavy Contest,40,13,0.325
ben mclemore,Mid-Range,Slight Contest,46,21,0.4565
ben mclemore,Mid-Range,Wide Open,23,11,0.4783
ben mclemore,Restricted Area (Layup),Heavy Contest,35,17,0.4857
ben mclemore,Restricted Area (Layup),Slight Contest,12,10,0.8333
ben mclemore,Restricted Area (Layup),Wide Open,12,12,1.0
beno urdih,Above the Break 3,Slight Contest,20,3,0.15
beno urdih,Above the Break 3,Wide Open,37,10,0.2703
beno urdih,Free Throw / Short Range,Heavy Contest,50,19,0.38
beno urdih,Free Throw / Short Range,Slight Contest,18,14,0.7778
beno urdih,Mid-Range,Heavy Contest,76,39,0.5132
beno urdih,Mid-Range,Slight Contest,47,27,0.5745
beno urdih,Mid-Range,Wide Open,25,12,0.48
beno urdih,Restricted Area (Layup),Heavy Contest,45,32,0.7111
bismack biyombo,Free Throw / Short Range,Heavy Contest,38,12,0.3158
bismack biyombo,Restricted Area (Layup),Heavy Contest,67,48,0.7164
blake griffin,Above the Break 3,Wide Open,11,5,0.4545
blake griffin,Free Throw / Short Range,Heavy Contest,286,152,0.5315
blake griffin,Free Throw / Short Range,Slight Contest,35,19,0.5429
blake griffin,Free Throw / Short Range,Wide Open,17,14,0.8235
blake griffin,Mid-Range,Heavy Contest,17,4,0.2353
blake griffin,Mid-Range,Slight Contest,101,42,0.4158
blake griffin,Mid-Range,Wide Open,251,102,0.4064
blake griffin,Restricted Area (Layup),Heavy Contest,140,84,0.6
blake griffin,Restricted Area (Layup),Slight Contest,17,14,0.8235
bojan bogdanovic,Above the Break 3,Heavy Contest,11,3,0.2727
bojan bogdanovic,Above the Break 3,Slight Contest,60,17,0.2833
bojan bogdanovic,Above the Break 3,Wide Open,69,22,0.3188
bojan bogdanovic,Corner 3,Slight Contest,11,4,0.3636
bojan bogdanovic,Corner 3,Wide Open,14,4,0.2857
bojan bogdanovic,Free Throw / Short Range,Heavy Contest,78,39,0.5
bojan bogdanovic,Mid-Range,Slight Contest,17,6,0.3529
bojan bogdanovic,Restricted Area (Layup),Heavy Contest,54,36,0.6667
boris diaw,Above the Break 3,Wide Open,108,36,0.3333
boris diaw,Free Throw / Short Range,Heavy Contest,126,61,0.4841
boris diaw,Free Throw / Short Range,Slight Contest,36,18,0.5
boris diaw,Mid-Range,Slight Contest,19,5,0.2632
boris diaw,Mid-Range,Wide Open,22,10,0.4545
boris diaw,Restricted Area (Layup),Heavy Contest,84,47,0.5595
boris diaw,Restricted Area (Layup),Slight Contest,10,8,0.8
bradley beal,Above the Break 3,Heavy Contest,17,6,0.3529
bradley beal,Above the Break 3,Slight Contest,60,27,0.45
bradley beal,Above the Break 3,Wide Open,69,28,0.4058
bradley beal,Corner 3,Wide Open,21,7,0.3333
bradley beal,Free Throw / Short Range,Heavy Contest,114,42,0.3684
bradley beal,Free Throw / Short Range,Slight Contest,19,10,0.5263
bradley beal,Mid-Range,Heavy Contest,93,33,0.3548
bradley beal,Mid-Range,Slight Contest,85,34,0.4
bradley beal,Mid-Range,Wide Open,20,4,0.2
bradley beal,Restricted Area (Layup),Heavy Contest,52,30,0.5769
brandon bass,Free Throw / Short Range,Heavy Contest,132,48,0.3636
brandon bass,Free Throw / Short Range,Slight Contest,23,14,0.6087
brandon bass,Mid-Range,Heavy Contest,54,21,0.3889
brandon bass,Mid-Range,Slight Contest,129,57,0.4419
brandon bass,Mid-Range,Wide Open,27,13,0.4815
brandon bass,Restricted Area (Layup),Heavy Contest,85,58,0.6824
brandon bass,Restricted Area (Layup),Slight Contest,11,10,0.9091
brandon jennings,Above the Break 3,Heavy Contest,51,15,0.2941
brandon jennings,Above the Break 3,Slight Contest,94,31,0.3298
brandon jennings,Above the Break 3,Wide Open,45,19,0.4222
brandon jennings,Free Throw / Short Range,Heavy Contest,130,54,0.4154
brandon jennings,Free Throw / Short Range,Slight Contest,30,12,0.4
brandon jennings,Mid-Range,Heavy Contest,36,8,0.2222
brandon jennings,Mid-Range,Slight Contest,44,21,0.4773
brandon jennings,Mid-Range,Wide Open,23,10,0.4348
brandon jennings,Restricted Area (Layup),Heavy Contest,51,22,0.4314
brandon knight,Above the Break 3,Heavy Contest,45,18,0.4
brandon knight,Above the Break 3,Slight Contest,126,43,0.3413
brandon knight,Above the Break 3,Wide Open,106,50,0.4717
brandon knight,Corner 3,Wide Open,10,5,0.5
brandon knight,Free Throw / Short Range,Heavy Contest,180,72,0.4
brandon knight,Free Throw / Short Range,Slight Contest,24,13,0.5417
brandon knight,Mid-Range,Heavy Contest,84,32,0.381
brandon knight,Mid-Range,Slight Contest,100,36,0.36
brandon knight,Mid-Range,Wide Open,36,14,0.3889
brandon knight,Restricted Area (Layup),Heavy Contest,72,40,0.5556
brandon knight,Restricted Area (Layup),Slight Contest,11,9,0.8182
brandon knight,Restricted Area (Layup),Wide Open,15,14,0.9333
brian roberts,Above the Break 3,Heavy Contest,20,4,0.2
brian roberts,Above the Break 3,Slight Contest,61,19,0.3115
brian roberts,Above the Break 3,Wide Open,51,18,0.3529
brian roberts,Corner 3,Wide Open,10,6,0.6
brian roberts,Free Throw / Short Range,Heavy Contest,69,32,0.4638
brian roberts,Mid-Range,Heavy Contest,59,24,0.4068
brian roberts,Mid-Range,Slight Contest,50,25,0.5
brian roberts,Mid-Range,Wide Open,19,9,0.4737
brian roberts,Restricted Area (Layup),Heavy Contest,11,5,0.4545
brook lopez,Free Throw / Short Range,Heavy Contest,280,127,0.4536
brook lopez,Free Throw / Short Range,Slight Contest,55,28,0.5091
brook lopez,Free Throw / Short Range,Wide Open,11,8,0.7273
brook lopez,Mid-Range,Heavy Contest,17,7,0.4118
brook lopez,Mid-Range,Slight Contest,41,17,0.4146
brook lopez,Mid-Range,Wide Open,96,43,0.4479
brook lopez,Restricted Area (Layup),Heavy Contest,119,73,0.6134
carl landry,Free Throw / Short Range,Heavy Contest,68,34,0.5
carl landry,Free Throw / Short Range,Slight Contest,10,5,0.5
carl landry,Mid-Range,Heavy Contest,15,10,0.6667
carl landry,Mid-Range,Slight Contest,62,25,0.4032
carl landry,Mid-Range,Wide Open,37,15,0.4054
carl landry,Restricted Area (Layup),Heavy Contest,83,46,0.5542
carlos boozer,Free Throw / Short Range,Heavy Contest,221,111,0.5023
carlos boozer,Free Throw / Short Range,Slight Contest,49,31,0.6327
carlos boozer,Mid-Range,Heavy Contest,78,34,0.4359
carlos boozer,Mid-Range,Slight Contest,117,43,0.3675
carlos boozer,Mid-Range,Wide Open,39,16,0.4103
carlos boozer,Restricted Area (Layup),Heavy Contest,96,67,0.6979
carlos boozer,Restricted Area (Layup),Slight Contest,13,12,0.9231
carmelo anthony,Above the Break 3,Heavy Contest,51,17,0.3333
carmelo anthony,Above the Break 3,Slight Contest,85,24,0.2824
carmelo anthony,Above the Break 3,Wide Open,30,14,0.4667
carmelo anthony,Free Throw / Short Range,Heavy Contest,169,79,0.4675
carmelo anthony,Free Throw / Short Range,Slight Contest,22,11,0.5
carmelo anthony,Mid-Range,Heavy Contest,161,63,0.3913
carmelo anthony,Mid-Range,Slight Contest,122,56,0.459
carmelo anthony,Mid-Range,Wide Open,28,14,0.5
carmelo anthony,Restricted Area (Layup),Heavy Contest,102,55,0.5392
caron butler,Above the Break 3,Heavy Contest,47,14,0.2979
caron butler,Above the Break 3,Slight Contest,41,10,0.2439
caron butler,Above the Break 3,Wide Open,30,9,0.3
caron butler,Corner 3,Heavy Contest,13,5,0.3846
caron butler,Corner 3,Slight Contest,12,3,0.25
caron butler,Corner 3,Wide Open,13,9,0.6923
caron butler,Free Throw / Short Range,Heavy Contest,22,10,0.4545
caron butler,Mid-Range,Heavy Contest,43,19,0.4419
caron butler,Mid-Range,Slight Contest,30,15,0.5
caron butler,Mid-Range,Wide Open,18,9,0.5
caron butler,Restricted Area (Layup),Heavy Contest,16,7,0.4375
chandler parsons,Above the Break 3,Heavy Contest,45,11,0.2444
chandler parsons,Above the Break 3,Slight Contest,99,43,0.4343
chandler parsons,Above the Break 3,Wide Open,72,30,0.4167
chandler parsons,Corner 3,Heavy Contest,15,6,0.4
chandler parsons,Corner 3,Slight Contest,25,9,0.36
chandler parsons,Corner 3,Wide Open,30,8,0.2667
chandler parsons,Free Throw / Short Range,Heavy Contest,193,85,0.4404
chandler parsons,Free Throw / Short Range,Slight Contest,35,18,0.5143
chandler parsons,Mid-Range,Heavy Contest,27,11,0.4074
chandler parsons,Mid-Range,Slight Contest,17,9,0.5294
chandler parsons,Mid-Range,Wide Open,17,6,0.3529
chandler parsons,Restricted Area (Layup),Heavy Contest,75,49,0.6533
channing frye,Above the Break 3,Heavy Contest,26,12,0.4615
channing frye,Above the Break 3,Slight Contest,119,45,0.3782
channing frye,Above the Break 3,Wide Open,136,51,0.375
channing frye,Free Throw / Short Range,Heavy Contest,28,9,0.3214
channing frye,Mid-Range,Heavy Contest,21,8,0.381
channing frye,Mid-Range,Slight Contest,26,8,0.3077
channing frye,Mid-Range,Wide Open,22,12,0.5455
channing frye,Restricted Area (Layup),Heavy Contest,11,6,0.5455
charlie villanueva,Above the Break 3,Heavy Contest,10,6,0.6
charlie villanueva,Above the Break 3,Slight Contest,56,20,0.3571
charlie villanueva,Above the Break 3,Wide Open,60,24,0.4
charlie villanueva,Corner 3,Wide Open,12,5,0.4167
charlie villanueva,Free Throw / Short Range,Heavy Contest,50,24,0.48
charlie villanueva,Restricted Area (Layup),Heavy Contest,15,6,0.4
chase budinger,Above the Break 3,Heavy Contest,13,2,0.1538
chase budinger,Above the Break 3,Slight Contest,30,10,0.3333
chase budinger,Above the Break 3,Wide Open,17,7,0.4118
chase budinger,Free Throw / Short Range,Heavy Contest,42,18,0.4286
chase budinger,Mid-Range,Heavy Contest,21,4,0.1905
chase budinger,Mid-Range,Slight Contest,22,7,0.3182
chase budinger,Restricted Area (Layup),Heavy Contest,22,12,0.5455
chris andersen,Free Throw / Short Range,Heavy Contest,19,4,0.2105
chris andersen,Mid-Range,Wide Open,11,5,0.4545
chris andersen,Restricted Area (Layup),Heavy Contest,74,51,0.6892
chris bosh,Above the Break 3,Heavy Contest,12,4,0.3333
chris bosh,Above the Break 3,Slight Contest,67,23,0.3433
chris bosh,Above the Break 3,Wide Open,75,31,0.4133
chris bosh,Free Throw / Short Range,Heavy Contest,204,89,0.4363
chris bosh,Free Throw / Short Range,Slight Contest,39,23,0.5897
chris bosh,Mid-Range,Heavy Contest,74,32,0.4324
chris bosh,Mid-Range,Slight Contest,152,70,0.4605
chris bosh,Mid-Range,Wide Open,56,30,0.5357
chris bosh,Restricted Area (Layup),Heavy Contest,41,25,0.6098
chris copeland,Above the Break 3,Heavy Contest,23,4,0.1739
chris copeland,Above the Break 3,Slight Contest,64,23,0.3594
chris copeland,Above the Break 3,Wide Open,43,12,0.2791
chris copeland,Corner 3,Slight Contest,16,8,0.5
chris copeland,Free Throw / Short Range,Heavy Contest,76,27,0.3553
chris copeland,Mid-Range,Heavy Contest,15,3,0.2
chris copeland,Mid-Range,Slight Contest,10,4,0.4
chris copeland,Restricted Area (Layup),Heavy Contest,31,19,0.6129
chris kaman,Free Throw / Short Range,Heavy Contest,140,55,0.3929
chris kaman,Free Throw / Short Range,Slight Contest,25,14,0.56
chris kaman,Mid-Range,Heavy Contest,37,13,0.3514
chris kaman,Mid-Range,Slight Contest,77,34,0.4416
chris kaman,Mid-Range,Wide Open,20,13,0.65
chris kaman,Restricted Area (Layup),Heavy Contest,119,70,0.5882
chris kaman,Restricted Area (Layup),Slight Contest,13,12,0.9231
chris paul,Above the Break 3,Heavy Contest,41,14,0.3415
chris paul,Above the Break 3,Slight Contest,102,39,0.3824
chris paul,Above the Break 3,Wide Open,82,33,0.4024
chris paul,Corner 3,Slight Contest,13,5,0.3846
chris paul,Free Throw / Short Range,Heavy Contest,152,72,0.4737
chris paul,Free Throw / Short Range,Slight Contest,70,35,0.5
chris paul,Free Throw / Short Range,Wide Open,17,15,0.8824
chris paul,Mid-Range,Heavy Contest,153,60,0.3922
chris paul,Mid-Range,Slight Contest,153,93,0.6078
chris paul,Mid-Range,Wide Open,55,33,0.6
chris paul,Restricted Area (Layup),Heavy Contest,17,8,0.4706
chris paul,Restricted Area (Layup),Slight Contest,10,10,1.0
cj mccollum,Above the Break 3,Heavy Contest,13,4,0.3077
cj mccollum,Above the Break 3,Slight Contest,25,10,0.4
cj mccollum,Above the Break 3,Wide Open,19,8,0.4211
cj mccollum,Free Throw / Short Range,Heavy Contest,31,16,0.5161
cj mccollum,Free Throw / Short Range,Slight Contest,11,3,0.2727
cj mccollum,Mid-Range,Heavy Contest,13,1,0.0769
cj mccollum,Mid-Range,Slight Contest,18,5,0.2778
cj mccollum,Restricted Area (Layup),Heavy Contest,18,9,0.5
cj miles,Above the Break 3,Heavy Contest,78,30,0.3846
cj miles,Above the Break 3,Slight Contest,111,31,0.2793
cj miles,Above the Break 3,Wide Open,78,23,0.2949
cj miles,Corner 3,Slight Contest,12,2,0.1667
cj miles,Corner 3,Wide Open,12,5,0.4167
cj miles,Free Throw / Short Range,Heavy Contest,99,44,0.4444
cj miles,Mid-Range,Heavy Contest,71,23,0.3239
cj miles,Mid-Range,Slight Contest,38,18,0.4737
cj miles,Mid-Range,Wide Open,13,5,0.3846
cj miles,Restricted Area (Layup),Heavy Contest,22,13,0.5909
cj watson,Above the Break 3,Heavy Contest,15,4,0.2667
cj watson,Above the Break 3,Slight Contest,52,11,0.2115
cj watson,Above the Break 3,Wide Open,26,18,0.6923
cj watson,Corner 3,Slight Contest,10,5,0.5
cj watson,Corner 3,Wide Open,13,6,0.4615
cj watson,Free Throw / Short Range,Heavy Contest,44,17,0.3864
cj watson,Free Throw / Short Range,Slight Contest,10,3,0.3
cj watson,Mid-Range,Heavy Contest,27,8,0.2963
cj watson,Mid-Range,Slight Contest,35,16,0.4571
cj watson,Mid-Range,Wide Open,24,12,0.5
cj watson,Restricted Area (Layup),Heavy Contest,23,12,0.5217
cj watson,Restricted Area (Layup),Slight Contest,10,9,0.9
cody zeller,Free Throw / Short Range,Heavy Contest,98,46,0.4694
cody zeller,Free Throw / Short Range,Slight Contest,10,4,0.4
cody zeller,Mid-Range,Slight Contest,33,12,0.3636
cody zeller,Mid-Range,Wide Open,102,39,0.3824
cody zeller,Restricted Area (Layup),Heavy Contest,87,48,0.5517
cole aldrich,Free Throw / Short Range,Heavy Contest,134,55,0.4104
cole aldrich,Free Throw / Short Range,Slight Contest,14,11,0.7857
cole aldrich,Restricted Area (Layup),Heavy Contest,28,16,0.5714
cory joseph,Corner 3,Slight Contest,11,5,0.4545
cory joseph,Free Throw / Short Range,Heavy Contest,96,44,0.4583
cory joseph,Free Throw / Short Range,Slight Contest,25,12,0.48
cory joseph,Mid-Range,Heavy Contest,28,6,0.2143
cory joseph,Mid-Range,Slight Contest,37,18,0.4865
cory joseph,Mid-Range,Wide Open,18,14,0.7778
cory joseph,Restricted Area (Layup),Heavy Contest,92,56,0.6087
cory joseph,Restricted Area (Layup),Slight Contest,10,10,1.0
courtney lee,Above the Break 3,Heavy Contest,11,3,0.2727
courtney lee,Above the Break 3,Slight Contest,61,24,0.3934
courtney lee,Above the Break 3,Wide Open,47,27,0.5745
courtney lee,Corner 3,Slight Contest,24,10,0.4167
courtney lee,Corner 3,Wide Open,26,11,0.4231
courtney lee,Free Throw / Short Range,Heavy Contest,97,47,0.4845
courtney lee,Free Throw / Short Range,Slight Contest,21,7,0.3333
courtney lee,Mid-Range,Heavy Contest,50,23,0.46
courtney lee,Mid-Range,Slight Contest,65,28,0.4308
courtney lee,Mid-Range,Wide Open,35,21,0.6
courtney lee,Restricted Area (Layup),Heavy Contest,23,14,0.6087
damian lillard,Above the Break 3,Heavy Contest,113,38,0.3363
damian lillard,Above the Break 3,Slight Contest,181,61,0.337
damian lillard,Above the Break 3,Wide Open,114,40,0.3509
damian lillard,Free Throw / Short Range,Heavy Contest,204,95,0.4657
damian lillard,Free Throw / Short Range,Slight Contest,41,26,0.6341
damian lillard,Mid-Range,Heavy Contest,75,29,0.3867
damian lillard,Mid-Range,Slight Contest,72,29,0.4028
damian lillard,Mid-Range,Wide Open,20,8,0.4
damian lillard,Restricted Area (Layup),Heavy Contest,114,69,0.6053
damian lillard,Restricted Area (Layup),Slight Contest,21,16,0.7619
damjan rudez,Above the Break 3,Heavy Contest,15,5,0.3333
damjan rudez,Above the Break 3,Slight Contest,46,16,0.3478
damjan rudez,Above the Break 3,Wide Open,31,9,0.2903
damjan rudez,Corner 3,Slight Contest,19,9,0.4737
damjan rudez,Free Throw / Short Range,Heavy Contest,17,10,0.5882
damjan rudez,Mid-Range,Heavy Contest,10,3,0.3
damjan rudez,Mid-Range,Slight Contest,22,13,0.5909
danilo gallinai,Above the Break 3,Heavy Contest,23,6,0.2609
danilo gallinai,Above the Break 3,Slight Contest,94,33,0.3511
danilo gallinai,Above the Break 3,Wide Open,51,15,0.2941
danilo gallinai,Corner 3,Slight Contest,14,6,0.4286
danilo gallinai,Free Throw / Short Range,Heavy Contest,60,25,0.4167
danilo gallinai,Free Throw / Short Range,Slight Contest,10,5,0.5
danilo gallinai,Mid-Range,Heavy Contest,19,6,0.3158
danilo gallinai,Mid-Range,Slight Contest,37,7,0.1892
danilo gallinai,Restricted Area (Layup),Heavy Contest,20,13,0.65
danny green,Above the Break 3,Heavy Contest,40,8,0.2
danny green,Above the Break 3,Slight Contest,111,40,0.3604
danny green,Above the Break 3,Wide Open,108,48,0.4444
danny green,Corner 3,Heavy Contest,17,6,0.3529
danny green,Corner 3,Slight Contest,31,10,0.3226
danny green,Corner 3,Wide Open,39,24,0.6154
danny green,Free Throw / Short Range,Heavy Contest,61,25,0.4098
danny green,Mid-Range,Heavy Contest,30,12,0.4
danny green,Mid-Range,Slight Contest,29,8,0.2759
danny green,Mid-Range,Wide Open,13,7,0.5385
danny green,Restricted Area (Layup),Heavy Contest,52,31,0.5962
danny green,Restricted Area (Layup),Slight Contest,12,9,0.75
dante cunningham,Free Throw / Short Range,Heavy Contest,35,12,0.3429
dante cunningham,Mid-Range,Heavy Contest,28,9,0.3214
dante cunningham,Mid-Range,Slight Contest,73,29,0.3973
dante cunningham,Mid-Range,Wide Open,51,23,0.451
dante cunningham,Restricted Area (Layup),Heavy Contest,36,23,0.6389
dante exum,Above the Break 3,Heavy Contest,12,3,0.25
dante exum,Above the Break 3,Slight Contest,62,15,0.2419
dante exum,Above the Break 3,Wide Open,95,33,0.3474
dante exum,Free Throw / Short Range,Heavy Contest,38,16,0.4211
dante exum,Free Throw / Short Range,Slight Contest,15,8,0.5333
dante exum,Mid-Range,Heavy Contest,10,2,0.2
dante exum,Mid-Range,Slight Contest,14,1,0.0714
dante exum,Mid-Range,Wide Open,10,2,0.2
dante exum,Restricted Area (Layup),Heavy Contest,10,7,0.7
darrell arthur,Above the Break 3,Slight Contest,22,6,0.2727
darrell arthur,Above the Break 3,Wide Open,68,19,0.2794
darrell arthur,Free Throw / Short Range,Heavy Contest,44,25,0.5682
darrell arthur,Free Throw / Short Range,Slight Contest,13,5,0.3846
darrell arthur,Mid-Range,Heavy Contest,27,12,0.4444
darrell arthur,Mid-Range,Slight Contest,70,29,0.4143
darrell arthur,Mid-Range,Wide Open,62,28,0.4516
darrell arthur,Restricted Area (Layup),Heavy Contest,19,13,0.6842
darren collison,Above the Break 3,Heavy Contest,39,13,0.3333
darren collison,Above the Break 3,Slight Contest,44,16,0.3636
darren collison,Above the Break 3,Wide Open,37,10,0.2703
darren collison,Corner 3,Slight Contest,15,10,0.6667
darren collison,Corner 3,Wide Open,17,7,0.4118
darren collison,Free Throw / Short Range,Heavy Contest,93,37,0.3978
darren collison,Free Throw / Short Range,Slight Contest,22,13,0.5909
darren collison,Mid-Range,Heavy Contest,79,32,0.4051
darren collison,Mid-Range,Slight Contest,83,41,0.494
darren collison,Mid-Range,Wide Open,28,17,0.6071
darren collison,Restricted Area (Layup),Heavy Contest,63,41,0.6508
david west,Free Throw / Short Range,Heavy Contest,127,56,0.4409
david west,Free Throw / Short Range,Slight Contest,30,12,0.4
david west,Mid-Range,Heavy Contest,42,12,0.2857
david west,Mid-Range,Slight Contest,135,60,0.4444
david west,Mid-Range,Wide Open,105,62,0.5905
david west,Restricted Area (Layup),Heavy Contest,51,35,0.6863
deandre jordan,Free Throw / Short Range,Heavy Contest,112,70,0.625
deandre jordan,Free Throw / Short Range,Slight Contest,17,16,0.9412
deandre jordan,Restricted Area (Layup),Heavy Contest,196,140,0.7143
deandre jordan,Restricted Area (Layup),Slight Contest,38,30,0.7895
deandre jordan,Restricted Area (Layup),Wide Open,18,16,0.8889
demarcus cousins,Free Throw / Short Range,Heavy Contest,237,97,0.4093
demarcus cousins,Free Throw / Short Range,Slight Contest,31,15,0.4839
demarcus cousins,Mid-Range,Heavy Contest,24,10,0.4167
demarcus cousins,Mid-Range,Slight Contest,119,33,0.2773
demarcus cousins,Mid-Range,Wide Open,101,42,0.4158
demarcus cousins,Restricted Area (Layup),Heavy Contest,256,154,0.6016
demarcus cousins,Restricted Area (Layup),Slight Contest,12,10,0.8333
demarre carroll,Above the Break 3,Heavy Contest,12,5,0.4167
demarre carroll,Above the Break 3,Slight Contest,63,19,0.3016
demarre carroll,Above the Break 3,Wide Open,55,23,0.4182
demarre carroll,Corner 3,Heavy Contest,12,5,0.4167
demarre carroll,Corner 3,Slight Contest,36,20,0.5556
demarre carroll,Corner 3,Wide Open,45,17,0.3778
demarre carroll,Free Throw / Short Range,Heavy Contest,99,48,0.4848
demarre carroll,Free Throw / Short Range,Slight Contest,13,7,0.5385
demarre carroll,Mid-Range,Heavy Contest,16,3,0.1875
demarre carroll,Mid-Range,Slight Contest,12,9,0.75
demarre carroll,Restricted Area (Layup),Heavy Contest,67,36,0.5373
demarre carroll,Restricted Area (Layup),Slight Contest,15,14,0.9333
dennis schroder,Above the Break 3,Slight Contest,31,12,0.3871
dennis schroder,Above the Break 3,Wide Open,48,18,0.375
dennis schroder,Free Throw / Short Range,Heavy Contest,177,73,0.4124
dennis schroder,Free Throw / Short Range,Slight Contest,27,15,0.5556
dennis schroder,Mid-Range,Heavy Contest,30,11,0.3667
dennis schroder,Mid-Range,Slight Contest,56,24,0.4286
dennis schroder,Mid-Range,Wide Open,14,7,0.5
dennis schroder,Restricted Area (Layup),Heavy Contest,48,29,0.6042
deron williams,Above the Break 3,Heavy Contest,30,11,0.3667
deron williams,Above the Break 3,Slight Contest,66,21,0.3182
deron williams,Above the Break 3,Wide Open,41,17,0.4146
deron williams,Corner 3,Wide Open,10,3,0.3
deron williams,Free Throw / Short Range,Heavy Contest,137,50,0.365
deron williams,Free Throw / Short Range,Slight Contest,21,11,0.5238
deron williams,Mid-Range,Heavy Contest,53,14,0.2642
deron williams,Mid-Range,Slight Contest,72,27,0.375
deron williams,Mid-Range,Wide Open,17,11,0.6471
deron williams,Restricted Area (Layup),Heavy Contest,44,21,0.4773
derrick favors,Free Throw / Short Range,Heavy Contest,236,119,0.5042
derrick favors,Free Throw / Short Range,Slight Contest,50,21,0.42
derrick favors,Free Throw / Short Range,Wide Open,17,11,0.6471
derrick favors,Mid-Range,Heavy Contest,24,7,0.2917
derrick favors,Mid-Range,Slight Contest,96,44,0.4583
derrick favors,Mid-Range,Wide Open,35,13,0.3714
derrick favors,Restricted Area (Layup),Heavy Contest,203,140,0.6897
derrick favors,Restricted Area (Layup),Slight Contest,14,13,0.9286
derrick rose,Above the Break 3,Heavy Contest,63,13,0.2063
derrick rose,Above the Break 3,Slight Contest,125,44,0.352
derrick rose,Above the Break 3,Wide Open,53,13,0.2453
derrick rose,Free Throw / Short Range,Heavy Contest,245,113,0.4612
derrick rose,Free Throw / Short Range,Slight Contest,33,13,0.3939
derrick rose,Mid-Range,Heavy Contest,49,16,0.3265
derrick rose,Mid-Range,Slight Contest,82,32,0.3902
derrick rose,Mid-Range,Wide Open,14,9,0.6429
derrick rose,Restricted Area (Layup),Heavy Contest,83,49,0.5904
derrick rose,Restricted Area (Layup),Slight Contest,10,8,0.8
derrick williams,Above the Break 3,Slight Contest,29,6,0.2069
derrick williams,Above the Break 3,Wide Open,26,10,0.3846
derrick williams,Free Throw / Short Range,Heavy Contest,68,26,0.3824
derrick williams,Free Throw / Short Range,Slight Contest,21,13,0.619
derrick williams,Mid-Range,Heavy Contest,10,4,0.4
derrick williams,Mid-Range,Slight Contest,25,8,0.32
derrick williams,Restricted Area (Layup),Heavy Contest,55,34,0.6182
devin harris,Above the Break 3,Heavy Contest,29,7,0.2414
devin harris,Above the Break 3,Slight Contest,82,28,0.3415
devin harris,Above the Break 3,Wide Open,83,25,0.3012
devin harris,Corner 3,Slight Contest,15,8,0.5333
devin harris,Corner 3,Wide Open,17,8,0.4706
devin harris,Free Throw / Short Range,Heavy Contest,80,36,0.45
devin harris,Free Throw / Short Range,Slight Contest,18,10,0.5556
devin harris,Mid-Range,Heavy Contest,20,6,0.3
devin harris,Mid-Range,Slight Contest,27,10,0.3704
devin harris,Restricted Area (Layup),Heavy Contest,31,20,0.6452
dirk nowtizski,Above the Break 3,Heavy Contest,28,6,0.2143
dirk nowtizski,Above the Break 3,Slight Contest,92,35,0.3804
dirk nowtizski,Above the Break 3,Wide Open,79,30,0.3797
dirk nowtizski,Free Throw / Short Range,Heavy Contest,149,73,0.4899
dirk nowtizski,Free Throw / Short Range,Slight Contest,29,17,0.5862
dirk nowtizski,Mid-Range,Heavy Contest,165,67,0.4061
dirk nowtizski,Mid-Range,Slight Contest,158,79,0.5
dirk nowtizski,Mid-Range,Wide Open,75,47,0.6267
dirk nowtizski,Restricted Area (Layup),Heavy Contest,25,15,0.6
dj augustin,Above the Break 3,Heavy Contest,46,9,0.1957
dj augustin,Above the Break 3,Slight Contest,62,27,0.4355
dj augustin,Above the Break 3,Wide Open,54,19,0.3519
dj augustin,Free Throw / Short Range,Heavy Contest,153,60,0.3922
dj augustin,Free Throw / Short Range,Slight Contest,27,15,0.5556
dj augustin,Mid-Range,Heavy Contest,29,10,0.3448
dj augustin,Mid-Range,Slight Contest,22,8,0.3636
dj augustin,Mid-Range,Wide Open,18,7,0.3889
dj augustin,Restricted Area (Layup),Heavy Contest,71,35,0.493
dj augustin,Restricted Area (Layup),Slight Contest,17,13,0.7647
donald sloan,Above the Break 3,Heavy Contest,43,11,0.2558
donald sloan,Above the Break 3,Slight Contest,48,17,0.3542
donald sloan,Above the Break 3,Wide Open,22,10,0.4545
donald sloan,Free Throw / Short Range,Heavy Contest,108,52,0.4815
donald sloan,Free Throw / Short Range,Slight Contest,11,6,0.5455
donald sloan,Mid-Range,Heavy Contest,33,8,0.2424
donald sloan,Mid-Range,Slight Contest,14,7,0.5
donald sloan,Restricted Area (Layup),Heavy Contest,34,21,0.6176
donatas motiejunas,Above the Break 3,Slight Contest,12,3,0.25
donatas motiejunas,Above the Break 3,Wide Open,60,21,0.35
donatas motiejunas,Corner 3,Wide Open,22,12,0.5455
donatas motiejunas,Free Throw / Short Range,Heavy Contest,298,151,0.5067
donatas motiejunas,Free Throw / Short Range,Slight Contest,52,28,0.5385
donatas motiejunas,Restricted Area (Layup),Heavy Contest,83,50,0.6024
donatas motiejunas,Restricted Area (Layup),Slight Contest,13,9,0.6923
draymond green,Above the Break 3,Heavy Contest,15,5,0.3333
draymond green,Above the Break 3,Slight Contest,92,26,0.2826
draymond green,Above the Break 3,Wide Open,125,51,0.408
draymond green,Free Throw / Short Range,Heavy Contest,104,43,0.4135
draymond green,Free Throw / Short Range,Slight Contest,24,11,0.4583
draymond green,Mid-Range,Slight Contest,19,8,0.4211
draymond green,Mid-Range,Wide Open,21,7,0.3333
draymond green,Restricted Area (Layup),Heavy Contest,97,60,0.6186
draymond green,Restricted Area (Layup),Slight Contest,13,11,0.8462
draymond green,Restricted Area (Layup),Wide Open,11,9,0.8182
dwayne wade,Above the Break 3,Heavy Contest,23,6,0.2609
dwayne wade,Above the Break 3,Slight Contest,24,6,0.25
dwayne wade,Free Throw / Short Range,Heavy Contest,269,148,0.5502
dwayne wade,Free Throw / Short Range,Slight Contest,39,19,0.4872
dwayne wade,Mid-Range,Heavy Contest,145,54,0.3724
dwayne wade,Mid-Range,Slight Contest,97,36,0.3711
dwayne wade,Mid-Range,Wide Open,10,2,0.2
dwayne wade,Restricted Area (Layup),Heavy Contest,62,39,0.629
dwayne wade,Restricted Area (Layup),Slight Contest,14,12,0.8571
dwight howard,Free Throw / Short Range,Heavy Contest,159,67,0.4214
dwight howard,Restricted Area (Layup),Heavy Contest,145,100,0.6897
dwight howard,Restricted Area (Layup),Slight Contest,15,14,0.9333
ed davis,Free Throw / Short Range,Heavy Contest,172,86,0.5
ed davis,Free Throw / Short Range,Slight Contest,17,11,0.6471
ed davis,Restricted Area (Layup),Heavy Contest,134,92,0.6866
ed davis,Restricted Area (Layup),Slight Contest,17,15,0.8824
elfrid payton,Free Throw / Short Range,Heavy Contest,218,86,0.3945
elfrid payton,Free Throw / Short Range,Slight Contest,31,11,0.3548
elfrid payton,Mid-Range,Heavy Contest,21,6,0.2857
elfrid payton,Mid-Range,Slight Contest,19,4,0.2105
elfrid payton,Mid-Range,Wide Open,21,10,0.4762
elfrid payton,Restricted Area (Layup),Heavy Contest,117,54,0.4615
elfrid payton,Restricted Area (Layup),Slight Contest,21,17,0.8095
enes kanter,Above the Break 3,Wide Open,12,6,0.5
enes kanter,Corner 3,Slight Contest,10,2,0.2
enes kanter,Corner 3,Wide Open,13,3,0.2308
enes kanter,Free Throw / Short Range,Heavy Contest,143,61,0.4266
enes kanter,Mid-Range,Heavy Contest,23,5,0.2174
enes kanter,Mid-Range,Slight Contest,74,26,0.3514
enes kanter,Mid-Range,Wide Open,74,28,0.3784
enes kanter,Restricted Area (Layup),Heavy Contest,246,157,0.6382
enes kanter,Restricted Area (Layup),Slight Contest,20,17,0.85
eric bledsoe,Above the Break 3,Heavy Contest,23,7,0.3043
eric bledsoe,Above the Break 3,Slight Contest,68,16,0.2353
eric bledsoe,Above the Break 3,Wide Open,77,33,0.4286
eric bledsoe,Corner 3,Wide Open,14,7,0.5
eric bledsoe,Free Throw / Short Range,Heavy Contest,131,52,0.3969
eric bledsoe,Free Throw / Short Range,Slight Contest,49,25,0.5102
eric bledsoe,Free Throw / Short Range,Wide Open,10,5,0.5
eric bledsoe,Mid-Range,Heavy Contest,43,18,0.4186
eric bledsoe,Mid-Range,Slight Contest,91,27,0.2967
eric bledsoe,Mid-Range,Wide Open,36,16,0.4444
eric bledsoe,Restricted Area (Layup),Heavy Contest,169,106,0.6272
eric bledsoe,Restricted Area (Layup),Slight Contest,29,22,0.7586
eric bledsoe,Restricted Area (Layup),Wide Open,17,14,0.8235
evan fournier,Above the Break 3,Heavy Contest,15,1,0.0667
evan fournier,Above the Break 3,Slight Contest,64,22,0.3438
evan fournier,Above the Break 3,Wide Open,110,46,0.4182
evan fournier,Corner 3,Slight Contest,11,5,0.4545
evan fournier,Corner 3,Wide Open,13,6,0.4615
evan fournier,Free Throw / Short Range,Heavy Contest,138,65,0.471
evan fournier,Free Throw / Short Range,Slight Contest,38,21,0.5526
evan fournier,Mid-Range,Heavy Contest,21,3,0.1429
evan fournier,Mid-Range,Slight Contest,25,11,0.44
evan fournier,Mid-Range,Wide Open,19,7,0.3684
evan fournier,Restricted Area (Layup),Heavy Contest,78,38,0.4872
evan fournier,Restricted Area (Layup),Slight Contest,10,8,0.8
evan turner,Above the Break 3,Slight Contest,36,11,0.3056
evan turner,Above the Break 3,Wide Open,23,7,0.3043
evan turner,Corner 3,Slight Contest,13,4,0.3077
evan turner,Free Throw / Short Range,Heavy Contest,114,45,0.3947
evan turner,Free Throw / Short Range,Slight Contest,26,12,0.4615
evan turner,Free Throw / Short Range,Wide Open,11,9,0.8182
evan turner,Mid-Range,Heavy Contest,74,23,0.3108
evan turner,Mid-Range,Slight Contest,87,41,0.4713
evan turner,Mid-Range,Wide Open,15,4,0.2667
evan turner,Restricted Area (Layup),Heavy Contest,73,33,0.4521
evan turner,Restricted Area (Layup),Slight Contest,13,8,0.6154
garrett temple,Above the Break 3,Slight Contest,19,7,0.3684
garrett temple,Above the Break 3,Wide Open,29,11,0.3793
garrett temple,Corner 3,Wide Open,18,9,0.5
garrett temple,Free Throw / Short Range,Heavy Contest,26,11,0.4231
garrett temple,Mid-Range,Slight Contest,18,7,0.3889
garrett temple,Restricted Area (Layup),Heavy Contest,12,5,0.4167
gary neal,Above the Break 3,Heavy Contest,53,9,0.1698
gary neal,Above the Break 3,Slight Contest,70,25,0.3571
gary neal,Above the Break 3,Wide Open,19,11,0.5789
gary neal,Free Throw / Short Range,Heavy Contest,95,32,0.3368
gary neal,Free Throw / Short Range,Slight Contest,15,6,0.4
gary neal,Mid-Range,Heavy Contest,102,44,0.4314
gary neal,Mid-Range,Slight Contest,45,19,0.4222
gary neal,Mid-Range,Wide Open,13,7,0.5385
gary neal,Restricted Area (Layup),Heavy Contest,24,9,0.375
gerald green,Above the Break 3,Heavy Contest,79,24,0.3038
gerald green,Above the Break 3,Slight Contest,124,43,0.3468
gerald green,Above the Break 3,Wide Open,73,29,0.3973
gerald green,Corner 3,Heavy Contest,18,6,0.3333
gerald green,Corner 3,Slight Contest,11,4,0.3636
gerald green,Corner 3,Wide Open,18,7,0.3889
gerald green,Free Throw / Short Range,Heavy Contest,96,51,0.5312
gerald green,Free Throw / Short Range,Slight Contest,20,13,0.65
gerald green,Mid-Range,Heavy Contest,101,41,0.4059
gerald green,Mid-Range,Slight Contest,36,11,0.3056
gerald green,Mid-Range,Wide Open,17,3,0.1765
gerald green,Restricted Area (Layup),Heavy Contest,23,13,0.5652
gerald henderson,Above the Break 3,Slight Contest,25,7,0.28
gerald henderson,Above the Break 3,Wide Open,25,7,0.28
gerald henderson,Corner 3,Slight Contest,13,5,0.3846
gerald henderson,Corner 3,Wide Open,18,11,0.6111
gerald henderson,Free Throw / Short Range,Heavy Contest,173,75,0.4335
gerald henderson,Free Throw / Short Range,Slight Contest,24,15,0.625
gerald henderson,Mid-Range,Heavy Contest,109,34,0.3119
gerald henderson,Mid-Range,Slight Contest,92,48,0.5217
gerald henderson,Mid-Range,Wide Open,35,20,0.5714
gerald henderson,Restricted Area (Layup),Heavy Contest,27,18,0.6667
giannis antetokounmpo,Above the Break 3,Wide Open,14,5,0.3571
giannis antetokounmpo,Free Throw / Short Range,Heavy Contest,241,114,0.473
giannis antetokounmpo,Free Throw / Short Range,Slight Contest,38,21,0.5526
giannis antetokounmpo,Mid-Range,Heavy Contest,17,4,0.2353
giannis antetokounmpo,Mid-Range,Slight Contest,55,19,0.3455
giannis antetokounmpo,Mid-Range,Wide Open,38,17,0.4474
giannis antetokounmpo,Restricted Area (Layup),Heavy Contest,97,64,0.6598
giannis antetokounmpo,Restricted Area (Layup),Slight Contest,17,13,0.7647
glen davis,Free Throw / Short Range,Heavy Contest,45,22,0.4889
glen davis,Mid-Range,Slight Contest,13,1,0.0769
glen davis,Mid-Range,Wide Open,25,8,0.32
glen davis,Restricted Area (Layup),Heavy Contest,65,43,0.6615
goran dragic,Above the Break 3,Heavy Contest,28,6,0.2143
goran dragic,Above the Break 3,Slight Contest,88,35,0.3977
goran dragic,Above the Break 3,Wide Open,34,14,0.4118
goran dragic,Corner 3,Heavy Contest,14,2,0.1429
goran dragic,Corner 3,Slight Contest,24,10,0.4167
goran dragic,Corner 3,Wide Open,15,5,0.3333
goran dragic,Free Throw / Short Range,Heavy Contest,143,63,0.4406
goran dragic,Free Throw / Short Range,Slight Contest,38,15,0.3947
goran dragic,Mid-Range,Heavy Contest,48,19,0.3958
goran dragic,Mid-Range,Slight Contest,59,22,0.3729
goran dragic,Mid-Range,Wide Open,19,6,0.3158
goran dragic,Restricted Area (Layup),Heavy Contest,180,123,0.6833
goran dragic,Restricted Area (Layup),Slight Contest,38,36,0.9474
goran dragic,Restricted Area (Layup),Wide Open,18,17,0.9444
gordon hayward,Above the Break 3,Heavy Contest,28,6,0.2143
gordon hayward,Above the Break 3,Slight Contest,98,37,0.3776
gordon hayward,Above the Break 3,Wide Open,107,42,0.3925
gordon hayward,Corner 3,Slight Contest,12,4,0.3333
gordon hayward,Corner 3,Wide Open,13,7,0.5385
gordon hayward,Free Throw / Short Range,Heavy Contest,195,87,0.4462
gordon hayward,Free Throw / Short Range,Slight Contest,67,36,0.5373
gordon hayward,Free Throw / Short Range,Wide Open,19,12,0.6316
gordon hayward,Mid-Range,Heavy Contest,55,25,0.4545
gordon hayward,Mid-Range,Slight Contest,103,45,0.4369
gordon hayward,Mid-Range,Wide Open,41,17,0.4146
gordon hayward,Restricted Area (Layup),Heavy Contest,96,47,0.4896
gordon hayward,Restricted Area (Layup),Slight Contest,17,12,0.7059
gordon hayward,Restricted Area (Layup),Wide Open,11,11,1.0
gorgui dieng,Free Throw / Short Range,Heavy Contest,123,49,0.3984
gorgui dieng,Free Throw / Short Range,Slight Contest,18,8,0.4444
gorgui dieng,Mid-Range,Heavy Contest,24,10,0.4167
gorgui dieng,Mid-Range,Slight Contest,42,22,0.5238
gorgui dieng,Mid-Range,Wide Open,32,11,0.3438
gorgui dieng,Restricted Area (Layup),Heavy Contest,141,79,0.5603
gorgui dieng,Restricted Area (Layup),Slight Contest,12,11,0.9167
greg monroe,Free Throw / Short Range,Heavy Contest,333,127,0.3814
greg monroe,Free Throw / Short Range,Slight Contest,13,9,0.6923
greg monroe,Mid-Range,Slight Contest,22,5,0.2273
greg monroe,Mid-Range,Wide Open,14,7,0.5
greg monroe,Restricted Area (Layup),Heavy Contest,291,168,0.5773
greg monroe,Restricted Area (Layup),Slight Contest,21,20,0.9524
greg smith,Restricted Area (Layup),Heavy Contest,32,19,0.5938
greivis vasquez,Above the Break 3,Heavy Contest,20,4,0.2
greivis vasquez,Above the Break 3,Slight Contest,116,37,0.319
greivis vasquez,Above the Break 3,Wide Open,101,45,0.4455
greivis vasquez,Corner 3,Wide Open,10,5,0.5
greivis vasquez,Free Throw / Short Range,Heavy Contest,175,67,0.3829
greivis vasquez,Free Throw / Short Range,Slight Contest,24,15,0.625
greivis vasquez,Mid-Range,Heavy Contest,17,6,0.3529
greivis vasquez,Mid-Range,Slight Contest,44,22,0.5
greivis vasquez,Mid-Range,Wide Open,11,3,0.2727
greivis vasquez,Restricted Area (Layup),Heavy Contest,11,9,0.8182
harrison barnes,Above the Break 3,Slight Contest,21,6,0.2857
harrison barnes,Above the Break 3,Wide Open,70,29,0.4143
harrison barnes,Corner 3,Slight Contest,14,10,0.7143
harrison barnes,Corner 3,Wide Open,47,21,0.4468
harrison barnes,Free Throw / Short Range,Heavy Contest,103,46,0.4466
harrison barnes,Free Throw / Short Range,Slight Contest,26,18,0.6923
harrison barnes,Mid-Range,Heavy Contest,18,7,0.3889
harrison barnes,Mid-Range,Slight Contest,42,16,0.381
harrison barnes,Mid-Range,Wide Open,27,11,0.4074
harrison barnes,Restricted Area (Layup),Heavy Contest,67,42,0.6269
harrison barnes,Restricted Area (Layup),Slight Contest,17,13,0.7647
hedo turkoglu,Above the Break 3,Heavy Contest,11,4,0.3636
hedo turkoglu,Above the Break 3,Slight Contest,25,9,0.36
hedo turkoglu,Above the Break 3,Wide Open,24,13,0.5417
hedo turkoglu,Mid-Range,Heavy Contest,17,4,0.2353
henry sims,Free Throw / Short Range,Heavy Contest,112,47,0.4196
henry sims,Free Throw / Short Range,Slight Contest,19,7,0.3684
henry sims,Mid-Range,Heavy Contest,18,9,0.5
henry sims,Mid-Range,Slight Contest,96,32,0.3333
henry sims,Mid-Range,Wide Open,61,37,0.6066
henry sims,Restricted Area (Layup),Heavy Contest,84,59,0.7024
hollis thompson,Above the Break 3,Heavy Contest,24,6,0.25
hollis thompson,Above the Break 3,Slight Contest,71,25,0.3521
hollis thompson,Above the Break 3,Wide Open,57,26,0.4561
hollis thompson,Corner 3,Slight Contest,14,4,0.2857
hollis thompson,Corner 3,Wide Open,15,8,0.5333
hollis thompson,Free Throw / Short Range,Heavy Contest,73,32,0.4384
hollis thompson,Mid-Range,Heavy Contest,17,3,0.1765
hollis thompson,Mid-Range,Slight Contest,15,4,0.2667
hollis thompson,Restricted Area (Layup),Heavy Contest,30,15,0.5
isaiah thomas,Above the Break 3,Heavy Contest,87,29,0.3333
isaiah thomas,Above the Break 3,Slight Contest,92,36,0.3913
isaiah thomas,Above the Break 3,Wide Open,37,17,0.4595
isaiah thomas,Corner 3,Heavy Contest,15,5,0.3333
isaiah thomas,Corner 3,Slight Contest,16,6,0.375
isaiah thomas,Free Throw / Short Range,Heavy Contest,117,46,0.3932
isaiah thomas,Free Throw / Short Range,Slight Contest,26,9,0.3462
isaiah thomas,Mid-Range,Heavy Contest,52,18,0.3462
isaiah thomas,Mid-Range,Slight Contest,42,16,0.381
isaiah thomas,Mid-Range,Wide Open,13,3,0.2308
isaiah thomas,Restricted Area (Layup),Heavy Contest,86,52,0.6047
isaiah thomas,Restricted Area (Layup),Slight Contest,12,9,0.75
jakarr sampson,Above the Break 3,Slight Contest,22,5,0.2273
jakarr sampson,Above the Break 3,Wide Open,20,9,0.45
jakarr sampson,Corner 3,Wide Open,15,3,0.2
jakarr sampson,Free Throw / Short Range,Heavy Contest,78,36,0.4615
jakarr sampson,Restricted Area (Layup),Heavy Contest,31,20,0.6452
jamal crawford,Above the Break 3,Heavy Contest,145,43,0.2966
jamal crawford,Above the Break 3,Slight Contest,118,43,0.3644
jamal crawford,Above the Break 3,Wide Open,48,17,0.3542
jamal crawford,Corner 3,Slight Contest,19,8,0.4211
jamal crawford,Corner 3,Wide Open,12,4,0.3333
jamal crawford,Free Throw / Short Range,Heavy Contest,155,67,0.4323
jamal crawford,Free Throw / Short Range,Slight Contest,34,17,0.5
jamal crawford,Mid-Range,Heavy Contest,157,67,0.4268
jamal crawford,Mid-Range,Slight Contest,79,39,0.4937
jamal crawford,Mid-Range,Wide Open,15,5,0.3333
jamal crawford,Restricted Area (Layup),Heavy Contest,10,6,0.6
james ennis,Above the Break 3,Slight Contest,15,3,0.2
james ennis,Above the Break 3,Wide Open,28,9,0.3214
james ennis,Free Throw / Short Range,Heavy Contest,39,19,0.4872
james ennis,Mid-Range,Slight Contest,14,4,0.2857
james ennis,Restricted Area (Layup),Heavy Contest,26,11,0.4231
james harden,Above the Break 3,Heavy Contest,119,42,0.3529
james harden,Above the Break 3,Slight Contest,191,74,0.3874
james harden,Above the Break 3,Wide Open,74,29,0.3919
james harden,Corner 3,Heavy Contest,12,7,0.5833
james harden,Free Throw / Short Range,Heavy Contest,245,120,0.4898
james harden,Free Throw / Short Range,Slight Contest,42,20,0.4762
james harden,Mid-Range,Heavy Contest,91,28,0.3077
james harden,Mid-Range,Slight Contest,75,35,0.4667
james harden,Mid-Range,Wide Open,16,6,0.375
james harden,Restricted Area (Layup),Heavy Contest,149,83,0.557
james harden,Restricted Area (Layup),Slight Contest,15,13,0.8667
james johnson,Above the Break 3,Wide Open,15,3,0.2
james johnson,Corner 3,Wide Open,10,3,0.3
james johnson,Free Throw / Short Range,Heavy Contest,124,82,0.6613
james johnson,Free Throw / Short Range,Slight Contest,18,10,0.5556
james johnson,Mid-Range,Slight Contest,10,3,0.3
james johnson,Restricted Area (Layup),Heavy Contest,84,61,0.7262
james johnson,Restricted Area (Layup),Slight Contest,15,13,0.8667
jared dudley,Above the Break 3,Slight Contest,43,16,0.3721
jared dudley,Above the Break 3,Wide Open,81,33,0.4074
jared dudley,Corner 3,Slight Contest,16,10,0.625
jared dudley,Corner 3,Wide Open,12,4,0.3333
jared dudley,Free Throw / Short Range,Heavy Contest,35,17,0.4857
jared dudley,Free Throw / Short Range,Slight Contest,12,6,0.5
jared dudley,Mid-Range,Heavy Contest,17,6,0.3529
jared dudley,Mid-Range,Slight Contest,47,21,0.4468
jared dudley,Mid-Range,Wide Open,42,24,0.5714
jared dudley,Restricted Area (Layup),Heavy Contest,27,17,0.6296
jared sullinger,Above the Break 3,Slight Contest,69,17,0.2464
jared sullinger,Above the Break 3,Wide Open,86,29,0.3372
jared sullinger,Free Throw / Short Range,Heavy Contest,197,83,0.4213
jared sullinger,Free Throw / Short Range,Slight Contest,36,16,0.4444
jared sullinger,Mid-Range,Heavy Contest,17,7,0.4118
jared sullinger,Mid-Range,Slight Contest,78,31,0.3974
jared sullinger,Mid-Range,Wide Open,34,22,0.6471
jared sullinger,Restricted Area (Layup),Heavy Contest,115,75,0.6522
jarrett jack,Above the Break 3,Heavy Contest,35,4,0.1143
jarrett jack,Above the Break 3,Slight Contest,26,4,0.1538
jarrett jack,Above the Break 3,Wide Open,17,6,0.3529
jarrett jack,Corner 3,Heavy Contest,11,5,0.4545
jarrett jack,Corner 3,Slight Contest,11,3,0.2727
jarrett jack,Free Throw / Short Range,Heavy Contest,150,65,0.4333
jarrett jack,Free Throw / Short Range,Slight Contest,53,34,0.6415
jarrett jack,Free Throw / Short Range,Wide Open,17,11,0.6471
jarrett jack,Mid-Range,Heavy Contest,119,54,0.4538
jarrett jack,Mid-Range,Slight Contest,91,38,0.4176
jarrett jack,Mid-Range,Wide Open,20,12,0.6
jarrett jack,Restricted Area (Layup),Heavy Contest,42,24,0.5714
jason maxiell,Free Throw / Short Range,Heavy Contest,55,25,0.4545
jason maxiell,Free Throw / Short Range,Slight Contest,18,7,0.3889
jason maxiell,Mid-Range,Slight Contest,20,5,0.25
jason maxiell,Restricted Area (Layup),Heavy Contest,23,11,0.4783
jason smith,Free Throw / Short Range,Heavy Contest,79,33,0.4177
jason smith,Free Throw / Short Range,Slight Contest,15,8,0.5333
jason smith,Mid-Range,Heavy Contest,51,15,0.2941
jason smith,Mid-Range,Slight Contest,141,59,0.4184
jason smith,Mid-Range,Wide Open,87,50,0.5747
jason smith,Restricted Area (Layup),Heavy Contest,35,19,0.5429
jason terry,Above the Break 3,Heavy Contest,36,13,0.3611
jason terry,Above the Break 3,Slight Contest,72,21,0.2917
jason terry,Above the Break 3,Wide Open,50,17,0.34
jason terry,Corner 3,Heavy Contest,25,12,0.48
jason terry,Corner 3,Slight Contest,34,21,0.6176
jason terry,Corner 3,Wide Open,29,10,0.3448
jason terry,Free Throw / Short Range,Heavy Contest,41,18,0.439
jason terry,Mid-Range,Heavy Contest,14,7,0.5
jason terry,Mid-Range,Slight Contest,15,8,0.5333
jason thompson,Free Throw / Short Range,Heavy Contest,95,40,0.4211
jason thompson,Free Throw / Short Range,Slight Contest,16,9,0.5625
jason thompson,Mid-Range,Heavy Contest,11,1,0.0909
jason thompson,Mid-Range,Slight Contest,41,17,0.4146
jason thompson,Mid-Range,Wide Open,52,22,0.4231
jason thompson,Restricted Area (Layup),Heavy Contest,66,37,0.5606
jeff green,Above the Break 3,Heavy Contest,27,6,0.2222
jeff green,Above the Break 3,Slight Contest,73,15,0.2055
jeff green,Above the Break 3,Wide Open,96,38,0.3958
jeff green,Corner 3,Wide Open,15,5,0.3333
jeff green,Free Throw / Short Range,Heavy Contest,281,140,0.4982
jeff green,Free Throw / Short Range,Slight Contest,15,7,0.4667
jeff green,Mid-Range,Heavy Contest,43,10,0.2326
jeff green,Mid-Range,Slight Contest,53,19,0.3585
jeff green,Mid-Range,Wide Open,26,9,0.3462
jeff green,Restricted Area (Layup),Heavy Contest,52,30,0.5769
jeff green,Restricted Area (Layup),Slight Contest,13,9,0.6923
jeff teague,Above the Break 3,Slight Contest,52,16,0.3077
jeff teague,Above the Break 3,Wide Open,104,38,0.3654
jeff teague,Free Throw / Short Range,Heavy Contest,278,123,0.4424
jeff teague,Free Throw / Short Range,Slight Contest,44,29,0.6591
jeff teague,Free Throw / Short Range,Wide Open,15,13,0.8667
jeff teague,Mid-Range,Heavy Contest,20,12,0.6
jeff teague,Mid-Range,Slight Contest,36,12,0.3333
jeff teague,Mid-Range,Wide Open,19,8,0.4211
jeff teague,Restricted Area (Layup),Heavy Contest,82,45,0.5488
jeff teague,Restricted Area (Layup),Slight Contest,13,10,0.7692
jeff teague,Restricted Area (Layup),Wide Open,10,10,1.0
jerami grant,Above the Break 3,Slight Contest,22,10,0.4545
jerami grant,Above the Break 3,Wide Open,40,15,0.375
jerami grant,Corner 3,Wide Open,11,3,0.2727
jerami grant,Free Throw / Short Range,Heavy Contest,54,15,0.2778
jerami grant,Restricted Area (Layup),Heavy Contest,50,26,0.52
jeremy lamb,Above the Break 3,Heavy Contest,16,8,0.5
jeremy lamb,Above the Break 3,Slight Contest,43,12,0.2791
jeremy lamb,Above the Break 3,Wide Open,33,14,0.4242
jeremy lamb,Free Throw / Short Range,Heavy Contest,48,25,0.5208
jeremy lamb,Mid-Range,Heavy Contest,26,9,0.3462
jeremy lamb,Mid-Range,Slight Contest,20,5,0.25
jeremy lamb,Restricted Area (Layup),Heavy Contest,14,10,0.7143
jeremy lin,Above the Break 3,Heavy Contest,42,13,0.3095
jeremy lin,Above the Break 3,Slight Contest,61,24,0.3934
jeremy lin,Above the Break 3,Wide Open,32,13,0.4062
jeremy lin,Free Throw / Short Range,Heavy Contest,114,50,0.4386
jeremy lin,Free Throw / Short Range,Slight Contest,27,9,0.3333
jeremy lin,Mid-Range,Heavy Contest,71,23,0.3239
jeremy lin,Mid-Range,Slight Contest,54,22,0.4074
jeremy lin,Mid-Range,Wide Open,12,4,0.3333
jeremy lin,Restricted Area (Layup),Heavy Contest,73,49,0.6712
jerome jordan,Free Throw / Short Range,Heavy Contest,24,9,0.375
jerome jordan,Restricted Area (Layup),Heavy Contest,46,28,0.6087
jerryd bayless,Above the Break 3,Slight Contest,24,9,0.375
jerryd bayless,Above the Break 3,Wide Open,26,10,0.3846
jerryd bayless,Corner 3,Wide Open,19,6,0.3158
jerryd bayless,Free Throw / Short Range,Heavy Contest,89,37,0.4157
jerryd bayless,Free Throw / Short Range,Slight Contest,22,14,0.6364
jerryd bayless,Mid-Range,Heavy Contest,32,11,0.3438
jerryd bayless,Mid-Range,Slight Contest,82,38,0.4634
jerryd bayless,Mid-Range,Wide Open,33,13,0.3939
jerryd bayless,Restricted Area (Layup),Heavy Contest,35,23,0.6571
jimmer dredette,Above the Break 3,Slight Contest,14,1,0.0714
jimmer dredette,Above the Break 3,Wide Open,11,2,0.1818
jimmer dredette,Free Throw / Short Range,Heavy Contest,39,17,0.4359
jimmer dredette,Free Throw / Short Range,Slight Contest,21,12,0.5714
jimmer dredette,Mid-Range,Slight Contest,15,5,0.3333
jimmer dredette,Restricted Area (Layup),Heavy Contest,12,6,0.5
jimmy butler,Above the Break 3,Heavy Contest,25,7,0.28
jimmy butler,Above the Break 3,Slight Contest,50,19,0.38
jimmy butler,Above the Break 3,Wide Open,61,20,0.3279
jimmy butler,Corner 3,Slight Contest,10,4,0.4
jimmy butler,Corner 3,Wide Open,18,8,0.4444
jimmy butler,Free Throw / Short Range,Heavy Contest,180,78,0.4333
jimmy butler,Free Throw / Short Range,Slight Contest,33,22,0.6667
jimmy butler,Free Throw / Short Range,Wide Open,13,8,0.6154
jimmy butler,Mid-Range,Heavy Contest,97,35,0.3608
jimmy butler,Mid-Range,Slight Contest,89,32,0.3596
jimmy butler,Mid-Range,Wide Open,38,20,0.5263
jimmy butler,Restricted Area (Layup),Heavy Contest,133,83,0.6241
jimmy butler,Restricted Area (Layup),Slight Contest,20,15,0.75
jimmy butler,Restricted Area (Layup),Wide Open,10,9,0.9
jj hickson,Free Throw / Short Range,Heavy Contest,153,62,0.4052
jj hickson,Free Throw / Short Range,Slight Contest,28,19,0.6786
jj hickson,Mid-Range,Slight Contest,19,7,0.3684
jj hickson,Mid-Range,Wide Open,10,3,0.3
jj hickson,Restricted Area (Layup),Heavy Contest,101,55,0.5446
jj redick,Above the Break 3,Heavy Contest,46,16,0.3478
jj redick,Above the Break 3,Slight Contest,106,44,0.4151
jj redick,Above the Break 3,Wide Open,86,36,0.4186
jj redick,Corner 3,Heavy Contest,15,6,0.4
jj redick,Corner 3,Slight Contest,30,16,0.5333
jj redick,Corner 3,Wide Open,46,22,0.4783
jj redick,Free Throw / Short Range,Heavy Contest,56,27,0.4821
jj redick,Free Throw / Short Range,Slight Contest,14,8,0.5714
jj redick,Mid-Range,Heavy Contest,94,32,0.3404
jj redick,Mid-Range,Slight Contest,86,48,0.5581
jj redick,Mid-Range,Wide Open,31,19,0.6129
jj redick,Restricted Area (Layup),Heavy Contest,23,13,0.5652
joakim noah,Free Throw / Short Range,Heavy Contest,98,35,0.3571
joakim noah,Free Throw / Short Range,Slight Contest,10,6,0.6
joakim noah,Mid-Range,Wide Open,67,25,0.3731
joakim noah,Restricted Area (Layup),Heavy Contest,144,71,0.4931
joe harris,Above the Break 3,Slight Contest,19,9,0.4737
joe harris,Above the Break 3,Wide Open,14,7,0.5
joe harris,Corner 3,Slight Contest,12,5,0.4167
joe harris,Corner 3,Wide Open,16,6,0.375
joe johnson,Above the Break 3,Heavy Contest,40,12,0.3
joe johnson,Above the Break 3,Slight Contest,82,31,0.378
joe johnson,Above the Break 3,Wide Open,95,41,0.4316
joe johnson,Corner 3,Slight Contest,14,3,0.2143
joe johnson,Corner 3,Wide Open,13,2,0.1538
joe johnson,Free Throw / Short Range,Heavy Contest,261,127,0.4866
joe johnson,Free Throw / Short Range,Slight Contest,37,22,0.5946
joe johnson,Mid-Range,Heavy Contest,70,22,0.3143
joe johnson,Mid-Range,Slight Contest,85,39,0.4588
joe johnson,Mid-Range,Wide Open,21,8,0.381
joe johnson,Restricted Area (Layup),Heavy Contest,43,23,0.5349
joey dorsey,Free Throw / Short Range,Heavy Contest,32,13,0.4062
joey dorsey,Restricted Area (Layup),Heavy Contest,51,33,0.6471
john henson,Free Throw / Short Range,Heavy Contest,138,71,0.5145
john henson,Free Throw / Short Range,Slight Contest,17,11,0.6471
john henson,Restricted Area (Layup),Heavy Contest,72,48,0.6667
john wall,Above the Break 3,Heavy Contest,22,6,0.2727
john wall,Above the Break 3,Slight Contest,60,13,0.2167
john wall,Above the Break 3,Wide Open,59,26,0.4407
john wall,Corner 3,Wide Open,10,2,0.2
john wall,Free Throw / Short Range,Heavy Contest,157,84,0.535
john wall,Free Throw / Short Range,Slight Contest,41,25,0.6098
john wall,Free Throw / Short Range,Wide Open,14,11,0.7857
john wall,Mid-Range,Heavy Contest,120,46,0.3833
john wall,Mid-Range,Slight Contest,172,65,0.3779
john wall,Mid-Range,Wide Open,64,27,0.4219
john wall,Restricted Area (Layup),Heavy Contest,106,58,0.5472
john wall,Restricted Area (Layup),Slight Contest,22,17,0.7727
john wall,Restricted Area (Layup),Wide Open,14,12,0.8571
jon ingles,Above the Break 3,Heavy Contest,12,1,0.0833
jon ingles,Above the Break 3,Slight Contest,38,8,0.2105
jon ingles,Above the Break 3,Wide Open,51,19,0.3725
jon ingles,Corner 3,Slight Contest,10,2,0.2
jon ingles,Corner 3,Wide Open,14,10,0.7143
jon ingles,Free Throw / Short Range,Heavy Contest,30,12,0.4
jon ingles,Mid-Range,Slight Contest,14,5,0.3571
jon ingles,Mid-Range,Wide Open,12,7,0.5833
jon leuer,Above the Break 3,Wide Open,12,4,0.3333
jon leuer,Free Throw / Short Range,Heavy Contest,64,23,0.3594
jon leuer,Free Throw / Short Range,Slight Contest,15,11,0.7333
jon leuer,Mid-Range,Heavy Contest,11,2,0.1818
jon leuer,Mid-Range,Slight Contest,47,15,0.3191
jon leuer,Mid-Range,Wide Open,36,13,0.3611
jon leuer,Restricted Area (Layup),Heavy Contest,49,36,0.7347
jonas jerebko,Above the Break 3,Slight Contest,25,10,0.4
jonas jerebko,Above the Break 3,Wide Open,46,18,0.3913
jonas jerebko,Free Throw / Short Range,Heavy Contest,49,23,0.4694
jonas jerebko,Mid-Range,Slight Contest,18,11,0.6111
jonas jerebko,Mid-Range,Wide Open,21,8,0.381
jonas jerebko,Restricted Area (Layup),Heavy Contest,32,19,0.5938
jonas valanciunas,Free Throw / Short Range,Heavy Contest,243,121,0.4979
jonas valanciunas,Free Throw / Short Range,Slight Contest,23,12,0.5217
jonas valanciunas,Mid-Range,Slight Contest,12,2,0.1667
jonas valanciunas,Mid-Range,Wide Open,20,12,0.6
jonas valanciunas,Restricted Area (Layup),Heavy Contest,168,113,0.6726
jordan farmar,Above the Break 3,Heavy Contest,13,3,0.2308
jordan farmar,Above the Break 3,Slight Contest,46,18,0.3913
jordan farmar,Above the Break 3,Wide Open,27,12,0.4444
jordan farmar,Free Throw / Short Range,Heavy Contest,13,5,0.3846
jordan farmar,Mid-Range,Heavy Contest,14,4,0.2857
jordan farmar,Mid-Range,Slight Contest,16,8,0.5
jordan hill,Free Throw / Short Range,Heavy Contest,162,69,0.4259
jordan hill,Free Throw / Short Range,Slight Contest,31,18,0.5806
jordan hill,Mid-Range,Heavy Contest,21,7,0.3333
jordan hill,Mid-Range,Slight Contest,118,38,0.322
jordan hill,Mid-Range,Wide Open,141,62,0.4397
jordan hill,Restricted Area (Layup),Heavy Contest,105,68,0.6476
jordan hill,Restricted Area (Layup),Slight Contest,16,11,0.6875
jose calderon,Above the Break 3,Heavy Contest,31,10,0.3226
jose calderon,Above the Break 3,Slight Contest,56,22,0.3929
jose calderon,Above the Break 3,Wide Open,36,16,0.4444
jose calderon,Free Throw / Short Range,Heavy Contest,22,8,0.3636
jose calderon,Mid-Range,Heavy Contest,69,23,0.3333
jose calderon,Mid-Range,Slight Contest,67,31,0.4627
jose calderon,Mid-Range,Wide Open,22,7,0.3182
jose calderon,Restricted Area (Layup),Heavy Contest,15,10,0.6667
jose juan barea,Above the Break 3,Heavy Contest,21,7,0.3333
jose juan barea,Above the Break 3,Slight Contest,54,17,0.3148
jose juan barea,Above the Break 3,Wide Open,42,11,0.2619
jose juan barea,Free Throw / Short Range,Heavy Contest,133,53,0.3985
jose juan barea,Free Throw / Short Range,Slight Contest,34,13,0.3824
jose juan barea,Mid-Range,Heavy Contest,17,5,0.2941
jose juan barea,Mid-Range,Slight Contest,22,10,0.4545
jose juan barea,Mid-Range,Wide Open,14,9,0.6429
jose juan barea,Restricted Area (Layup),Heavy Contest,55,32,0.5818
jrue holiday,Above the Break 3,Heavy Contest,14,4,0.2857
jrue holiday,Above the Break 3,Slight Contest,53,19,0.3585
jrue holiday,Above the Break 3,Wide Open,36,17,0.4722
jrue holiday,Corner 3,Wide Open,15,5,0.3333
jrue holiday,Free Throw / Short Range,Heavy Contest,170,80,0.4706
jrue holiday,Free Throw / Short Range,Slight Contest,37,21,0.5676
jrue holiday,Mid-Range,Heavy Contest,51,23,0.451
jrue holiday,Mid-Range,Slight Contest,38,11,0.2895
jrue holiday,Mid-Range,Wide Open,14,5,0.3571
jrue holiday,Restricted Area (Layup),Heavy Contest,61,32,0.5246
jusuf nurkic,Free Throw / Short Range,Heavy Contest,156,65,0.4167
jusuf nurkic,Mid-Range,Slight Contest,12,5,0.4167
jusuf nurkic,Mid-Range,Wide Open,20,7,0.35
jusuf nurkic,Restricted Area (Layup),Heavy Contest,83,41,0.494
kawhi leonard,Above the Break 3,Slight Contest,45,15,0.3333
kawhi leonard,Above the Break 3,Wide Open,37,10,0.2703
kawhi leonard,Corner 3,Heavy Contest,10,2,0.2
kawhi leonard,Corner 3,Slight Contest,14,6,0.4286
kawhi leonard,Corner 3,Wide Open,18,9,0.5
kawhi leonard,Free Throw / Short Range,Heavy Contest,143,68,0.4755
kawhi leonard,Free Throw / Short Range,Slight Contest,28,16,0.5714
kawhi leonard,Mid-Range,Heavy Contest,38,14,0.3684
kawhi leonard,Mid-Range,Slight Contest,72,31,0.4306
kawhi leonard,Mid-Range,Wide Open,26,10,0.3846
kawhi leonard,Restricted Area (Layup),Heavy Contest,53,34,0.6415
kawhi leonard,Restricted Area (Layup),Slight Contest,12,10,0.8333
kelly olynyk,Above the Break 3,Slight Contest,24,7,0.2917
kelly olynyk,Above the Break 3,Wide Open,62,24,0.3871
kelly olynyk,Free Throw / Short Range,Heavy Contest,91,48,0.5275
kelly olynyk,Free Throw / Short Range,Slight Contest,23,15,0.6522
kelly olynyk,Mid-Range,Heavy Contest,11,5,0.4545
kelly olynyk,Mid-Range,Slight Contest,22,9,0.4091
kelly olynyk,Mid-Range,Wide Open,18,8,0.4444
kelly olynyk,Restricted Area (Layup),Heavy Contest,57,36,0.6316
kelly olynyk,Restricted Area (Layup),Slight Contest,10,9,0.9
kemba walker,Above the Break 3,Heavy Contest,50,10,0.2
kemba walker,Above the Break 3,Slight Contest,87,33,0.3793
kemba walker,Above the Break 3,Wide Open,46,14,0.3043
kemba walker,Corner 3,Heavy Contest,12,3,0.25
kemba walker,Free Throw / Short Range,Heavy Contest,140,53,0.3786
kemba walker,Free Throw / Short Range,Slight Contest,26,10,0.3846
kemba walker,Mid-Range,Heavy Contest,86,29,0.3372
kemba walker,Mid-Range,Slight Contest,84,37,0.4405
kemba walker,Mid-Range,Wide Open,31,16,0.5161
kemba walker,Restricted Area (Layup),Heavy Contest,113,58,0.5133
kendrick perkins,Free Throw / Short Range,Heavy Contest,87,30,0.3448
kendrick perkins,Free Throw / Short Range,Slight Contest,29,13,0.4483
kendrick perkins,Restricted Area (Layup),Heavy Contest,57,30,0.5263
kendrick perkins,Restricted Area (Layup),Slight Contest,10,9,0.9
kenneth faried,Free Throw / Short Range,Heavy Contest,295,134,0.4542
kenneth faried,Free Throw / Short Range,Slight Contest,38,14,0.3684
kenneth faried,Mid-Range,Slight Contest,14,6,0.4286
kenneth faried,Mid-Range,Wide Open,14,4,0.2857
kenneth faried,Restricted Area (Layup),Heavy Contest,116,73,0.6293
kenneth faried,Restricted Area (Layup),Slight Contest,11,8,0.7273
kent bazemore,Above the Break 3,Slight Contest,13,6,0.4615
kent bazemore,Above the Break 3,Wide Open,30,11,0.3667
kent bazemore,Corner 3,Wide Open,18,10,0.5556
kent bazemore,Free Throw / Short Range,Heavy Contest,76,34,0.4474
kent bazemore,Restricted Area (Layup),Heavy Contest,17,9,0.5294
kentavious caldwell-pope,Above the Break 3,Heavy Contest,54,13,0.2407
kentavious caldwell-pope,Above the Break 3,Slight Contest,119,45,0.3782
kentavious caldwell-pope,Above the Break 3,Wide Open,87,34,0.3908
kentavious caldwell-pope,Corner 3,Heavy Contest,16,4,0.25
kentavious caldwell-pope,Corner 3,Slight Contest,28,11,0.3929
kentavious caldwell-pope,Corner 3,Wide Open,19,8,0.4211
kentavious caldwell-pope,Free Throw / Short Range,Heavy Contest,133,52,0.391
kentavious caldwell-pope,Free Throw / Short Range,Slight Contest,22,13,0.5909
kentavious caldwell-pope,Mid-Range,Heavy Contest,68,25,0.3676
kentavious caldwell-pope,Mid-Range,Slight Contest,39,11,0.2821
kentavious caldwell-pope,Mid-Range,Wide Open,23,10,0.4348
kentavious caldwell-pope,Restricted Area (Layup),Heavy Contest,54,27,0.5
kevin garnett,Free Throw / Short Range,Heavy Contest,76,31,0.4079
kevin garnett,Free Throw / Short Range,Slight Contest,15,7,0.4667
kevin garnett,Mid-Range,Heavy Contest,23,8,0.3478
kevin garnett,Mid-Range,Slight Contest,47,20,0.4255
kevin garnett,Mid-Range,Wide Open,99,55,0.5556
kevin garnett,Restricted Area (Layup),Heavy Contest,30,14,0.4667
kevin love,Above the Break 3,Heavy Contest,24,5,0.2083
kevin love,Above the Break 3,Slight Contest,107,41,0.3832
kevin love,Above the Break 3,Wide Open,110,37,0.3364
kevin love,Corner 3,Slight Contest,27,10,0.3704
kevin love,Corner 3,Wide Open,28,15,0.5357
kevin love,Free Throw / Short Range,Heavy Contest,170,63,0.3706
kevin love,Free Throw / Short Range,Slight Contest,26,7,0.2692
kevin love,Mid-Range,Heavy Contest,27,17,0.6296
kevin love,Mid-Range,Slight Contest,65,28,0.4308
kevin love,Mid-Range,Wide Open,31,15,0.4839
kevin love,Restricted Area (Layup),Heavy Contest,126,77,0.6111
kevin love,Restricted Area (Layup),Slight Contest,10,7,0.7
kevin seraphin,Free Throw / Short Range,Heavy Contest,176,85,0.483
kevin seraphin,Free Throw / Short Range,Slight Contest,16,9,0.5625
kevin seraphin,Mid-Range,Slight Contest,30,14,0.4667
kevin seraphin,Mid-Range,Wide Open,35,14,0.4
kevin seraphin,Restricted Area (Layup),Heavy Contest,55,39,0.7091
khris middleton,Above the Break 3,Heavy Contest,15,5,0.3333
khris middleton,Above the Break 3,Slight Contest,35,6,0.1714
khris middleton,Above the Break 3,Wide Open,58,27,0.4655
khris middleton,Corner 3,Heavy Contest,12,3,0.25
khris middleton,Corner 3,Slight Contest,21,11,0.5238
khris middleton,Corner 3,Wide Open,29,18,0.6207
khris middleton,Free Throw / Short Range,Heavy Contest,123,61,0.4959
khris middleton,Free Throw / Short Range,Slight Contest,28,14,0.5
khris middleton,Mid-Range,Heavy Contest,73,29,0.3973
khris middleton,Mid-Range,Slight Contest,74,35,0.473
khris middleton,Mid-Range,Wide Open,24,12,0.5
khris middleton,Restricted Area (Layup),Heavy Contest,51,29,0.5686
kirk hinrich,Above the Break 3,Heavy Contest,21,6,0.2857
kirk hinrich,Above the Break 3,Slight Contest,37,10,0.2703
kirk hinrich,Above the Break 3,Wide Open,33,10,0.303
kirk hinrich,Corner 3,Heavy Contest,10,2,0.2
kirk hinrich,Corner 3,Slight Contest,19,7,0.3684
kirk hinrich,Corner 3,Wide Open,22,10,0.4545
kirk hinrich,Free Throw / Short Range,Heavy Contest,55,24,0.4364
kirk hinrich,Mid-Range,Heavy Contest,20,5,0.25
kirk hinrich,Mid-Range,Slight Contest,53,17,0.3208
kirk hinrich,Mid-Range,Wide Open,22,10,0.4545
kirk hinrich,Restricted Area (Layup),Heavy Contest,10,4,0.4
kj mcdaniels,Above the Break 3,Heavy Contest,14,2,0.1429
kj mcdaniels,Above the Break 3,Slight Contest,58,18,0.3103
kj mcdaniels,Above the Break 3,Wide Open,70,22,0.3143
kj mcdaniels,Free Throw / Short Range,Heavy Contest,133,49,0.3684
kj mcdaniels,Free Throw / Short Range,Slight Contest,11,8,0.7273
kj mcdaniels,Mid-Range,Heavy Contest,19,5,0.2632
kj mcdaniels,Mid-Range,Slight Contest,12,2,0.1667
kj mcdaniels,Restricted Area (Layup),Heavy Contest,74,42,0.5676
klay thompson,Above the Break 3,Heavy Contest,114,43,0.3772
klay thompson,Above the Break 3,Slight Contest,141,68,0.4823
klay thompson,Above the Break 3,Wide Open,94,45,0.4787
klay thompson,Corner 3,Heavy Contest,19,7,0.3684
klay thompson,Corner 3,Slight Contest,19,9,0.4737
klay thompson,Corner 3,Wide Open,20,5,0.25
klay thompson,Free Throw / Short Range,Heavy Contest,189,90,0.4762
klay thompson,Free Throw / Short Range,Slight Contest,46,21,0.4565
klay thompson,Mid-Range,Heavy Contest,134,52,0.3881
klay thompson,Mid-Range,Slight Contest,71,33,0.4648
klay thompson,Mid-Range,Wide Open,21,9,0.4286
klay thompson,Restricted Area (Layup),Heavy Contest,81,48,0.5926
klay thompson,Restricted Area (Layup),Slight Contest,11,9,0.8182
kobe bryant,Above the Break 3,Heavy Contest,99,22,0.2222
kobe bryant,Above the Break 3,Slight Contest,67,26,0.3881
kobe bryant,Above the Break 3,Wide Open,12,3,0.25
kobe bryant,Free Throw / Short Range,Heavy Contest,157,62,0.3949
kobe bryant,Free Throw / Short Range,Slight Contest,20,8,0.4
kobe bryant,Mid-Range,Heavy Contest,205,69,0.3366
kobe bryant,Mid-Range,Slight Contest,74,31,0.4189
kobe bryant,Mid-Range,Wide Open,11,5,0.4545
kobe bryant,Restricted Area (Layup),Heavy Contest,51,27,0.5294
kosta koufos,Free Throw / Short Range,Heavy Contest,136,66,0.4853
kosta koufos,Free Throw / Short Range,Slight Contest,25,15,0.6
kosta koufos,Mid-Range,Wide Open,17,6,0.3529
kosta koufos,Restricted Area (Layup),Heavy Contest,53,27,0.5094
kostas papanikolaou,Above the Break 3,Slight Contest,18,5,0.2778
kostas papanikolaou,Above the Break 3,Wide Open,36,9,0.25
kostas papanikolaou,Corner 3,Slight Contest,14,5,0.3571
kostas papanikolaou,Corner 3,Wide Open,19,7,0.3684
kostas papanikolaou,Free Throw / Short Range,Heavy Contest,35,9,0.2571
kostas papanikolaou,Restricted Area (Layup),Heavy Contest,28,17,0.6071
kris humphries,Free Throw / Short Range,Heavy Contest,58,20,0.3448
kris humphries,Free Throw / Short Range,Slight Contest,25,12,0.48
kris humphries,Mid-Range,Heavy Contest,27,6,0.2222
kris humphries,Mid-Range,Slight Contest,71,31,0.4366
kris humphries,Mid-Range,Wide Open,96,49,0.5104
kris humphries,Restricted Area (Layup),Heavy Contest,96,57,0.5938
kyle korver,Above the Break 3,Heavy Contest,85,38,0.4471
kyle korver,Above the Break 3,Slight Contest,118,57,0.4831
kyle korver,Above the Break 3,Wide Open,87,47,0.5402
kyle korver,Corner 3,Heavy Contest,19,8,0.4211
kyle korver,Corner 3,Slight Contest,27,18,0.6667
kyle korver,Corner 3,Wide Open,19,8,0.4211
kyle korver,Free Throw / Short Range,Heavy Contest,24,10,0.4167
kyle korver,Mid-Range,Heavy Contest,49,21,0.4286
kyle korver,Mid-Range,Slight Contest,23,13,0.5652
kyle korver,Mid-Range,Wide Open,12,6,0.5
kyle lowry,Above the Break 3,Heavy Contest,96,28,0.2917
kyle lowry,Above the Break 3,Slight Contest,124,39,0.3145
kyle lowry,Above the Break 3,Wide Open,60,22,0.3667
kyle lowry,Corner 3,Slight Contest,13,4,0.3077
kyle lowry,Corner 3,Wide Open,15,3,0.2
kyle lowry,Free Throw / Short Range,Heavy Contest,199,86,0.4322
kyle lowry,Free Throw / Short Range,Slight Contest,35,22,0.6286
kyle lowry,Mid-Range,Heavy Contest,106,33,0.3113
kyle lowry,Mid-Range,Slight Contest,87,31,0.3563
kyle lowry,Mid-Range,Wide Open,21,13,0.619
kyle lowry,Restricted Area (Layup),Heavy Contest,95,60,0.6316
kyle oquinn,Above the Break 3,Wide Open,31,10,0.3226
kyle oquinn,Free Throw / Short Range,Heavy Contest,49,26,0.5306
kyle oquinn,Free Throw / Short Range,Slight Contest,22,14,0.6364
kyle oquinn,Mid-Range,Heavy Contest,10,5,0.5
kyle oquinn,Mid-Range,Slight Contest,27,10,0.3704
kyle oquinn,Mid-Range,Wide Open,19,8,0.4211
kyle oquinn,Restricted Area (Layup),Heavy Contest,32,20,0.625
kyle singler,Above the Break 3,Heavy Contest,19,3,0.1579
kyle singler,Above the Break 3,Slight Contest,67,24,0.3582
kyle singler,Above the Break 3,Wide Open,90,40,0.4444
kyle singler,Corner 3,Slight Contest,12,8,0.6667
kyle singler,Corner 3,Wide Open,16,5,0.3125
kyle singler,Free Throw / Short Range,Heavy Contest,60,24,0.4
kyle singler,Free Throw / Short Range,Slight Contest,14,5,0.3571
kyle singler,Mid-Range,Heavy Contest,31,8,0.2581
kyle singler,Mid-Range,Slight Contest,27,9,0.3333
kyle singler,Restricted Area (Layup),Heavy Contest,27,12,0.4444
kyrie irving,Above the Break 3,Heavy Contest,85,34,0.4
kyrie irving,Above the Break 3,Slight Contest,108,43,0.3981
kyrie irving,Above the Break 3,Wide Open,64,22,0.3438
kyrie irving,Corner 3,Heavy Contest,18,9,0.5
kyrie irving,Corner 3,Slight Contest,10,8,0.8
kyrie irving,Corner 3,Wide Open,12,4,0.3333
kyrie irving,Free Throw / Short Range,Heavy Contest,236,93,0.3941
kyrie irving,Free Throw / Short Range,Slight Contest,44,23,0.5227
kyrie irving,Mid-Range,Heavy Contest,117,54,0.4615
kyrie irving,Mid-Range,Slight Contest,57,23,0.4035
kyrie irving,Mid-Range,Wide Open,14,10,0.7143
kyrie irving,Restricted Area (Layup),Heavy Contest,150,92,0.6133
kyrie irving,Restricted Area (Layup),Slight Contest,15,13,0.8667
lamarcus aldridge,Above the Break 3,Heavy Contest,11,1,0.0909
lamarcus aldridge,Above the Break 3,Slight Contest,12,3,0.25
lamarcus aldridge,Above the Break 3,Wide Open,36,16,0.4444
lamarcus aldridge,Free Throw / Short Range,Heavy Contest,327,157,0.4801
lamarcus aldridge,Free Throw / Short Range,Slight Contest,50,26,0.52
lamarcus aldridge,Mid-Range,Heavy Contest,144,48,0.3333
lamarcus aldridge,Mid-Range,Slight Contest,215,82,0.3814
lamarcus aldridge,Mid-Range,Wide Open,144,66,0.4583
lamarcus aldridge,Restricted Area (Layup),Heavy Contest,89,60,0.6742
lamarcus aldridge,Restricted Area (Layup),Slight Contest,10,5,0.5
lance stephenson,Above the Break 3,Slight Contest,25,5,0.2
lance stephenson,Above the Break 3,Wide Open,46,7,0.1522
lance stephenson,Free Throw / Short Range,Heavy Contest,124,56,0.4516
lance stephenson,Free Throw / Short Range,Slight Contest,27,14,0.5185
lance stephenson,Mid-Range,Heavy Contest,42,11,0.2619
lance stephenson,Mid-Range,Slight Contest,80,30,0.375
lance stephenson,Mid-Range,Wide Open,24,8,0.3333
lance stephenson,Restricted Area (Layup),Heavy Contest,47,24,0.5106
lavoy allen,Free Throw / Short Range,Heavy Contest,68,28,0.4118
lavoy allen,Free Throw / Short Range,Slight Contest,15,9,0.6
lavoy allen,Mid-Range,Slight Contest,25,8,0.32
lavoy allen,Mid-Range,Wide Open,74,29,0.3919
lavoy allen,Restricted Area (Layup),Heavy Contest,52,40,0.7692
leandro barbosa,Above the Break 3,Heavy Contest,11,3,0.2727
leandro barbosa,Above the Break 3,Slight Contest,26,8,0.3077
leandro barbosa,Above the Break 3,Wide Open,30,13,0.4333
leandro barbosa,Free Throw / Short Range,Heavy Contest,92,35,0.3804
leandro barbosa,Free Throw / Short Range,Slight Contest,13,9,0.6923
leandro barbosa,Mid-Range,Heavy Contest,17,8,0.4706
leandro barbosa,Restricted Area (Layup),Heavy Contest,33,25,0.7576
lebron james,Above the Break 3,Heavy Contest,45,15,0.3333
lebron james,Above the Break 3,Slight Contest,125,44,0.352
lebron james,Above the Break 3,Wide Open,75,24,0.32
lebron james,Free Throw / Short Range,Heavy Contest,276,142,0.5145
lebron james,Free Throw / Short Range,Slight Contest,54,30,0.5556
lebron james,Free Throw / Short Range,Wide Open,25,19,0.76
lebron james,Mid-Range,Heavy Contest,82,27,0.3293
lebron james,Mid-Range,Slight Contest,111,53,0.4775
lebron james,Mid-Range,Wide Open,33,15,0.4545
lebron james,Restricted Area (Layup),Heavy Contest,117,83,0.7094
lebron james,Restricted Area (Layup),Slight Contest,17,14,0.8235
lebron james,Restricted Area (Layup),Wide Open,11,10,0.9091
lou williams,Above the Break 3,Heavy Contest,107,35,0.3271
lou williams,Above the Break 3,Slight Contest,137,36,0.2628
lou williams,Above the Break 3,Wide Open,55,26,0.4727
lou williams,Corner 3,Heavy Contest,11,5,0.4545
lou williams,Corner 3,Slight Contest,14,6,0.4286
lou williams,Free Throw / Short Range,Heavy Contest,124,51,0.4113
lou williams,Free Throw / Short Range,Slight Contest,32,14,0.4375
lou williams,Free Throw / Short Range,Wide Open,11,10,0.9091
lou williams,Mid-Range,Heavy Contest,75,33,0.44
lou williams,Mid-Range,Slight Contest,62,26,0.4194
lou williams,Mid-Range,Wide Open,12,5,0.4167
lou williams,Restricted Area (Layup),Heavy Contest,23,15,0.6522
luc mbah a moute,Above the Break 3,Slight Contest,46,13,0.2826
luc mbah a moute,Above the Break 3,Wide Open,72,23,0.3194
luc mbah a moute,Corner 3,Wide Open,11,3,0.2727
luc mbah a moute,Free Throw / Short Range,Heavy Contest,75,31,0.4133
luc mbah a moute,Mid-Range,Heavy Contest,17,6,0.3529
luc mbah a moute,Mid-Range,Slight Contest,61,24,0.3934
luc mbah a moute,Mid-Range,Wide Open,62,26,0.4194
luc mbah a moute,Restricted Area (Layup),Heavy Contest,111,58,0.5225
luis scola,Free Throw / Short Range,Heavy Contest,150,66,0.44
luis scola,Free Throw / Short Range,Slight Contest,13,5,0.3846
luis scola,Mid-Range,Heavy Contest,20,9,0.45
luis scola,Mid-Range,Slight Contest,112,42,0.375
luis scola,Mid-Range,Wide Open,56,26,0.4643
luis scola,Restricted Area (Layup),Heavy Contest,88,55,0.625
luke babbitt,Above the Break 3,Slight Contest,32,15,0.4688
luke babbitt,Above the Break 3,Wide Open,52,27,0.5192
luke babbitt,Free Throw / Short Range,Heavy Contest,24,7,0.2917
luol deng,Above the Break 3,Heavy Contest,11,3,0.2727
luol deng,Above the Break 3,Slight Contest,47,13,0.2766
luol deng,Above the Break 3,Wide Open,55,22,0.4
luol deng,Corner 3,Heavy Contest,12,7,0.5833
luol deng,Corner 3,Slight Contest,16,9,0.5625
luol deng,Corner 3,Wide Open,13,4,0.3077
luol deng,Free Throw / Short Range,Heavy Contest,152,75,0.4934
luol deng,Free Throw / Short Range,Slight Contest,24,13,0.5417
luol deng,Mid-Range,Heavy Contest,43,19,0.4419
luol deng,Mid-Range,Slight Contest,70,25,0.3571
luol deng,Mid-Range,Wide Open,18,12,0.6667
luol deng,Restricted Area (Layup),Heavy Contest,93,61,0.6559
manu ginobili,Above the Break 3,Heavy Contest,34,15,0.4412
manu ginobili,Above the Break 3,Slight Contest,106,34,0.3208
manu ginobili,Above the Break 3,Wide Open,53,17,0.3208
manu ginobili,Corner 3,Wide Open,10,5,0.5
manu ginobili,Free Throw / Short Range,Heavy Contest,134,66,0.4925
manu ginobili,Free Throw / Short Range,Slight Contest,19,8,0.4211
manu ginobili,Mid-Range,Heavy Contest,16,4,0.25
manu ginobili,Mid-Range,Slight Contest,22,7,0.3182
manu ginobili,Restricted Area (Layup),Heavy Contest,64,36,0.5625
manu ginobili,Restricted Area (Layup),Slight Contest,10,7,0.7
marc gasol,Free Throw / Short Range,Heavy Contest,262,122,0.4656
marc gasol,Free Throw / Short Range,Slight Contest,82,40,0.4878
marc gasol,Free Throw / Short Range,Wide Open,16,9,0.5625
marc gasol,Mid-Range,Heavy Contest,34,13,0.3824
marc gasol,Mid-Range,Slight Contest,121,48,0.3967
marc gasol,Mid-Range,Wide Open,136,56,0.4118
marc gasol,Restricted Area (Layup),Heavy Contest,126,93,0.7381
marc gasol,Restricted Area (Layup),Slight Contest,21,20,0.9524
marcin gortat,Free Throw / Short Range,Heavy Contest,270,127,0.4704
marcin gortat,Free Throw / Short Range,Slight Contest,51,25,0.4902
marcin gortat,Free Throw / Short Range,Wide Open,11,7,0.6364
marcin gortat,Mid-Range,Slight Contest,45,18,0.4
marcin gortat,Mid-Range,Wide Open,25,6,0.24
marcin gortat,Restricted Area (Layup),Heavy Contest,123,90,0.7317
marcin gortat,Restricted Area (Layup),Slight Contest,26,26,1.0
marco belinelli,Above the Break 3,Heavy Contest,21,8,0.381
marco belinelli,Above the Break 3,Slight Contest,49,21,0.4286
marco belinelli,Above the Break 3,Wide Open,43,14,0.3256
marco belinelli,Corner 3,Slight Contest,10,4,0.4
marco belinelli,Corner 3,Wide Open,18,7,0.3889
marco belinelli,Free Throw / Short Range,Heavy Contest,54,23,0.4259
marco belinelli,Free Throw / Short Range,Slight Contest,17,8,0.4706
marco belinelli,Mid-Range,Heavy Contest,35,18,0.5143
marco belinelli,Mid-Range,Slight Contest,33,10,0.303
marco belinelli,Mid-Range,Wide Open,18,12,0.6667
marco belinelli,Restricted Area (Layup),Heavy Contest,14,10,0.7143
marcus morris,Above the Break 3,Heavy Contest,21,7,0.3333
marcus morris,Above the Break 3,Slight Contest,61,24,0.3934
marcus morris,Above the Break 3,Wide Open,92,38,0.413
marcus morris,Corner 3,Heavy Contest,11,3,0.2727
marcus morris,Corner 3,Slight Contest,16,5,0.3125
marcus morris,Corner 3,Wide Open,19,10,0.5263
marcus morris,Free Throw / Short Range,Heavy Contest,100,48,0.48
marcus morris,Free Throw / Short Range,Slight Contest,14,9,0.6429
marcus morris,Mid-Range,Heavy Contest,56,26,0.4643
marcus morris,Mid-Range,Slight Contest,67,30,0.4478
marcus morris,Mid-Range,Wide Open,19,5,0.2632
marcus morris,Restricted Area (Layup),Heavy Contest,46,26,0.5652
marcus smart,Above the Break 3,Heavy Contest,53,19,0.3585
marcus smart,Above the Break 3,Slight Contest,72,16,0.2222
marcus smart,Above the Break 3,Wide Open,35,14,0.4
marcus smart,Free Throw / Short Range,Heavy Contest,38,13,0.3421
marcus smart,Mid-Range,Heavy Contest,18,10,0.5556
marcus smart,Mid-Range,Slight Contest,16,6,0.375
marcus smart,Restricted Area (Layup),Heavy Contest,27,14,0.5185
marcus thornton,Above the Break 3,Heavy Contest,39,12,0.3077
marcus thornton,Above the Break 3,Slight Contest,51,22,0.4314
marcus thornton,Above the Break 3,Wide Open,24,11,0.4583
marcus thornton,Free Throw / Short Range,Heavy Contest,73,32,0.4384
marcus thornton,Mid-Range,Heavy Contest,40,12,0.3
marcus thornton,Mid-Range,Slight Contest,20,7,0.35
marcus thornton,Restricted Area (Layup),Heavy Contest,31,16,0.5161
mario chalmers,Above the Break 3,Heavy Contest,34,2,0.0588
mario chalmers,Above the Break 3,Slight Contest,48,16,0.3333
mario chalmers,Above the Break 3,Wide Open,67,23,0.3433
mario chalmers,Corner 3,Heavy Contest,15,4,0.2667
mario chalmers,Corner 3,Wide Open,17,6,0.3529
mario chalmers,Free Throw / Short Range,Heavy Contest,155,70,0.4516
mario chalmers,Free Throw / Short Range,Slight Contest,33,22,0.6667
mario chalmers,Mid-Range,Heavy Contest,13,4,0.3077
mario chalmers,Mid-Range,Slight Contest,25,9,0.36
mario chalmers,Mid-Range,Wide Open,15,7,0.4667
mario chalmers,Restricted Area (Layup),Heavy Contest,77,35,0.4545
markieff morris,Above the Break 3,Slight Contest,31,10,0.3226
markieff morris,Above the Break 3,Wide Open,92,31,0.337
markieff morris,Free Throw / Short Range,Heavy Contest,277,138,0.4982
markieff morris,Free Throw / Short Range,Slight Contest,47,28,0.5957
markieff morris,Mid-Range,Heavy Contest,81,33,0.4074
markieff morris,Mid-Range,Slight Contest,103,46,0.4466
markieff morris,Mid-Range,Wide Open,42,17,0.4048
markieff morris,Restricted Area (Layup),Heavy Contest,112,65,0.5804
markieff morris,Restricted Area (Layup),Slight Contest,12,6,0.5
marreese speights,Free Throw / Short Range,Heavy Contest,123,53,0.4309
marreese speights,Free Throw / Short Range,Slight Contest,25,12,0.48
marreese speights,Mid-Range,Heavy Contest,29,11,0.3793
marreese speights,Mid-Range,Slight Contest,92,38,0.413
marreese speights,Mid-Range,Wide Open,94,50,0.5319
marreese speights,Restricted Area (Layup),Heavy Contest,109,68,0.6239
marvin williams,Above the Break 3,Heavy Contest,11,3,0.2727
marvin williams,Above the Break 3,Slight Contest,52,14,0.2692
marvin williams,Above the Break 3,Wide Open,93,37,0.3978
marvin williams,Free Throw / Short Range,Heavy Contest,44,24,0.5455
marvin williams,Free Throw / Short Range,Slight Contest,12,7,0.5833
marvin williams,Mid-Range,Slight Contest,28,12,0.4286
marvin williams,Mid-Range,Wide Open,32,17,0.5312
marvin williams,Restricted Area (Layup),Heavy Contest,17,12,0.7059
mason plumlee,Free Throw / Short Range,Heavy Contest,176,81,0.4602
mason plumlee,Free Throw / Short Range,Slight Contest,20,16,0.8
mason plumlee,Restricted Area (Layup),Heavy Contest,162,103,0.6358
mason plumlee,Restricted Area (Layup),Slight Contest,25,22,0.88
matt barnes,Above the Break 3,Heavy Contest,12,4,0.3333
matt barnes,Above the Break 3,Slight Contest,69,22,0.3188
matt barnes,Above the Break 3,Wide Open,102,42,0.4118
matt barnes,Corner 3,Heavy Contest,10,5,0.5
matt barnes,Corner 3,Slight Contest,18,9,0.5
matt barnes,Corner 3,Wide Open,41,11,0.2683
matt barnes,Free Throw / Short Range,Heavy Contest,95,39,0.4105
matt barnes,Free Throw / Short Range,Slight Contest,21,12,0.5714
matt barnes,Restricted Area (Layup),Heavy Contest,45,34,0.7556
matt bonner,Above the Break 3,Slight Contest,23,7,0.3043
matt bonner,Above the Break 3,Wide Open,65,25,0.3846
matt bonner,Corner 3,Wide Open,10,4,0.4
matt bonner,Free Throw / Short Range,Heavy Contest,55,25,0.4545
matt bonner,Free Throw / Short Range,Slight Contest,11,8,0.7273
matthew dellavedova,Above the Break 3,Slight Contest,25,8,0.32
matthew dellavedova,Above the Break 3,Wide Open,48,23,0.4792
matthew dellavedova,Corner 3,Slight Contest,13,3,0.2308
matthew dellavedova,Corner 3,Wide Open,17,6,0.3529
matthew dellavedova,Free Throw / Short Range,Heavy Contest,51,15,0.2941
matthew dellavedova,Free Throw / Short Range,Slight Contest,14,7,0.5
michael carter-williams,Above the Break 3,Heavy Contest,14,4,0.2857
michael carter-williams,Above the Break 3,Slight Contest,68,14,0.2059
michael carter-williams,Above the Break 3,Wide Open,38,13,0.3421
michael carter-williams,Free Throw / Short Range,Heavy Contest,296,122,0.4122
michael carter-williams,Free Throw / Short Range,Slight Contest,19,15,0.7895
michael carter-williams,Mid-Range,Heavy Contest,50,9,0.18
michael carter-williams,Mid-Range,Slight Contest,63,18,0.2857
michael carter-williams,Mid-Range,Wide Open,16,4,0.25
michael carter-williams,Restricted Area (Layup),Heavy Contest,67,41,0.6119
michael kidd-gilchrist,Free Throw / Short Range,Heavy Contest,159,68,0.4277
michael kidd-gilchrist,Free Throw / Short Range,Slight Contest,14,8,0.5714
michael kidd-gilchrist,Mid-Range,Heavy Contest,24,8,0.3333
michael kidd-gilchrist,Mid-Range,Slight Contest,65,31,0.4769
michael kidd-gilchrist,Mid-Range,Wide Open,36,16,0.4444
michael kidd-gilchrist,Restricted Area (Layup),Heavy Contest,62,36,0.5806
mike conley,Above the Break 3,Heavy Contest,29,13,0.4483
mike conley,Above the Break 3,Slight Contest,82,33,0.4024
mike conley,Above the Break 3,Wide Open,75,24,0.32
mike conley,Corner 3,Slight Contest,11,6,0.5455
mike conley,Corner 3,Wide Open,13,7,0.5385
mike conley,Free Throw / Short Range,Heavy Contest,220,94,0.4273
mike conley,Free Throw / Short Range,Slight Contest,42,24,0.5714
mike conley,Mid-Range,Heavy Contest,34,8,0.2353
mike conley,Mid-Range,Slight Contest,59,23,0.3898
mike conley,Mid-Range,Wide Open,33,12,0.3636
mike conley,Restricted Area (Layup),Heavy Contest,89,52,0.5843
mike conley,Restricted Area (Layup),Slight Contest,16,12,0.75
mike miller,Above the Break 3,Slight Contest,33,8,0.2424
mike miller,Above the Break 3,Wide Open,32,13,0.4062
mike scott,Above the Break 3,Heavy Contest,16,4,0.25
mike scott,Above the Break 3,Slight Contest,48,16,0.3333
mike scott,Above the Break 3,Wide Open,73,27,0.3699
mike scott,Free Throw / Short Range,Heavy Contest,85,32,0.3765
mike scott,Free Throw / Short Range,Slight Contest,32,19,0.5938
mike scott,Mid-Range,Heavy Contest,15,6,0.4
mike scott,Mid-Range,Slight Contest,21,9,0.4286
mike scott,Restricted Area (Layup),Heavy Contest,37,22,0.5946
mirza teletovic,Above the Break 3,Heavy Contest,26,7,0.2692
mirza teletovic,Above the Break 3,Slight Contest,106,29,0.2736
mirza teletovic,Above the Break 3,Wide Open,49,19,0.3878
mirza teletovic,Free Throw / Short Range,Heavy Contest,60,23,0.3833
mirza teletovic,Free Throw / Short Range,Slight Contest,17,10,0.5882
mirza teletovic,Mid-Range,Slight Contest,11,7,0.6364
mirza teletovic,Restricted Area (Layup),Heavy Contest,18,11,0.6111
mnta ellis,Above the Break 3,Heavy Contest,37,7,0.1892
mnta ellis,Above the Break 3,Slight Contest,81,31,0.3827
mnta ellis,Above the Break 3,Wide Open,68,17,0.25
mnta ellis,Corner 3,Slight Contest,13,5,0.3846
mnta ellis,Corner 3,Wide Open,26,11,0.4231
mnta ellis,Free Throw / Short Range,Heavy Contest,247,122,0.4939
mnta ellis,Free Throw / Short Range,Slight Contest,57,25,0.4386
mnta ellis,Free Throw / Short Range,Wide Open,14,11,0.7857
mnta ellis,Mid-Range,Heavy Contest,130,51,0.3923
mnta ellis,Mid-Range,Slight Contest,185,79,0.427
mnta ellis,Mid-Range,Wide Open,62,29,0.4677
mnta ellis,Restricted Area (Layup),Heavy Contest,104,68,0.6538
mnta ellis,Restricted Area (Layup),Slight Contest,15,10,0.6667
mo williams,Above the Break 3,Heavy Contest,75,26,0.3467
mo williams,Above the Break 3,Slight Contest,102,35,0.3431
mo williams,Above the Break 3,Wide Open,34,14,0.4118
mo williams,Free Throw / Short Range,Heavy Contest,63,27,0.4286
mo williams,Free Throw / Short Range,Slight Contest,14,8,0.5714
mo williams,Mid-Range,Heavy Contest,124,52,0.4194
mo williams,Mid-Range,Slight Contest,79,35,0.443
mo williams,Mid-Range,Wide Open,30,18,0.6
mo williams,Restricted Area (Layup),Heavy Contest,17,8,0.4706
nate robinson,Above the Break 3,Heavy Contest,19,3,0.1579
nate robinson,Above the Break 3,Slight Contest,37,11,0.2973
nate robinson,Above the Break 3,Wide Open,22,6,0.2727
nate robinson,Free Throw / Short Range,Heavy Contest,35,8,0.2286
nate robinson,Mid-Range,Heavy Contest,21,6,0.2857
nate robinson,Mid-Range,Slight Contest,21,12,0.5714
nate robinson,Restricted Area (Layup),Heavy Contest,15,10,0.6667
nene hilario,Free Throw / Short Range,Heavy Contest,152,80,0.5263
nene hilario,Free Throw / Short Range,Slight Contest,22,16,0.7273
nene hilario,Mid-Range,Heavy Contest,13,2,0.1538
nene hilario,Mid-Range,Slight Contest,82,27,0.3293
nene hilario,Mid-Range,Wide Open,86,39,0.4535
nene hilario,Restricted Area (Layup),Heavy Contest,100,68,0.68
nene hilario,Restricted Area (Layup),Slight Contest,11,10,0.9091
nerles noel,Free Throw / Short Range,Heavy Contest,182,65,0.3571
nerles noel,Free Throw / Short Range,Slight Contest,29,12,0.4138
nerles noel,Mid-Range,Slight Contest,46,15,0.3261
nerles noel,Mid-Range,Wide Open,33,11,0.3333
nerles noel,Restricted Area (Layup),Heavy Contest,123,73,0.5935
nerles noel,Restricted Area (Layup),Slight Contest,19,17,0.8947
nick collison,Above the Break 3,Slight Contest,15,5,0.3333
nick collison,Above the Break 3,Wide Open,19,5,0.2632
nick collison,Free Throw / Short Range,Heavy Contest,42,18,0.4286
nick collison,Mid-Range,Slight Contest,18,5,0.2778
nick collison,Mid-Range,Wide Open,28,8,0.2857
nick collison,Restricted Area (Layup),Heavy Contest,53,30,0.566
nick young,Above the Break 3,Heavy Contest,117,41,0.3504
nick young,Above the Break 3,Slight Contest,57,25,0.4386
nick young,Above the Break 3,Wide Open,17,4,0.2353
nick young,Corner 3,Heavy Contest,15,2,0.1333
nick young,Corner 3,Wide Open,10,7,0.7
nick young,Free Throw / Short Range,Heavy Contest,67,23,0.3433
nick young,Free Throw / Short Range,Slight Contest,10,2,0.2
nick young,Mid-Range,Heavy Contest,110,38,0.3455
nick young,Mid-Range,Slight Contest,36,12,0.3333
nick young,Restricted Area (Layup),Heavy Contest,20,12,0.6
nicolas batum,Above the Break 3,Heavy Contest,24,4,0.1667
nicolas batum,Above the Break 3,Slight Contest,68,17,0.25
nicolas batum,Above the Break 3,Wide Open,96,32,0.3333
nicolas batum,Corner 3,Slight Contest,18,7,0.3889
nicolas batum,Corner 3,Wide Open,21,7,0.3333
nicolas batum,Free Throw / Short Range,Heavy Contest,63,35,0.5556
nicolas batum,Free Throw / Short Range,Slight Contest,15,10,0.6667
nicolas batum,Mid-Range,Heavy Contest,36,12,0.3333
nicolas batum,Mid-Range,Slight Contest,43,14,0.3256
nicolas batum,Mid-Range,Wide Open,30,14,0.4667
nicolas batum,Restricted Area (Layup),Heavy Contest,17,11,0.6471
nik stauskas,Above the Break 3,Heavy Contest,12,0,0.0
nik stauskas,Above the Break 3,Slight Contest,36,8,0.2222
nik stauskas,Above the Break 3,Wide Open,37,16,0.4324
nik stauskas,Free Throw / Short Range,Heavy Contest,25,8,0.32
nik stauskas,Mid-Range,Heavy Contest,21,6,0.2857
nik stauskas,Mid-Range,Slight Contest,20,9,0.45
nik stauskas,Restricted Area (Layup),Heavy Contest,16,6,0.375
nikola mirotic,Above the Break 3,Heavy Contest,10,2,0.2
nikola mirotic,Above the Break 3,Slight Contest,66,22,0.3333
nikola mirotic,Above the Break 3,Wide Open,88,29,0.3295
nikola mirotic,Corner 3,Slight Contest,11,6,0.5455
nikola mirotic,Free Throw / Short Range,Heavy Contest,76,25,0.3289
nikola mirotic,Free Throw / Short Range,Slight Contest,11,5,0.4545
nikola mirotic,Mid-Range,Heavy Contest,15,6,0.4
nikola mirotic,Mid-Range,Slight Contest,16,5,0.3125
nikola mirotic,Mid-Range,Wide Open,10,6,0.6
nikola mirotic,Restricted Area (Layup),Heavy Contest,34,21,0.6176
nikola mirotic,Restricted Area (Layup),Slight Contest,10,9,0.9
nikola vucevic,Free Throw / Short Range,Heavy Contest,376,181,0.4814
nikola vucevic,Free Throw / Short Range,Slight Contest,56,29,0.5179
nikola vucevic,Free Throw / Short Range,Wide Open,11,9,0.8182
nikola vucevic,Mid-Range,Heavy Contest,23,7,0.3043
nikola vucevic,Mid-Range,Slight Contest,123,54,0.439
nikola vucevic,Mid-Range,Wide Open,122,64,0.5246
nikola vucevic,Restricted Area (Layup),Heavy Contest,160,109,0.6812
nikola vucevic,Restricted Area (Layup),Slight Contest,22,20,0.9091
norris cole,Above the Break 3,Heavy Contest,16,4,0.25
norris cole,Above the Break 3,Slight Contest,48,10,0.2083
norris cole,Above the Break 3,Wide Open,47,15,0.3191
norris cole,Free Throw / Short Range,Heavy Contest,71,29,0.4085
norris cole,Free Throw / Short Range,Slight Contest,18,5,0.2778
norris cole,Mid-Range,Heavy Contest,30,9,0.3
norris cole,Mid-Range,Slight Contest,35,17,0.4857
norris cole,Mid-Range,Wide Open,19,12,0.6316
norris cole,Restricted Area (Layup),Heavy Contest,57,31,0.5439
norris cole,Restricted Area (Layup),Slight Contest,10,8,0.8
oj mayo,Above the Break 3,Heavy Contest,47,14,0.2979
oj mayo,Above the Break 3,Slight Contest,83,32,0.3855
oj mayo,Above the Break 3,Wide Open,44,14,0.3182
oj mayo,Corner 3,Heavy Contest,20,3,0.15
oj mayo,Corner 3,Slight Contest,12,6,0.5
oj mayo,Corner 3,Wide Open,15,8,0.5333
oj mayo,Free Throw / Short Range,Heavy Contest,133,61,0.4586
oj mayo,Free Throw / Short Range,Slight Contest,21,11,0.5238
oj mayo,Mid-Range,Heavy Contest,74,29,0.3919
oj mayo,Mid-Range,Slight Contest,55,14,0.2545
oj mayo,Mid-Range,Wide Open,15,7,0.4667
oj mayo,Restricted Area (Layup),Heavy Contest,33,19,0.5758
omer asik,Free Throw / Short Range,Heavy Contest,42,15,0.3571
omer asik,Restricted Area (Layup),Heavy Contest,235,122,0.5191
omer asik,Restricted Area (Layup),Slight Contest,12,11,0.9167
omri casspi,Above the Break 3,Wide Open,22,3,0.1364
omri casspi,Free Throw / Short Range,Heavy Contest,124,56,0.4516
omri casspi,Free Throw / Short Range,Slight Contest,20,12,0.6
omri casspi,Restricted Area (Layup),Heavy Contest,46,26,0.5652
otto porter,Above the Break 3,Slight Contest,23,9,0.3913
otto porter,Above the Break 3,Wide Open,17,6,0.3529
otto porter,Corner 3,Slight Contest,10,3,0.3
otto porter,Corner 3,Wide Open,13,6,0.4615
otto porter,Free Throw / Short Range,Heavy Contest,47,21,0.4468
otto porter,Free Throw / Short Range,Slight Contest,12,7,0.5833
otto porter,Mid-Range,Heavy Contest,29,15,0.5172
otto porter,Mid-Range,Slight Contest,47,15,0.3191
otto porter,Mid-Range,Wide Open,30,15,0.5
otto porter,Restricted Area (Layup),Heavy Contest,38,24,0.6316
pablo prigioni,Above the Break 3,Heavy Contest,10,2,0.2
pablo prigioni,Above the Break 3,Slight Contest,50,20,0.4
pablo prigioni,Above the Break 3,Wide Open,54,20,0.3704
pablo prigioni,Free Throw / Short Range,Heavy Contest,10,2,0.2
pablo prigioni,Restricted Area (Layup),Heavy Contest,10,7,0.7
patrick beverley,Above the Break 3,Heavy Contest,36,9,0.25
patrick beverley,Above the Break 3,Slight Contest,91,28,0.3077
patrick beverley,Above the Break 3,Wide Open,60,28,0.4667
patrick beverley,Corner 3,Heavy Contest,10,5,0.5
patrick beverley,Corner 3,Slight Contest,38,12,0.3158
patrick beverley,Corner 3,Wide Open,43,19,0.4419
patrick beverley,Free Throw / Short Range,Heavy Contest,79,31,0.3924
patrick beverley,Free Throw / Short Range,Slight Contest,29,15,0.5172
patrick beverley,Restricted Area (Layup),Heavy Contest,35,13,0.3714
patrick patterson,Above the Break 3,Slight Contest,62,26,0.4194
patrick patterson,Above the Break 3,Wide Open,86,35,0.407
patrick patterson,Corner 3,Slight Contest,26,9,0.3462
patrick patterson,Corner 3,Wide Open,30,13,0.4333
patrick patterson,Free Throw / Short Range,Heavy Contest,79,38,0.481
patrick patterson,Free Throw / Short Range,Slight Contest,29,20,0.6897
patrick patterson,Mid-Range,Slight Contest,15,7,0.4667
patrick patterson,Mid-Range,Wide Open,12,5,0.4167
patrick patterson,Restricted Area (Layup),Heavy Contest,36,22,0.6111
pau gasol,Corner 3,Wide Open,10,6,0.6
pau gasol,Free Throw / Short Range,Heavy Contest,338,152,0.4497
pau gasol,Free Throw / Short Range,Slight Contest,40,23,0.575
pau gasol,Free Throw / Short Range,Wide Open,10,5,0.5
pau gasol,Mid-Range,Heavy Contest,33,13,0.3939
pau gasol,Mid-Range,Slight Contest,116,49,0.4224
pau gasol,Mid-Range,Wide Open,119,66,0.5546
pau gasol,Restricted Area (Layup),Heavy Contest,133,78,0.5865
pau gasol,Restricted Area (Layup),Slight Contest,11,10,0.9091
paul millsap,Above the Break 3,Slight Contest,38,9,0.2368
paul millsap,Above the Break 3,Wide Open,105,37,0.3524
paul millsap,Corner 3,Wide Open,17,8,0.4706
paul millsap,Free Throw / Short Range,Heavy Contest,227,106,0.467
paul millsap,Free Throw / Short Range,Slight Contest,45,17,0.3778
paul millsap,Mid-Range,Heavy Contest,17,3,0.1765
paul millsap,Mid-Range,Slight Contest,47,25,0.5319
paul millsap,Mid-Range,Wide Open,22,9,0.4091
paul millsap,Restricted Area (Layup),Heavy Contest,187,104,0.5561
paul millsap,Restricted Area (Layup),Slight Contest,24,23,0.9583
paul pierce,Above the Break 3,Heavy Contest,57,18,0.3158
paul pierce,Above the Break 3,Slight Contest,93,40,0.4301
paul pierce,Above the Break 3,Wide Open,53,23,0.434
paul pierce,Corner 3,Heavy Contest,13,6,0.4615
paul pierce,Corner 3,Slight Contest,10,4,0.4
paul pierce,Free Throw / Short Range,Heavy Contest,78,39,0.5
paul pierce,Free Throw / Short Range,Slight Contest,20,14,0.7
paul pierce,Mid-Range,Heavy Contest,82,28,0.3415
paul pierce,Mid-Range,Slight Contest,30,17,0.5667
paul pierce,Restricted Area (Layup),Heavy Contest,66,36,0.5455
pero antic,Above the Break 3,Heavy Contest,13,2,0.1538
pero antic,Above the Break 3,Slight Contest,49,14,0.2857
pero antic,Above the Break 3,Wide Open,51,19,0.3725
pero antic,Free Throw / Short Range,Heavy Contest,14,5,0.3571
pero antic,Mid-Range,Slight Contest,12,5,0.4167
pero antic,Mid-Range,Wide Open,13,5,0.3846
pero antic,Restricted Area (Layup),Heavy Contest,36,15,0.4167
pj tucker,Above the Break 3,Heavy Contest,10,4,0.4
pj tucker,Above the Break 3,Slight Contest,25,6,0.24
pj tucker,Above the Break 3,Wide Open,63,25,0.3968
pj tucker,Corner 3,Heavy Contest,12,2,0.1667
pj tucker,Corner 3,Slight Contest,35,15,0.4286
pj tucker,Corner 3,Wide Open,42,13,0.3095
pj tucker,Free Throw / Short Range,Heavy Contest,87,48,0.5517
pj tucker,Free Throw / Short Range,Slight Contest,21,12,0.5714
pj tucker,Mid-Range,Slight Contest,33,7,0.2121
pj tucker,Mid-Range,Wide Open,15,10,0.6667
pj tucker,Restricted Area (Layup),Heavy Contest,44,28,0.6364
quincy acy,Above the Break 3,Wide Open,20,6,0.3
quincy acy,Free Throw / Short Range,Heavy Contest,43,21,0.4884
quincy acy,Free Throw / Short Range,Slight Contest,13,8,0.6154
quincy acy,Mid-Range,Heavy Contest,11,6,0.5455
quincy acy,Mid-Range,Slight Contest,48,17,0.3542
quincy acy,Mid-Range,Wide Open,34,15,0.4412
quincy acy,Restricted Area (Layup),Heavy Contest,40,23,0.575
ramon sessions,Above the Break 3,Slight Contest,12,2,0.1667
ramon sessions,Above the Break 3,Wide Open,17,5,0.2941
ramon sessions,Free Throw / Short Range,Heavy Contest,98,36,0.3673
ramon sessions,Free Throw / Short Range,Slight Contest,18,10,0.5556
ramon sessions,Mid-Range,Slight Contest,13,5,0.3846
ramon sessions,Mid-Range,Wide Open,21,4,0.1905
ramon sessions,Restricted Area (Layup),Heavy Contest,22,7,0.3182
rasual butler,Above the Break 3,Heavy Contest,45,12,0.2667
rasual butler,Above the Break 3,Slight Contest,50,23,0.46
rasual butler,Above the Break 3,Wide Open,25,7,0.28
rasual butler,Corner 3,Heavy Contest,23,10,0.4348
rasual butler,Corner 3,Slight Contest,23,9,0.3913
rasual butler,Corner 3,Wide Open,24,14,0.5833
rasual butler,Free Throw / Short Range,Heavy Contest,60,26,0.4333
rasual butler,Mid-Range,Heavy Contest,76,32,0.4211
rasual butler,Mid-Range,Slight Contest,33,12,0.3636
rasual butler,Mid-Range,Wide Open,11,5,0.4545
rasual butler,Restricted Area (Layup),Heavy Contest,24,16,0.6667
ray mccallum,Above the Break 3,Slight Contest,13,4,0.3077
ray mccallum,Above the Break 3,Wide Open,18,5,0.2778
ray mccallum,Free Throw / Short Range,Heavy Contest,49,23,0.4694
ray mccallum,Free Throw / Short Range,Slight Contest,18,10,0.5556
ray mccallum,Mid-Range,Heavy Contest,36,14,0.3889
ray mccallum,Mid-Range,Slight Contest,25,8,0.32
ray mccallum,Mid-Range,Wide Open,10,4,0.4
ray mccallum,Restricted Area (Layup),Heavy Contest,42,26,0.619
reggie jackson,Above the Break 3,Heavy Contest,19,5,0.2632
reggie jackson,Above the Break 3,Slight Contest,83,21,0.253
reggie jackson,Above the Break 3,Wide Open,65,19,0.2923
reggie jackson,Free Throw / Short Range,Heavy Contest,218,102,0.4679
reggie jackson,Free Throw / Short Range,Slight Contest,31,20,0.6452
reggie jackson,Mid-Range,Heavy Contest,55,19,0.3455
reggie jackson,Mid-Range,Slight Contest,83,37,0.4458
reggie jackson,Mid-Range,Wide Open,25,7,0.28
reggie jackson,Restricted Area (Layup),Heavy Contest,61,35,0.5738
richard jefferson,Above the Break 3,Heavy Contest,14,5,0.3571
richard jefferson,Above the Break 3,Slight Contest,40,16,0.4
richard jefferson,Above the Break 3,Wide Open,17,10,0.5882
richard jefferson,Corner 3,Heavy Contest,11,4,0.3636
richard jefferson,Corner 3,Slight Contest,19,8,0.4211
richard jefferson,Corner 3,Wide Open,15,6,0.4
richard jefferson,Free Throw / Short Range,Heavy Contest,58,21,0.3621
richard jefferson,Mid-Range,Slight Contest,12,3,0.25
richard jefferson,Restricted Area (Layup),Heavy Contest,20,14,0.7
robbie hummel,Above the Break 3,Wide Open,10,3,0.3
robbie hummel,Corner 3,Wide Open,11,4,0.3636
robbie hummel,Free Throw / Short Range,Heavy Contest,14,6,0.4286
robbie hummel,Mid-Range,Heavy Contest,10,2,0.2
robbie hummel,Mid-Range,Slight Contest,20,7,0.35
robbie hummel,Mid-Range,Wide Open,18,13,0.7222
robbie hummel,Restricted Area (Layup),Heavy Contest,19,17,0.8947
robert covington,Above the Break 3,Heavy Contest,75,22,0.2933
robert covington,Above the Break 3,Slight Contest,125,46,0.368
robert covington,Above the Break 3,Wide Open,67,30,0.4478
robert covington,Corner 3,Heavy Contest,10,6,0.6
robert covington,Corner 3,Slight Contest,11,4,0.3636
robert covington,Free Throw / Short Range,Heavy Contest,110,41,0.3727
robert covington,Free Throw / Short Range,Slight Contest,12,5,0.4167
robert covington,Mid-Range,Heavy Contest,20,4,0.2
robert covington,Mid-Range,Slight Contest,11,3,0.2727
robert covington,Restricted Area (Layup),Heavy Contest,40,23,0.575
robert sacre,Free Throw / Short Range,Heavy Contest,107,39,0.3645
robert sacre,Free Throw / Short Range,Slight Contest,15,9,0.6
robert sacre,Mid-Range,Heavy Contest,13,4,0.3077
robert sacre,Mid-Range,Slight Contest,47,20,0.4255
robert sacre,Mid-Range,Wide Open,30,11,0.3667
robert sacre,Restricted Area (Layup),Heavy Contest,23,12,0.5217
rodney stuckey,Above the Break 3,Heavy Contest,18,6,0.3333
rodney stuckey,Above the Break 3,Slight Contest,27,11,0.4074
rodney stuckey,Above the Break 3,Wide Open,15,6,0.4
rodney stuckey,Corner 3,Wide Open,11,6,0.5455
rodney stuckey,Free Throw / Short Range,Heavy Contest,170,63,0.3706
rodney stuckey,Free Throw / Short Range,Slight Contest,36,19,0.5278
rodney stuckey,Free Throw / Short Range,Wide Open,10,7,0.7
rodney stuckey,Mid-Range,Heavy Contest,60,26,0.4333
rodney stuckey,Mid-Range,Slight Contest,76,33,0.4342
rodney stuckey,Mid-Range,Wide Open,20,6,0.3
rodney stuckey,Restricted Area (Layup),Heavy Contest,62,39,0.629
rodney stuckey,Restricted Area (Layup),Wide Open,10,10,1.0
ronnie price,Above the Break 3,Heavy Contest,26,7,0.2692
ronnie price,Above the Break 3,Slight Contest,41,11,0.2683
ronnie price,Above the Break 3,Wide Open,22,5,0.2273
ronnie price,Free Throw / Short Range,Heavy Contest,37,17,0.4595
ronnie price,Free Throw / Short Range,Slight Contest,12,6,0.5
ronnie price,Mid-Range,Heavy Contest,18,4,0.2222
ronnie price,Mid-Range,Slight Contest,19,5,0.2632
ronnie price,Restricted Area (Layup),Heavy Contest,18,8,0.4444
roy hibbert,Free Throw / Short Range,Heavy Contest,278,127,0.4568
roy hibbert,Free Throw / Short Range,Slight Contest,17,5,0.2941
roy hibbert,Mid-Range,Heavy Contest,18,7,0.3889
roy hibbert,Mid-Range,Slight Contest,66,24,0.3636
roy hibbert,Mid-Range,Wide Open,60,27,0.45
roy hibbert,Restricted Area (Layup),Heavy Contest,79,41,0.519
rudy gay,Above the Break 3,Heavy Contest,21,6,0.2857
rudy gay,Above the Break 3,Slight Contest,66,23,0.3485
rudy gay,Above the Break 3,Wide Open,53,24,0.4528
rudy gay,Corner 3,Slight Contest,10,1,0.1
rudy gay,Free Throw / Short Range,Heavy Contest,359,163,0.454
rudy gay,Free Throw / Short Range,Slight Contest,36,21,0.5833
rudy gay,Free Throw / Short Range,Wide Open,13,12,0.9231
rudy gay,Mid-Range,Heavy Contest,118,41,0.3475
rudy gay,Mid-Range,Slight Contest,87,37,0.4253
rudy gay,Mid-Range,Wide Open,13,5,0.3846
rudy gay,Restricted Area (Layup),Heavy Contest,77,44,0.5714
rudy gay,Restricted Area (Layup),Slight Contest,10,7,0.7
rudy gobert,Free Throw / Short Range,Heavy Contest,92,46,0.5
rudy gobert,Free Throw / Short Range,Slight Contest,14,8,0.5714
rudy gobert,Restricted Area (Layup),Heavy Contest,139,95,0.6835
rudy gobert,Restricted Area (Layup),Slight Contest,15,14,0.9333
russell westbrook,Above the Break 3,Heavy Contest,43,10,0.2326
russell westbrook,Above the Break 3,Slight Contest,62,20,0.3226
russell westbrook,Above the Break 3,Wide Open,46,12,0.2609
russell westbrook,Free Throw / Short Range,Heavy Contest,325,149,0.4585
russell westbrook,Free Throw / Short Range,Slight Contest,50,26,0.52
russell westbrook,Mid-Range,Heavy Contest,166,63,0.3795
russell westbrook,Mid-Range,Slight Contest,114,47,0.4123
russell westbrook,Mid-Range,Wide Open,27,14,0.5185
russell westbrook,Restricted Area (Layup),Heavy Contest,92,50,0.5435
russell westbrook,Restricted Area (Layup),Slight Contest,10,5,0.5
russell westbrook,Restricted Area (Layup),Wide Open,14,14,1.0
ryan anderson,Above the Break 3,Heavy Contest,25,9,0.36
ryan anderson,Above the Break 3,Slight Contest,132,40,0.303
ryan anderson,Above the Break 3,Wide Open,154,56,0.3636
ryan anderson,Free Throw / Short Range,Heavy Contest,91,43,0.4725
ryan anderson,Free Throw / Short Range,Slight Contest,20,9,0.45
ryan anderson,Mid-Range,Heavy Contest,29,9,0.3103
ryan anderson,Mid-Range,Slight Contest,71,27,0.3803
ryan anderson,Mid-Range,Wide Open,16,7,0.4375
ryan anderson,Restricted Area (Layup),Heavy Contest,89,51,0.573
serge ibaka,Above the Break 3,Slight Contest,45,16,0.3556
serge ibaka,Above the Break 3,Wide Open,118,45,0.3814
serge ibaka,Corner 3,Slight Contest,10,4,0.4
serge ibaka,Corner 3,Wide Open,10,6,0.6
serge ibaka,Free Throw / Short Range,Heavy Contest,160,80,0.5
serge ibaka,Free Throw / Short Range,Slight Contest,23,17,0.7391
serge ibaka,Mid-Range,Heavy Contest,41,9,0.2195
serge ibaka,Mid-Range,Slight Contest,128,58,0.4531
serge ibaka,Mid-Range,Wide Open,93,46,0.4946
serge ibaka,Restricted Area (Layup),Heavy Contest,75,47,0.6267
shabazz muhammad,Above the Break 3,Slight Contest,18,7,0.3889
shabazz muhammad,Above the Break 3,Wide Open,22,11,0.5
shabazz muhammad,Free Throw / Short Range,Heavy Contest,198,91,0.4596
shabazz muhammad,Mid-Range,Slight Contest,30,10,0.3333
shabazz muhammad,Restricted Area (Layup),Heavy Contest,70,46,0.6571
shabazz napier,Above the Break 3,Heavy Contest,19,7,0.3684
shabazz napier,Above the Break 3,Slight Contest,46,18,0.3913
shabazz napier,Above the Break 3,Wide Open,26,8,0.3077
shabazz napier,Free Throw / Short Range,Heavy Contest,23,4,0.1739
shabazz napier,Mid-Range,Heavy Contest,15,6,0.4
shabazz napier,Mid-Range,Slight Contest,27,11,0.4074
shabazz napier,Restricted Area (Layup),Heavy Contest,14,7,0.5
shane larkin,Above the Break 3,Heavy Contest,11,3,0.2727
shane larkin,Above the Break 3,Slight Contest,36,9,0.25
shane larkin,Above the Break 3,Wide Open,33,14,0.4242
shane larkin,Free Throw / Short Range,Heavy Contest,63,22,0.3492
shane larkin,Free Throw / Short Range,Slight Contest,18,10,0.5556
shane larkin,Mid-Range,Heavy Contest,21,6,0.2857
shane larkin,Mid-Range,Slight Contest,33,12,0.3636
shane larkin,Mid-Range,Wide Open,13,8,0.6154
shane larkin,Restricted Area (Layup),Heavy Contest,26,17,0.6538
shane larkin,Restricted Area (Layup),Slight Contest,10,9,0.9
shaun livingston,Free Throw / Short Range,Heavy Contest,147,69,0.4694
shaun livingston,Free Throw / Short Range,Slight Contest,18,10,0.5556
shaun livingston,Mid-Range,Heavy Contest,25,10,0.4
shaun livingston,Mid-Range,Slight Contest,15,8,0.5333
shaun livingston,Restricted Area (Layup),Heavy Contest,35,24,0.6857
shawn marion,Above the Break 3,Wide Open,10,2,0.2
shawn marion,Corner 3,Slight Contest,10,3,0.3
shawn marion,Corner 3,Wide Open,17,7,0.4118
shawn marion,Free Throw / Short Range,Heavy Contest,93,38,0.4086
shawn marion,Free Throw / Short Range,Slight Contest,20,9,0.45
shawn marion,Restricted Area (Layup),Heavy Contest,47,26,0.5532
shawne williams,Above the Break 3,Heavy Contest,11,4,0.3636
shawne williams,Above the Break 3,Slight Contest,31,14,0.4516
shawne williams,Above the Break 3,Wide Open,55,20,0.3636
shawne williams,Corner 3,Slight Contest,17,7,0.4118
shawne williams,Corner 3,Wide Open,27,10,0.3704
shawne williams,Free Throw / Short Range,Heavy Contest,22,10,0.4545
shawne williams,Mid-Range,Slight Contest,18,6,0.3333
shawne williams,Mid-Range,Wide Open,15,10,0.6667
shawne williams,Restricted Area (Layup),Heavy Contest,20,12,0.6
solomon hill,Above the Break 3,Heavy Contest,10,2,0.2
solomon hill,Above the Break 3,Slight Contest,27,3,0.1111
solomon hill,Above the Break 3,Wide Open,83,30,0.3614
solomon hill,Corner 3,Slight Contest,21,7,0.3333
solomon hill,Corner 3,Wide Open,17,6,0.3529
solomon hill,Free Throw / Short Range,Heavy Contest,134,43,0.3209
solomon hill,Free Throw / Short Range,Slight Contest,23,12,0.5217
solomon hill,Mid-Range,Heavy Contest,25,10,0.4
solomon hill,Mid-Range,Slight Contest,28,12,0.4286
solomon hill,Mid-Range,Wide Open,10,6,0.6
solomon hill,Restricted Area (Layup),Heavy Contest,85,44,0.5176
spencer hawes,Above the Break 3,Slight Contest,31,9,0.2903
spencer hawes,Above the Break 3,Wide Open,102,33,0.3235
spencer hawes,Free Throw / Short Range,Heavy Contest,87,41,0.4713
spencer hawes,Free Throw / Short Range,Slight Contest,14,8,0.5714
spencer hawes,Mid-Range,Heavy Contest,11,5,0.4545
spencer hawes,Mid-Range,Slight Contest,19,6,0.3158
spencer hawes,Mid-Range,Wide Open,19,9,0.4737
spencer hawes,Restricted Area (Layup),Heavy Contest,31,16,0.5161
stephen curry,Above the Break 3,Heavy Contest,123,45,0.3659
stephen curry,Above the Break 3,Slight Contest,158,67,0.4241
stephen curry,Above the Break 3,Wide Open,143,63,0.4406
stephen curry,Corner 3,Slight Contest,11,4,0.3636
stephen curry,Corner 3,Wide Open,13,9,0.6923
stephen curry,Free Throw / Short Range,Heavy Contest,163,90,0.5521
stephen curry,Free Throw / Short Range,Slight Contest,45,27,0.6
stephen curry,Free Throw / Short Range,Wide Open,11,7,0.6364
stephen curry,Mid-Range,Heavy Contest,81,33,0.4074
stephen curry,Mid-Range,Slight Contest,67,26,0.3881
stephen curry,Mid-Range,Wide Open,31,17,0.5484
stephen curry,Restricted Area (Layup),Heavy Contest,90,61,0.6778
stephen curry,Restricted Area (Layup),Slight Contest,18,13,0.7222
steve adams,Free Throw / Short Range,Heavy Contest,139,63,0.4532
steve adams,Free Throw / Short Range,Slight Contest,21,12,0.5714
steve adams,Restricted Area (Layup),Heavy Contest,96,61,0.6354
steve blake,Above the Break 3,Heavy Contest,15,5,0.3333
steve blake,Above the Break 3,Slight Contest,56,13,0.2321
steve blake,Above the Break 3,Wide Open,48,18,0.375
steve blake,Corner 3,Slight Contest,15,7,0.4667
steve blake,Corner 3,Wide Open,17,9,0.5294
steve blake,Free Throw / Short Range,Heavy Contest,17,6,0.3529
steve blake,Mid-Range,Heavy Contest,19,7,0.3684
steve blake,Mid-Range,Slight Contest,18,9,0.5
steve blake,Mid-Range,Wide Open,20,9,0.45
taj gibson,Free Throw / Short Range,Heavy Contest,161,67,0.4161
taj gibson,Free Throw / Short Range,Slight Contest,26,15,0.5769
taj gibson,Mid-Range,Heavy Contest,16,6,0.375
taj gibson,Mid-Range,Slight Contest,38,14,0.3684
taj gibson,Mid-Range,Wide Open,16,6,0.375
taj gibson,Restricted Area (Layup),Heavy Contest,148,89,0.6014
taj gibson,Restricted Area (Layup),Slight Contest,10,8,0.8
terrence ross,Above the Break 3,Heavy Contest,71,33,0.4648
terrence ross,Above the Break 3,Slight Contest,101,38,0.3762
terrence ross,Above the Break 3,Wide Open,56,17,0.3036
terrence ross,Corner 3,Heavy Contest,20,7,0.35
terrence ross,Corner 3,Slight Contest,14,4,0.2857
terrence ross,Corner 3,Wide Open,22,6,0.2727
terrence ross,Free Throw / Short Range,Heavy Contest,102,41,0.402
terrence ross,Free Throw / Short Range,Slight Contest,22,11,0.5
terrence ross,Mid-Range,Heavy Contest,47,16,0.3404
terrence ross,Mid-Range,Slight Contest,55,23,0.4182
terrence ross,Mid-Range,Wide Open,10,6,0.6
terrence ross,Restricted Area (Layup),Heavy Contest,26,15,0.5769
terrence ross,Restricted Area (Layup),Slight Contest,11,7,0.6364
thabo sefolosha,Above the Break 3,Slight Contest,14,6,0.4286
thabo sefolosha,Above the Break 3,Wide Open,19,5,0.2632
thabo sefolosha,Corner 3,Wide Open,19,4,0.2105
thabo sefolosha,Free Throw / Short Range,Heavy Contest,43,15,0.3488
thabo sefolosha,Free Throw / Short Range,Slight Contest,15,10,0.6667
thabo sefolosha,Restricted Area (Layup),Heavy Contest,59,36,0.6102
thaddeus young,Above the Break 3,Slight Contest,15,5,0.3333
thaddeus young,Above the Break 3,Wide Open,47,17,0.3617
thaddeus young,Free Throw / Short Range,Heavy Contest,302,143,0.4735
thaddeus young,Free Throw / Short Range,Slight Contest,27,15,0.5556
thaddeus young,Mid-Range,Heavy Contest,16,7,0.4375
thaddeus young,Mid-Range,Slight Contest,79,24,0.3038
thaddeus young,Mid-Range,Wide Open,45,14,0.3111
thaddeus young,Restricted Area (Layup),Heavy Contest,121,69,0.5702
thaddeus young,Restricted Area (Layup),Slight Contest,17,16,0.9412
tim duncan,Free Throw / Short Range,Heavy Contest,337,155,0.4599
tim duncan,Free Throw / Short Range,Slight Contest,45,24,0.5333
tim duncan,Mid-Range,Heavy Contest,17,5,0.2941
tim duncan,Mid-Range,Slight Contest,33,11,0.3333
tim duncan,Mid-Range,Wide Open,60,25,0.4167
tim duncan,Restricted Area (Layup),Heavy Contest,109,75,0.6881
tim duncan,Restricted Area (Layup),Slight Contest,12,9,0.75
time hardaway jr,Above the Break 3,Heavy Contest,53,18,0.3396
time hardaway jr,Above the Break 3,Slight Contest,146,47,0.3219
time hardaway jr,Above the Break 3,Wide Open,64,25,0.3906
time hardaway jr,Corner 3,Slight Contest,10,3,0.3
time hardaway jr,Free Throw / Short Range,Heavy Contest,133,57,0.4286
time hardaway jr,Mid-Range,Heavy Contest,70,25,0.3571
time hardaway jr,Mid-Range,Slight Contest,45,19,0.4222
time hardaway jr,Mid-Range,Wide Open,14,5,0.3571
time hardaway jr,Restricted Area (Layup),Heavy Contest,25,12,0.48
timofey mozgov,Free Throw / Short Range,Heavy Contest,126,60,0.4762
timofey mozgov,Free Throw / Short Range,Slight Contest,19,9,0.4737
timofey mozgov,Mid-Range,Slight Contest,21,7,0.3333
timofey mozgov,Mid-Range,Wide Open,45,18,0.4
timofey mozgov,Restricted Area (Layup),Heavy Contest,174,104,0.5977
timofey mozgov,Restricted Area (Layup),Slight Contest,23,22,0.9565
tobias harris,Above the Break 3,Heavy Contest,10,2,0.2
tobias harris,Above the Break 3,Slight Contest,45,18,0.4
tobias harris,Above the Break 3,Wide Open,47,16,0.3404
tobias harris,Corner 3,Heavy Contest,11,5,0.4545
tobias harris,Corner 3,Slight Contest,17,8,0.4706
tobias harris,Corner 3,Wide Open,32,11,0.3438
tobias harris,Free Throw / Short Range,Heavy Contest,269,122,0.4535
tobias harris,Free Throw / Short Range,Slight Contest,30,15,0.5
tobias harris,Mid-Range,Heavy Contest,63,22,0.3492
tobias harris,Mid-Range,Slight Contest,61,27,0.4426
tobias harris,Mid-Range,Wide Open,21,8,0.381
tobias harris,Restricted Area (Layup),Heavy Contest,85,55,0.6471
tony allen,Above the Break 3,Wide Open,10,2,0.2
tony allen,Free Throw / Short Range,Heavy Contest,117,48,0.4103
tony allen,Free Throw / Short Range,Slight Contest,19,13,0.6842
tony allen,Mid-Range,Wide Open,13,4,0.3077
tony allen,Restricted Area (Layup),Heavy Contest,130,68,0.5231
tony allen,Restricted Area (Layup),Slight Contest,25,17,0.68
tony allen,Restricted Area (Layup),Wide Open,13,9,0.6923
tony parker,Above the Break 3,Slight Contest,14,6,0.4286
tony parker,Above the Break 3,Wide Open,10,5,0.5
tony parker,Corner 3,Slight Contest,15,5,0.3333
tony parker,Corner 3,Wide Open,17,11,0.6471
tony parker,Free Throw / Short Range,Heavy Contest,171,75,0.4386
tony parker,Free Throw / Short Range,Slight Contest,31,16,0.5161
tony parker,Mid-Range,Heavy Contest,69,27,0.3913
tony parker,Mid-Range,Slight Contest,102,38,0.3725
tony parker,Mid-Range,Wide Open,33,13,0.3939
tony parker,Restricted Area (Layup),Heavy Contest,68,41,0.6029
tony parker,Restricted Area (Layup),Slight Contest,10,7,0.7
tony snell,Above the Break 3,Slight Contest,43,15,0.3488
tony snell,Above the Break 3,Wide Open,43,17,0.3953
tony snell,Corner 3,Slight Contest,15,8,0.5333
tony snell,Corner 3,Wide Open,11,6,0.5455
tony snell,Free Throw / Short Range,Heavy Contest,63,36,0.5714
tony snell,Mid-Range,Heavy Contest,11,5,0.4545
tony snell,Restricted Area (Layup),Heavy Contest,11,5,0.4545
travis wear,Above the Break 3,Wide Open,10,4,0.4
travis wear,Free Throw / Short Range,Heavy Contest,24,10,0.4167
travis wear,Mid-Range,Heavy Contest,28,14,0.5
travis wear,Mid-Range,Slight Contest,38,14,0.3684
travis wear,Mid-Range,Wide Open,28,9,0.3214
travis wear,Restricted Area (Layup),Heavy Contest,11,8,0.7273
trevor ariza,Above the Break 3,Heavy Contest,49,10,0.2041
trevor ariza,Above the Break 3,Slight Contest,123,34,0.2764
trevor ariza,Above the Break 3,Wide Open,127,46,0.3622
trevor ariza,Corner 3,Heavy Contest,27,8,0.2963
trevor ariza,Corner 3,Slight Contest,50,21,0.42
trevor ariza,Corner 3,Wide Open,42,18,0.4286
trevor ariza,Free Throw / Short Range,Heavy Contest,83,31,0.3735
trevor ariza,Free Throw / Short Range,Slight Contest,10,6,0.6
trevor ariza,Mid-Range,Heavy Contest,29,5,0.1724
trevor ariza,Mid-Range,Slight Contest,24,10,0.4167
trevor ariza,Mid-Range,Wide Open,16,6,0.375
trevor ariza,Restricted Area (Layup),Heavy Contest,74,36,0.4865
trevor ariza,Restricted Area (Layup),Slight Contest,13,12,0.9231
trevor ariza,Restricted Area (Layup),Wide Open,10,10,1.0
trevor booker,Above the Break 3,Wide Open,28,15,0.5357
trevor booker,Free Throw / Short Range,Heavy Contest,109,55,0.5046
trevor booker,Free Throw / Short Range,Slight Contest,14,7,0.5
trevor booker,Mid-Range,Slight Contest,31,12,0.3871
trevor booker,Mid-Range,Wide Open,20,6,0.3
trevor booker,Restricted Area (Layup),Heavy Contest,67,46,0.6866
trey burke,Above the Break 3,Heavy Contest,64,21,0.3281
trey burke,Above the Break 3,Slight Contest,129,34,0.2636
trey burke,Above the Break 3,Wide Open,72,28,0.3889
trey burke,Corner 3,Heavy Contest,15,6,0.4
trey burke,Corner 3,Slight Contest,10,5,0.5
trey burke,Corner 3,Wide Open,11,2,0.1818
trey burke,Free Throw / Short Range,Heavy Contest,171,55,0.3216
trey burke,Free Throw / Short Range,Slight Contest,38,22,0.5789
trey burke,Mid-Range,Heavy Contest,113,51,0.4513
trey burke,Mid-Range,Slight Contest,70,27,0.3857
trey burke,Mid-Range,Wide Open,24,11,0.4583
trey burke,Restricted Area (Layup),Heavy Contest,57,24,0.4211
tristan thompson,Free Throw / Short Range,Heavy Contest,122,58,0.4754
tristan thompson,Free Throw / Short Range,Slight Contest,27,14,0.5185
tristan thompson,Free Throw / Short Range,Wide Open,11,7,0.6364
tristan thompson,Restricted Area (Layup),Heavy Contest,196,113,0.5765
tristan thompson,Restricted Area (Layup),Slight Contest,17,16,0.9412
ty lawson,Above the Break 3,Heavy Contest,21,7,0.3333
ty lawson,Above the Break 3,Slight Contest,70,22,0.3143
ty lawson,Above the Break 3,Wide Open,64,27,0.4219
ty lawson,Free Throw / Short Range,Heavy Contest,119,45,0.3782
ty lawson,Free Throw / Short Range,Slight Contest,36,17,0.4722
ty lawson,Free Throw / Short Range,Wide Open,10,6,0.6
ty lawson,Mid-Range,Heavy Contest,105,39,0.3714
ty lawson,Mid-Range,Slight Contest,101,40,0.396
ty lawson,Mid-Range,Wide Open,50,17,0.34
ty lawson,Restricted Area (Layup),Heavy Contest,111,72,0.6486
ty lawson,Restricted Area (Layup),Slight Contest,19,14,0.7368
ty lawson,Restricted Area (Layup),Wide Open,14,14,1.0
tyler hansbrough,Free Throw / Short Range,Heavy Contest,28,11,0.3929
tyler hansbrough,Restricted Area (Layup),Heavy Contest,55,30,0.5455
tyler zeller,Free Throw / Short Range,Heavy Contest,205,97,0.4732
tyler zeller,Free Throw / Short Range,Slight Contest,23,17,0.7391
tyler zeller,Mid-Range,Slight Contest,23,10,0.4348
tyler zeller,Mid-Range,Wide Open,23,15,0.6522
tyler zeller,Restricted Area (Layup),Heavy Contest,122,73,0.5984
tyler zeller,Restricted Area (Layup),Slight Contest,14,10,0.7143
tyreke evans,Above the Break 3,Heavy Contest,27,3,0.1111
tyreke evans,Above the Break 3,Slight Contest,55,19,0.3455
tyreke evans,Above the Break 3,Wide Open,73,20,0.274
tyreke evans,Corner 3,Slight Contest,10,4,0.4
tyreke evans,Free Throw / Short Range,Heavy Contest,324,135,0.4167
tyreke evans,Free Throw / Short Range,Slight Contest,27,16,0.5926
tyreke evans,Mid-Range,Heavy Contest,21,6,0.2857
tyreke evans,Mid-Range,Slight Contest,65,29,0.4462
tyreke evans,Mid-Range,Wide Open,25,10,0.4
tyreke evans,Restricted Area (Layup),Heavy Contest,239,119,0.4979
tyreke evans,Restricted Area (Layup),Slight Contest,21,15,0.7143
tyreke evans,Restricted Area (Layup),Wide Open,11,9,0.8182
tyson chandler,Free Throw / Short Range,Heavy Contest,57,27,0.4737
tyson chandler,Free Throw / Short Range,Slight Contest,12,10,0.8333
tyson chandler,Mid-Range,Slight Contest,12,5,0.4167
tyson chandler,Mid-Range,Wide Open,18,8,0.4444
tyson chandler,Restricted Area (Layup),Heavy Contest,183,133,0.7268
tyson chandler,Restricted Area (Layup),Slight Contest,39,33,0.8462
tyson chandler,Restricted Area (Layup),Wide Open,12,10,0.8333
udonis haslem,Free Throw / Short Range,Heavy Contest,17,9,0.5294
udonis haslem,Mid-Range,Slight Contest,28,8,0.2857
udonis haslem,Mid-Range,Wide Open,19,7,0.3684
udonis haslem,Restricted Area (Layup),Heavy Contest,50,24,0.48
victor oladipo,Above the Break 3,Heavy Contest,16,3,0.1875
victor oladipo,Above the Break 3,Slight Contest,67,26,0.3881
victor oladipo,Above the Break 3,Wide Open,57,17,0.2982
victor oladipo,Free Throw / Short Range,Heavy Contest,182,80,0.4396
victor oladipo,Free Throw / Short Range,Slight Contest,28,13,0.4643
victor oladipo,Mid-Range,Heavy Contest,58,16,0.2759
victor oladipo,Mid-Range,Slight Contest,68,24,0.3529
victor oladipo,Mid-Range,Wide Open,20,11,0.55
victor oladipo,Restricted Area (Layup),Heavy Contest,173,95,0.5491
victor oladipo,Restricted Area (Layup),Slight Contest,20,18,0.9
victor oladipo,Restricted Area (Layup),Wide Open,11,11,1.0
vince carter,Above the Break 3,Heavy Contest,22,3,0.1364
vince carter,Above the Break 3,Slight Contest,89,26,0.2921
vince carter,Above the Break 3,Wide Open,38,9,0.2368
vince carter,Free Throw / Short Range,Heavy Contest,36,13,0.3611
vince carter,Mid-Range,Heavy Contest,22,8,0.3636
vince carter,Mid-Range,Slight Contest,28,8,0.2857
vince carter,Restricted Area (Layup),Heavy Contest,19,8,0.4211
wayne ellington,Above the Break 3,Heavy Contest,35,9,0.2571
wayne ellington,Above the Break 3,Slight Contest,82,36,0.439
wayne ellington,Above the Break 3,Wide Open,43,12,0.2791
wayne ellington,Free Throw / Short Range,Heavy Contest,56,26,0.4643
wayne ellington,Free Throw / Short Range,Slight Contest,13,5,0.3846
wayne ellington,Mid-Range,Heavy Contest,69,28,0.4058
wayne ellington,Mid-Range,Slight Contest,80,35,0.4375
wayne ellington,Mid-Range,Wide Open,17,6,0.3529
wayne ellington,Restricted Area (Layup),Heavy Contest,21,17,0.8095
wesley johnson,Above the Break 3,Heavy Contest,37,8,0.2162
wesley johnson,Above the Break 3,Slight Contest,58,21,0.3621
wesley johnson,Above the Break 3,Wide Open,40,21,0.525
wesley johnson,Corner 3,Slight Contest,19,9,0.4737
wesley johnson,Corner 3,Wide Open,25,8,0.32
wesley johnson,Free Throw / Short Range,Heavy Contest,57,26,0.4561
wesley johnson,Free Throw / Short Range,Slight Contest,14,9,0.6429
wesley johnson,Mid-Range,Heavy Contest,88,28,0.3182
wesley johnson,Mid-Range,Slight Contest,55,24,0.4364
wesley johnson,Mid-Range,Wide Open,34,14,0.4118
wesley johnson,Restricted Area (Layup),Heavy Contest,22,16,0.7273
wesley matthews,Above the Break 3,Heavy Contest,46,14,0.3043
wesley matthews,Above the Break 3,Slight Contest,188,69,0.367
wesley matthews,Above the Break 3,Wide Open,158,71,0.4494
wesley matthews,Corner 3,Slight Contest,21,5,0.2381
wesley matthews,Corner 3,Wide Open,21,10,0.4762
wesley matthews,Free Throw / Short Range,Heavy Contest,114,61,0.5351
wesley matthews,Free Throw / Short Range,Slight Contest,28,16,0.5714
wesley matthews,Mid-Range,Heavy Contest,36,16,0.4444
wesley matthews,Mid-Range,Slight Contest,37,19,0.5135
wesley matthews,Mid-Range,Wide Open,11,2,0.1818
wesley matthews,Restricted Area (Layup),Heavy Contest,63,34,0.5397
wesley matthews,Restricted Area (Layup),Slight Contest,10,9,0.9
wilson chandler,Above the Break 3,Heavy Contest,68,16,0.2353
wilson chandler,Above the Break 3,Slight Contest,150,53,0.3533
wilson chandler,Above the Break 3,Wide Open,58,20,0.3448
wilson chandler,Corner 3,Heavy Contest,12,3,0.25
wilson chandler,Corner 3,Slight Contest,13,6,0.4615
wilson chandler,Corner 3,Wide Open,20,8,0.4
wilson chandler,Free Throw / Short Range,Heavy Contest,204,87,0.4265
wilson chandler,Free Throw / Short Range,Slight Contest,26,14,0.5385
wilson chandler,Mid-Range,Heavy Contest,32,10,0.3125
wilson chandler,Mid-Range,Slight Contest,32,9,0.2812
wilson chandler,Mid-Range,Wide Open,12,6,0.5
wilson chandler,Restricted Area (Layup),Heavy Contest,89,55,0.618
zach lavine,Above the Break 3,Heavy Contest,10,2,0.2
zach lavine,Above the Break 3,Slight Contest,27,11,0.4074
zach lavine,Above the Break 3,Wide Open,33,9,0.2727
zach lavine,Free Throw / Short Range,Heavy Contest,87,38,0.4368
zach lavine,Mid-Range,Heavy Contest,54,22,0.4074
zach lavine,Mid-Range,Slight Contest,66,22,0.3333
zach lavine,Mid-Range,Wide Open,18,5,0.2778
zach lavine,Restricted Area (Layup),Heavy Contest,42,24,0.5714
zach lavine,Restricted Area (Layup),Slight Contest,10,9,0.9
zach randolph,Free Throw / Short Range,Heavy Contest,266,120,0.4511
zach randolph,Free Throw / Short Range,Slight Contest,17,9,0.5294
zach randolph,Mid-Range,Heavy Contest,24,8,0.3333
zach randolph,Mid-Range,Slight Contest,115,43,0.3739
zach randolph,Mid-Range,Wide Open,32,12,0.375
zach randolph,Restricted Area (Layup),Heavy Contest,185,113,0.6108
zach randolph,Restricted Area (Layup),Slight Contest,16,15,0.9375
zaza pachulia,Free Throw / Short Range,Heavy Contest,81,29,0.358
zaza pachulia,Free Throw / Short Range,Slight Contest,26,10,0.3846
zaza pachulia,Free Throw / Short Range,Wide Open,12,6,0.5
zaza pachulia,Mid-Range,Slight Contest,44,18,0.4091
zaza pachulia,Mid-Range,Wide Open,85,36,0.4235
zaza pachulia,Restricted Area (Layup),Heavy Contest,80,40,0.5
