Player,Pos,Age,Tm,Season,G,MP,PER,TS%,3PAr,FTr,ORB%,DRB%,TRB%,AST%,STL%,BLK%,TOV%,USG%,OWS,DWS,WS,WS/48,OBPM,DBPM,BPM,VORP
A.J. Hammons,C,24,DAL,2016-17,22,163,8.4,0.472,0.238,0.476,5.4,21.0,12.8,3.8,0.3,7.2,16.4,17.6,-0.2,0.2,0.0,-0.001,-7.5,2.0,-5.6,-0.1
A.J. Price,PG,23,IND,2009-10,56,865,14.0,0.53,0.492,0.212,1.5,9.7,5.6,20.5,2.0,0.2,13.2,22.7,0.4,0.8,1.2,0.065,0.2,-2.0,-1.8,0.0
A.J. Price,PG,24,IND,2010-11,50,795,10.7,0.454,0.466,0.253,2.3,7.8,5.0,22.7,1.8,0.1,13.0,22.7,-0.4,0.7,0.3,0.02,-1.1,-2.3,-3.4,-0.3
A.J. Price,PG,25,IND,2011-12,44,568,11.5,0.454,0.506,0.201,2.6,9.4,6.0,23.9,1.9,0.3,14.5,17.7,0.2,0.5,0.7,0.063,-0.2,-1.7,-1.9,0.0
A.J. Price,PG,26,WAS,2012-13,57,1278,12.4,0.501,0.484,0.15,1.7,8.2,4.9,26.4,1.3,0.2,12.7,18.0,1.0,1.2,2.2,0.084,-0.1,-1.7,-1.8,0.1
A.J. Price,SG,27,MIN,2013-14,28,99,9.7,0.469,0.478,0.043,1.1,10.2,5.5,21.5,0.5,0.0,13.0,23.2,-0.1,0.0,0.0,-0.012,-2.1,-3.9,-6.0,-0.1
A.J. Price,PG,28,TOT,2014-15,26,324,12.0,0.451,0.416,0.175,2.1,8.9,5.6,23.5,1.1,0.0,8.7,22.5,0.0,0.2,0.3,0.041,-0.7,-3.1,-3.7,-0.1
Aaron Brooks,PG,23,HOU,2007-08,51,608,13.1,0.535,0.484,0.218,2.5,7.9,5.2,23.5,1.1,0.6,15.1,21.8,0.6,0.8,1.4,0.112,0.0,-1.8,-1.8,0.0
Aaron Brooks,PG,24,HOU,2008-09,80,1998,12.9,0.521,0.395,0.22,2.0,7.0,4.6,20.2,1.2,0.3,12.7,22.9,1.4,2.2,3.6,0.086,0.2,-1.5,-1.3,0.4
Aaron Brooks,PG,25,HOU,2009-10,82,2919,16.0,0.549,0.394,0.224,2.0,6.6,4.2,25.6,1.2,0.3,13.7,25.7,3.9,1.6,5.5,0.091,2.7,-2.5,0.2,1.6
Aaron Brooks,PG,26,TOT,2010-11,59,1284,13.1,0.489,0.402,0.239,1.8,5.2,3.5,28.9,1.3,0.2,13.2,25.9,0.7,0.4,1.1,0.04,0.4,-4.0,-3.5,-0.5
Aaron Brooks,PG,28,TOT,2012-13,53,997,11.8,0.555,0.424,0.165,1.5,7.9,4.6,18.0,1.5,0.8,16.5,18.1,0.8,0.0,0.8,0.041,0.0,-2.7,-2.7,-0.2
Aaron Brooks,PG,29,TOT,2013-14,72,1557,12.5,0.518,0.427,0.164,3.1,6.7,4.9,23.3,1.6,0.6,15.8,20.5,1.3,0.9,2.2,0.067,0.4,-1.9,-1.5,0.2
Aaron Brooks,PG,30,CHI,2014-15,82,1885,14.4,0.534,0.383,0.213,1.9,7.5,4.8,24.2,1.5,0.6,14.9,25.0,1.7,1.5,3.3,0.083,1.0,-2.4,-1.4,0.3
Aaron Brooks,PG,31,CHI,2015-16,69,1108,11.8,0.494,0.394,0.136,2.0,7.5,4.8,26.0,1.4,0.7,14.2,22.9,0.2,0.7,0.9,0.04,-0.5,-2.8,-3.3,-0.4
Aaron Brooks,PG,32,IND,2016-17,65,894,9.5,0.507,0.427,0.133,2.3,6.3,4.3,20.7,1.4,0.9,17.2,19.2,-0.2,0.5,0.3,0.016,-2.1,-2.5,-4.6,-0.6
Aaron Brooks,PG,33,MIN,2017-18,32,189,9.8,0.508,0.449,0.159,4.2,6.2,5.2,15.1,1.6,0.0,13.0,19.9,0.1,0.1,0.1,0.033,-0.8,-3.6,-4.3,-0.1
Aaron Gordon,PF,19,ORL,2014-15,47,797,11.4,0.517,0.231,0.293,6.4,17.8,12.0,6.3,1.3,2.2,13.9,15.5,0.3,0.7,1.0,0.06,-2.8,0.0,-2.8,-0.2
Aaron Gordon,PF,20,ORL,2015-16,78,1863,17.0,0.541,0.245,0.333,9.0,21.3,15.1,10.3,1.6,2.4,9.0,17.3,3.2,2.2,5.4,0.139,0.6,1.2,1.8,1.8
Aaron Gordon,SF,21,ORL,2016-17,80,2298,14.5,0.53,0.309,0.251,5.3,14.1,9.6,10.5,1.4,1.4,8.5,20.1,2.0,1.7,3.7,0.077,-0.2,-0.4,-0.7,0.8
Aaron Gordon,PF,22,ORL,2017-18,58,1909,16.5,0.53,0.395,0.26,5.0,21.5,13.2,11.7,1.5,1.9,10.0,24.7,0.9,2.0,2.9,0.072,0.0,0.0,0.0,1.0
Aaron Gordon,PF,23,ORL,2018-19,78,2633,15.1,0.538,0.332,0.242,5.2,18.4,11.7,16.6,1.1,1.8,12.3,21.8,1.8,3.3,5.1,0.093,-0.2,1.2,1.0,2.0
Aaron Gray,C,23,CHI,2007-08,61,613,13.9,0.529,0.005,0.485,12.5,18.7,15.5,11.4,1.8,2.0,18.7,22.0,0.1,0.8,0.8,0.066,-2.4,0.4,-2.0,0.0
Aaron Gray,C,24,CHI,2008-09,56,715,11.5,0.508,0.006,0.353,13.5,21.7,17.6,9.6,1.0,1.8,17.2,14.5,0.5,0.8,1.3,0.086,-2.1,0.6,-1.5,0.1
Aaron Gray,C,25,TOT,2009-10,32,311,16.6,0.551,0.0,0.341,16.7,23.1,19.8,10.6,1.5,2.7,16.0,16.4,0.5,0.4,0.9,0.142,-0.6,1.3,0.7,0.2
Aaron Gray,C,26,NOH,2010-11,41,531,11.0,0.566,0.0,0.343,13.4,25.8,19.6,4.7,1.1,1.9,21.9,13.1,0.3,0.8,1.1,0.1,-3.1,1.2,-1.8,0.0
Aaron Gray,C,27,TOR,2011-12,49,813,11.1,0.526,0.0,0.292,12.1,28.3,20.3,5.5,1.5,1.7,21.9,13.5,0.1,1.3,1.4,0.082,-3.5,1.5,-2.0,0.0
Aaron Gray,C,28,TOR,2012-13,42,513,9.0,0.544,0.0,0.489,10.9,20.0,15.4,9.9,0.7,0.8,24.8,13.1,0.2,0.4,0.5,0.05,-3.0,0.1,-2.9,-0.1
Aaron Gray,C,29,TOT,2013-14,37,355,7.8,0.466,0.016,0.328,13.2,22.3,17.7,9.1,1.4,1.8,30.8,12.5,-0.3,0.4,0.1,0.016,-4.3,1.7,-2.6,-0.1
Aaron Harrison,SG,21,CHO,2015-16,21,93,4.3,0.371,0.526,0.632,4.7,13.1,8.8,3.0,3.2,0.0,14.1,13.7,-0.2,0.1,0.0,-0.014,-5.6,0.1,-5.5,-0.1
Aaron Harrison,SG,22,CHO,2016-17,5,17,-2.2,0.102,0.5,0.5,0.0,19.5,9.7,22.6,0.0,0.0,0.0,12.9,-0.1,0.0,-0.1,-0.146,-9.6,-2.1,-11.6,0.0
Aaron Harrison,SG,23,DAL,2017-18,9,233,5.1,0.392,0.623,0.246,1.8,9.9,5.7,6.7,1.9,0.8,3.8,15.5,-0.3,0.2,-0.1,-0.014,-3.6,-0.5,-4.1,-0.1
Aaron Holiday,PG,22,IND,2018-19,50,646,11.9,0.518,0.485,0.191,0.9,10.4,5.8,19.3,1.6,1.8,12.3,21.9,0.1,0.8,0.9,0.065,-1.5,-1.1,-2.6,-0.1
Aaron Jackson,PG,31,HOU,2017-18,1,35,2.4,0.405,0.444,0.222,6.5,3.2,4.8,4.0,0.0,0.0,9.2,13.7,0.0,0.0,0.0,-0.017,-4.6,-3.0,-7.7,-0.1
Aaron McKie,PG,33,LAL,2005-06,14,121,6.1,0.272,0.167,0.167,2.9,16.5,9.7,12.5,2.2,0.0,13.4,5.6,0.0,0.1,0.1,0.041,-5.2,1.5,-3.7,-0.1
Aaron McKie,SF,34,LAL,2006-07,10,131,7.5,0.647,0.0,0.0,0.9,15.1,8.0,14.4,1.6,0.0,32.0,8.6,0.0,0.1,0.1,0.039,-3.9,-0.4,-4.2,-0.1
Aaron Miles,PG,22,GSW,2005-06,19,118,6.0,0.405,0.0,0.222,0.0,13.6,6.6,29.5,1.7,0.6,35.8,11.6,-0.2,0.1,0.0,-0.015,-7.7,-0.5,-8.2,-0.2
Aaron Williams,C,34,TOT,2005-06,48,791,11.6,0.551,0.0,0.33,9.4,18.2,13.6,3.6,1.2,2.2,13.0,13.7,0.8,0.8,1.6,0.096,-2.2,0.2,-2.0,0.0
Aaron Williams,C,34,TOR,2005-06,14,99,7.2,0.578,0.0,0.316,5.9,12.9,9.3,1.5,2.1,2.4,18.8,12.4,0.0,0.1,0.1,0.048,-3.6,-0.5,-4.2,-0.1
Aaron Williams,C,34,NOK,2005-06,34,692,12.2,0.548,0.0,0.331,9.9,18.9,14.3,3.9,1.0,2.1,12.2,13.8,0.8,0.7,1.5,0.103,-2.0,0.3,-1.7,0.1
Aaron Williams,PF,35,LAC,2006-07,38,374,9.4,0.606,0.019,0.415,8.7,18.4,13.6,2.9,1.0,2.9,22.3,10.0,0.2,0.4,0.7,0.089,-3.6,0.4,-3.2,-0.1
Aaron Williams,C,36,LAC,2007-08,30,297,10.3,0.54,0.0,0.327,5.8,18.0,11.9,4.9,2.1,3.8,17.1,11.8,0.0,0.4,0.4,0.072,-4.7,2.4,-2.3,0.0
Abdel Nader,SF,24,BOS,2017-18,48,522,5.1,0.439,0.436,0.262,2.8,12.0,7.4,7.1,1.4,1.6,17.0,17.1,-0.9,0.8,-0.1,-0.014,-5.9,0.3,-5.6,-0.5
Abdel Nader,SF,25,OKC,2018-19,61,694,8.8,0.522,0.465,0.167,2.0,15.7,8.6,3.8,1.3,1.5,10.1,15.1,0.0,0.9,0.9,0.062,-4.2,-0.9,-5.1,-0.5
Acie Law,PG,23,ATL,2007-08,56,865,7.7,0.455,0.143,0.203,1.6,6.0,3.8,20.4,1.8,0.0,17.8,16.5,-0.5,0.4,-0.1,-0.007,-4.1,-2.6,-6.7,-1.0
Acie Law,PG,24,ATL,2008-09,55,560,10.6,0.49,0.209,0.432,1.3,10.9,6.1,23.4,1.1,0.4,14.9,16.3,0.3,0.4,0.7,0.062,-3.0,-2.0,-5.0,-0.4
Acie Law,PG,25,TOT,2009-10,26,234,16.0,0.585,0.213,0.653,1.4,6.6,4.1,17.5,2.3,0.4,15.0,21.7,0.3,0.2,0.6,0.115,-0.7,-2.5,-3.2,-0.1
Acie Law,PG,26,TOT,2010-11,51,726,9.9,0.502,0.194,0.344,1.9,8.2,5.0,16.3,2.2,0.0,16.7,15.7,0.1,0.3,0.4,0.027,-3.0,-1.9,-4.8,-0.5
Adam Morrison,PF,22,CHA,2006-07,78,2326,7.9,0.45,0.273,0.179,2.7,9.2,5.9,11.9,0.6,0.2,11.3,22.4,-2.2,0.8,-1.5,-0.03,-3.0,-2.5,-5.5,-2.0
Adam Morrison,SF,24,TOT,2008-09,52,711,5.7,0.448,0.43,0.103,3.1,10.6,6.9,9.4,0.7,0.5,12.1,17.5,-0.6,0.6,0.0,0.001,-3.8,-1.7,-5.5,-0.6
Adam Morrison,SF,24,CHA,2008-09,44,667,5.8,0.452,0.436,0.1,3.0,10.3,6.7,9.4,0.7,0.5,11.6,17.6,-0.5,0.5,0.1,0.004,-3.6,-1.7,-5.3,-0.6
Adam Morrison,SF,24,LAL,2008-09,8,44,2.9,0.388,0.333,0.167,5.2,15.2,10.3,9.2,0.0,0.0,18.9,15.9,-0.1,0.0,0.0,-0.045,-6.4,-2.1,-8.5,-0.1
Adam Morrison,SF,25,LAL,2009-10,31,241,7.4,0.418,0.247,0.094,4.7,10.1,7.4,11.3,0.6,0.6,10.2,18.3,-0.2,0.2,0.0,0.009,-4.4,-1.8,-6.2,-0.3
Adonal Foyle,C,30,GSW,2005-06,77,1824,10.3,0.524,0.0,0.223,8.5,17.6,13.0,2.8,1.2,5.1,19.5,10.0,0.3,2.5,2.8,0.075,-4.1,3.5,-0.6,0.6
Adonal Foyle,C,31,GSW,2006-07,48,475,13.7,0.557,0.0,0.294,11.5,17.7,14.6,5.5,1.1,8.0,19.3,10.7,0.4,0.6,1.0,0.104,-3.2,4.0,0.8,0.3
Adonal Foyle,C,32,ORL,2007-08,82,774,9.9,0.464,0.0,0.222,11.0,19.6,15.5,3.4,1.1,4.2,16.0,11.8,0.0,1.3,1.3,0.08,-4.4,2.4,-2.0,0.0
Adonal Foyle,C,33,TOT,2008-09,10,62,19.7,0.623,0.0,0.545,16.8,30.1,23.6,2.6,0.0,9.3,18.0,12.4,0.1,0.2,0.3,0.212,-3.5,4.0,0.5,0.0
Adonal Foyle,C,33,ORL,2008-09,9,59,21.0,0.623,0.0,0.545,17.7,31.7,24.8,2.7,0.0,9.7,18.0,13.0,0.1,0.2,0.3,0.223,-3.3,4.3,0.9,0.0
Adonal Foyle,C,33,MEM,2008-09,1,3,-6.3,,,,0.0,0.0,0.0,0.0,0.0,0.0,,0.0,0.0,0.0,0.0,-0.003,-6.4,-0.3,-6.7,0.0
Adonis Thomas,SF,20,TOT,2013-14,6,37,7.3,0.485,0.357,0.071,0.0,9.2,4.6,13.4,0.0,0.0,6.5,18.5,0.0,0.0,0.0,0.001,-4.0,-5.7,-9.7,-0.1
Adreian Payne,PF,23,TOT,2014-15,32,739,7.7,0.443,0.041,0.209,7.2,18.2,12.5,6.4,1.3,1.0,15.5,17.0,-0.7,0.2,-0.5,-0.033,-4.6,-1.3,-5.9,-0.7
Adreian Payne,PF,24,MIN,2015-16,52,486,5.6,0.422,0.221,0.179,4.8,21.5,13.3,8.9,1.7,1.8,18.7,17.7,-0.9,0.4,-0.5,-0.047,-5.9,-0.2,-6.1,-0.5
Adreian Payne,PF,25,MIN,2016-17,18,135,14.4,0.505,0.278,0.352,7.7,21.0,14.3,8.0,3.0,4.4,11.4,23.1,0.0,0.2,0.2,0.086,-2.2,0.7,-1.5,0.0
Adreian Payne,PF,26,ORL,2017-18,5,43,18.8,0.831,0.3,0.6,5.1,18.0,11.5,0.0,2.3,0.0,13.7,15.0,0.1,0.0,0.2,0.203,0.1,-4.1,-4.1,0.0
Adrian Griffin,SG,31,DAL,2005-06,52,1245,11.6,0.521,0.01,0.26,7.4,14.4,11.0,10.8,2.2,0.6,14.6,10.0,1.4,1.5,2.9,0.113,0.2,2.2,2.3,1.4
Adrian Griffin,SF,32,CHI,2006-07,54,585,10.7,0.499,0.047,0.147,7.9,13.4,10.6,15.2,2.8,0.5,21.7,13.3,0.1,1.2,1.3,0.103,-2.5,2.8,0.3,0.3
Adrian Griffin,SG,33,TOT,2007-08,35,307,8.7,0.406,0.0,0.118,10.0,11.4,10.7,13.4,2.8,0.5,20.8,14.5,-0.3,0.3,0.0,0.001,-4.2,1.2,-3.0,-0.1
Adrian Griffin,SG,33,CHI,2007-08,22,222,8.5,0.404,0.0,0.117,9.3,9.5,9.4,15.3,2.8,0.4,20.2,15.8,-0.3,0.2,0.0,-0.009,-4.3,0.8,-3.4,-0.1
Adrian Griffin,SF,33,SEA,2007-08,13,85,9.3,0.415,0.0,0.125,11.6,16.6,14.1,8.2,2.9,0.8,22.9,11.1,-0.1,0.1,0.0,0.027,-4.1,2.2,-1.9,0.0
Al Harrington,PF,25,ATL,2005-06,76,2782,16.0,0.513,0.157,0.287,5.5,17.4,11.3,15.8,1.6,0.4,12.4,25.6,2.6,1.2,3.8,0.065,0.5,-1.6,-1.1,0.6
Al Harrington,PF,26,TOT,2006-07,78,2563,14.8,0.54,0.271,0.223,6.5,15.4,10.9,9.8,1.3,0.7,12.4,23.1,2.0,2.2,4.3,0.08,0.3,-1.1,-0.8,0.7
Al Harrington,PF,26,IND,2006-07,36,1208,13.4,0.538,0.242,0.207,6.7,15.1,10.8,7.8,1.1,0.6,14.6,23.1,0.3,1.1,1.5,0.059,-0.6,-1.1,-1.7,0.1
Al Harrington,PF,26,GSW,2006-07,42,1355,16.1,0.542,0.294,0.237,6.4,15.7,10.9,11.6,1.4,0.8,10.6,23.1,1.7,1.1,2.8,0.099,1.0,-1.1,-0.1,0.7
Al Harrington,C,27,GSW,2007-08,81,2190,15.6,0.547,0.442,0.206,5.0,16.9,10.7,8.9,1.6,0.5,8.2,21.1,3.7,1.7,5.4,0.118,1.6,-1.6,-0.1,1.1
Al Harrington,PF,28,TOT,2008-09,73,2546,15.9,0.547,0.388,0.243,4.1,15.8,9.8,6.8,1.7,0.6,10.7,25.7,1.9,2.0,3.9,0.073,0.6,-1.7,-1.1,0.6
Al Harrington,PF,28,GSW,2008-09,5,166,8.8,0.417,0.4,0.143,6.6,11.8,9.2,8.9,2.1,0.0,8.6,20.9,-0.2,0.1,-0.1,-0.03,-1.9,-2.7,-4.6,-0.1
Al Harrington,PF,28,NYK,2008-09,68,2380,16.4,0.555,0.387,0.25,4.0,16.1,9.8,6.6,1.7,0.7,10.8,26.0,2.1,1.9,4.0,0.08,0.7,-1.6,-0.8,0.7
Al Harrington,PF,29,NYK,2009-10,72,2195,16.8,0.546,0.397,0.308,4.5,16.7,10.5,8.6,1.4,0.9,10.1,26.8,2.2,1.3,3.5,0.077,0.7,-2.6,-1.9,0.1
Al Harrington,PF,30,DEN,2010-11,73,1665,12.3,0.527,0.486,0.173,5.4,17.2,11.5,9.6,1.2,0.5,12.7,22.3,0.6,1.5,2.1,0.06,0.2,-1.2,-1.1,0.4
Al Harrington,PF,31,DEN,2011-12,64,1761,15.3,0.535,0.392,0.228,4.9,20.4,12.9,8.2,1.7,0.5,11.6,24.4,1.6,1.6,3.2,0.088,0.8,-1.3,-0.5,0.6
Al Harrington,C,32,ORL,2012-13,10,119,10.3,0.434,0.526,0.07,5.7,19.9,12.8,13.7,1.8,0.6,10.6,25.1,-0.1,0.1,0.0,-0.012,-1.7,-2.1,-3.8,-0.1
Al Harrington,PF,33,WAS,2013-14,34,511,9.7,0.506,0.483,0.169,3.3,15.0,9.1,8.7,1.4,0.0,13.3,22.7,-0.2,0.5,0.4,0.035,-2.2,-2.4,-4.6,-0.3
Al Horford,C,21,ATL,2007-08,81,2540,14.7,0.539,0.007,0.317,11.4,24.5,18.0,7.9,1.2,2.2,15.3,16.0,2.4,3.0,5.5,0.103,-1.3,1.1,-0.2,1.2
Al Horford,C,22,ATL,2008-09,67,2242,17.0,0.565,0.002,0.345,7.6,25.0,16.3,11.9,1.3,3.3,13.1,16.4,3.3,3.5,6.8,0.145,-0.7,3.1,2.3,2.5
Al Horford,C,23,ATL,2009-10,81,2845,19.4,0.594,0.001,0.319,9.6,23.3,16.4,10.4,1.1,2.4,11.2,17.6,6.9,3.9,10.9,0.183,1.5,1.9,3.3,3.8
Al Horford,C,24,ATL,2010-11,77,2704,20.7,0.587,0.004,0.204,8.2,23.7,16.0,17.5,1.2,2.3,10.6,19.7,6.4,3.7,10.1,0.179,2.0,2.4,4.4,4.4
Al Horford,C,25,ATL,2011-12,11,348,19.0,0.585,0.01,0.291,8.8,17.1,13.0,11.7,1.5,3.1,12.1,17.9,0.8,0.6,1.3,0.18,0.5,2.3,2.8,0.4
Al Horford,C,26,ATL,2012-13,74,2756,19.8,0.56,0.006,0.196,8.2,23.0,15.7,15.3,1.5,2.2,11.3,21.8,4.7,4.1,8.8,0.153,0.7,2.4,3.1,3.5
Al Horford,C,27,ATL,2013-14,29,958,22.0,0.588,0.026,0.202,8.0,21.4,14.8,15.2,1.4,3.6,12.3,24.7,1.5,1.3,2.8,0.141,0.8,2.0,2.8,1.1
Al Horford,C,28,ATL,2014-15,76,2318,21.4,0.563,0.037,0.146,6.7,19.8,13.4,18.6,1.5,3.5,8.9,22.2,5.1,3.6,8.7,0.179,1.3,2.5,3.8,3.4
Al Horford,C,29,ATL,2015-16,82,2631,19.4,0.565,0.244,0.123,6.3,18.2,12.4,16.7,1.3,3.6,8.8,20.6,4.9,4.5,9.4,0.172,1.5,2.6,4.1,4.1
Al Horford,C,30,BOS,2016-17,68,2193,17.7,0.553,0.302,0.169,4.9,18.6,11.8,24.4,1.2,3.2,11.8,19.7,3.6,2.7,6.3,0.138,1.0,2.0,3.1,2.8
Al Horford,C,31,BOS,2017-18,72,2277,17.6,0.575,0.3,0.159,5.0,20.2,12.7,23.6,0.9,2.9,14.1,18.4,4.0,3.8,7.8,0.165,1.1,2.9,4.0,3.5
Al Horford,C,32,BOS,2018-19,68,1973,20.2,0.605,0.281,0.131,6.5,18.3,12.4,21.2,1.4,3.9,11.8,18.9,4.5,2.9,7.5,0.181,2.1,2.7,4.8,3.4
Al Jefferson,PF,21,BOS,2005-06,59,1062,16.2,0.53,0.011,0.354,11.4,22.6,17.2,5.0,1.5,3.3,12.4,21.6,0.9,1.5,2.3,0.105,-2.6,-0.4,-3.1,-0.3
Al Jefferson,C,22,BOS,2006-07,69,2319,19.8,0.547,0.001,0.334,12.0,27.4,19.5,7.2,1.1,3.5,11.8,22.4,3.3,3.3,6.6,0.137,-0.5,1.0,0.6,1.5
Al Jefferson,C,23,MIN,2007-08,82,2919,22.7,0.535,0.003,0.273,11.9,24.7,18.1,7.5,1.3,3.2,9.4,27.5,4.8,2.9,7.7,0.127,0.6,-0.3,0.3,1.7
Al Jefferson,C,24,MIN,2008-09,50,1836,23.1,0.532,0.004,0.258,10.6,24.9,17.5,8.8,1.1,3.5,7.8,28.9,2.9,2.0,4.9,0.128,0.6,0.1,0.7,1.2
Al Jefferson,C,25,MIN,2009-10,76,2463,19.0,0.524,0.004,0.236,8.0,24.2,16.0,10.0,1.3,3.0,9.9,24.3,2.3,2.3,4.6,0.09,-0.9,0.5,-0.4,1.0
Al Jefferson,C,26,UTA,2010-11,82,2940,20.1,0.528,0.0,0.219,9.6,23.2,16.3,9.2,0.8,4.2,6.8,24.2,5.1,2.7,7.8,0.128,0.0,0.1,0.1,1.5
Al Jefferson,C,27,UTA,2011-12,61,2075,22.8,0.52,0.004,0.169,7.3,25.3,16.2,12.1,1.2,3.9,5.2,25.7,4.9,2.5,7.5,0.173,1.7,1.3,3.0,2.6
Al Jefferson,C,28,UTA,2012-13,78,2578,20.9,0.522,0.014,0.176,7.0,25.9,16.3,12.0,1.6,2.7,7.3,25.3,4.3,3.3,7.7,0.143,0.5,1.0,1.5,2.2
Al Jefferson,C,29,CHA,2013-14,73,2553,22.7,0.532,0.011,0.201,6.9,28.3,17.5,12.8,1.4,2.4,7.6,29.3,3.1,4.7,7.8,0.146,0.3,1.5,1.8,2.5
Al Jefferson,C,30,CHO,2014-15,65,1992,19.7,0.5,0.005,0.163,5.3,25.5,15.1,11.6,1.2,3.3,5.9,26.3,1.3,3.4,4.7,0.113,-1.3,1.6,0.2,1.1
Al Jefferson,C,31,CHO,2015-16,47,1096,18.2,0.507,0.0,0.22,5.6,24.6,15.0,11.8,1.4,3.0,5.8,24.2,1.0,1.8,2.8,0.123,-2.3,1.2,-1.1,0.2
Al Jefferson,C,32,IND,2016-17,66,931,18.9,0.526,0.002,0.18,9.2,24.2,16.8,11.0,1.0,1.5,6.1,26.1,1.2,1.1,2.3,0.119,-1.5,-1.5,-3.1,-0.2
Al Jefferson,C,33,IND,2017-18,36,484,20.2,0.563,0.014,0.173,7.0,26.2,16.7,10.0,1.7,4.2,8.6,22.5,0.8,0.8,1.6,0.158,-1.7,1.3,-0.5,0.2
Al Thornton,PF,24,LAC,2007-08,79,2158,12.7,0.504,0.149,0.331,5.2,14.0,9.6,8.4,1.1,1.5,11.4,24.1,-0.5,1.6,1.1,0.025,-2.5,-1.3,-3.8,-1.0
Al Thornton,SF,25,LAC,2008-09,71,2654,12.6,0.502,0.075,0.298,5.2,11.0,8.0,6.9,1.2,1.7,9.9,22.6,0.2,1.0,1.3,0.023,-2.3,-1.2,-3.5,-1.0
Al Thornton,SF,26,TOT,2009-10,75,2079,11.8,0.523,0.046,0.312,6.4,10.0,8.2,7.1,1.1,1.3,11.7,19.0,1.2,1.0,2.2,0.05,-1.9,-0.8,-2.7,-0.4
Al Thornton,SF,27,TOT,2010-11,71,1383,11.7,0.531,0.06,0.329,4.5,13.4,8.8,7.2,1.3,0.7,11.5,17.8,1.0,0.6,1.6,0.054,-2.5,-1.8,-4.3,-0.8
Al-Farouq Aminu,SF,20,LAC,2010-11,81,1452,9.6,0.499,0.352,0.293,6.1,15.4,10.8,6.4,2.1,1.3,18.3,17.3,-0.8,1.4,0.7,0.022,-3.1,0.1,-3.0,-0.4
Al-Farouq Aminu,SF,21,NOH,2011-12,66,1477,10.6,0.481,0.129,0.312,7.8,16.9,12.4,7.2,2.2,1.9,18.0,16.2,-0.4,1.8,1.4,0.044,-3.0,1.6,-1.3,0.2
Al-Farouq Aminu,SF,22,NOH,2012-13,76,2066,13.7,0.519,0.04,0.289,7.9,26.2,16.9,7.8,2.4,2.1,17.8,14.6,0.7,2.4,3.1,0.073,-2.0,2.4,0.4,1.3
Al-Farouq Aminu,SF,23,NOP,2013-14,80,2045,13.2,0.516,0.097,0.277,7.2,21.2,14.1,8.4,2.1,1.6,13.7,14.3,1.3,1.8,3.1,0.072,-1.4,1.0,-0.3,0.9
Al-Farouq Aminu,SF,24,DAL,2014-15,74,1366,14.4,0.504,0.347,0.331,9.1,18.4,13.7,6.1,2.6,3.7,11.9,15.2,1.2,2.0,3.3,0.115,-0.5,2.9,2.4,1.5
Al-Farouq Aminu,SF,25,POR,2015-16,82,2341,12.7,0.533,0.485,0.217,4.5,18.6,11.5,8.8,1.5,1.8,13.2,16.9,1.7,2.3,4.0,0.082,-0.4,0.7,0.2,1.3
Al-Farouq Aminu,PF,26,POR,2016-17,61,1773,11.3,0.506,0.455,0.292,4.8,23.5,14.1,7.9,1.7,2.0,15.2,15.4,-0.1,2.0,1.9,0.051,-2.3,1.2,-1.1,0.4
Al-Farouq Aminu,PF,27,POR,2017-18,69,2072,12.0,0.522,0.582,0.137,5.2,22.3,13.8,5.8,1.9,1.6,11.3,14.8,0.9,3.2,4.2,0.097,-0.8,1.9,1.1,1.6
Al-Farouq Aminu,PF,28,POR,2018-19,81,2292,13.2,0.568,0.472,0.292,5.3,22.6,14.2,6.0,1.4,1.2,9.7,13.7,3.0,2.8,5.8,0.121,0.1,0.8,0.9,1.7
Alan Anderson,SF,23,CHA,2005-06,36,564,10.4,0.52,0.32,0.227,4.4,10.3,7.2,9.3,1.0,0.6,13.9,18.2,0.2,0.3,0.4,0.037,-1.9,-1.8,-3.7,-0.2
Alan Anderson,SG,24,CHA,2006-07,17,256,10.1,0.538,0.247,0.284,4.9,10.0,7.4,13.8,1.4,0.0,19.4,20.1,0.0,0.1,0.1,0.024,-2.2,-1.8,-4.0,-0.1
Alan Anderson,SF,29,TOR,2011-12,17,461,8.7,0.519,0.43,0.239,2.1,6.5,4.3,9.5,0.6,0.5,13.7,18.6,0.1,0.2,0.3,0.032,-1.2,-2.2,-3.4,-0.2
Alan Anderson,SF,30,TOR,2012-13,65,1495,12.6,0.509,0.463,0.239,2.7,9.2,5.9,11.7,1.7,0.4,10.5,23.6,0.8,0.8,1.6,0.052,0.4,-2.4,-2.0,0.0
Alan Anderson,SF,31,BRK,2013-14,78,1773,9.5,0.525,0.511,0.243,2.7,9.1,5.9,7.3,1.4,0.5,10.4,15.9,0.8,0.9,1.7,0.047,-0.8,-1.4,-2.2,-0.1
Alan Anderson,SG,32,BRK,2014-15,74,1744,10.6,0.563,0.477,0.23,2.0,11.1,6.6,7.2,1.7,0.2,11.0,14.2,1.7,1.1,2.7,0.075,0.0,-0.5,-0.5,0.6
Alan Anderson,SG,33,WAS,2015-16,13,192,9.2,0.495,0.627,0.254,0.6,15.5,7.9,10.3,1.0,0.4,3.0,15.4,0.2,0.2,0.3,0.078,-1.2,-1.7,-2.8,0.0
Alan Anderson,SF,34,LAC,2016-17,30,308,5.0,0.494,0.55,0.2,1.1,7.4,4.4,4.9,0.5,0.0,7.4,13.7,0.0,0.1,0.1,0.02,-2.6,-2.3,-4.9,-0.2
Alan Henderson,C,33,CLE,2005-06,51,531,12.2,0.564,0.0,0.538,13.3,17.3,15.3,2.9,0.9,1.7,16.3,11.7,0.7,0.6,1.3,0.116,-2.2,-0.3,-2.4,-0.1
Alan Henderson,PF,34,PHI,2006-07,38,418,15.7,0.679,0.0,0.701,13.8,16.9,15.4,3.8,1.1,2.2,12.0,11.0,1.1,0.4,1.6,0.181,0.6,0.0,0.6,0.3
Alan Williams,PF,23,PHO,2015-16,10,68,21.1,0.481,0.0,0.583,21.9,39.2,30.3,11.7,2.9,6.0,16.6,22.6,0.1,0.2,0.2,0.146,-2.5,4.0,1.5,0.1
Alan Williams,C,24,PHO,2016-17,47,708,19.5,0.547,0.004,0.419,14.0,31.2,22.4,5.2,1.8,3.7,10.5,20.9,1.1,0.9,2.1,0.142,-1.8,0.1,-1.7,0.1
Alan Williams,PF,25,PHO,2017-18,5,70,9.3,0.455,0.0,0.5,4.5,29.5,16.8,16.3,3.4,1.2,24.2,17.5,-0.1,0.1,0.0,-0.004,-6.5,2.8,-3.7,0.0
Alan Williams,PF,26,BRK,2018-19,5,26,32.9,0.61,0.077,0.308,16.2,60.3,38.4,22.3,1.8,0.0,6.3,25.5,0.1,0.1,0.2,0.312,3.1,2.7,5.8,0.1
Alando Tucker,SF,23,PHO,2007-08,6,48,11.8,0.446,0.182,0.273,10.2,8.7,9.4,0.0,0.0,1.4,0.0,23.0,0.0,0.0,0.0,0.042,-4.5,-7.4,-11.8,-0.1
Alando Tucker,SG,24,PHO,2008-09,30,282,13.0,0.509,0.19,0.273,8.2,4.8,6.4,6.4,0.9,0.3,9.4,23.3,0.2,0.0,0.2,0.039,-1.2,-4.6,-5.8,-0.3
Alando Tucker,SF,25,TOT,2009-10,15,96,13.4,0.529,0.179,0.538,7.4,4.6,5.9,6.4,0.0,0.0,9.4,24.4,0.1,0.0,0.1,0.061,-1.3,-5.4,-6.8,-0.1
Alec Burks,SG,20,UTA,2011-12,59,939,14.0,0.506,0.126,0.401,6.9,9.3,8.1,9.5,1.5,0.4,10.8,22.5,1.1,0.4,1.5,0.076,-0.2,-2.2,-2.5,-0.1
Alec Burks,SG,21,UTA,2012-13,64,1137,11.5,0.507,0.237,0.332,3.8,11.2,7.5,13.0,1.6,0.9,14.3,20.7,0.3,0.7,1.0,0.044,-1.4,-1.3,-2.7,-0.2
Alec Burks,SG,22,UTA,2013-14,78,2193,15.8,0.547,0.172,0.449,3.0,10.7,6.8,16.9,1.7,0.5,13.0,23.9,2.6,0.6,3.2,0.07,0.5,-1.7,-1.2,0.5
Alec Burks,SG,23,UTA,2014-15,27,899,13.0,0.524,0.227,0.43,2.5,12.1,7.3,15.2,1.0,0.4,12.7,20.8,1.1,0.6,1.7,0.089,-0.4,-1.1,-1.6,0.1
Alec Burks,SG,24,UTA,2015-16,31,797,14.3,0.52,0.237,0.422,2.4,13.6,8.0,13.9,1.2,0.4,11.4,25.9,0.7,0.8,1.5,0.09,-0.9,-1.6,-2.5,-0.1
Alec Burks,SG,25,UTA,2016-17,42,653,11.6,0.501,0.306,0.315,3.1,17.7,10.6,7.5,1.4,0.6,11.0,22.7,-0.1,0.9,0.8,0.056,-3.3,-0.9,-4.2,-0.4
Alec Burks,SG,26,UTA,2017-18,64,1059,13.1,0.527,0.343,0.3,2.1,18.4,10.3,10.0,1.8,0.6,11.4,22.5,0.2,1.6,1.9,0.084,-2.5,-0.3,-2.8,-0.2
Alec Burks,SG,27,TOT,2018-19,64,1375,12.7,0.523,0.354,0.297,2.3,17.0,9.4,13.7,1.4,1.3,10.8,19.0,0.7,0.8,1.5,0.052,-1.5,-0.6,-2.2,-0.1
Alec Burks,SG,27,UTA,2018-19,17,269,12.4,0.547,0.377,0.333,0.8,9.9,5.4,11.2,1.1,1.2,10.3,23.2,0.2,0.3,0.5,0.084,-2.2,-1.6,-3.7,-0.1
Alec Burks,SG,27,CLE,2018-19,34,979,13.2,0.517,0.35,0.288,2.8,19.0,10.6,15.0,1.3,1.4,10.7,19.2,0.6,0.3,0.9,0.042,-1.1,-0.7,-1.8,0.1
Alec Burks,SG,27,SAC,2018-19,13,127,9.0,0.495,0.3,0.25,1.6,16.6,8.9,9.5,2.9,0.7,15.3,8.5,0.0,0.2,0.2,0.062,-3.8,1.9,-1.9,0.0
Alec Peters,PF,22,PHO,2017-18,20,225,10.7,0.523,0.784,0.135,3.7,14.0,8.8,7.9,0.4,0.7,4.9,15.5,0.2,0.0,0.3,0.055,-0.2,-3.1,-3.3,-0.1
Alex Abrines,SG,23,OKC,2016-17,68,1055,10.1,0.56,0.724,0.144,1.9,7.1,4.5,5.5,1.7,0.6,8.3,15.9,1.2,0.9,2.1,0.096,-0.3,-2.2,-2.5,-0.1
Alex Acker,SG,23,DET,2005-06,5,35,-2.4,0.281,0.313,0.0,3.4,13.7,8.5,17.9,1.6,0.0,20.0,27.2,-0.2,0.0,-0.2,-0.23,-10.4,-1.9,-12.3,-0.1
Alex Acker,SG,26,TOT,2008-09,25,199,10.4,0.448,0.263,0.132,4.5,9.6,7.0,10.2,1.3,1.5,8.0,20.1,-0.1,0.1,0.0,-0.011,-3.6,-2.4,-6.0,-0.2
Alex Acker,SG,26,DET,2008-09,7,20,16.0,0.379,0.364,0.182,0.0,12.0,5.9,9.1,5.5,3.9,0.0,28.3,0.0,0.0,0.0,0.009,-3.2,1.0,-2.3,0.0
Alex Acker,SG,26,LAC,2008-09,18,179,9.8,0.46,0.246,0.123,5.0,9.3,7.1,10.3,0.9,1.2,9.3,19.2,-0.1,0.0,0.0,-0.013,-3.6,-2.8,-6.4,-0.2
Alex Caruso,PG,23,LAL,2017-18,37,562,8.7,0.519,0.371,0.259,2.9,9.4,6.2,17.8,2.0,1.4,24.5,12.9,-0.1,0.6,0.5,0.041,-3.4,0.5,-2.9,-0.1
Alex Caruso,PG,24,LAL,2018-19,25,531,13.9,0.569,0.289,0.37,4.0,9.0,6.5,19.7,2.1,1.4,17.3,19.0,0.5,0.6,1.0,0.093,-0.9,0.0,-0.9,0.2
Alex Kirk,C,23,CLE,2014-15,5,14,8.5,0.41,0.0,0.5,8.3,0.0,4.1,10.1,0.0,0.0,0.0,15.7,0.0,0.0,0.0,0.061,-3.0,-4.3,-7.4,0.0
Alex Len,C,20,PHO,2013-14,42,362,7.3,0.469,0.0,0.397,12.1,18.6,15.3,1.6,0.6,3.8,22.1,14.3,-0.2,0.4,0.2,0.024,-5.7,-0.2,-5.9,-0.4
Alex Len,C,21,PHO,2014-15,69,1518,13.5,0.542,0.008,0.295,10.2,22.7,16.4,3.1,1.1,5.3,15.7,13.7,1.2,2.1,3.4,0.107,-3.3,2.3,-1.0,0.4
Alex Len,C,22,PHO,2015-16,78,1821,12.4,0.482,0.011,0.383,10.4,25.4,17.7,8.5,1.0,2.8,16.6,20.4,-0.5,1.8,1.3,0.035,-4.4,0.7,-3.6,-0.7
Alex Len,C,23,PHO,2016-17,77,1560,15.0,0.553,0.026,0.449,10.6,25.3,17.8,4.2,1.2,5.1,15.5,17.6,1.2,1.7,3.0,0.091,-3.0,1.3,-1.7,0.1
Alex Len,C,24,PHO,2017-18,69,1395,19.4,0.612,0.008,0.611,13.2,26.7,19.8,9.1,0.9,3.5,14.0,17.0,3.2,1.3,4.5,0.154,-0.3,1.1,0.8,1.0
Alex Len,C,25,ATL,2018-19,77,1544,17.2,0.575,0.315,0.333,10.5,18.5,14.4,8.6,0.8,3.9,11.5,22.1,2.2,1.0,3.2,0.1,-0.1,-0.8,-0.9,0.4
Alex Poythress,PF,23,PHI,2016-17,6,157,13.2,0.548,0.352,0.185,7.7,12.7,10.2,5.1,0.9,1.0,4.9,16.9,0.2,0.1,0.3,0.099,-0.6,-1.9,-2.5,0.0
Alex Poythress,PF,24,IND,2017-18,25,104,7.8,0.5,0.423,0.0,7.7,10.8,9.2,2.6,1.4,0.9,7.1,12.0,0.1,0.1,0.1,0.066,-2.3,-1.7,-4.0,-0.1
Alex Poythress,PF,25,ATL,2018-19,21,305,12.2,0.571,0.284,0.358,9.8,16.6,13.1,7.7,0.6,2.8,12.2,14.2,0.4,0.2,0.5,0.086,-1.6,-0.7,-2.2,0.0
Alex Scales,SG,27,SAS,2005-06,1,0,,,,,,,,,,,,,0.0,0.0,0.0,,-6.0,1.6,-4.4,0.0
Alex Stepheson,PF,28,TOT,2015-16,8,73,14.8,0.341,0.0,0.444,28.5,14.5,21.8,4.3,0.7,6.0,0.0,19.8,0.0,0.1,0.1,0.068,-2.0,-1.1,-3.2,0.0
Alexander Johnson,PF,23,MEM,2006-07,59,753,13.2,0.588,0.0,0.698,7.9,20.8,14.4,3.6,1.7,3.5,17.5,16.1,0.7,0.6,1.3,0.083,-2.7,0.0,-2.7,-0.1
Alexander Johnson,PF,24,MIA,2007-08,43,549,8.9,0.554,0.0,0.664,6.9,13.7,10.3,4.0,1.3,1.5,20.6,17.6,-0.1,0.4,0.2,0.019,-5.2,-1.2,-6.4,-0.6
Alexey Shved,SG,24,MIN,2012-13,77,1840,11.0,0.474,0.454,0.236,2.5,8.6,5.4,25.2,1.5,1.1,17.3,20.6,-0.6,1.4,0.8,0.02,-1.0,-1.1,-2.1,-0.1
Alexey Shved,SG,25,MIN,2013-14,63,664,10.2,0.452,0.43,0.38,3.4,10.1,6.6,14.9,1.9,1.8,14.8,20.8,-0.4,0.7,0.2,0.017,-2.7,-0.4,-3.1,-0.2
Alexey Shved,SG,26,TOT,2014-15,42,767,19.5,0.541,0.415,0.448,3.3,11.7,7.3,25.7,2.0,0.6,10.7,26.3,1.7,0.5,2.2,0.135,3.0,-2.6,0.5,0.5
Alexis Ajinca,C,28,NOP,2016-17,39,584,12.9,0.529,0.022,0.225,8.3,23.8,16.0,3.1,1.7,3.1,13.7,17.2,0.0,0.9,1.0,0.08,-5.1,1.0,-4.1,-0.3
Alexis Ajinça,PF,20,CHA,2008-09,31,182,7.0,0.43,0.029,0.406,6.2,14.2,10.2,2.8,2.1,2.7,12.9,24.2,-0.3,0.3,-0.1,-0.018,-8.1,-1.2,-9.3,-0.3
Alexis Ajinça,C,21,CHA,2009-10,6,30,6.3,0.479,0.0,0.1,4.1,11.8,8.0,0.0,1.8,2.7,16.1,19.3,-0.1,0.0,0.0,-0.013,-8.5,-2.0,-10.4,-0.1
Alexis Ajinça,C,22,TOT,2010-11,34,340,12.2,0.507,0.256,0.135,5.9,21.5,13.6,4.8,1.7,4.2,11.3,21.1,0.0,0.4,0.4,0.052,-3.1,-0.3,-3.4,-0.1
Alexis Ajinça,C,25,NOP,2013-14,56,951,14.6,0.589,0.004,0.269,11.3,22.7,16.9,6.6,1.3,4.1,18.4,16.3,1.2,0.9,2.1,0.104,-1.5,0.8,-0.7,0.3
Alexis Ajinça,C,26,NOP,2014-15,68,957,19.9,0.595,0.0,0.301,12.4,25.0,18.7,8.2,1.2,4.0,15.6,21.1,1.9,1.2,3.2,0.159,-0.5,0.6,0.2,0.5
Alexis Ajinça,C,27,NOP,2015-16,59,861,13.8,0.514,0.003,0.197,9.3,25.9,17.3,5.8,1.1,3.4,13.6,20.4,0.2,0.9,1.0,0.058,-4.3,-0.2,-4.5,-0.5
Alfonzo McKinnie,SF,25,TOR,2017-18,14,53,10.1,0.643,0.6,0.2,2.2,12.4,7.4,2.7,0.9,1.5,15.5,16.0,0.0,0.1,0.1,0.084,-1.3,-1.8,-3.1,0.0
Alfonzo McKinnie,SF,26,GSW,2018-19,72,1003,11.2,0.569,0.429,0.175,9.0,16.9,13.1,4.0,0.9,1.3,9.2,13.9,1.2,0.9,2.1,0.1,-0.9,-1.5,-2.5,-0.1
Alize Johnson,PF,22,IND,2018-19,14,64,6.3,0.333,0.125,0.5,7.1,25.5,16.5,2.0,0.8,4.2,0.0,13.3,-0.1,0.1,0.0,0.027,-8.3,0.2,-8.1,-0.1
Allan Ray,SG,22,BOS,2006-07,47,710,10.0,0.512,0.448,0.212,3.0,8.8,5.8,10.5,1.5,0.3,12.9,20.8,0.1,0.5,0.6,0.039,-1.0,-2.5,-3.5,-0.3
Allen Crabbe,SG,21,POR,2013-14,15,100,7.7,0.475,0.424,0.121,1.1,8.5,4.8,8.7,1.0,0.7,7.9,16.5,0.0,0.1,0.1,0.037,-2.7,-2.1,-4.7,-0.1
Allen Crabbe,SG,22,POR,2014-15,51,683,8.7,0.525,0.556,0.105,1.1,10.1,5.7,8.1,1.4,1.6,8.6,11.5,0.5,0.8,1.3,0.088,-1.3,1.0,-0.3,0.3
Allen Crabbe,SG,23,POR,2015-16,81,2105,12.2,0.572,0.42,0.167,1.4,9.7,5.6,7.2,1.5,0.6,8.1,16.4,3.1,1.2,4.3,0.098,0.4,-1.1,-0.7,0.7
Allen Crabbe,SG,24,POR,2016-17,79,2254,11.6,0.602,0.467,0.192,0.9,10.2,5.6,6.1,1.2,0.7,8.1,14.9,3.1,1.0,4.2,0.089,0.3,-1.3,-1.0,0.6
Allen Crabbe,SG,25,BRK,2017-18,75,2197,12.3,0.558,0.643,0.163,1.3,14.4,7.8,8.4,1.0,1.2,8.1,19.0,1.8,1.4,3.2,0.07,0.4,-1.2,-0.8,0.7
Allen Crabbe,SG,26,BRK,2018-19,43,1133,7.7,0.519,0.694,0.15,1.5,12.2,6.9,5.8,1.0,0.9,10.4,16.4,-0.2,1.0,0.8,0.035,-1.9,-0.5,-2.5,-0.1
Allen Iverson,PG,30,PHI,2005-06,72,3103,25.9,0.543,0.122,0.455,1.7,7.1,4.4,34.9,2.3,0.2,10.2,35.8,8.8,1.8,10.6,0.165,6.0,-2.5,3.5,4.3
Allen Iverson,SG,31,TOT,2006-07,65,2761,19.6,0.54,0.15,0.465,1.0,6.9,4.0,29.6,2.2,0.3,14.5,29.3,4.0,2.2,6.2,0.108,2.2,-1.5,0.8,1.9
Allen Iverson,PG,31,PHI,2006-07,15,640,23.5,0.529,0.145,0.475,1.3,6.4,3.8,34.0,2.7,0.1,13.0,36.7,1.0,0.5,1.6,0.119,4.1,-2.2,2.0,0.6
Allen Iverson,SG,31,DEN,2006-07,50,2121,18.4,0.545,0.152,0.46,0.9,7.1,4.0,28.3,2.1,0.4,15.1,27.1,2.9,1.7,4.6,0.105,1.6,-1.2,0.4,1.3
Allen Iverson,SG,32,DEN,2007-08,82,3424,20.9,0.567,0.177,0.512,1.5,6.1,3.8,27.4,2.2,0.2,11.4,26.7,8.9,2.8,11.6,0.163,3.5,-1.9,1.6,3.1
Allen Iverson,PG,33,TOT,2008-09,57,2093,15.8,0.504,0.119,0.416,1.7,8.2,4.9,23.1,2.3,0.2,12.9,25.7,0.9,1.9,2.9,0.066,0.0,-0.7,-0.7,0.7
Allen Iverson,SG,33,DEN,2008-09,3,123,15.2,0.549,0.2,0.625,2.9,4.6,3.8,25.9,1.2,0.6,16.4,22.1,0.2,0.1,0.2,0.087,-0.3,-3.2,-3.5,0.0
Allen Iverson,PG,33,DET,2008-09,54,1970,15.9,0.502,0.115,0.406,1.6,8.4,5.0,23.0,2.4,0.2,12.7,25.9,0.8,1.9,2.7,0.065,0.0,-0.5,-0.5,0.7
Allen Iverson,SG,34,TOT,2009-10,28,865,13.4,0.515,0.079,0.415,2.1,8.7,5.4,21.0,1.2,0.2,14.6,23.0,0.5,0.2,0.7,0.037,-1.4,-2.8,-4.2,-0.5
Allonzo Trier,SG,23,NYK,2018-19,64,1459,12.2,0.564,0.255,0.431,2.2,12.2,7.1,12.9,0.9,0.8,15.8,21.5,0.4,0.5,0.9,0.03,-2.2,-2.0,-4.2,-0.8
Alonzo Gee,SG,22,WAS,2009-10,11,182,16.2,0.564,0.153,0.492,9.3,11.6,10.4,6.4,2.0,0.4,12.2,20.4,0.3,0.1,0.4,0.108,0.2,-1.6,-1.4,0.0
Alonzo Gee,SG,23,TOT,2010-11,56,1118,10.8,0.544,0.193,0.348,6.2,12.7,9.3,5.4,1.8,1.2,15.3,14.5,0.5,0.6,1.0,0.045,-2.2,-0.1,-2.3,-0.1
Alonzo Gee,SG,24,CLE,2011-12,63,1827,13.2,0.516,0.249,0.385,6.1,14.3,10.0,10.6,2.4,0.7,15.0,18.7,1.2,1.2,2.4,0.063,-0.5,0.1,-0.5,0.7
Alonzo Gee,SF,25,CLE,2012-13,82,2541,10.5,0.505,0.294,0.276,3.3,11.7,7.3,8.2,2.2,0.9,13.7,16.9,0.5,1.5,1.9,0.036,-1.4,-0.1,-1.5,0.3
Alonzo Gee,SF,26,CLE,2013-14,65,1020,8.6,0.491,0.246,0.258,3.8,12.8,8.2,6.9,2.0,1.2,14.3,13.4,-0.1,1.0,0.9,0.041,-3.3,0.7,-2.6,-0.2
Alonzo Gee,SF,27,TOT,2014-15,54,662,13.0,0.548,0.188,0.414,5.9,9.5,7.7,5.8,2.7,0.8,13.0,16.7,0.6,0.6,1.2,0.086,-1.3,0.3,-1.0,0.2
Alonzo Gee,SF,28,NOP,2015-16,73,1632,8.4,0.572,0.235,0.259,3.9,13.0,8.3,6.2,1.9,0.7,16.2,9.2,1.0,0.9,1.9,0.056,-1.8,1.0,-0.8,0.5
Alonzo Gee,SF,29,DEN,2016-17,13,89,3.1,0.306,0.214,0.643,5.0,13.5,9.3,8.2,2.7,0.9,18.2,10.5,-0.1,0.1,-0.1,-0.032,-5.6,1.0,-4.6,-0.1
Alonzo Mourning,C,35,MIA,2005-06,65,1302,19.4,0.615,0.003,0.711,11.8,20.3,16.2,1.4,0.5,10.2,16.0,17.5,2.1,2.6,4.8,0.176,-2.3,3.0,0.7,0.9
Alonzo Mourning,C,36,MIA,2006-07,77,1572,16.7,0.59,0.0,0.725,9.7,16.4,13.1,2.0,0.4,9.0,18.7,20.8,1.0,2.5,3.5,0.107,-3.9,2.0,-2.0,0.0
Alonzo Mourning,C,37,MIA,2007-08,25,389,16.2,0.58,0.0,0.8,10.3,18.5,14.3,3.1,0.5,8.6,16.3,18.7,0.3,0.5,0.8,0.098,-4.2,1.7,-2.5,0.0
Alvin Williams,PG,31,TOR,2005-06,1,10,-4.7,0.129,0.667,0.667,0.0,38.3,18.3,0.0,0.0,0.0,0.0,17.9,-0.1,0.0,-0.1,-0.278,-14.9,-8.5,-23.4,-0.1
Alvin Williams,PG,32,LAC,2006-07,2,10,6.6,0.266,0.5,2.0,12.1,0.0,6.0,41.1,10.6,0.0,44.4,31.2,-0.1,0.0,-0.1,-0.309,-8.9,3.7,-5.1,0.0
Amar'e Stoudemire,C,23,PHO,2005-06,3,50,17.8,0.42,0.037,0.333,13.6,21.7,17.8,5.9,1.0,4.2,3.1,28.7,0.0,0.1,0.1,0.085,-4.8,-1.8,-6.6,-0.1
Amar'e Stoudemire,C,24,PHO,2006-07,82,2689,23.1,0.637,0.003,0.555,10.1,23.3,17.0,5.0,1.5,2.9,15.0,25.8,7.2,4.0,11.2,0.201,0.9,0.7,1.6,2.4
Amar'e Stoudemire,C,25,PHO,2007-08,79,2677,27.6,0.656,0.026,0.571,8.2,21.1,15.2,7.5,1.2,4.0,10.3,28.2,10.9,3.8,14.6,0.262,3.5,0.4,3.9,4.0
Amar'e Stoudemire,PF,26,PHO,2008-09,53,1948,20.3,0.617,0.009,0.517,7.2,18.1,12.9,8.3,1.3,2.1,14.0,24.2,4.6,1.4,6.1,0.149,1.3,-0.3,1.0,1.5
Amar'e Stoudemire,PF,27,PHO,2009-10,82,2838,22.6,0.615,0.005,0.5,9.7,18.9,14.5,4.8,0.9,2.1,12.1,27.3,8.2,2.5,10.7,0.181,1.6,-1.3,0.3,1.6
Amar'e Stoudemire,C,28,NYK,2010-11,78,2870,22.7,0.565,0.016,0.403,7.8,17.6,12.7,13.2,1.2,3.8,12.5,30.9,5.4,2.6,8.0,0.134,0.8,-0.1,0.7,1.9
Amar'e Stoudemire,PF,29,NYK,2011-12,47,1543,17.7,0.541,0.032,0.372,7.9,19.8,13.7,6.3,1.3,2.3,12.8,25.4,1.8,2.3,4.1,0.128,-1.5,0.1,-1.4,0.2
Amar'e Stoudemire,PF,30,NYK,2012-13,29,682,22.1,0.637,0.0,0.487,10.0,15.1,12.4,3.6,0.8,2.7,13.4,25.7,2.1,0.6,2.7,0.191,0.6,-2.0,-1.4,0.1
Amar'e Stoudemire,C,31,NYK,2013-14,65,1466,18.8,0.596,0.0,0.364,8.7,17.2,12.8,4.2,0.8,2.2,12.3,23.4,2.9,0.9,3.8,0.124,-0.8,-2.3,-3.1,-0.4
Amar'e Stoudemire,PF,32,TOT,2014-15,59,1245,20.3,0.595,0.008,0.38,9.9,20.5,15.1,6.8,1.2,2.5,12.0,23.8,2.6,1.0,3.6,0.138,-0.2,-1.3,-1.4,0.2
Amar'e Stoudemire,C,33,MIA,2015-16,52,762,17.3,0.599,0.0,0.303,10.0,22.6,16.5,5.6,1.2,4.1,15.8,17.8,1.1,1.3,2.4,0.15,-1.7,1.4,-0.4,0.3
Amile Jefferson,PF,25,ORL,2018-19,12,68,21.1,0.692,0.0,0.5,9.3,24.0,16.5,6.4,2.2,3.7,4.9,13.1,0.2,0.1,0.4,0.258,-0.2,2.3,2.1,0.1
Amir Johnson,SF,18,DET,2005-06,3,39,20.3,0.85,0.3,0.4,9.0,3.1,6.1,13.4,0.0,3.7,25.4,19.2,0.1,0.0,0.2,0.208,3.8,-1.4,2.5,0.0
Amir Johnson,PF,19,DET,2006-07,8,124,20.6,0.6,0.091,0.424,14.4,21.1,17.7,4.1,2.2,8.1,18.7,18.5,0.2,0.3,0.5,0.183,-1.2,3.9,2.7,0.1
Amir Johnson,PF,20,DET,2007-08,62,764,17.5,0.584,0.0,0.333,13.5,23.2,18.4,5.9,1.7,8.5,17.1,14.1,1.1,1.9,3.0,0.19,-1.4,5.7,4.3,1.2
Amir Johnson,PF,21,DET,2008-09,62,911,13.5,0.608,0.0,0.215,13.1,17.2,15.1,3.4,1.2,5.1,15.6,11.1,1.4,1.3,2.7,0.142,-1.3,2.5,1.1,0.7
Amir Johnson,PF,22,TOR,2009-10,82,1453,16.7,0.639,0.012,0.446,12.9,19.1,16.1,5.0,1.6,3.5,13.6,14.5,3.4,1.1,4.5,0.15,1.4,0.8,2.1,1.5
Amir Johnson,PF,23,TOR,2010-11,72,1853,17.6,0.608,0.002,0.323,11.8,17.8,14.7,6.8,1.5,3.6,10.9,15.3,4.4,1.2,5.6,0.146,1.5,1.1,2.7,2.2
Amir Johnson,PF,24,TOR,2011-12,64,1553,14.4,0.6,0.015,0.247,11.4,19.4,15.4,8.7,1.1,3.6,20.0,14.3,1.9,2.0,4.0,0.122,-0.5,2.7,2.2,1.6
Amir Johnson,PF,25,TOR,2012-13,81,2325,17.3,0.591,0.021,0.309,11.4,20.0,15.6,8.7,1.9,3.8,14.5,16.1,4.4,2.9,7.3,0.151,0.8,2.8,3.6,3.3
Amir Johnson,PF,26,TOR,2013-14,77,2214,15.4,0.592,0.108,0.234,9.0,17.6,13.3,8.7,1.3,3.2,15.4,16.4,3.2,3.1,6.3,0.136,0.2,2.4,2.6,2.6
Amir Johnson,PF,27,TOR,2014-15,75,1979,15.4,0.603,0.089,0.249,9.3,17.3,13.3,9.4,1.1,2.4,16.0,15.7,3.5,1.6,5.1,0.124,0.8,1.0,1.8,1.9
Amir Johnson,PF,28,BOS,2015-16,79,1800,16.0,0.602,0.101,0.284,10.3,19.6,14.9,11.4,1.4,3.6,16.4,13.6,3.0,2.9,5.9,0.158,-0.2,3.2,3.0,2.3
Amir Johnson,PF,29,BOS,2016-17,80,1608,15.0,0.628,0.178,0.27,8.3,17.0,12.7,13.0,1.6,3.2,15.7,13.6,2.9,2.1,5.0,0.149,-0.2,2.4,2.2,1.7
Amir Johnson,C,30,PHI,2017-18,74,1171,14.9,0.575,0.123,0.327,11.8,18.3,15.2,13.9,1.8,3.1,15.6,12.8,2.1,2.0,4.1,0.169,-0.2,3.1,2.9,1.5
Amir Johnson,C,31,PHI,2018-19,51,529,13.1,0.574,0.255,0.261,9.7,19.5,14.7,16.0,1.4,1.9,20.5,17.4,0.4,0.7,1.1,0.098,-1.4,0.6,-0.7,0.2
Anderson Varejao,C,34,GSW,2016-17,14,92,9.4,0.478,0.0,0.786,15.3,16.8,16.1,13.0,1.6,2.6,29.8,12.6,0.0,0.1,0.2,0.097,-3.2,2.5,-0.6,0.0
Anderson Varejão,C,23,CLE,2005-06,48,760,14.8,0.541,0.007,0.793,11.9,24.8,18.3,4.0,2.2,1.9,11.8,14.0,1.1,1.3,2.3,0.146,-1.9,1.2,-0.6,0.3
Anderson Varejão,C,24,CLE,2006-07,81,1932,14.4,0.527,0.022,0.668,11.2,21.8,16.4,6.0,2.1,2.1,11.4,13.7,2.6,4.0,6.6,0.164,-1.3,3.0,1.7,1.8
Anderson Varejão,C,25,CLE,2007-08,48,1320,12.0,0.485,0.007,0.278,11.2,23.6,17.2,6.3,1.5,1.6,15.1,13.4,0.5,1.9,2.4,0.086,-3.2,1.6,-1.6,0.1
Anderson Varejão,PF,26,CLE,2008-09,81,2306,14.6,0.565,0.004,0.496,8.9,20.6,15.0,5.4,1.8,2.3,11.5,14.2,3.3,4.7,8.0,0.166,-1.2,2.8,1.6,2.1
Anderson Varejão,PF,27,CLE,2009-10,76,2166,15.8,0.598,0.011,0.375,10.9,20.4,15.9,6.1,1.7,2.4,11.0,13.1,4.3,3.8,8.1,0.179,0.4,2.6,3.0,2.7
Anderson Varejão,C,28,CLE,2010-11,31,994,15.2,0.56,0.009,0.375,11.0,24.1,17.4,7.4,1.4,2.9,13.7,13.3,1.3,0.9,2.2,0.105,-1.2,2.1,0.8,0.7
Anderson Varejão,C,29,CLE,2011-12,25,785,18.9,0.542,0.018,0.288,15.2,26.8,20.8,9.7,2.3,1.6,15.2,16.9,1.2,0.9,2.1,0.131,0.4,1.7,2.1,0.8
Anderson Varejão,C,30,CLE,2012-13,25,901,21.7,0.529,0.017,0.353,16.9,30.1,23.2,15.4,2.1,1.3,11.6,18.7,2.2,1.1,3.3,0.173,2.4,2.2,4.6,1.5
Anderson Varejão,C,31,CLE,2013-14,65,1800,17.0,0.527,0.015,0.294,11.4,28.2,19.6,12.2,2.0,1.8,12.2,14.6,2.7,2.7,5.4,0.144,-0.4,3.0,2.7,2.1
Anderson Varejão,C,32,CLE,2014-15,26,636,17.7,0.58,0.01,0.225,10.4,20.1,15.3,9.1,1.6,2.0,13.7,18.1,1.2,0.7,1.9,0.145,0.0,1.0,0.9,0.5
Anderson Varejão,C,33,TOT,2015-16,53,496,11.1,0.473,0.008,0.403,8.5,22.8,15.8,9.8,1.6,1.6,13.1,15.0,0.3,0.8,1.0,0.101,-3.8,1.4,-2.4,0.0
Andray Blatche,PF,19,WAS,2005-06,29,175,10.1,0.45,0.194,0.179,7.7,17.8,12.6,9.5,1.5,3.1,14.2,21.5,-0.1,0.2,0.1,0.026,-4.0,-0.4,-4.4,-0.1
Andray Blatche,PF,20,WAS,2006-07,56,682,12.1,0.471,0.137,0.249,12.6,19.8,16.1,8.8,1.3,3.6,18.3,17.2,-0.1,0.5,0.5,0.033,-2.8,0.4,-2.4,-0.1
Andray Blatche,PF,21,WAS,2007-08,82,1675,15.5,0.512,0.024,0.287,11.2,18.8,14.9,9.2,1.7,5.7,15.6,19.7,0.8,2.1,3.0,0.085,-1.9,2.4,0.5,1.0
Andray Blatche,C,22,WAS,2008-09,71,1703,15.0,0.508,0.033,0.257,8.5,17.9,13.0,11.8,1.6,3.5,14.3,21.9,0.2,1.2,1.4,0.039,-1.9,0.4,-1.5,0.2
Andray Blatche,PF,23,WAS,2009-10,81,2256,17.6,0.519,0.044,0.234,7.9,18.2,13.0,13.8,2.0,2.4,14.2,25.8,0.8,2.6,3.4,0.073,-0.6,1.2,0.6,1.5
Andray Blatche,PF,24,WAS,2010-11,64,2172,16.9,0.497,0.019,0.296,9.3,18.7,13.8,11.7,2.3,1.8,13.7,25.5,0.3,2.1,2.4,0.053,-1.0,0.6,-0.5,0.8
Andray Blatche,PF,25,WAS,2011-12,26,626,10.6,0.415,0.029,0.2,7.5,19.6,13.5,7.3,1.7,2.1,12.2,21.7,-0.8,0.6,-0.1,-0.011,-4.8,-0.3,-5.1,-0.5
Andray Blatche,C,26,BRK,2012-13,82,1555,21.9,0.547,0.033,0.32,12.2,19.6,15.8,10.5,3.0,2.7,13.8,26.5,2.4,2.5,4.9,0.153,0.7,1.6,2.3,1.7
Andray Blatche,PF,27,BRK,2013-14,73,1618,18.8,0.532,0.08,0.328,8.9,19.9,14.4,12.8,2.4,2.0,12.5,25.6,1.6,2.1,3.7,0.109,-0.6,0.7,0.1,0.8
Andre Barrett,PG,23,TOT,2005-06,19,282,11.3,0.398,0.135,0.115,3.7,7.1,5.4,29.5,1.9,0.0,12.1,20.3,-0.1,0.0,-0.1,-0.019,-2.5,-3.2,-5.7,-0.3
Andre Barrett,PG,23,PHO,2005-06,2,21,14.1,0.541,0.143,0.429,5.4,10.3,7.9,13.3,0.0,0.0,10.7,19.9,0.0,0.0,0.0,0.109,-1.7,-3.1,-4.9,0.0
Andre Barrett,PG,23,TOR,2005-06,17,261,11.0,0.386,0.134,0.093,3.6,6.8,5.2,30.9,2.0,0.0,12.2,20.4,-0.2,0.0,-0.2,-0.029,-2.6,-3.2,-5.8,-0.2
Andre Barrett,PG,24,CHI,2006-07,6,29,8.2,0.5,0.0,0.0,4.0,15.6,9.8,38.2,0.0,0.0,33.3,18.4,0.0,0.0,0.0,0.014,-5.6,-1.6,-7.1,0.0
Andre Barrett,PG,25,LAC,2007-08,4,25,12.5,0.51,0.6,0.4,0.0,4.7,2.3,44.3,0.0,0.0,14.5,12.7,0.0,0.0,0.0,0.078,-2.1,-8.4,-10.5,-0.1
Andre Brown,PF,25,SEA,2006-07,38,271,11.1,0.577,0.014,0.203,11.4,21.4,16.4,1.2,1.2,1.1,26.5,18.4,-0.2,0.2,0.0,-0.002,-5.4,-3.1,-8.5,-0.4
Andre Brown,PF,26,MEM,2007-08,33,286,13.5,0.502,0.0,0.628,14.4,21.8,18.0,4.4,1.2,1.0,12.3,17.7,0.2,0.2,0.4,0.068,-3.1,-2.0,-5.1,-0.2
Andre Brown,PF,27,CHA,2008-09,4,41,-1.5,0.254,0.0,0.286,21.3,15.0,18.1,3.5,1.3,0.0,38.8,14.8,-0.2,0.0,-0.1,-0.122,-8.9,-0.4,-9.3,-0.1
Andre Dawkins,SG,23,MIA,2014-15,4,22,-5.0,0.25,1.0,0.0,0.0,10.7,5.5,6.6,0.0,0.0,14.3,15.0,-0.1,0.0,-0.1,-0.172,-7.5,-3.9,-11.5,-0.1
Andre Drummond,C,19,DET,2012-13,60,1243,21.6,0.578,0.006,0.465,15.4,27.2,21.2,4.1,2.5,6.1,12.2,17.2,2.2,2.3,4.5,0.172,-0.3,2.6,2.4,1.4
Andre Drummond,C,20,DET,2013-14,81,2619,22.6,0.599,0.003,0.427,17.5,27.7,22.3,2.2,2.0,4.0,10.7,16.7,6.4,3.5,9.9,0.182,1.1,0.5,1.6,2.4
Andre Drummond,C,21,DET,2014-15,82,2502,21.4,0.504,0.002,0.38,18.3,30.1,24.0,3.9,1.5,4.8,9.7,22.0,3.4,4.3,7.7,0.147,-1.2,1.1,-0.2,1.2
Andre Drummond,C,22,DET,2015-16,81,2666,21.2,0.499,0.006,0.553,15.6,34.2,24.5,4.4,2.3,3.2,10.5,24.1,2.0,5.5,7.4,0.133,-2.1,1.6,-0.5,1.0
Andre Drummond,C,23,DET,2016-17,81,2409,20.9,0.518,0.008,0.39,15.1,36.2,25.2,6.0,2.6,3.1,12.5,22.4,1.4,5.3,6.7,0.133,-2.1,2.9,0.9,1.8
Andre Drummond,C,24,DET,2017-18,78,2625,22.9,0.555,0.012,0.448,16.4,36.4,26.2,14.3,2.2,4.3,15.9,21.2,4.6,5.7,10.3,0.189,0.2,5.3,5.5,5.0
Andre Drummond,C,25,DET,2018-19,79,2647,23.4,0.555,0.036,0.392,16.8,34.7,25.4,7.2,2.5,4.4,12.4,22.9,4.1,5.9,10.0,0.181,-0.7,3.6,2.9,3.3
Andre Emmett,SF,29,NJN,2011-12,6,45,13.3,0.618,0.143,1.143,5.0,10.6,7.7,3.6,2.4,1.7,16.0,12.7,0.1,0.0,0.1,0.089,-2.3,-0.7,-2.9,0.0
Andre Iguodala,SF,22,PHI,2005-06,82,3086,14.8,0.598,0.23,0.507,4.4,13.8,9.1,12.9,2.3,0.5,15.4,14.7,4.9,2.6,7.5,0.116,1.2,0.9,2.1,3.2
Andre Iguodala,SG,23,PHI,2006-07,76,3062,18.1,0.562,0.156,0.556,3.0,14.0,8.5,23.8,2.6,0.8,17.5,22.6,4.1,3.6,7.7,0.12,1.9,1.4,3.4,4.1
Andre Iguodala,SF,24,PHI,2007-08,82,3242,19.0,0.543,0.24,0.396,3.1,13.4,8.2,20.3,2.8,1.2,12.5,23.8,5.3,4.4,9.6,0.143,2.9,1.5,4.3,5.2
Andre Iguodala,SF,25,PHI,2008-09,82,3269,18.4,0.56,0.228,0.454,3.3,14.0,8.6,22.4,2.1,0.9,13.9,22.3,5.6,3.5,9.2,0.134,2.8,1.0,3.8,4.8
Andre Iguodala,SF,26,PHI,2009-10,82,3193,17.8,0.535,0.271,0.384,3.0,16.8,9.8,23.7,2.3,1.4,14.3,21.8,4.0,2.8,6.7,0.101,1.9,0.8,2.7,3.8
Andre Iguodala,SF,27,PHI,2010-11,67,2469,17.2,0.53,0.238,0.395,2.8,15.2,9.0,26.4,2.1,1.2,13.4,19.2,3.3,3.5,6.7,0.13,1.5,1.8,3.2,3.2
Andre Iguodala,SF,28,PHI,2011-12,62,2209,17.6,0.537,0.305,0.31,2.8,16.4,9.6,23.7,2.6,1.0,13.8,17.7,3.1,4.2,7.3,0.158,1.7,2.7,4.4,3.6
Andre Iguodala,SG,29,DEN,2012-13,80,2779,15.2,0.52,0.327,0.307,3.4,13.5,8.5,22.4,2.5,1.5,17.1,18.8,2.4,3.2,5.6,0.097,1.4,1.8,3.2,3.7
Andre Iguodala,SF,30,GSW,2013-14,63,2040,13.7,0.57,0.382,0.288,2.9,12.6,7.8,18.2,2.3,0.7,16.2,13.3,2.7,3.1,5.8,0.135,0.5,2.5,3.0,2.6
Andre Iguodala,SF,31,GSW,2014-15,77,2069,12.3,0.553,0.427,0.23,2.4,10.8,6.7,14.6,2.1,0.9,13.9,13.3,2.3,2.8,5.1,0.117,0.1,1.5,1.6,1.9
Andre Iguodala,SF,32,GSW,2015-16,65,1732,12.2,0.565,0.418,0.226,3.4,12.4,8.2,16.3,2.0,0.8,16.3,12.1,2.3,2.1,4.4,0.122,0.3,1.3,1.6,1.6
Andre Iguodala,SF,33,GSW,2016-17,76,1998,14.3,0.624,0.427,0.246,3.0,13.1,8.3,16.7,1.8,1.5,11.2,11.2,4.1,2.9,6.9,0.167,1.3,1.7,3.0,2.5
Andre Iguodala,SF,34,GSW,2017-18,64,1622,11.2,0.536,0.366,0.272,3.7,12.6,8.5,16.2,1.6,1.9,15.8,11.5,1.6,1.6,3.2,0.094,-0.7,0.9,0.2,0.9
Andre Iguodala,SF,35,GSW,2018-19,68,1578,13.1,0.587,0.477,0.222,3.4,13.2,8.5,16.8,1.8,2.7,13.6,10.4,2.4,1.8,4.2,0.129,0.2,1.7,1.9,1.6
Andre Ingram,SG,32,LAL,2017-18,2,64,16.3,0.655,0.529,0.176,1.7,8.3,5.0,15.3,2.2,3.8,14.1,14.1,0.1,0.1,0.2,0.157,0.4,0.9,1.3,0.1
Andre Ingram,SG,33,LAL,2018-19,4,15,-11.9,0.0,0.5,0.0,7.0,6.7,6.9,0.0,3.1,0.0,14.3,19.3,-0.1,0.0,-0.1,-0.408,-16.9,-3.0,-19.9,-0.1
Andre Miller,PG,29,DEN,2005-06,82,2937,16.4,0.532,0.031,0.486,3.7,10.2,7.0,36.2,1.8,0.5,19.5,20.0,3.6,2.6,6.2,0.101,0.7,-0.2,0.5,1.8
Andre Miller,PG,30,TOT,2006-07,80,2966,16.1,0.52,0.039,0.311,3.9,10.1,7.0,34.3,1.9,0.3,17.7,19.2,3.5,2.4,5.9,0.095,0.8,-0.3,0.5,1.9
Andre Miller,PG,30,DEN,2006-07,23,822,16.6,0.526,0.065,0.343,3.5,10.7,7.1,38.7,2.2,0.3,19.7,18.5,1.1,0.8,1.9,0.113,0.7,-0.2,0.4,0.5
Andre Miller,PG,30,PHI,2006-07,57,2144,15.9,0.518,0.029,0.3,4.0,9.8,6.9,32.7,1.8,0.2,16.9,19.4,2.3,1.6,3.9,0.088,0.9,-0.3,0.6,1.4
Andre Miller,PG,31,PHI,2007-08,82,3016,18.4,0.537,0.029,0.288,3.7,9.1,6.4,32.0,1.8,0.2,13.7,22.6,5.7,2.6,8.3,0.131,2.3,-0.6,1.7,2.9
Andre Miller,PG,32,PHI,2008-09,82,2976,18.6,0.548,0.051,0.393,4.9,9.9,7.4,30.2,2.0,0.4,14.0,21.8,6.2,2.5,8.8,0.141,2.8,0.1,2.8,3.6
Andre Miller,PG,33,POR,2009-10,82,2500,18.1,0.53,0.088,0.432,4.0,9.2,6.6,30.3,2.0,0.3,13.8,23.8,4.6,2.4,7.0,0.134,1.9,-0.3,1.6,2.3
Andre Miller,PG,34,POR,2010-11,81,2650,17.8,0.529,0.044,0.346,4.3,9.9,7.0,35.7,2.3,0.4,16.8,20.6,4.6,2.4,7.0,0.127,1.3,-0.2,1.1,2.1
Andre Miller,SG,35,DEN,2011-12,66,1809,14.8,0.51,0.15,0.306,3.5,10.5,7.1,36.5,1.8,0.4,22.0,19.8,1.9,1.0,2.9,0.078,0.2,-1.0,-0.8,0.6
Andre Miller,PG,36,DEN,2012-13,82,2151,15.7,0.548,0.101,0.307,3.2,9.1,6.2,32.2,1.7,0.4,19.3,17.9,3.9,1.5,5.4,0.12,0.9,-1.0,-0.1,1.0
Andre Miller,SG,37,TOT,2013-14,58,982,13.9,0.534,0.091,0.333,3.1,11.7,7.4,29.2,1.7,0.7,18.7,14.5,1.4,0.8,2.2,0.108,-1.3,-0.4,-1.8,0.1
Andre Miller,PG,38,TOT,2014-15,81,1253,13.3,0.548,0.117,0.266,3.4,10.2,6.9,34.5,1.3,0.4,24.3,15.3,1.4,0.8,2.2,0.084,-1.2,-1.8,-3.0,-0.3
Andre Miller,PG,39,TOT,2015-16,39,461,13.4,0.6,0.075,0.302,3.1,9.5,6.4,28.3,1.8,0.0,23.6,15.4,0.6,0.4,1.0,0.1,-1.1,-1.8,-2.9,-0.1
Andre Owens,PG,25,UTA,2005-06,23,210,5.2,0.421,0.216,0.243,6.3,5.8,6.1,6.8,1.3,0.0,13.7,20.9,-0.3,0.1,-0.2,-0.047,-4.8,-3.6,-8.4,-0.3
Andre Owens,PG,27,IND,2007-08,31,392,10.0,0.504,0.374,0.318,3.5,9.6,6.5,17.6,1.6,0.6,16.4,16.1,0.1,0.3,0.4,0.053,-2.3,-1.1,-3.4,-0.1
Andre Roberson,SG,22,OKC,2013-14,40,399,9.0,0.518,0.191,0.147,10.7,15.6,13.3,5.2,2.4,2.0,20.8,10.1,0.2,0.6,0.8,0.099,-2.2,1.9,-0.3,0.2
Andre Roberson,SG,23,OKC,2014-15,67,1286,9.1,0.513,0.423,0.239,5.1,16.0,10.6,7.4,2.1,1.8,17.2,9.0,0.5,1.6,2.1,0.079,-1.8,2.1,0.3,0.7
Andre Roberson,SG,24,OKC,2015-16,70,1553,10.2,0.566,0.376,0.197,5.9,11.4,8.8,4.0,1.7,2.0,10.5,9.1,1.8,1.6,3.4,0.105,0.0,1.3,1.4,1.3
Andre Roberson,SF,25,OKC,2016-17,79,2376,9.6,0.51,0.397,0.24,4.6,14.2,9.4,4.6,1.9,2.7,9.1,10.1,1.1,3.1,4.2,0.085,-2.1,2.1,0.0,1.2
Andre Roberson,SG,26,OKC,2017-18,39,1037,10.9,0.543,0.222,0.235,7.8,12.2,9.9,6.0,2.2,3.1,14.4,8.6,0.8,1.3,2.2,0.1,-1.3,2.8,1.5,0.9
Andrea Bargnani,PF,21,TOR,2006-07,65,1629,12.8,0.546,0.429,0.227,3.7,14.8,9.2,5.1,1.0,2.5,13.5,22.6,0.2,1.7,1.9,0.057,-1.1,-0.7,-1.7,0.1
Andrea Bargnani,PF,22,TOR,2007-08,78,1861,10.6,0.495,0.36,0.233,3.2,15.2,9.2,7.4,0.7,1.6,9.9,22.5,-0.3,1.6,1.4,0.036,-1.9,-1.2,-3.0,-0.5
Andrea Bargnani,PF,23,TOR,2008-09,78,2453,14.6,0.559,0.304,0.278,3.4,16.4,10.0,6.4,0.7,3.1,11.2,22.7,1.8,2.0,3.9,0.076,-0.4,-0.5,-0.8,0.7
Andrea Bargnani,PF,24,TOR,2009-10,80,2799,15.5,0.552,0.284,0.205,4.6,15.9,10.4,5.4,0.5,3.0,8.8,22.3,3.3,0.9,4.2,0.072,0.7,-1.5,-0.8,0.8
Andrea Bargnani,C,25,TOR,2010-11,66,2353,16.4,0.533,0.19,0.298,3.6,13.9,8.6,8.8,0.7,1.5,10.3,28.2,2.2,0.3,2.5,0.052,0.2,-2.9,-2.7,-0.4
Andrea Bargnani,C,26,TOR,2011-12,31,1032,17.9,0.538,0.238,0.357,2.8,16.6,9.8,11.6,0.9,1.2,11.0,28.7,1.3,0.9,2.2,0.104,0.8,-1.5,-0.8,0.3
Andrea Bargnani,PF,27,TOR,2012-13,35,1003,11.2,0.482,0.289,0.181,3.0,12.3,7.6,6.6,1.1,1.8,10.5,23.8,-0.5,0.6,0.1,0.007,-2.5,-1.8,-4.3,-0.6
Andrea Bargnani,C,28,NYK,2013-14,42,1257,14.5,0.51,0.215,0.203,6.3,14.7,10.4,6.1,0.6,3.7,9.6,22.4,0.8,0.7,1.5,0.058,-1.4,-1.0,-2.4,-0.1
Andrea Bargnani,C,29,NYK,2014-15,29,785,16.6,0.527,0.114,0.296,4.6,14.4,9.3,11.3,0.1,2.9,9.3,26.4,0.8,0.2,0.9,0.058,-1.0,-2.7,-3.7,-0.3
Andrea Bargnani,C,30,BRK,2015-16,46,634,11.8,0.5,0.057,0.204,4.9,12.4,8.6,4.8,0.3,1.1,7.9,23.2,0.1,0.0,0.2,0.013,-3.7,-4.2,-7.9,-0.9
Andreas Glyniadakis,C,25,SEA,2006-07,13,81,-3.3,0.475,0.0,0.118,2.9,9.0,5.9,1.8,0.0,0.0,33.5,15.1,-0.2,0.0,-0.2,-0.143,-8.9,-3.2,-12.1,-0.2
Andrei Kirilenko,SF,24,UTA,2005-06,69,2604,20.7,0.556,0.16,0.678,7.4,18.4,12.9,20.5,2.1,7.0,17.6,20.5,3.6,4.3,7.9,0.145,1.5,4.9,6.4,5.5
Andrei Kirilenko,SF,25,UTA,2006-07,70,2049,14.3,0.558,0.179,0.572,5.2,14.3,9.8,14.5,1.9,5.8,20.5,14.4,1.6,2.9,4.4,0.104,-0.5,4.4,4.0,3.1
Andrei Kirilenko,SF,26,UTA,2007-08,72,2217,17.2,0.603,0.213,0.472,6.7,11.9,9.3,18.2,2.0,4.0,17.6,16.1,4.3,2.8,7.1,0.154,2.4,3.0,5.4,4.1
Andrei Kirilenko,PF,27,UTA,2008-09,67,1831,16.8,0.549,0.128,0.546,5.5,15.3,10.4,14.7,2.3,3.3,14.6,20.3,2.0,2.6,4.6,0.122,-0.2,2.5,2.4,2.0
Andrei Kirilenko,SF,28,UTA,2009-10,58,1681,18.2,0.588,0.185,0.485,5.5,12.9,9.3,14.0,2.5,3.4,11.9,17.7,3.3,2.7,6.0,0.171,1.6,2.9,4.5,2.8
Andrei Kirilenko,SF,29,UTA,2010-11,64,1999,16.6,0.567,0.181,0.498,6.0,13.8,9.9,14.9,2.1,3.0,15.0,17.8,2.9,1.7,4.5,0.109,0.8,1.3,2.2,2.1
Andrei Kirilenko,SF,31,MIN,2012-13,64,2034,17.6,0.59,0.214,0.446,5.6,15.1,10.2,14.4,2.4,2.4,15.1,17.4,3.4,2.6,6.0,0.142,1.4,2.8,4.2,3.2
Andrei Kirilenko,PF,32,BRK,2013-14,45,857,12.4,0.532,0.031,0.744,7.7,12.7,10.2,13.1,2.5,1.9,20.3,14.6,0.4,0.9,1.3,0.07,-1.9,1.9,0.1,0.4
Andrei Kirilenko,SF,33,BRK,2014-15,7,36,2.8,0.222,0.0,0.8,6.2,18.6,12.5,3.6,1.4,0.0,12.9,9.8,-0.1,0.0,0.0,-0.058,-8.1,-0.2,-8.3,-0.1
Andrew Bogut,PF,21,MIL,2005-06,82,2348,15.2,0.555,0.005,0.32,9.4,19.8,14.5,13.4,1.1,2.3,15.3,15.9,3.1,2.4,5.5,0.113,-0.2,2.0,1.8,2.3
Andrew Bogut,C,22,MIL,2006-07,66,2258,15.5,0.566,0.008,0.308,8.7,21.9,15.2,13.9,1.1,1.2,17.4,17.3,2.6,1.4,4.0,0.085,-0.1,0.7,0.5,1.4
Andrew Bogut,C,23,MIL,2007-08,78,2720,17.5,0.532,0.008,0.354,10.2,23.4,16.5,12.4,1.2,3.9,14.1,20.2,2.6,2.3,4.8,0.085,-0.5,1.7,1.2,2.2
Andrew Bogut,C,24,MIL,2008-09,36,1124,16.2,0.586,0.0,0.309,11.8,27.7,19.4,10.7,1.1,2.7,19.3,17.8,1.0,1.6,2.6,0.112,-0.9,2.6,1.7,1.0
Andrew Bogut,C,25,MIL,2009-10,69,2229,20.7,0.54,0.002,0.26,10.1,26.4,17.9,10.3,0.9,6.2,11.4,23.3,2.6,4.8,7.5,0.161,-0.9,4.3,3.4,3.0
Andrew Bogut,C,26,MIL,2010-11,65,2297,16.7,0.496,0.005,0.292,9.8,27.1,18.3,10.4,1.1,5.8,13.0,19.6,0.3,5.1,5.4,0.112,-2.6,5.0,2.4,2.6
Andrew Bogut,C,27,MIL,2011-12,12,364,14.9,0.465,0.007,0.169,6.5,24.3,15.1,13.7,1.7,5.0,14.1,20.6,-0.1,0.6,0.5,0.062,-3.2,3.2,0.0,0.2
Andrew Bogut,C,28,GSW,2012-13,32,786,13.8,0.463,0.005,0.207,9.8,24.1,17.2,12.5,1.3,5.5,14.8,13.4,0.4,1.4,1.7,0.106,-2.5,4.8,2.3,0.9
Andrew Bogut,C,29,GSW,2013-14,67,1769,17.0,0.61,0.0,0.171,11.4,29.7,20.7,9.3,1.3,5.2,19.4,12.4,2.4,4.0,6.5,0.176,-1.2,5.6,4.4,2.8
Andrew Bogut,C,30,GSW,2014-15,67,1583,15.8,0.565,0.0,0.118,9.9,26.5,18.5,15.4,1.2,5.3,22.1,13.2,1.9,3.4,5.2,0.159,-1.4,5.5,4.1,2.4
Andrew Bogut,C,31,GSW,2015-16,70,1451,15.9,0.623,0.004,0.179,9.5,26.0,18.3,14.8,1.1,5.8,21.6,11.4,2.6,2.9,5.4,0.18,-0.6,5.1,4.5,2.4
Andrew Bogut,C,32,TOT,2016-17,27,583,9.3,0.46,0.012,0.136,10.6,33.9,21.7,12.3,1.2,3.9,33.4,10.4,-0.3,1.0,0.7,0.055,-5.6,5.3,-0.3,0.3
Andrew Bogut,C,33,LAL,2017-18,24,216,10.9,0.696,0.0,0.08,12.9,25.4,19.2,9.1,0.9,4.9,42.3,8.8,0.1,0.3,0.4,0.094,-3.6,3.6,0.0,0.1
Andrew Bogut,C,34,GSW,2018-19,11,134,13.4,0.523,0.0,0.083,10.0,32.8,21.9,10.6,1.1,5.0,17.7,14.5,0.1,0.2,0.3,0.111,-4.3,3.1,-1.3,0.0
Andrew Bynum,C,18,LAL,2005-06,46,338,7.4,0.394,0.0,0.329,11.9,16.0,13.9,4.1,0.6,5.0,15.3,15.0,-0.4,0.4,0.1,0.007,-6.3,0.5,-5.8,-0.3
Andrew Bynum,C,19,LAL,2006-07,82,1793,15.4,0.593,0.007,0.483,9.2,22.3,15.8,8.2,0.3,5.4,17.6,16.3,2.3,1.9,4.2,0.112,-2.0,1.5,-0.5,0.7
Andrew Bynum,C,20,LAL,2007-08,35,1008,22.6,0.659,0.0,0.397,12.1,26.6,19.6,9.6,0.6,5.1,13.0,17.5,3.0,1.8,4.8,0.23,1.7,2.7,4.5,1.6
Andrew Bynum,C,21,LAL,2008-09,50,1446,20.0,0.598,0.0,0.428,10.8,20.1,15.6,7.7,0.6,4.8,12.5,20.7,3.2,2.3,5.5,0.184,0.2,1.6,1.9,1.4
Andrew Bynum,C,22,LAL,2009-10,65,1977,20.2,0.608,0.001,0.379,10.1,20.4,15.3,5.8,0.9,3.6,12.5,20.8,4.4,3.4,7.8,0.188,0.2,1.3,1.4,1.7
Andrew Bynum,C,23,LAL,2010-11,54,1500,21.1,0.606,0.0,0.506,13.3,24.7,19.2,7.7,0.7,5.4,12.8,17.6,3.8,2.8,6.6,0.21,0.5,2.8,3.3,2.0
Andrew Bynum,C,24,LAL,2011-12,60,2112,22.9,0.594,0.006,0.425,10.6,26.1,18.7,7.4,0.7,4.0,13.9,23.8,4.8,3.3,8.0,0.183,0.7,1.2,1.8,2.0
Andrew Bynum,C,26,TOT,2013-14,26,516,15.2,0.456,0.0,0.218,11.4,20.3,15.8,9.7,0.6,4.7,12.1,24.3,-0.2,0.6,0.4,0.038,-4.1,0.6,-3.4,-0.2
Andrew Goudelock,SG,23,LAL,2011-12,40,419,8.4,0.488,0.431,0.069,1.4,6.6,4.1,8.0,0.5,0.0,10.5,21.9,0.0,0.1,0.1,0.011,-2.3,-4.3,-6.6,-0.5
Andrew Goudelock,SG,24,LAL,2012-13,1,6,-6.4,0.0,0.0,0.0,18.9,0.0,9.2,0.0,0.0,0.0,0.0,14.8,0.0,0.0,0.0,-0.264,-12.2,-5.8,-18.0,0.0
Andrew Goudelock,PG,27,HOU,2015-16,8,50,12.4,0.506,0.45,0.2,2.2,2.2,2.2,13.3,5.9,3.3,24.3,24.8,-0.1,0.1,0.0,-0.033,-4.1,0.6,-3.6,0.0
Andrew Harrison,PG,22,MEM,2016-17,72,1474,8.7,0.477,0.433,0.539,1.7,9.0,5.3,20.0,1.9,1.4,16.0,16.4,0.0,1.5,1.6,0.051,-2.4,0.0,-2.4,-0.2
Andrew Harrison,PG,23,MEM,2017-18,56,1326,12.7,0.534,0.331,0.371,2.0,9.7,5.7,21.3,1.4,1.8,14.0,19.6,1.0,0.7,1.7,0.062,-0.9,-1.5,-2.5,-0.2
Andrew Harrison,PG,24,TOT,2018-19,17,187,5.8,0.443,0.472,0.34,3.4,8.5,5.8,17.1,1.1,0.9,16.5,16.8,-0.1,0.0,-0.1,-0.027,-3.8,-2.7,-6.6,-0.2
Andrew Harrison,PG,24,MEM,2018-19,1,5,4.6,0.5,0.5,0.0,0.0,0.0,0.0,0.0,0.0,0.0,0.0,17.9,0.0,0.0,0.0,-0.013,-4.1,-6.2,-10.3,0.0
Andrew Harrison,PG,24,CLE,2018-19,10,144,6.6,0.467,0.359,0.41,3.0,8.9,5.8,16.3,1.4,1.2,17.8,17.0,-0.1,0.0,-0.1,-0.022,-4.0,-2.2,-6.2,-0.2
Andrew Harrison,PG,24,NOP,2018-19,6,38,3.1,0.349,0.833,0.167,5.5,8.1,6.8,22.3,0.0,0.0,13.4,16.1,0.0,0.0,0.0,-0.051,-3.1,-4.3,-7.4,-0.1
Andrew Nicholson,PF,23,ORL,2012-13,75,1249,15.1,0.557,0.0,0.193,6.2,17.1,11.7,6.1,1.0,2.0,13.0,22.1,0.9,0.8,1.7,0.065,-2.8,-1.6,-4.4,-0.8
Andrew Nicholson,PF,24,ORL,2013-14,76,1174,9.9,0.489,0.212,0.136,5.1,19.5,12.3,3.5,0.8,1.5,10.3,19.3,-0.4,1.0,0.6,0.025,-4.7,-2.0,-6.7,-1.4
Andrew Nicholson,PF,25,ORL,2014-15,40,492,10.3,0.483,0.216,0.132,3.8,15.2,9.4,7.3,0.6,2.0,10.7,20.8,-0.2,0.3,0.1,0.007,-4.0,-2.1,-6.2,-0.5
Andrew Nicholson,PF,26,ORL,2015-16,56,823,14.8,0.567,0.368,0.21,4.5,22.8,13.5,4.8,0.6,2.2,10.8,20.4,0.8,0.8,1.6,0.092,-1.7,-2.0,-3.7,-0.4
Andrew Nicholson,PF,27,TOT,2016-17,38,342,5.9,0.427,0.243,0.126,4.9,14.6,9.8,4.1,2.3,1.5,12.7,17.0,-0.5,0.4,-0.1,-0.019,-5.9,-0.5,-6.4,-0.4
Andrew White,SF,24,ATL,2017-18,15,209,5.8,0.461,0.671,0.055,2.1,16.0,9.1,4.3,0.7,0.4,9.7,17.3,-0.2,0.1,-0.1,-0.034,-4.2,-2.9,-7.1,-0.3
Andrew Wiggins,SF,19,MIN,2014-15,82,2969,13.9,0.517,0.111,0.41,5.0,9.5,7.2,9.8,1.5,1.3,11.7,22.6,2.1,0.0,2.1,0.034,-0.5,-1.8,-2.3,-0.2
Andrew Wiggins,SF,20,MIN,2015-16,81,2845,16.5,0.543,0.147,0.437,4.3,7.5,5.9,10.1,1.4,1.3,10.6,27.2,3.4,0.7,4.1,0.069,0.4,-2.5,-2.1,-0.1
Andrew Wiggins,SF,21,MIN,2016-17,82,3048,16.5,0.534,0.184,0.345,3.8,8.8,6.3,10.6,1.4,0.8,9.4,29.0,3.3,0.9,4.2,0.066,0.2,-2.9,-2.7,-0.6
Andrew Wiggins,SF,22,MIN,2017-18,82,2979,13.0,0.505,0.26,0.242,3.1,10.8,6.9,8.2,1.5,1.5,8.8,23.4,0.5,1.6,2.1,0.034,-1.1,-1.4,-2.5,-0.4
Andrew Wiggins,SF,23,MIN,2018-19,73,2543,12.4,0.493,0.288,0.245,3.5,11.4,7.4,10.9,1.3,1.6,9.3,24.4,-0.6,1.3,0.6,0.012,-1.7,-1.3,-2.9,-0.6
Andris Biedriņš,C,19,GSW,2005-06,68,1000,13.6,0.595,0.0,0.389,13.5,18.2,15.8,3.9,1.2,3.5,13.6,11.2,1.6,1.3,2.9,0.137,-1.5,1.7,0.2,0.6
Andris Biedriņš,C,20,GSW,2006-07,82,2382,16.2,0.598,0.0,0.287,11.3,24.0,17.5,5.4,1.4,4.3,15.4,13.8,3.5,3.3,6.7,0.136,-1.1,2.5,1.4,2.1
Andris Biedriņš,C,21,GSW,2007-08,76,2078,19.2,0.637,0.0,0.344,12.7,26.2,19.1,5.2,1.3,3.3,12.0,14.4,5.4,2.6,8.0,0.185,0.6,1.2,1.8,2.0
Andris Biedriņš,C,22,GSW,2008-09,62,1863,19.1,0.585,0.002,0.405,13.0,27.4,20.2,10.0,1.7,3.6,14.9,16.9,3.3,2.1,5.4,0.139,0.6,1.9,2.6,2.1
Andris Biedriņš,C,23,GSW,2009-10,33,763,13.0,0.561,0.0,0.182,9.1,29.0,18.9,10.1,1.3,4.1,17.8,10.1,0.7,0.9,1.6,0.101,-2.3,3.0,0.7,0.5
Andris Biedriņš,C,24,GSW,2010-11,59,1397,12.1,0.526,0.0,0.117,11.5,23.3,17.3,6.0,1.9,2.8,16.9,10.6,1.1,1.5,2.6,0.088,-2.3,1.9,-0.3,0.6
Andris Biedriņš,C,25,GSW,2011-12,47,739,8.8,0.581,0.0,0.141,6.9,20.0,13.5,3.0,1.6,4.7,17.1,5.1,0.6,0.7,1.3,0.085,-3.1,2.9,-0.2,0.3
Andris Biedriņš,C,26,GSW,2012-13,53,495,7.7,0.449,0.0,0.619,7.8,25.7,17.0,3.7,1.5,6.6,34.4,3.7,0.1,1.0,1.1,0.102,-5.0,5.7,0.7,0.3
Andris Biedriņš,C,27,UTA,2013-14,6,45,2.4,0.412,0.0,6.0,5.0,39.7,21.8,0.0,0.0,0.0,35.5,5.7,-0.1,0.0,0.0,-0.033,-10.7,-4.3,-15.0,-0.1
Andrés Nocioni,PF,26,CHI,2005-06,82,2239,16.1,0.567,0.286,0.291,4.6,21.0,12.8,9.0,0.9,1.8,11.3,21.3,3.3,3.4,6.7,0.144,0.2,0.8,1.0,1.7
Andrés Nocioni,PF,27,CHI,2006-07,53,1406,15.6,0.578,0.358,0.248,3.4,20.9,12.2,7.0,1.0,1.3,13.8,23.8,1.4,2.6,4.1,0.139,-0.4,-0.2,-0.6,0.5
Andrés Nocioni,SF,28,CHI,2007-08,82,2021,13.6,0.549,0.395,0.277,2.6,17.0,9.5,8.3,0.6,1.7,11.9,24.5,1.5,1.8,3.3,0.077,-0.3,-2.1,-2.4,-0.2
Andrés Nocioni,PF,29,TOT,2008-09,76,1991,12.2,0.555,0.444,0.261,3.1,17.8,10.5,8.3,1.0,1.2,12.6,20.1,1.4,1.4,2.8,0.068,-0.4,-1.6,-2.0,0.0
Andrés Nocioni,PF,29,CHI,2008-09,53,1278,11.4,0.547,0.465,0.276,3.1,16.8,9.9,7.4,1.0,0.9,12.7,20.1,0.8,1.1,1.9,0.072,-0.5,-1.7,-2.2,-0.1
Andrés Nocioni,SF,29,SAC,2008-09,23,713,13.6,0.568,0.405,0.234,3.3,19.6,11.4,9.9,0.9,1.8,12.6,20.0,0.6,0.3,0.9,0.06,-0.2,-1.5,-1.7,0.1
Andrés Nocioni,SF,30,SAC,2009-10,75,1477,11.1,0.504,0.424,0.169,2.5,14.9,8.6,8.0,1.1,1.3,9.6,20.9,0.4,1.0,1.3,0.044,-1.5,-1.9,-3.4,-0.5
Andrés Nocioni,SF,31,PHI,2010-11,54,931,10.1,0.538,0.426,0.22,2.4,18.6,10.5,7.4,0.8,1.2,13.4,17.4,0.2,1.1,1.3,0.067,-2.3,-0.6,-3.0,-0.2
Andrés Nocioni,SF,32,PHI,2011-12,11,56,1.8,0.342,0.3,0.55,2.0,25.9,13.9,2.6,1.0,1.3,16.8,25.0,-0.3,0.1,-0.2,-0.139,-11.8,-2.7,-14.5,-0.2
Andy Rautins,SG,24,NYK,2010-11,5,24,-1.2,0.508,0.571,0.286,0.0,4.8,2.4,18.7,2.1,0.0,47.0,27.5,-0.2,0.0,-0.2,-0.314,-11.6,-4.3,-16.0,-0.1
Anfernee Hardaway,SF,34,NYK,2005-06,4,72,2.0,0.336,0.071,0.143,0.0,17.1,8.4,17.0,1.5,0.0,28.7,13.1,-0.2,0.0,-0.2,-0.101,-7.5,-0.3,-7.8,-0.1
Anfernee Hardaway,SF,36,MIA,2007-08,16,325,9.0,0.469,0.317,0.15,1.1,12.0,6.5,16.8,3.1,0.2,16.9,11.2,-0.1,0.3,0.2,0.036,-3.5,0.8,-2.7,-0.1
Anfernee Simons,SG,19,POR,2018-19,20,141,11.1,0.535,0.46,0.254,2.3,7.4,4.9,13.7,0.3,0.0,13.6,24.3,0.0,0.0,0.1,0.02,-1.6,-4.7,-6.3,-0.2
Antawn Jamison,SF,29,WAS,2005-06,82,3288,17.7,0.518,0.25,0.199,5.7,21.8,13.5,8.7,1.4,0.3,7.8,23.9,4.9,3.2,8.2,0.119,1.0,-1.0,0.0,1.6
Antawn Jamison,PF,30,WAS,2006-07,70,2662,18.4,0.545,0.333,0.27,5.6,19.0,12.1,8.8,1.5,1.0,7.5,22.8,5.2,1.6,6.8,0.123,2.4,-1.5,0.9,1.9
Antawn Jamison,PF,31,WAS,2007-08,79,3061,20.3,0.525,0.25,0.309,8.0,23.3,15.4,7.2,1.9,0.9,6.6,25.9,6.0,3.2,9.2,0.144,1.8,-1.4,0.3,1.8
Antawn Jamison,PF,32,WAS,2008-09,81,3096,20.6,0.549,0.221,0.314,7.2,20.5,13.7,9.1,1.6,0.7,7.1,25.9,6.6,1.6,8.1,0.126,2.8,-2.1,0.7,2.1
Antawn Jamison,PF,33,TOT,2009-10,66,2406,17.3,0.529,0.238,0.29,6.6,20.1,13.4,6.1,1.5,0.7,7.2,23.9,3.0,2.8,5.8,0.115,0.6,-1.1,-0.5,0.9
Antawn Jamison,PF,34,CLE,2010-11,56,1842,16.8,0.516,0.3,0.267,5.2,18.5,11.7,9.6,1.4,1.2,7.3,26.0,1.5,1.1,2.6,0.067,0.8,-1.7,-0.9,0.5
Antawn Jamison,PF,35,CLE,2011-12,65,2151,16.1,0.481,0.256,0.26,6.3,15.7,10.8,11.9,1.2,1.5,7.2,26.2,2.1,1.0,3.1,0.07,0.7,-1.8,-1.1,0.5
Antawn Jamison,PF,36,LAL,2012-13,76,1636,15.3,0.561,0.405,0.237,7.5,16.6,12.2,5.0,0.9,1.0,7.7,18.7,3.0,1.3,4.3,0.126,0.7,-1.8,-1.1,0.4
Antawn Jamison,PF,37,LAC,2013-14,22,248,7.8,0.408,0.446,0.272,4.2,19.9,12.3,4.1,1.8,0.9,6.4,19.6,-0.3,0.4,0.1,0.019,-4.6,-1.4,-6.0,-0.2
Ante Žižić,C,21,CLE,2017-18,32,214,24.2,0.746,0.0,0.433,12.8,18.6,15.7,3.8,0.5,5.2,12.1,18.8,0.9,0.2,1.0,0.231,1.3,-1.2,0.1,0.1
Ante Žižić,C,22,CLE,2018-19,59,1082,16.2,0.59,0.0,0.399,10.6,22.8,16.4,7.7,0.6,1.8,13.6,18.2,1.7,0.3,2.0,0.087,-1.7,-1.4,-3.1,-0.3
Anthony Bennett,PF,20,CLE,2013-14,52,663,6.9,0.425,0.236,0.307,8.1,18.4,13.1,4.0,1.6,1.0,15.5,20.3,-1.1,0.7,-0.4,-0.028,-5.8,-1.5,-7.3,-0.9
Anthony Bennett,PF,21,MIN,2014-15,57,894,11.4,0.458,0.077,0.215,6.5,21.6,13.8,8.7,1.5,1.4,10.0,17.8,-0.1,0.4,0.3,0.017,-3.6,-1.2,-4.8,-0.6
Anthony Bennett,PF,22,TOR,2015-16,19,84,10.4,0.446,0.519,0.37,8.3,22.8,15.7,0.0,3.1,0.0,11.3,19.2,0.0,0.1,0.1,0.054,-4.8,-4.6,-9.4,-0.2
Anthony Bennett,PF,23,BRK,2016-17,23,264,14.7,0.533,0.522,0.391,10.2,21.0,15.6,7.1,0.9,0.9,10.0,19.4,0.3,0.2,0.5,0.09,-0.8,-2.2,-3.0,-0.1
Anthony Brown,SF,23,LAL,2015-16,29,599,4.9,0.427,0.556,0.159,1.6,11.3,6.3,4.8,1.2,0.7,10.0,11.0,-0.4,0.1,-0.3,-0.024,-4.0,-1.1,-5.0,-0.5
Anthony Brown,SF,24,TOT,2016-17,11,159,7.2,0.43,0.54,0.0,5.3,16.9,11.0,7.6,1.5,0.5,10.7,15.6,-0.2,0.2,0.0,0.001,-3.8,-0.2,-4.0,-0.1
Anthony Brown,SF,25,MIN,2017-18,1,4,41.9,1.5,1.0,0.0,0.0,0.0,0.0,41.7,0.0,0.0,0.0,11.1,0.0,0.0,0.0,0.571,17.1,-15.0,2.1,0.0
Anthony Carter,PG,30,MIN,2005-06,45,589,10.6,0.465,0.109,0.401,1.9,10.5,6.3,26.9,2.2,1.2,19.9,16.2,-0.1,0.7,0.6,0.047,-3.6,-0.3,-3.8,-0.3
Anthony Carter,PG,31,DEN,2006-07,2,37,3.3,0.375,0.25,0.0,0.0,9.0,4.6,41.4,0.0,1.9,42.9,16.2,-0.1,0.0,-0.1,-0.115,-9.2,-4.0,-13.2,-0.1
Anthony Carter,PG,32,DEN,2007-08,70,1960,12.8,0.531,0.271,0.179,1.5,9.4,5.5,27.4,2.6,1.0,19.5,13.8,1.6,2.2,3.8,0.092,-0.7,0.1,-0.6,0.7
Anthony Carter,PG,33,DEN,2008-09,78,1787,10.8,0.49,0.228,0.202,2.7,10.4,6.7,29.9,2.7,0.6,26.9,14.3,-0.3,2.1,1.8,0.047,-2.2,0.3,-1.8,0.1
Anthony Carter,PG,34,DEN,2009-10,54,859,10.3,0.482,0.348,0.072,2.3,9.6,6.0,26.6,2.3,1.1,23.7,12.6,0.1,0.8,0.9,0.051,-2.0,-0.2,-2.2,0.0
Anthony Carter,PG,35,TOT,2010-11,33,463,9.2,0.502,0.377,0.075,1.7,10.9,6.3,21.3,2.9,1.0,26.3,14.3,-0.2,0.4,0.2,0.023,-2.8,0.1,-2.8,-0.1
Anthony Carter,PG,36,TOR,2011-12,24,209,8.7,0.409,0.321,0.189,2.8,15.5,9.3,25.9,2.1,1.6,22.8,16.8,-0.3,0.3,0.0,0.001,-4.2,0.9,-3.3,-0.1
Anthony Davis,PF,19,NOH,2012-13,64,1846,21.7,0.559,0.009,0.333,10.5,23.5,16.8,6.1,2.2,5.1,10.3,21.8,3.7,2.4,6.1,0.159,0.5,1.9,2.3,2.0
Anthony Davis,PF,20,NOP,2013-14,67,2358,26.5,0.582,0.009,0.438,10.0,23.3,16.6,8.0,2.0,6.7,8.3,25.2,7.2,3.2,10.4,0.212,2.3,2.2,4.5,3.9
Anthony Davis,PF,21,NOP,2014-15,68,2455,30.8,0.591,0.01,0.384,8.0,24.1,16.1,11.6,2.1,6.2,6.3,27.8,9.9,4.2,14.0,0.274,4.2,3.0,7.1,5.7
Anthony Davis,C,22,NOP,2015-16,61,2164,25.0,0.559,0.095,0.379,6.4,26.4,16.1,10.0,1.8,4.7,8.4,29.6,4.4,2.8,7.2,0.16,1.0,1.2,2.2,2.3
Anthony Davis,C,23,NOP,2016-17,75,2708,27.5,0.58,0.088,0.424,6.7,27.9,17.2,11.1,1.7,5.1,9.1,32.6,5.9,5.1,11.0,0.195,1.4,2.3,3.7,3.9
Anthony Davis,PF,24,NOP,2017-18,75,2727,28.9,0.612,0.111,0.409,7.7,24.8,16.5,10.8,2.0,5.6,8.6,30.0,8.8,4.9,13.7,0.241,2.8,2.3,5.2,4.9
Anthony Davis,C,25,NOP,2018-19,56,1850,30.3,0.597,0.141,0.422,9.9,27.5,18.8,19.0,2.2,6.0,8.4,29.5,6.4,3.1,9.5,0.247,4.7,3.9,8.5,4.9
Anthony Goldwire,PG,34,LAC,2005-06,3,22,-5.5,0.143,0.286,0.0,0.0,5.1,2.6,12.8,0.0,0.0,12.5,16.8,-0.1,0.0,-0.1,-0.245,-11.7,-3.8,-15.5,-0.1
Anthony Grundy,SG,26,ATL,2005-06,12,108,16.6,0.589,0.395,0.368,1.1,18.3,9.5,14.7,3.4,0.0,16.9,22.4,0.1,0.1,0.2,0.095,0.1,-1.8,-1.7,0.0
Anthony Johnson,PG,31,IND,2005-06,75,1981,14.2,0.52,0.257,0.234,1.9,7.7,4.9,28.6,1.7,0.8,14.7,18.3,2.2,2.3,4.5,0.108,0.0,-0.3,-0.3,0.9
Anthony Johnson,PG,32,TOT,2006-07,67,1301,9.9,0.48,0.213,0.178,2.1,7.3,4.7,24.9,1.4,0.2,17.0,15.8,0.4,0.8,1.2,0.045,-1.9,-2.2,-4.1,-0.7
Anthony Johnson,PG,32,DAL,2006-07,40,562,9.3,0.479,0.199,0.199,2.9,7.3,5.1,21.2,1.5,0.1,16.3,15.7,0.2,0.6,0.8,0.07,-1.8,-0.9,-2.7,-0.1
Anthony Johnson,PG,32,ATL,2006-07,27,739,10.3,0.481,0.223,0.162,1.4,7.3,4.3,27.7,1.2,0.2,17.6,15.9,0.2,0.2,0.4,0.026,-2.0,-3.1,-5.1,-0.6
Anthony Johnson,PG,33,TOT,2007-08,69,1531,11.2,0.517,0.262,0.121,1.7,8.7,5.2,26.3,1.8,0.4,18.3,13.5,1.1,0.9,2.0,0.061,-1.3,-1.7,-3.0,-0.4
Anthony Johnson,PG,33,ATL,2007-08,42,1121,12.0,0.503,0.236,0.12,1.8,8.4,5.1,27.9,2.0,0.5,15.1,13.4,1.1,0.7,1.8,0.077,-0.8,-1.5,-2.3,-0.1
Anthony Johnson,PG,33,SAC,2007-08,27,410,8.9,0.56,0.341,0.125,1.5,9.6,5.6,21.9,1.2,0.2,26.8,13.8,0.0,0.1,0.2,0.02,-2.6,-2.4,-5.0,-0.3
Anthony Johnson,PG,34,ORL,2008-09,80,1481,10.3,0.505,0.349,0.213,2.3,8.8,5.6,21.2,1.6,0.2,16.4,15.5,0.7,2.1,2.8,0.091,-1.8,0.5,-1.3,0.3
Anthony Johnson,PG,35,ORL,2009-10,31,406,12.4,0.543,0.351,0.18,2.4,11.0,6.8,24.2,1.4,0.2,17.8,16.7,0.5,0.5,1.0,0.116,-0.6,-0.2,-0.8,0.1
Anthony Morrow,SG,23,GSW,2008-09,67,1515,14.7,0.588,0.345,0.172,5.6,8.7,7.1,8.2,1.2,0.5,8.3,17.7,3.0,0.0,3.0,0.096,1.9,-2.9,-1.0,0.4
Anthony Morrow,SG,24,GSW,2009-10,69,2018,14.0,0.597,0.437,0.162,3.3,11.1,7.1,7.6,1.5,0.6,10.0,17.8,3.0,0.6,3.5,0.084,1.4,-1.9,-0.5,0.7
Anthony Morrow,SG,25,NJN,2010-11,58,1856,12.1,0.573,0.419,0.173,2.3,8.8,5.5,6.3,0.5,0.3,7.5,18.0,2.6,0.4,3.0,0.078,1.1,-2.3,-1.2,0.4
Anthony Morrow,SG,26,NJN,2011-12,62,1636,13.1,0.531,0.435,0.158,2.1,7.0,4.5,6.8,1.5,0.4,9.0,21.6,1.7,0.0,1.7,0.051,0.4,-3.4,-3.0,-0.4
Anthony Morrow,SG,27,TOT,2012-13,41,383,12.0,0.53,0.297,0.152,3.3,5.6,4.5,5.6,1.8,0.2,4.9,19.6,0.4,0.3,0.7,0.084,-1.1,-2.8,-3.9,-0.2
Anthony Morrow,SG,28,NOP,2013-14,76,1426,13.9,0.57,0.375,0.167,2.3,9.2,5.7,6.7,1.4,0.7,8.4,19.4,2.1,0.3,2.4,0.081,0.8,-3.1,-2.4,-0.1
Anthony Morrow,SG,29,OKC,2014-15,74,1806,14.8,0.604,0.528,0.145,2.4,9.1,5.8,5.2,1.5,0.5,5.5,16.5,4.4,1.2,5.7,0.151,2.4,-1.8,0.6,1.2
Anthony Morrow,SG,30,OKC,2015-16,68,926,10.7,0.543,0.613,0.117,1.2,5.8,3.6,3.7,1.2,0.4,4.6,16.9,1.4,0.5,1.9,0.097,0.5,-3.2,-2.7,-0.2
Anthony Morrow,SG,31,TOT,2016-17,49,714,10.1,0.505,0.528,0.147,1.9,2.9,2.4,5.2,1.7,0.2,2.2,16.4,0.7,0.5,1.2,0.083,-1.2,-3.1,-4.3,-0.4
Anthony Parker,SG,31,TOR,2006-07,73,2437,14.5,0.597,0.38,0.23,2.9,10.9,6.8,9.9,1.6,0.3,8.6,15.7,4.4,2.1,6.5,0.127,2.1,0.4,2.5,2.8
Anthony Parker,SG,32,TOR,2007-08,82,2634,14.4,0.58,0.367,0.151,2.2,12.9,7.5,10.8,1.6,0.5,9.0,17.4,3.8,2.5,6.2,0.113,1.8,0.4,2.2,2.8
Anthony Parker,SG,33,TOR,2008-09,80,2637,12.1,0.524,0.32,0.192,2.0,12.0,7.1,15.7,2.0,0.4,12.2,16.3,1.4,2.0,3.4,0.063,0.0,0.6,0.6,1.7
Anthony Parker,SG,34,CLE,2009-10,81,2289,9.9,0.576,0.549,0.2,1.6,10.0,6.0,9.9,1.4,0.6,12.1,12.0,2.3,2.6,4.9,0.103,0.2,0.6,0.8,1.6
Anthony Parker,SF,35,CLE,2010-11,72,2091,10.5,0.505,0.411,0.172,1.8,10.5,6.0,16.7,1.7,0.4,11.9,14.6,0.9,0.6,1.5,0.034,-0.8,-0.7,-1.6,0.2
Anthony Parker,SF,36,CLE,2011-12,51,1280,10.9,0.523,0.423,0.172,0.9,11.8,6.1,15.7,1.6,0.4,12.5,14.1,1.0,0.4,1.4,0.052,-0.8,-1.1,-2.0,0.0
Anthony Randolph,PF,19,GSW,2008-09,63,1129,16.9,0.506,0.009,0.327,12.4,22.6,17.5,6.8,1.8,4.5,14.0,21.7,0.4,1.2,1.6,0.069,-2.8,0.3,-2.5,-0.1
Anthony Randolph,C,20,GSW,2009-10,33,749,18.7,0.521,0.016,0.44,10.7,21.4,16.0,8.5,1.8,4.9,11.7,23.9,0.7,0.8,1.5,0.098,-2.2,0.8,-1.4,0.1
Anthony Randolph,C,21,TOT,2010-11,40,590,16.2,0.505,0.015,0.326,8.0,22.7,15.2,9.8,1.9,3.1,14.9,25.8,-0.2,0.6,0.5,0.038,-3.5,-0.1,-3.6,-0.2
Anthony Randolph,PF,22,MIN,2011-12,34,517,17.6,0.532,0.005,0.42,9.0,17.5,13.2,6.6,1.3,4.8,14.4,23.8,0.5,0.6,1.1,0.099,-2.6,1.0,-1.5,0.1
Anthony Randolph,PF,23,DEN,2012-13,39,329,15.6,0.534,0.07,0.395,10.1,22.1,16.2,5.5,2.9,5.0,21.7,22.5,-0.1,0.6,0.5,0.073,-3.8,2.3,-1.5,0.0
Anthony Randolph,PF,24,DEN,2013-14,43,527,12.2,0.499,0.347,0.392,4.1,21.0,12.5,9.1,2.4,2.7,15.9,19.8,-0.1,0.7,0.6,0.055,-3.1,1.3,-1.8,0.0
Anthony Roberson,PG,22,MEM,2005-06,16,88,11.7,0.549,0.323,0.065,0.0,8.2,4.1,10.7,0.6,0.0,8.6,19.3,0.1,0.1,0.2,0.088,-2.0,-3.5,-5.5,-0.1
Anthony Roberson,PG,23,GSW,2006-07,20,227,11.4,0.527,0.529,0.029,0.9,9.4,5.1,7.0,2.6,0.0,11.0,22.2,0.0,0.2,0.1,0.031,-1.2,-2.9,-4.1,-0.1
Anthony Roberson,PG,25,TOT,2008-09,29,276,11.4,0.487,0.675,0.042,2.4,6.6,4.4,11.3,1.8,0.3,6.1,20.6,0.1,0.1,0.2,0.041,0.1,-3.4,-3.4,-0.1
Anthony Roberson,PG,25,NYK,2008-09,23,253,11.8,0.509,0.689,0.049,1.7,4.9,3.2,11.7,2.0,0.3,6.2,19.3,0.2,0.1,0.3,0.057,0.5,-3.1,-2.5,0.0
Anthony Roberson,PG,25,CHI,2008-09,6,23,8.0,0.353,0.588,0.0,10.0,24.8,17.4,7.7,0.0,0.0,5.6,34.9,-0.1,0.0,-0.1,-0.136,-4.7,-7.6,-12.4,-0.1
Anthony Tolliver,PF,23,SAS,2008-09,19,208,7.6,0.375,0.631,0.154,7.0,16.4,11.7,12.1,1.3,0.4,9.2,17.8,-0.3,0.3,0.0,0.01,-3.1,-0.1,-3.2,-0.1
Anthony Tolliver,PF,24,TOT,2009-10,46,1427,13.6,0.531,0.339,0.298,6.5,18.7,12.5,8.6,1.1,1.7,8.3,16.6,1.7,0.8,2.5,0.084,0.0,-0.5,-0.5,0.6
Anthony Tolliver,SF,25,MIN,2010-11,65,1362,13.3,0.585,0.367,0.419,7.3,17.0,12.0,8.9,1.0,1.6,11.7,13.1,2.6,0.7,3.3,0.115,0.5,-0.1,0.4,0.8
Anthony Tolliver,SF,26,MIN,2011-12,51,882,8.3,0.504,0.555,0.302,6.2,13.0,9.6,3.8,1.0,1.5,14.5,12.2,0.3,0.6,0.9,0.049,-1.7,0.2,-1.5,0.1
Anthony Tolliver,SF,27,ATL,2012-13,62,963,8.4,0.531,0.616,0.236,3.7,14.5,9.2,4.8,0.8,1.0,13.1,13.2,0.3,0.9,1.2,0.059,-2.5,-0.8,-3.3,-0.3
Anthony Tolliver,PF,28,CHA,2013-14,64,1298,11.0,0.605,0.805,0.134,2.9,11.8,7.3,5.0,0.8,0.9,6.6,12.4,1.9,1.3,3.2,0.117,0.8,-0.5,0.3,0.8
Anthony Tolliver,PF,29,TOT,2014-15,76,1432,11.1,0.569,0.738,0.176,3.7,14.5,9.0,6.3,0.9,0.9,10.8,14.7,1.8,0.9,2.7,0.092,0.5,-1.1,-0.6,0.5
Anthony Tolliver,PF,30,DET,2015-16,72,1341,10.2,0.543,0.819,0.142,3.1,16.1,9.3,5.6,1.0,0.9,7.4,12.4,1.5,1.3,2.8,0.1,0.0,0.0,0.0,0.7
Anthony Tolliver,PF,31,SAC,2016-17,65,1477,11.1,0.595,0.655,0.234,4.0,14.4,9.3,7.7,1.2,1.2,12.6,13.6,1.5,0.8,2.3,0.075,0.2,-0.7,-0.4,0.6
Anthony Tolliver,PF,32,DET,2017-18,79,1757,13.9,0.663,0.773,0.282,3.1,12.3,7.6,7.5,0.9,1.1,9.9,14.8,3.8,1.5,5.3,0.146,2.3,-0.8,1.5,1.5
Anthony Tolliver,PF,33,MIN,2018-19,65,1079,8.6,0.571,0.83,0.232,1.5,16.2,8.8,5.5,0.8,1.7,11.2,12.5,0.6,0.5,1.2,0.052,-1.2,-1.0,-2.2,-0.1
Antoine Walker,PF,29,MIA,2005-06,82,2199,14.4,0.524,0.427,0.144,5.8,16.3,11.3,12.8,1.1,1.0,13.6,23.2,1.1,2.5,3.6,0.08,0.6,-0.6,0.0,1.1
Antoine Walker,PF,30,MIA,2006-07,78,1818,9.6,0.462,0.457,0.157,6.1,15.7,11.0,12.1,1.4,0.7,16.5,22.3,-2.3,2.0,-0.3,-0.007,-2.5,-0.7,-3.1,-0.5
Antoine Walker,PF,31,MIN,2007-08,46,892,11.4,0.455,0.501,0.176,7.1,15.0,10.9,8.0,1.9,0.7,10.2,22.8,-0.5,0.5,0.1,0.004,-0.8,-2.1,-2.9,-0.2
Antoine Wright,SG,21,NJN,2005-06,39,370,0.7,0.386,0.185,0.272,2.5,7.1,4.8,5.2,0.6,0.7,18.8,14.2,-0.8,0.3,-0.5,-0.062,-8.2,-0.8,-9.0,-0.7
Antoine Wright,SG,22,NJN,2006-07,63,1137,8.1,0.5,0.235,0.291,4.0,14.1,9.1,7.6,1.4,0.7,13.2,13.4,0.0,1.1,1.2,0.049,-3.5,0.1,-3.4,-0.4
Antoine Wright,SG,23,TOT,2007-08,56,1232,8.4,0.488,0.334,0.204,3.8,10.0,6.9,10.5,1.2,1.3,12.2,15.2,0.0,0.8,0.8,0.029,-2.4,-0.4,-2.8,-0.2
Antoine Wright,SG,23,NJN,2007-08,41,1056,8.3,0.477,0.352,0.202,3.8,9.9,6.9,10.4,1.3,1.3,11.1,15.2,-0.1,0.6,0.5,0.025,-2.4,-0.4,-2.8,-0.2
Antoine Wright,SG,23,DAL,2007-08,15,176,9.0,0.566,0.214,0.214,3.4,10.8,7.2,11.4,0.6,1.7,19.3,15.1,0.0,0.2,0.2,0.056,-2.4,-0.3,-2.6,0.0
Antoine Wright,SF,24,DAL,2008-09,65,1552,8.6,0.501,0.346,0.22,2.3,7.7,5.0,7.4,1.6,1.3,10.3,15.6,0.3,1.2,1.4,0.044,-1.6,-0.1,-1.7,0.1
Antoine Wright,SF,25,TOR,2009-10,67,1392,8.6,0.502,0.434,0.193,3.3,12.6,8.1,7.4,1.1,0.6,11.8,16.1,0.1,0.2,0.3,0.011,-1.0,-1.7,-2.7,-0.3
Antoine Wright,SG,26,SAC,2010-11,7,31,-4.8,0.125,0.5,0.0,7.2,3.8,5.5,0.0,1.6,0.0,11.1,12.6,-0.1,0.0,-0.1,-0.179,-9.4,-3.1,-12.5,-0.1
Antonio Anderson,SF,24,OKC,2009-10,1,15,-1.7,0.333,0.0,0.0,7.9,0.0,3.8,0.0,0.0,0.0,25.0,12.0,0.0,0.0,0.0,-0.104,-8.2,-3.1,-11.4,0.0
Antonio Blakeney,SG,21,CHI,2017-18,19,314,10.1,0.471,0.364,0.273,1.3,10.3,5.6,10.1,1.1,0.3,6.4,23.7,-0.2,0.1,0.0,-0.006,-3.2,-3.6,-6.8,-0.4
Antonio Blakeney,SG,22,CHI,2018-19,57,829,10.6,0.487,0.23,0.192,0.9,13.1,6.9,8.2,0.7,0.9,7.5,24.5,-0.8,0.3,-0.5,-0.03,-4.7,-3.7,-8.4,-1.3
Antonio Burks,PG,25,MEM,2005-06,57,570,5.1,0.367,0.042,0.16,0.9,7.0,3.9,22.1,2.0,0.0,18.9,16.2,-1.1,0.7,-0.4,-0.033,-6.9,-1.3,-8.2,-0.9
Antonio Daniels,SG,30,WAS,2005-06,80,2283,13.7,0.55,0.184,0.611,0.9,8.0,4.4,19.2,1.2,0.3,11.3,15.4,4.3,0.9,5.3,0.111,0.1,-1.6,-1.5,0.3
Antonio Daniels,SG,31,WAS,2006-07,80,1761,15.0,0.572,0.162,0.643,1.1,8.9,4.9,24.3,1.1,0.4,12.1,14.2,4.1,0.2,4.3,0.116,0.3,-2.8,-2.6,-0.2
Antonio Daniels,PG,32,WAS,2007-08,71,2161,13.7,0.549,0.166,0.49,1.2,10.0,5.5,24.0,1.7,0.1,14.3,13.5,3.5,1.0,4.5,0.099,0.0,-1.2,-1.2,0.4
Antonio Daniels,PG,33,TOT,2008-09,74,1021,12.1,0.536,0.254,0.424,0.6,8.5,4.5,26.9,1.4,0.1,18.1,15.9,0.9,0.6,1.5,0.068,-2.2,-2.8,-5.0,-0.8
Antonio Daniels,PG,33,WAS,2008-09,13,288,10.8,0.554,0.244,0.733,0.0,9.2,4.5,23.4,1.3,0.0,17.9,11.5,0.3,0.0,0.3,0.053,-2.1,-3.1,-5.2,-0.2
Antonio Daniels,PG,33,NOH,2008-09,61,733,12.6,0.531,0.257,0.351,0.8,8.2,4.5,28.3,1.4,0.1,18.2,17.7,0.6,0.6,1.1,0.074,-2.2,-2.7,-4.9,-0.5
Antonio Daniels,PG,35,PHI,2010-11,4,35,6.7,0.51,0.4,0.4,0.0,16.5,8.2,7.9,0.0,0.0,14.5,9.1,0.0,0.0,0.0,0.044,-4.9,-1.1,-6.0,0.0
Antonio Davis,PF,37,TOT,2005-06,44,940,8.3,0.479,0.005,0.426,11.5,15.5,13.5,3.5,1.3,0.9,18.4,13.4,0.0,0.4,0.3,0.017,-2.8,-0.7,-3.6,-0.4
Antonio Davis,PF,37,NYK,2005-06,36,749,8.9,0.487,0.006,0.384,12.0,15.9,14.0,3.0,1.4,1.0,18.8,13.8,0.0,0.3,0.4,0.024,-2.6,-0.7,-3.3,-0.2
Antonio Davis,C,37,TOR,2005-06,8,191,5.9,0.44,0.0,0.645,9.2,14.0,11.5,5.4,0.8,0.4,16.7,11.6,-0.1,0.0,0.0,-0.011,-3.5,-1.1,-4.6,-0.1
Antonio McDyess,PF,31,DET,2005-06,82,1733,15.5,0.52,0.004,0.218,10.6,19.4,15.0,8.8,1.5,2.0,11.0,18.9,1.9,2.8,4.6,0.128,-1.2,1.2,0.0,0.9
Antonio McDyess,PF,32,DET,2006-07,82,1729,18.1,0.552,0.0,0.257,11.3,22.7,17.0,7.2,1.9,2.9,11.1,18.6,2.8,3.2,6.0,0.168,-0.4,1.8,1.5,1.5
Antonio McDyess,PF,33,DET,2007-08,78,2285,14.1,0.511,0.003,0.26,10.6,24.3,17.4,6.2,1.5,1.8,10.1,15.3,2.4,4.3,6.7,0.141,-1.3,2.4,1.1,1.8
Antonio McDyess,PF,34,DET,2008-09,62,1866,16.6,0.529,0.0,0.164,11.6,27.2,19.3,7.3,1.2,2.1,8.3,15.7,2.8,2.8,5.6,0.144,-0.7,1.8,1.1,1.5
Antonio McDyess,PF,35,SAS,2009-10,77,1617,12.2,0.492,0.005,0.133,11.0,21.8,16.5,7.7,1.4,1.4,14.8,15.1,0.6,2.6,3.2,0.094,-2.5,2.1,-0.4,0.7
Antonio McDyess,PF,36,SAS,2010-11,73,1387,12.8,0.516,0.003,0.224,10.5,22.3,16.5,9.0,1.3,2.0,16.0,14.9,1.0,2.1,3.0,0.105,-2.2,2.2,0.0,0.7
Antonius Cleveland,SG,23,TOT,2017-18,17,123,4.5,0.486,0.19,0.286,2.7,10.2,6.3,2.2,2.8,3.6,22.8,11.1,-0.2,0.2,0.0,-0.006,-6.7,2.2,-4.5,-0.1
Archie Goodwin,SG,19,PHO,2013-14,52,533,10.3,0.507,0.216,0.329,5.3,13.0,9.2,5.7,1.9,1.6,18.7,19.4,-0.3,0.5,0.2,0.018,-3.9,-0.4,-4.3,-0.3
Archie Goodwin,SG,20,PHO,2014-15,41,535,11.2,0.486,0.204,0.413,5.5,9.7,7.6,12.6,1.7,1.3,16.8,23.4,-0.2,0.4,0.2,0.014,-3.3,-1.2,-4.5,-0.3
Archie Goodwin,PG,21,PHO,2015-16,57,1114,11.1,0.498,0.235,0.457,2.6,11.5,6.9,17.2,1.2,1.0,16.5,23.2,-0.4,0.5,0.1,0.004,-2.9,-1.7,-4.6,-0.7
Archie Goodwin,SG,22,TOT,2016-17,15,214,18.7,0.651,0.227,0.636,3.5,10.3,6.9,18.5,0.9,1.8,14.2,19.8,0.6,0.1,0.7,0.153,0.6,-1.7,-1.1,0.0
Arinze Onuaku,PF,26,TOT,2013-14,5,30,3.8,0.255,0.0,0.4,7.6,23.5,15.4,13.5,0.0,0.0,14.5,10.4,0.0,0.0,0.0,-0.044,-6.8,-1.6,-8.4,0.0
Arinze Onuaku,C,27,MIN,2014-15,6,68,22.8,0.771,0.0,0.571,11.4,24.3,17.7,10.2,0.7,3.5,10.2,12.7,0.2,0.0,0.3,0.197,2.5,-0.2,2.3,0.1
Arinze Onuaku,C,29,ORL,2016-17,8,28,5.8,0.5,0.0,0.0,7.6,16.0,11.7,9.9,0.0,2.9,33.3,9.4,0.0,0.0,0.0,-0.005,-6.5,0.7,-5.9,0.0
Armon Johnson,PG,21,POR,2010-11,38,277,9.3,0.497,0.119,0.218,4.7,11.5,7.9,28.1,1.0,0.3,25.6,25.1,-0.4,0.2,-0.3,-0.044,-4.4,-2.4,-6.8,-0.3
Armon Johnson,PG,22,TOT,2011-12,9,124,12.9,0.515,0.07,0.14,0.9,11.6,6.1,16.1,2.1,0.0,11.6,19.1,0.1,0.0,0.1,0.05,-2.6,-2.4,-5.0,-0.1
Arnett Moultrie,PF,22,PHI,2012-13,47,542,16.7,0.595,0.0,0.209,15.4,14.8,15.1,2.9,1.7,1.4,11.5,14.1,1.1,0.6,1.7,0.149,-0.7,-0.9,-1.7,0.0
Arnett Moultrie,PF,23,PHI,2013-14,12,187,6.7,0.448,0.0,0.132,6.1,14.4,10.1,1.5,2.1,1.7,14.8,10.7,-0.1,0.1,0.0,0.007,-6.4,-0.5,-7.0,-0.2
Aron Baynes,C,26,SAS,2012-13,16,141,8.8,0.521,0.028,0.333,10.4,15.5,13.1,5.2,0.4,3.1,21.0,17.1,0.0,0.2,0.1,0.05,-4.7,0.4,-4.3,-0.1
Aron Baynes,C,27,SAS,2013-14,53,491,9.7,0.467,0.0,0.129,13.6,19.4,16.6,9.9,0.2,0.7,17.3,19.2,-0.1,0.6,0.6,0.055,-3.7,-0.3,-4.0,-0.2
Aron Baynes,C,28,SAS,2014-15,70,1122,15.9,0.618,0.012,0.318,11.2,20.7,16.1,4.9,0.7,1.5,14.8,17.8,2.3,1.6,3.9,0.166,-0.7,-0.2,-1.0,0.3
Aron Baynes,C,29,DET,2015-16,81,1233,17.8,0.563,0.005,0.43,11.9,22.5,17.0,6.6,0.9,3.2,12.8,18.5,2.4,1.7,4.1,0.158,-1.3,1.1,-0.2,0.6
Aron Baynes,C,30,DET,2016-17,75,1163,13.1,0.57,0.0,0.337,10.0,21.6,15.6,3.9,0.7,2.8,13.5,14.1,1.4,1.5,3.0,0.123,-2.9,1.1,-1.8,0.1
Aron Baynes,C,31,BOS,2017-18,81,1485,12.0,0.502,0.047,0.175,9.7,22.1,16.0,9.6,0.7,2.9,14.3,16.8,0.5,2.5,3.0,0.097,-3.8,2.1,-1.7,0.1
Aron Baynes,C,32,BOS,2018-19,51,821,14.0,0.567,0.274,0.278,11.4,19.8,15.6,9.3,0.7,3.7,13.8,15.2,1.3,1.1,2.4,0.139,-1.2,1.4,0.2,0.5
Arron Afflalo,SG,22,DET,2007-08,75,970,10.2,0.494,0.199,0.361,4.4,12.5,8.4,8.1,1.8,0.7,10.9,15.2,0.5,1.4,1.9,0.092,-2.3,0.6,-1.6,0.1
Arron Afflalo,SG,23,DET,2008-09,74,1234,8.9,0.548,0.357,0.237,2.8,10.1,6.4,5.5,1.3,0.8,11.5,14.5,0.8,1.0,1.8,0.069,-1.7,-0.7,-2.4,-0.1
Arron Afflalo,SG,24,DEN,2009-10,82,2221,10.9,0.576,0.426,0.168,3.1,9.9,6.5,9.3,1.0,1.0,10.5,14.0,2.8,1.4,4.3,0.092,0.8,-0.5,0.3,1.3
Arron Afflalo,SG,25,DEN,2010-11,69,2324,13.6,0.62,0.396,0.26,2.3,9.9,6.2,10.9,0.7,1.0,9.2,14.8,4.8,1.4,6.2,0.128,2.4,-0.2,2.1,2.4
Arron Afflalo,SG,26,DEN,2011-12,62,2086,14.7,0.584,0.316,0.353,2.3,8.5,5.5,11.1,0.9,0.5,9.5,19.1,4.7,0.6,5.3,0.121,2.5,-1.6,0.8,1.5
Arron Afflalo,SF,27,ORL,2012-13,64,2307,13.0,0.527,0.265,0.246,1.4,10.3,5.8,14.6,0.9,0.4,12.1,22.5,1.5,0.5,2.0,0.042,-0.3,-2.0,-2.3,-0.2
Arron Afflalo,SG,28,ORL,2013-14,73,2552,16.0,0.574,0.297,0.332,1.4,10.2,5.8,16.9,0.7,0.1,11.2,23.3,4.3,1.0,5.3,0.099,1.7,-2.3,-0.6,0.9
Arron Afflalo,SG,29,TOT,2014-15,78,2502,10.7,0.533,0.377,0.224,1.1,9.7,5.3,8.2,0.8,0.2,10.7,19.0,1.6,1.0,2.6,0.05,-0.5,-1.3,-1.8,0.1
Arron Afflalo,SG,30,NYK,2015-16,71,2371,10.9,0.531,0.298,0.164,1.1,11.0,6.1,9.9,0.5,0.3,8.7,17.9,1.8,0.9,2.7,0.055,-0.6,-1.8,-2.4,-0.2
Arron Afflalo,SG,31,SAC,2016-17,61,1580,8.9,0.559,0.36,0.221,0.7,8.4,4.6,7.4,0.7,0.3,8.4,14.4,1.2,0.2,1.4,0.043,-1.4,-2.1,-3.5,-0.6
Arron Afflalo,SG,32,ORL,2017-18,53,682,5.8,0.516,0.432,0.16,0.6,10.1,5.3,6.2,0.3,1.1,10.8,12.5,-0.1,0.2,0.1,0.009,-4.1,-1.8,-5.8,-0.7
Arvydas Macijauskas,SG,26,NOK,2005-06,19,135,8.3,0.462,0.293,0.366,2.6,6.3,4.4,6.1,2.8,0.0,14.4,19.2,-0.1,0.1,0.0,-0.001,-3.8,-1.5,-5.3,-0.1
Austin Croshere,PF,30,IND,2005-06,50,1148,15.2,0.618,0.491,0.358,6.4,19.8,13.3,9.1,1.0,0.4,12.7,15.3,2.5,1.7,4.1,0.173,1.3,0.6,2.0,1.2
Austin Croshere,PF,31,DAL,2006-07,61,727,10.9,0.463,0.41,0.234,5.6,24.8,15.4,9.2,1.0,0.6,11.9,17.8,0.1,1.1,1.3,0.083,-2.4,0.0,-2.4,-0.1
Austin Croshere,PF,32,GSW,2007-08,44,457,13.2,0.573,0.445,0.234,7.4,17.3,12.2,9.0,0.9,1.0,12.7,16.0,0.8,0.3,1.1,0.112,-0.1,-1.6,-1.7,0.0
Austin Croshere,PF,33,TOT,2008-09,14,100,14.2,0.452,0.385,0.308,12.7,28.1,20.1,14.4,0.5,0.8,11.9,23.0,0.0,0.1,0.1,0.052,-1.8,-1.0,-2.9,0.0
Austin Croshere,PF,33,MIL,2008-09,11,77,17.2,0.517,0.367,0.367,10.3,27.3,18.4,12.9,0.7,1.1,10.3,22.6,0.1,0.1,0.2,0.117,-0.2,-1.3,-1.5,0.0
Austin Croshere,PF,33,SAS,2008-09,3,23,4.3,0.212,0.444,0.111,21.0,30.7,25.9,19.3,0.0,0.0,17.5,24.1,-0.1,0.0,-0.1,-0.166,-7.4,-0.1,-7.5,0.0
Austin Daye,SF,21,DET,2009-10,69,915,12.8,0.546,0.322,0.19,4.2,19.8,11.5,6.3,1.5,2.4,13.1,18.5,0.6,0.7,1.3,0.067,-1.9,-0.8,-2.7,-0.2
Austin Daye,SF,22,DET,2010-11,72,1446,13.0,0.518,0.365,0.229,5.2,18.6,11.6,8.5,1.5,2.2,10.2,18.6,1.2,0.9,2.1,0.07,-0.6,-0.7,-1.3,0.3
Austin Daye,SF,23,DET,2011-12,41,603,7.1,0.394,0.273,0.189,2.7,15.8,9.0,9.2,2.0,2.8,14.0,21.9,-1.3,0.6,-0.6,-0.05,-5.6,-0.3,-5.9,-0.6
Austin Daye,SF,24,TOT,2012-13,55,676,12.9,0.554,0.471,0.163,2.7,18.8,10.6,10.1,1.1,2.6,11.5,17.1,0.8,0.9,1.6,0.117,-0.8,0.1,-0.7,0.2
Austin Daye,SF,25,TOT,2013-14,22,148,11.0,0.456,0.544,0.147,3.9,16.4,10.4,8.2,1.4,2.0,6.5,23.7,-0.1,0.2,0.1,0.047,-1.8,-1.4,-3.2,0.0
Austin Daye,SF,26,TOT,2014-15,34,344,8.2,0.449,0.504,0.043,3.4,21.0,12.4,7.5,1.8,1.1,13.8,22.1,-0.6,0.5,0.0,-0.001,-4.4,-1.0,-5.4,-0.3
Austin Rivers,SG,20,NOH,2012-13,61,1418,5.9,0.431,0.221,0.277,1.3,8.0,4.6,13.9,1.0,0.5,14.5,16.8,-1.2,0.1,-1.1,-0.038,-3.6,-2.0,-5.6,-1.3
Austin Rivers,PG,21,NOP,2013-14,69,1339,11.6,0.482,0.209,0.365,2.2,9.1,5.6,18.7,1.8,0.6,12.3,21.3,0.2,0.4,0.6,0.023,-1.5,-2.5,-3.9,-0.7
Austin Rivers,PG,22,TOT,2014-15,76,1563,10.3,0.481,0.264,0.254,2.0,8.9,5.5,14.7,1.6,0.7,10.5,17.9,0.5,1.0,1.5,0.046,-1.7,-1.2,-2.9,-0.4
Austin Rivers,SG,23,LAC,2015-16,67,1464,11.1,0.523,0.359,0.225,1.7,7.9,4.8,10.6,1.6,0.5,9.7,19.4,0.6,1.3,1.9,0.063,-1.2,-1.0,-2.2,-0.1
Austin Rivers,SG,24,LAC,2016-17,74,2054,11.4,0.545,0.409,0.261,1.1,7.5,4.4,15.0,1.2,0.4,12.4,20.3,1.2,1.3,2.5,0.059,-0.1,-1.5,-1.6,0.2
Austin Rivers,SG,25,LAC,2017-18,61,2057,12.6,0.526,0.447,0.198,1.5,6.2,3.9,17.5,1.7,0.6,11.1,20.6,1.4,1.0,2.4,0.056,0.8,-1.7,-0.9,0.6
Austin Rivers,SG,26,TOT,2018-19,76,2028,7.7,0.503,0.572,0.166,1.3,7.5,4.4,11.5,1.1,1.0,10.0,14.5,0.4,0.8,1.2,0.028,-2.0,-1.5,-3.5,-0.7
Austin Rivers,SG,26,WAS,2018-19,29,683,6.8,0.49,0.546,0.237,1.6,9.8,5.6,11.2,1.2,1.2,14.4,15.5,-0.4,0.2,-0.2,-0.014,-3.0,-1.5,-4.6,-0.4
Austin Rivers,SG,26,HOU,2018-19,47,1345,8.2,0.511,0.585,0.13,1.2,6.4,3.7,11.7,1.1,0.8,7.4,13.9,0.8,0.6,1.4,0.05,-1.4,-1.5,-2.9,-0.3
Avery Bradley,PG,20,BOS,2010-11,31,162,2.2,0.36,0.075,0.179,3.2,9.3,6.5,11.9,3.0,0.0,18.1,26.1,-0.8,0.3,-0.5,-0.139,-9.6,0.0,-9.7,-0.3
Avery Bradley,PG,21,BOS,2011-12,64,1368,11.3,0.555,0.134,0.194,3.1,6.7,5.0,10.8,1.7,0.7,14.7,17.9,0.6,1.9,2.4,0.085,-1.6,0.3,-1.3,0.2
Avery Bradley,PG,22,BOS,2012-13,50,1435,8.8,0.461,0.264,0.103,2.5,6.5,4.6,11.6,2.3,1.0,12.6,18.8,-1.3,1.6,0.4,0.012,-2.8,0.2,-2.7,-0.2
Avery Bradley,SG,23,BOS,2013-14,60,1855,12.7,0.51,0.242,0.136,2.9,11.2,6.9,8.1,1.7,0.5,9.9,23.2,0.4,1.4,1.8,0.046,-1.1,-1.4,-2.5,-0.2
Avery Bradley,SG,24,BOS,2014-15,77,2428,11.5,0.507,0.348,0.099,2.0,8.9,5.4,8.9,1.7,0.5,9.4,21.0,0.4,2.1,2.5,0.049,-0.8,-0.9,-1.7,0.2
Avery Bradley,SG,25,BOS,2015-16,76,2536,13.2,0.538,0.399,0.121,2.0,7.3,4.6,9.8,2.2,0.6,9.2,19.8,2.0,2.8,4.8,0.09,0.5,-0.3,0.2,1.4
Avery Bradley,SG,26,BOS,2016-17,55,1835,14.4,0.548,0.357,0.12,4.0,16.2,10.1,11.0,1.8,0.5,9.7,21.9,1.1,2.0,3.1,0.081,-0.2,-0.4,-0.5,0.7
Avery Bradley,SG,27,TOT,2017-18,46,1433,9.6,0.496,0.325,0.131,1.7,7.3,4.5,10.4,1.8,0.5,13.3,23.5,-1.4,1.2,-0.2,-0.007,-2.8,-1.4,-4.2,-0.8
Avery Bradley,SG,28,TOT,2018-19,63,1905,7.6,0.496,0.403,0.082,2.5,7.3,4.9,11.8,1.0,0.7,12.4,16.2,-0.6,1.0,0.3,0.009,-1.7,-1.0,-2.8,-0.4
Avery Bradley,SG,28,LAC,2018-19,49,1463,5.5,0.464,0.41,0.06,2.6,6.7,4.7,8.8,0.9,0.9,12.4,14.2,-1.0,0.6,-0.3,-0.011,-2.4,-0.7,-3.1,-0.4
Avery Bradley,SG,28,MEM,2018-19,14,442,14.5,0.565,0.388,0.133,2.0,9.3,5.6,21.6,1.6,0.0,12.3,22.9,0.3,0.4,0.7,0.074,0.6,-2.1,-1.5,0.1
Awvee Storey,SF,28,WAS,2005-06,25,116,9.2,0.456,0.171,0.341,7.8,14.5,11.0,5.6,1.3,0.7,9.6,20.0,0.0,0.1,0.1,0.039,-3.6,-2.7,-6.3,-0.1
Awvee Storey,SG,30,MIL,2007-08,26,259,11.5,0.452,0.079,0.326,13.5,10.9,12.3,10.1,1.4,0.3,8.9,19.4,0.1,0.0,0.2,0.031,-1.4,-2.6,-4.0,-0.1
Axel Toupane,SF,23,DEN,2015-16,21,305,7.1,0.49,0.571,0.243,2.9,8.5,5.6,7.0,1.2,1.6,7.2,12.0,0.2,0.1,0.3,0.049,-1.7,-1.1,-2.8,-0.1
Axel Toupane,SF,24,TOT,2016-17,4,47,6.2,0.611,0.444,0.0,0.0,2.3,1.1,0.0,1.0,1.7,0.0,8.5,0.0,0.0,0.1,0.061,-2.8,-1.0,-3.8,0.0
B.J. Johnson,SF,23,TOT,2018-19,7,49,12.8,0.609,0.389,0.111,4.2,13.2,8.6,0.0,1.9,0.0,9.6,17.4,0.0,0.0,0.1,0.066,-3.1,-5.4,-8.5,-0.1
B.J. Johnson,SF,23,ATL,2018-19,6,43,14.0,0.622,0.375,0.125,4.8,15.0,9.8,0.0,2.1,0.0,10.6,17.9,0.0,0.0,0.1,0.076,-3.1,-5.4,-8.5,-0.1
B.J. Johnson,SF,23,SAC,2018-19,1,6,3.7,0.5,0.5,0.0,0.0,0.0,0.0,0.0,0.0,0.0,0.0,13.8,0.0,0.0,0.0,-0.008,-3.6,-5.1,-8.7,0.0
Bam Adebayo,C,20,MIA,2017-18,69,1368,15.7,0.57,0.021,0.526,9.7,21.6,15.6,11.0,1.2,2.5,13.6,15.9,2.3,1.9,4.2,0.148,-1.6,1.8,0.2,0.8
Bam Adebayo,C,21,MIA,2018-19,82,1913,17.9,0.623,0.031,0.465,9.2,24.0,16.6,14.2,1.8,3.0,17.1,15.8,3.4,3.4,6.8,0.171,-0.6,3.6,3.0,2.4
Baron Davis,PG,26,GSW,2005-06,54,1971,18.3,0.489,0.376,0.336,2.5,11.1,6.7,42.6,2.3,0.5,13.9,25.9,2.4,2.0,4.4,0.106,3.6,-0.4,3.2,2.6
Baron Davis,PG,27,GSW,2006-07,63,2221,21.0,0.53,0.272,0.358,2.5,11.3,6.8,36.9,2.9,1.0,13.9,26.5,4.1,2.3,6.4,0.139,3.5,0.0,3.4,3.1
Baron Davis,PG,28,GSW,2007-08,82,3196,19.8,0.523,0.344,0.278,3.1,10.1,6.4,29.7,2.9,1.0,11.9,25.6,5.9,2.8,8.7,0.131,3.7,-0.1,3.6,4.5
Baron Davis,PG,29,LAC,2008-09,65,2248,14.5,0.46,0.342,0.219,2.3,10.2,6.1,38.1,2.5,1.2,15.5,25.2,-0.9,1.5,0.6,0.013,0.5,-1.0,-0.5,0.9
Baron Davis,PG,30,LAC,2009-10,75,2523,17.4,0.501,0.292,0.287,2.4,9.9,6.1,39.6,2.6,1.3,15.6,24.3,2.5,2.1,4.5,0.086,2.0,-0.5,1.5,2.3
Baron Davis,PG,31,TOT,2010-11,58,1649,17.0,0.506,0.345,0.189,2.5,8.6,5.5,41.2,2.4,1.3,16.3,24.4,1.5,1.3,2.8,0.081,2.2,-1.5,0.7,1.1
Baron Davis,PG,32,NYK,2011-12,29,595,10.0,0.457,0.462,0.13,2.5,8.4,5.4,36.2,2.9,0.4,28.1,20.4,-0.7,0.8,0.2,0.014,-2.4,-0.9,-3.3,-0.2
Ben Bentil,PF,21,DAL,2016-17,3,10,-17.6,0.0,0.333,0.0,0.0,24.4,11.6,0.0,0.0,0.0,25.0,18.9,-0.1,0.0,-0.1,-0.473,-22.4,-4.5,-26.9,-0.1
Ben Gordon,SG,22,CHI,2005-06,80,2482,14.5,0.531,0.332,0.233,2.0,8.1,5.1,17.3,1.6,0.2,12.4,26.3,1.8,2.6,4.4,0.086,1.2,-1.0,0.2,1.4
Ben Gordon,SG,23,CHI,2006-07,82,2704,18.2,0.572,0.28,0.329,1.5,9.3,5.4,20.1,1.2,0.5,14.0,29.3,4.7,3.9,8.6,0.152,2.6,-1.2,1.4,2.4
Ben Gordon,SG,24,CHI,2007-08,72,2291,16.4,0.558,0.324,0.274,1.9,9.2,5.4,16.9,1.2,0.3,11.1,26.0,3.6,1.4,5.1,0.106,2.4,-2.5,-0.1,1.1
Ben Gordon,SG,25,CHI,2008-09,82,2999,17.0,0.573,0.321,0.29,2.0,8.8,5.4,15.9,1.2,0.5,11.9,25.0,5.2,1.7,6.9,0.11,2.7,-2.2,0.6,1.9
Ben Gordon,SG,26,DET,2009-10,62,1730,14.0,0.534,0.335,0.329,1.7,7.0,4.2,16.7,1.5,0.3,12.9,24.5,1.8,0.4,2.1,0.059,1.0,-3.1,-2.1,-0.1
Ben Gordon,SG,27,DET,2010-11,82,2131,12.4,0.548,0.345,0.208,2.2,9.3,5.6,13.2,1.2,0.6,14.4,21.5,1.3,0.3,1.7,0.037,0.1,-2.6,-2.5,-0.3
Ben Gordon,SG,28,DET,2011-12,52,1398,13.5,0.549,0.277,0.257,1.2,9.5,5.2,16.5,1.3,0.6,16.3,23.3,1.0,0.7,1.7,0.058,0.0,-2.4,-2.4,-0.1
Ben Gordon,SG,29,CHA,2012-13,75,1560,12.7,0.515,0.384,0.167,1.3,8.5,4.8,17.6,1.2,0.8,14.3,27.8,-0.4,-0.2,-0.6,-0.018,-0.4,-4.7,-5.1,-1.2
Ben Gordon,SG,30,CHA,2013-14,19,279,6.4,0.422,0.269,0.194,1.2,9.8,5.5,12.2,1.9,0.6,15.2,22.9,-0.7,0.3,-0.3,-0.058,-5.9,-1.0,-6.8,-0.3
Ben Gordon,SG,31,ORL,2014-15,56,790,10.6,0.538,0.329,0.227,0.8,8.3,4.5,10.3,0.9,0.1,14.5,21.8,0.1,0.2,0.3,0.015,-2.5,-3.6,-6.1,-0.8
Ben Hansbrough,PG,25,IND,2012-13,28,200,7.2,0.501,0.511,0.6,1.1,8.8,5.0,16.1,1.9,0.7,24.0,17.1,-0.1,0.3,0.2,0.044,-4.0,-0.4,-4.4,-0.1
Ben McLemore,SG,20,SAC,2013-14,82,2187,7.7,0.485,0.437,0.211,2.7,9.5,6.1,5.8,1.0,0.7,11.5,16.9,-0.1,0.9,0.8,0.016,-1.8,-1.3,-3.2,-0.6
Ben McLemore,SG,21,SAC,2014-15,82,2670,10.4,0.552,0.471,0.193,1.4,8.6,5.1,8.4,1.5,0.6,13.3,17.2,1.7,0.8,2.5,0.045,0.4,-1.3,-0.8,0.8
Ben McLemore,SG,22,SAC,2015-16,68,1443,8.6,0.531,0.407,0.226,2.6,8.5,5.6,7.9,1.7,0.6,16.5,17.6,-0.4,0.7,0.3,0.01,-2.0,-1.2,-3.2,-0.4
Ben McLemore,SG,23,SAC,2016-17,61,1176,9.8,0.538,0.406,0.222,1.9,10.7,6.3,6.9,1.2,0.5,11.9,20.1,-0.1,0.5,0.4,0.015,-2.2,-2.7,-4.9,-0.9
Ben McLemore,SG,24,MEM,2017-18,56,1091,9.7,0.526,0.426,0.172,3.5,11.4,7.4,7.5,1.8,1.3,13.2,19.0,-0.2,0.7,0.5,0.023,-2.1,-1.4,-3.6,-0.4
Ben McLemore,SG,25,SAC,2018-19,19,158,10.5,0.541,0.641,0.188,1.9,9.4,5.5,3.4,1.8,1.6,6.7,19.4,0.1,0.1,0.2,0.055,-1.1,-2.6,-3.7,-0.1
Ben Moore,PF,22,IND,2017-18,2,9,-2.3,,,,0.0,12.5,6.3,13.1,0.0,0.0,,0.0,0.0,0.0,0.0,0.072,-5.3,0.3,-5.0,0.0
Ben Simmons,PG,21,PHI,2017-18,81,2732,20.0,0.557,0.011,0.342,5.9,19.5,13.0,37.4,2.5,2.1,19.5,22.3,4.2,5.0,9.2,0.162,1.0,3.6,4.6,4.6
Ben Simmons,PG,22,PHI,2018-19,79,2700,20.0,0.582,0.006,0.446,6.9,20.0,13.7,34.2,2.0,1.8,19.3,22.1,4.6,3.6,8.2,0.146,1.4,2.6,4.1,4.1
Ben Uzoh,PG,22,NJN,2010-11,42,438,14.7,0.468,0.056,0.389,7.9,8.6,8.2,26.7,1.6,1.4,12.9,20.5,0.2,0.2,0.5,0.054,-0.9,-0.8,-1.7,0.0
Ben Uzoh,PG,23,TOT,2011-12,18,370,10.9,0.377,0.01,0.192,6.0,15.1,10.6,26.8,2.5,0.7,15.0,16.1,-0.2,0.4,0.2,0.032,-2.8,1.6,-1.2,0.1
Ben Wallace,C,31,DET,2005-06,82,2890,17.5,0.501,0.009,0.637,12.2,25.9,19.0,8.2,2.8,4.6,12.9,11.2,3.3,6.9,10.1,0.168,-0.6,6.4,5.8,5.7
Ben Wallace,C,32,CHI,2006-07,77,2697,14.6,0.456,0.012,0.63,12.9,21.7,17.4,9.9,2.1,4.6,15.7,10.6,1.6,6.6,8.2,0.146,-1.1,6.8,5.7,5.2
Ben Wallace,C,33,TOT,2007-08,72,2205,12.0,0.408,0.011,0.48,11.6,19.6,15.5,6.9,2.1,4.2,13.6,10.0,0.1,3.5,3.6,0.078,-2.9,4.4,1.5,2.0
Ben Wallace,C,33,CHI,2007-08,50,1627,11.8,0.391,0.015,0.461,11.7,19.1,15.3,8.2,2.2,3.8,13.1,10.2,0.0,2.5,2.4,0.072,-2.5,4.7,2.1,1.7
Ben Wallace,PF,33,CLE,2007-08,22,578,12.4,0.463,0.0,0.543,11.3,21.2,16.1,3.3,1.8,5.0,15.2,9.3,0.2,1.0,1.2,0.097,-3.8,3.8,-0.1,0.3
Ben Wallace,PF,34,CLE,2008-09,56,1314,12.2,0.45,0.0,0.413,12.8,19.7,16.4,4.7,2.0,4.5,15.7,7.8,0.8,2.9,3.8,0.138,-2.3,5.3,3.0,1.7
Ben Wallace,C,35,DET,2009-10,69,1975,15.8,0.526,0.007,0.548,14.1,23.1,18.3,8.0,2.4,3.6,15.0,10.0,2.4,2.3,4.7,0.115,-0.1,3.9,3.9,2.9
Ben Wallace,C,36,DET,2010-11,54,1238,12.3,0.442,0.013,0.383,12.2,22.9,17.3,8.1,2.3,3.5,20.2,8.2,0.5,1.4,1.9,0.072,-2.0,3.8,1.8,1.2
Ben Wallace,C,37,DET,2011-12,62,980,10.7,0.398,0.047,0.547,9.6,23.7,16.4,6.4,2.6,4.1,24.2,6.6,-0.1,1.6,1.4,0.07,-3.7,4.5,0.8,0.7
Beno Udrih,PG,23,SAS,2005-06,54,586,15.3,0.539,0.3,0.215,3.7,6.7,5.2,27.3,1.3,0.2,17.2,25.1,0.5,0.8,1.3,0.109,0.3,-2.0,-1.7,0.0
Beno Udrih,PG,24,SAS,2006-07,73,948,10.3,0.459,0.334,0.174,1.5,8.7,5.2,20.6,1.5,0.1,13.1,21.3,-0.3,1.4,1.0,0.053,-2.6,-1.2,-3.8,-0.4
Beno Udrih,PG,25,SAC,2007-08,65,2080,13.3,0.54,0.194,0.208,2.0,10.2,6.2,22.2,1.4,0.4,16.1,19.8,1.5,0.9,2.4,0.056,-0.2,-1.6,-1.7,0.1
Beno Udrih,PG,26,SAC,2008-09,73,2270,12.3,0.525,0.162,0.216,2.4,9.0,5.7,24.7,1.8,0.4,17.2,18.2,1.0,0.2,1.2,0.026,-0.9,-1.9,-2.8,-0.4
Beno Udrih,PG,27,SAC,2009-10,79,2477,15.7,0.566,0.237,0.168,1.7,8.5,5.1,24.1,1.8,0.3,13.1,18.6,4.2,1.3,5.5,0.107,1.6,-1.4,0.2,1.4
Beno Udrih,PG,28,SAC,2010-11,79,2734,15.7,0.587,0.221,0.277,1.7,9.6,5.5,22.1,1.7,0.2,13.2,16.9,5.6,1.6,7.2,0.126,1.8,-0.8,1.0,2.1
Beno Udrih,SG,29,MIL,2011-12,59,1080,13.1,0.488,0.178,0.166,2.6,8.0,5.2,32.2,1.8,0.1,17.8,17.7,0.8,0.6,1.4,0.061,-1.1,-2.4,-3.5,-0.4
Beno Udrih,SG,30,TOT,2012-13,66,1457,14.2,0.516,0.214,0.216,2.5,8.2,5.3,32.3,1.5,0.2,17.2,19.3,1.5,0.7,2.2,0.071,-0.5,-2.6,-3.2,-0.4
Beno Udrih,SG,31,TOT,2013-14,41,643,12.7,0.523,0.236,0.169,1.8,9.2,5.4,28.0,1.9,0.5,19.7,17.2,0.5,0.3,0.8,0.061,-1.4,-2.0,-3.4,-0.2
Beno Udrih,PG,32,MEM,2014-15,79,1494,15.4,0.55,0.192,0.202,1.5,9.4,5.5,24.0,1.6,0.4,13.9,19.6,2.0,1.6,3.6,0.115,0.2,-1.0,-0.8,0.5
Beno Udrih,PG,33,TOT,2015-16,44,707,9.5,0.496,0.222,0.101,1.3,10.0,5.8,24.9,1.0,0.1,20.4,16.7,-0.1,0.5,0.4,0.029,-2.8,-2.0,-4.8,-0.5
Beno Udrih,PG,34,DET,2016-17,39,560,16.2,0.535,0.162,0.173,1.1,10.3,5.6,35.4,1.2,0.0,14.5,19.6,0.8,0.5,1.3,0.113,-0.5,-2.1,-2.5,-0.1
Bernard James,C,27,DAL,2012-13,46,457,14.7,0.541,0.019,0.398,12.9,18.9,16.0,1.9,1.3,6.5,12.9,13.9,0.5,0.7,1.2,0.125,-2.8,1.6,-1.2,0.1
Bernard James,C,28,DAL,2013-14,30,146,8.5,0.503,0.043,0.478,12.0,21.2,16.6,2.8,1.1,4.5,26.4,11.8,0.0,0.2,0.1,0.04,-4.8,1.1,-3.7,-0.1
Bernard James,C,29,DAL,2014-15,16,158,16.0,0.593,0.0,0.852,12.5,14.6,13.5,3.4,0.6,7.7,13.9,12.2,0.4,0.2,0.5,0.165,-1.3,2.9,1.6,0.1
Bernard Robinson,SF,25,CHA,2005-06,66,1303,12.0,0.498,0.058,0.367,5.2,14.9,9.7,9.5,3.2,0.6,14.9,17.0,0.1,1.6,1.7,0.061,-2.7,1.5,-1.3,0.2
Bernard Robinson,SG,26,TOT,2006-07,31,278,7.6,0.413,0.032,0.435,4.1,16.6,10.2,10.2,3.2,0.6,17.8,14.7,-0.3,0.4,0.1,0.01,-5.7,1.6,-4.1,-0.1
Bernard Robinson,SG,26,CHA,2006-07,21,241,6.3,0.4,0.037,0.407,4.3,16.7,10.3,10.5,2.8,0.3,20.1,15.0,-0.4,0.3,-0.1,-0.016,-6.2,1.2,-5.0,-0.2
Bernard Robinson,SF,26,NJN,2006-07,10,37,16.2,0.49,0.0,0.625,3.2,15.8,9.6,8.3,5.7,2.1,0.0,12.8,0.1,0.1,0.1,0.181,-2.4,4.1,1.7,0.0
Billy Garrett,SG,24,NYK,2018-19,4,63,9.8,0.452,0.296,0.148,0.0,5.1,2.5,18.0,0.8,1.3,6.5,20.9,0.0,0.0,0.0,-0.019,-4.0,-4.4,-8.4,-0.1
Billy Thomas,SG,30,WAS,2005-06,17,131,9.8,0.465,0.75,0.05,4.3,8.2,6.2,10.6,4.0,0.6,12.8,16.0,0.0,0.2,0.2,0.063,0.0,0.0,0.0,0.1
Billy Thomas,SF,32,TOT,2007-08,11,42,-1.9,0.391,0.941,0.118,0.0,5.6,2.7,0.0,1.3,0.0,18.3,23.7,-0.2,0.0,-0.1,-0.165,-7.4,-6.1,-13.5,-0.1
Billy Thomas,SF,32,NJN,2007-08,4,8,-10.3,0.258,1.0,0.667,0.0,0.0,0.0,0.0,0.0,0.0,20.5,27.9,-0.1,0.0,-0.1,-0.389,-12.6,-8.3,-20.8,0.0
Billy Thomas,SF,32,CLE,2007-08,7,34,0.1,0.429,0.929,0.0,0.0,6.9,3.4,0.0,1.6,0.0,17.6,22.7,-0.1,0.0,-0.1,-0.112,-6.2,-5.6,-11.8,-0.1
Bismack Biyombo,C,19,CHA,2011-12,63,1455,10.6,0.48,0.0,0.514,8.6,20.8,14.5,3.1,0.7,5.9,17.2,13.1,-0.5,1.1,0.6,0.019,-5.4,1.5,-3.9,-0.7
Bismack Biyombo,C,20,CHA,2012-13,80,2186,10.1,0.472,0.0,0.41,9.9,20.9,15.2,2.5,0.7,5.3,16.7,10.2,0.1,1.3,1.4,0.031,-4.4,1.2,-3.2,-0.7
Bismack Biyombo,C,21,CHA,2013-14,77,1072,13.3,0.606,0.0,0.618,11.0,27.6,19.3,1.1,0.3,6.3,17.9,9.6,1.1,2.1,3.2,0.144,-4.7,2.2,-2.5,-0.1
Bismack Biyombo,C,22,CHO,2014-15,64,1243,15.2,0.578,0.0,0.941,13.7,22.6,18.0,2.0,0.7,6.3,16.5,11.6,1.8,2.2,4.0,0.156,-3.2,2.8,-0.4,0.5
Bismack Biyombo,C,23,TOR,2015-16,82,1808,14.9,0.586,0.003,0.785,11.7,29.5,20.8,2.4,0.5,6.1,15.5,11.5,2.8,3.1,5.9,0.156,-2.4,2.3,-0.1,0.9
Bismack Biyombo,C,24,ORL,2016-17,81,1793,12.2,0.546,0.0,0.69,9.3,25.6,17.2,6.0,0.7,4.1,17.7,13.2,0.8,2.1,2.9,0.077,-4.2,2.0,-2.2,-0.1
Bismack Biyombo,C,25,ORL,2017-18,82,1495,14.1,0.556,0.003,0.446,10.5,24.0,17.2,6.5,0.7,5.1,16.6,14.9,1.1,1.8,2.9,0.094,-3.7,2.1,-1.6,0.2
Bismack Biyombo,C,26,CHO,2018-19,54,783,14.4,0.602,0.0,0.583,11.0,23.3,17.0,5.9,0.7,4.6,14.8,12.7,1.2,0.8,2.0,0.125,-2.5,1.5,-1.1,0.2
Blake Ahearn,PG,23,MIA,2007-08,12,177,9.0,0.495,0.596,0.544,0.7,12.4,6.4,17.2,1.8,0.0,18.5,23.2,-0.1,0.1,0.0,-0.006,-2.8,-2.8,-5.6,-0.2
Blake Ahearn,PG,24,SAS,2008-09,3,19,12.9,0.581,0.667,0.333,0.0,6.2,3.1,16.0,2.9,0.0,12.7,20.1,0.0,0.0,0.1,0.149,0.6,-1.8,-1.1,0.0
Blake Ahearn,PG,27,UTA,2011-12,4,30,-7.3,0.357,0.643,0.0,0.0,7.7,3.8,5.2,0.0,0.0,26.3,28.4,-0.2,0.0,-0.2,-0.315,-10.3,-6.0,-16.3,-0.1
Blake Griffin,PF,21,LAC,2010-11,82,3112,21.9,0.549,0.017,0.505,10.2,26.9,18.6,18.7,1.0,1.1,11.7,27.3,6.5,3.4,9.8,0.152,2.2,0.9,3.2,4.0
Blake Griffin,PF,22,LAC,2011-12,66,2392,23.4,0.557,0.016,0.458,10.7,25.1,17.8,16.6,1.2,1.7,10.9,26.6,6.6,2.6,9.2,0.185,3.1,1.1,4.1,3.7
Blake Griffin,PF,23,LAC,2012-13,80,2598,22.4,0.572,0.026,0.397,8.7,21.5,15.2,19.9,2.0,1.6,12.8,25.4,6.8,3.9,10.6,0.196,2.9,1.9,4.8,4.5
Blake Griffin,PF,24,LAC,2013-14,80,2863,23.9,0.583,0.032,0.496,7.7,21.2,14.7,19.2,1.6,1.4,11.9,29.0,8.1,4.1,12.2,0.205,3.0,1.6,4.6,4.8
Blake Griffin,PF,25,LAC,2014-15,67,2356,22.8,0.551,0.022,0.373,6.1,17.9,12.1,26.2,1.4,1.2,10.2,28.4,6.6,2.4,9.0,0.183,3.1,1.0,4.1,3.6
Blake Griffin,PF,26,LAC,2015-16,35,1170,22.1,0.544,0.03,0.322,4.8,22.3,13.7,27.2,1.2,1.1,10.8,29.8,2.2,1.6,3.8,0.156,1.7,1.6,3.3,1.6
Blake Griffin,PF,27,LAC,2016-17,61,2076,22.6,0.569,0.116,0.434,6.2,20.2,13.4,24.5,1.4,0.9,10.9,28.0,5.4,2.4,7.7,0.179,3.2,1.3,4.4,3.4
Blake Griffin,PF,28,TOT,2017-18,58,1970,19.6,0.544,0.323,0.331,4.1,19.8,12.0,28.1,1.0,0.8,12.6,28.9,3.2,1.8,4.9,0.12,2.9,-0.1,2.8,2.4
Blake Griffin,PF,29,DET,2018-19,75,2622,21.0,0.581,0.389,0.41,4.0,20.1,11.8,27.1,1.0,0.9,13.8,30.2,5.1,2.9,8.0,0.147,4.2,0.4,4.6,4.4
Bo Outlaw,PF,34,ORL,2005-06,32,355,11.8,0.61,0.0,0.138,11.1,15.6,13.4,6.2,1.5,2.7,21.7,10.5,0.4,0.4,0.7,0.101,-1.1,1.4,0.4,0.2
Bo Outlaw,PF,35,ORL,2006-07,41,460,11.4,0.667,0.0,0.431,12.9,15.5,14.2,5.3,2.0,1.1,25.7,8.2,0.6,0.6,1.2,0.126,-0.2,1.7,1.5,0.4
Bo Outlaw,PF,36,ORL,2007-08,2,7,8.6,0.667,0.0,0.0,0.0,0.0,0.0,0.0,0.0,0.0,25.0,26.2,0.0,0.0,0.0,-0.071,-6.3,-5.3,-11.6,0.0
Boban Marjanovic,C,28,DET,2016-17,35,293,29.6,0.606,0.0,0.439,16.5,32.5,24.2,5.3,1.0,3.4,6.0,25.3,1.2,0.5,1.7,0.28,1.0,-0.9,0.1,0.2
Boban Marjanović,C,27,SAS,2015-16,54,508,27.7,0.662,0.0,0.655,16.9,26.2,21.7,6.6,1.2,3.5,11.5,22.8,2.3,1.2,3.4,0.325,2.7,0.9,3.6,0.7
Boban Marjanović,C,29,TOT,2017-18,39,337,26.0,0.616,0.0,0.655,15.7,31.4,23.5,11.2,1.5,2.8,15.9,29.4,1.0,0.5,1.5,0.215,-0.3,-0.3,-0.6,0.1
Boban Marjanović,C,30,TOT,2018-19,58,681,24.2,0.664,0.038,0.504,14.0,26.9,20.6,12.8,1.1,3.1,15.7,23.3,2.1,0.9,3.0,0.212,1.4,0.5,1.9,0.7
Boban Marjanović,C,30,LAC,2018-19,36,376,24.9,0.666,0.014,0.679,16.0,26.5,21.4,9.3,1.4,3.6,16.9,24.6,1.2,0.5,1.7,0.217,1.1,0.3,1.4,0.3
Boban Marjanović,C,30,PHI,2018-19,22,305,23.3,0.663,0.067,0.3,11.4,27.3,19.6,17.1,0.8,2.6,13.9,21.7,0.9,0.4,1.3,0.204,1.7,0.7,2.5,0.3
Bobby Brown,SG,24,TOT,2008-09,68,931,8.9,0.476,0.361,0.119,1.7,4.8,3.3,20.9,1.2,0.2,14.3,21.3,-0.5,-0.1,-0.6,-0.029,-2.4,-4.7,-7.2,-1.2
Bobby Brown,SG,24,SAC,2008-09,47,675,7.7,0.468,0.381,0.138,1.4,4.9,3.1,21.1,1.1,0.1,15.2,20.5,-0.5,-0.2,-0.7,-0.047,-3.0,-5.1,-8.1,-1.0
Bobby Brown,PG,24,MIN,2008-09,21,256,11.9,0.496,0.319,0.08,2.6,4.8,3.7,20.6,1.2,0.6,12.0,23.4,0.0,0.1,0.1,0.017,-0.9,-3.8,-4.7,-0.2
Bobby Brown,PG,25,TOT,2009-10,45,519,9.3,0.441,0.414,0.063,2.0,6.6,4.3,27.5,1.5,0.1,15.9,25.4,-0.7,0.2,-0.5,-0.05,-2.6,-4.0,-6.6,-0.6
Bobby Brown,PG,32,HOU,2016-17,25,123,10.8,0.509,0.583,0.033,0.0,5.3,2.7,17.6,0.4,0.0,7.6,22.7,0.1,0.0,0.1,0.04,-1.5,-6.1,-7.6,-0.2
Bobby Brown,PG,33,HOU,2017-18,20,115,5.5,0.425,0.69,0.034,0.0,6.8,3.4,15.0,1.7,0.0,13.3,26.1,-0.3,0.1,-0.2,-0.08,-5.0,-4.2,-9.3,-0.2
Bobby Jackson,PG,32,MEM,2005-06,71,1775,14.6,0.497,0.444,0.195,3.0,12.1,7.6,20.7,1.9,0.0,11.1,25.0,1.0,2.5,3.5,0.095,1.1,-1.0,0.1,0.9
Bobby Jackson,SG,33,NOK,2006-07,56,1330,15.1,0.5,0.319,0.324,3.6,12.1,7.7,17.9,2.0,0.4,11.6,23.0,1.2,1.3,2.5,0.088,0.7,-0.6,0.1,0.7
Bobby Jackson,SG,34,TOT,2007-08,72,1389,13.5,0.51,0.447,0.16,2.7,12.4,7.5,15.9,1.7,0.3,9.8,20.0,1.3,1.7,3.0,0.105,0.3,-0.4,-0.1,0.7
Bobby Jackson,SG,34,NOH,2007-08,46,891,12.9,0.512,0.486,0.166,2.9,11.7,7.2,12.8,1.9,0.3,8.9,18.2,0.9,1.0,1.9,0.1,0.4,-0.3,0.1,0.5
Bobby Jackson,PG,34,HOU,2007-08,26,498,14.6,0.509,0.39,0.152,2.3,13.6,8.0,21.7,1.4,0.3,11.1,23.1,0.4,0.8,1.2,0.114,0.2,-0.5,-0.3,0.2
Bobby Jackson,PG,35,SAC,2008-09,71,1484,12.4,0.502,0.406,0.208,3.3,12.5,7.9,15.5,2.1,0.2,11.1,18.0,0.8,0.4,1.2,0.038,-0.5,-1.7,-2.2,-0.1
Bobby Jones,SF,23,PHI,2006-07,44,336,9.4,0.495,0.097,0.441,7.9,12.5,10.2,7.8,1.7,0.2,13.9,17.7,0.0,0.3,0.3,0.045,-2.8,-1.3,-4.1,-0.2
Bobby Jones,SF,24,TOT,2007-08,47,531,9.9,0.548,0.379,0.364,6.2,13.3,9.8,7.9,1.4,0.4,14.7,15.9,0.4,0.4,0.8,0.07,-1.7,-1.5,-3.1,-0.2
Bobby Jones,SF,24,DEN,2007-08,25,222,8.5,0.55,0.359,0.438,5.5,12.9,9.3,6.9,1.1,0.3,15.5,17.3,0.1,0.2,0.3,0.071,-2.2,-2.2,-4.4,-0.1
Bobby Jones,SF,24,MEM,2007-08,9,137,12.1,0.495,0.361,0.278,8.1,14.0,11.0,12.0,1.8,1.1,11.0,14.7,0.1,0.1,0.2,0.079,-0.6,-0.2,-0.9,0.0
Bobby Jones,SF,24,HOU,2007-08,4,9,5.9,0.5,0.0,0.0,0.0,12.3,6.3,0.0,5.9,0.0,20.0,25.4,0.0,0.0,0.0,-0.018,-9.2,-0.1,-9.3,0.0
Bobby Jones,SF,24,MIA,2007-08,6,143,11.2,0.636,0.469,0.406,6.6,13.6,10.1,5.9,0.7,0.0,15.7,14.8,0.2,0.1,0.2,0.08,-0.6,-2.3,-2.9,0.0
Bobby Jones,SF,24,SAS,2007-08,3,20,3.4,0.25,0.5,0.0,0.0,11.6,5.9,7.2,5.4,0.0,20.0,12.0,-0.1,0.0,0.0,-0.042,-7.6,4.4,-3.2,0.0
Bobby Portis,PF,20,CHI,2015-16,62,1102,13.8,0.469,0.119,0.151,12.0,20.0,16.1,7.5,1.1,1.5,10.4,20.7,0.3,1.3,1.5,0.066,-2.4,-0.9,-3.3,-0.4
Bobby Portis,PF,21,CHI,2016-17,64,1000,14.9,0.545,0.256,0.157,8.0,24.0,16.0,5.7,0.8,0.9,8.4,19.1,1.1,1.2,2.4,0.114,-1.6,-1.5,-3.0,-0.3
Bobby Portis,PF,22,CHI,2017-18,73,1643,19.7,0.548,0.275,0.192,10.0,23.0,16.2,13.2,1.5,1.3,10.5,26.0,2.0,1.5,3.5,0.101,1.0,-0.6,0.3,1.0
Bobby Portis,PF,23,TOT,2018-19,50,1299,16.1,0.529,0.304,0.154,9.0,24.9,16.8,8.8,1.3,1.3,9.9,24.6,0.5,1.1,1.6,0.06,-1.2,-1.7,-2.9,-0.3
Bobby Portis,PF,23,CHI,2018-19,22,531,17.2,0.529,0.266,0.185,9.3,23.8,16.5,9.2,1.0,1.3,9.0,26.5,0.3,0.4,0.7,0.062,-0.9,-2.2,-3.1,-0.1
Bobby Portis,PF,23,WAS,2018-19,28,768,15.3,0.53,0.333,0.132,8.8,25.7,17.1,8.4,1.5,1.3,10.6,23.3,0.2,0.7,0.9,0.058,-1.4,-1.4,-2.8,-0.2
Bobby Simmons,SF,25,MIL,2005-06,75,2538,13.8,0.559,0.309,0.248,4.2,11.5,7.8,11.2,1.8,0.7,12.1,18.3,3.3,2.0,5.3,0.101,1.2,0.2,1.4,2.1
Bobby Simmons,SF,27,MIL,2007-08,70,1521,10.3,0.504,0.345,0.141,5.0,12.8,8.7,8.4,1.7,0.3,12.9,17.9,0.2,0.5,0.7,0.022,-1.5,-1.9,-3.4,-0.5
Bobby Simmons,SF,28,NJN,2008-09,71,1729,12.0,0.596,0.594,0.132,4.9,14.3,9.5,8.5,1.5,0.5,11.7,14.3,2.4,1.0,3.4,0.095,1.2,-0.7,0.5,1.1
Bobby Simmons,PF,29,NJN,2009-10,23,395,8.0,0.485,0.538,0.171,3.1,15.9,9.2,6.3,2.0,0.6,13.1,16.8,-0.2,0.3,0.1,0.014,-3.0,-1.3,-4.2,-0.2
Bobby Simmons,SF,30,SAS,2010-11,2,16,-5.5,0.0,1.0,0.0,0.0,0.0,0.0,15.7,0.0,0.0,0.0,8.6,0.0,0.0,0.0,-0.138,-8.6,-5.6,-14.3,0.0
Bobby Simmons,SF,31,LAC,2011-12,28,418,6.0,0.43,0.667,0.078,4.8,10.9,7.8,3.8,1.9,0.6,9.7,11.4,0.0,0.3,0.3,0.029,-2.1,-0.4,-2.5,-0.1
Bogdan Bogdanović,SG,25,SAC,2017-18,78,2175,13.5,0.556,0.426,0.154,1.6,10.5,5.8,18.3,1.7,0.7,13.2,19.6,1.8,1.1,2.9,0.064,0.5,-1.5,-1.0,0.6
Bogdan Bogdanović,SG,26,SAC,2018-19,70,1947,14.1,0.53,0.431,0.188,2.1,11.0,6.4,19.3,1.7,0.7,11.1,22.3,1.3,1.4,2.7,0.067,0.5,-1.2,-0.7,0.6
Bojan Bogdanovic,SF,27,TOT,2016-17,81,2083,13.5,0.585,0.464,0.288,1.9,12.3,7.2,8.7,0.8,0.3,12.1,22.4,2.0,0.9,2.9,0.067,-0.1,-2.8,-2.9,-0.5
Bojan Bogdanović,SF,25,BRK,2014-15,78,1854,11.6,0.562,0.444,0.184,3.0,9.8,6.4,5.8,0.9,0.4,11.1,17.2,1.7,0.7,2.4,0.062,0.0,-1.9,-1.8,0.1
Bojan Bogdanović,SF,26,BRK,2015-16,79,2115,10.7,0.55,0.451,0.176,1.9,11.8,6.8,7.3,0.7,0.2,12.5,19.4,0.9,0.0,0.9,0.021,-0.5,-2.9,-3.4,-0.8
Bojan Bogdanović,SF,28,IND,2017-18,80,2464,13.9,0.605,0.453,0.241,1.4,10.9,6.2,7.1,1.1,0.3,10.1,19.0,3.8,1.6,5.4,0.105,1.1,-1.9,-0.7,0.8
Bojan Bogdanović,SF,29,IND,2018-19,81,2573,16.1,0.613,0.367,0.29,1.5,12.7,7.2,9.5,1.3,0.0,10.2,22.4,3.9,2.8,6.8,0.126,1.4,-1.4,0.0,1.3
Boniface N'Dong,C,28,LAC,2005-06,23,152,11.0,0.439,0.019,0.17,12.0,16.1,14.1,7.5,0.7,2.5,9.5,19.1,0.0,0.2,0.2,0.058,-3.6,-0.7,-4.3,-0.1
Bonzi Wells,SG,29,SAC,2005-06,52,1684,16.6,0.507,0.073,0.31,10.0,17.8,13.9,14.8,2.9,1.1,15.3,22.4,0.7,2.7,3.4,0.096,-0.4,2.2,1.8,1.6
Bonzi Wells,SF,30,HOU,2006-07,28,590,8.9,0.446,0.034,0.396,5.1,18.2,11.7,8.9,2.2,1.7,19.0,23.7,-1.3,1.2,-0.1,-0.009,-7.2,2.0,-5.2,-0.5
Bonzi Wells,SG,31,TOT,2007-08,73,1562,14.4,0.495,0.088,0.399,6.2,17.8,12.0,10.2,2.6,1.5,13.3,22.7,-0.1,3.0,3.0,0.092,-2.9,1.9,-1.0,0.4
Bonzi Wells,SG,31,HOU,2007-08,51,1124,14.1,0.48,0.092,0.422,6.4,19.5,13.0,11.8,2.4,1.6,13.5,22.9,-0.2,2.4,2.1,0.091,-3.2,2.3,-0.9,0.3
Bonzi Wells,SG,31,NOH,2007-08,22,438,15.1,0.535,0.076,0.338,5.5,13.7,9.5,6.2,2.9,1.4,13.0,22.0,0.2,0.7,0.8,0.093,-2.1,0.8,-1.2,0.1
Bonzie Colson,SF,23,MIL,2018-19,8,98,12.9,0.454,0.538,0.231,8.8,21.5,15.5,4.0,2.4,0.9,6.5,19.6,0.0,0.2,0.2,0.085,-3.3,-1.0,-4.3,-0.1
Boris Diaw,PF,23,PHO,2005-06,81,2874,17.3,0.564,0.035,0.279,6.3,15.1,10.8,24.9,1.0,2.1,16.5,17.9,5.9,3.0,8.9,0.149,1.0,2.1,3.1,3.7
Boris Diaw,PF,24,PHO,2006-07,73,2268,13.0,0.57,0.079,0.211,4.9,11.0,8.1,21.7,0.6,1.2,19.9,15.4,3.0,1.5,4.6,0.097,0.2,0.8,1.0,1.7
Boris Diaw,PF,25,PHO,2007-08,82,2308,12.0,0.516,0.063,0.2,5.2,12.7,9.3,19.0,1.3,1.1,18.1,16.6,1.1,1.9,3.0,0.063,-1.3,0.9,-0.4,1.0
Boris Diaw,PF,26,TOT,2008-09,81,2754,14.4,0.565,0.205,0.166,5.3,13.8,9.6,21.2,1.2,1.6,18.5,19.7,1.9,2.8,4.7,0.082,0.6,1.0,1.6,2.5
Boris Diaw,PF,26,PHO,2008-09,22,538,12.5,0.6,0.099,0.184,5.4,12.5,9.1,12.1,1.0,1.2,19.5,15.5,0.5,0.2,0.7,0.062,-0.4,-0.4,-0.8,0.2
Boris Diaw,PF,26,CHA,2008-09,59,2216,14.9,0.558,0.225,0.163,5.3,14.1,9.7,23.4,1.2,1.6,18.3,20.8,1.4,2.6,4.0,0.086,0.8,1.3,2.1,2.3
Boris Diaw,PF,27,CHA,2009-10,82,2906,12.8,0.552,0.266,0.19,5.5,11.9,8.8,18.9,1.1,1.6,17.5,16.2,2.4,3.8,6.2,0.103,0.3,1.6,1.9,2.9
Boris Diaw,PF,28,CHA,2010-11,82,2778,13.9,0.558,0.292,0.159,4.5,13.6,9.0,20.6,1.4,1.3,16.7,16.8,2.4,2.3,4.8,0.082,0.8,0.7,1.5,2.5
Boris Diaw,PF,29,TOT,2011-12,57,1424,11.2,0.498,0.282,0.1,5.5,17.3,11.3,23.8,1.2,1.3,23.4,15.5,-0.3,0.8,0.6,0.019,-1.5,0.5,-1.1,0.3
Boris Diaw,PF,30,SAS,2012-13,75,1709,11.9,0.603,0.235,0.196,4.7,12.0,8.6,15.0,1.6,1.1,18.9,12.0,2.2,2.3,4.4,0.124,-0.1,1.9,1.8,1.6
Boris Diaw,PF,31,SAS,2013-14,79,1974,14.1,0.578,0.193,0.159,4.4,13.8,9.3,16.3,1.1,1.2,16.3,17.0,2.3,2.6,4.9,0.12,0.2,1.4,1.6,1.8
Boris Diaw,PF,32,SAS,2014-15,81,1984,12.7,0.526,0.267,0.147,4.5,15.2,10.0,17.9,0.9,0.9,15.8,18.3,1.3,2.3,3.6,0.088,-0.6,0.7,0.1,1.1
Boris Diaw,PF,33,SAS,2015-16,76,1386,14.0,0.582,0.18,0.198,4.9,13.9,9.6,18.4,1.0,1.2,18.9,17.0,1.6,2.2,3.8,0.132,-0.1,1.4,1.2,1.1
Boris Diaw,PF,34,UTA,2016-17,73,1283,9.0,0.494,0.248,0.107,4.3,9.8,7.1,20.3,0.7,0.6,20.3,15.6,-0.1,1.2,1.1,0.041,-2.7,-0.2,-2.9,-0.3
Boštjan Nachbar,PF,25,TOT,2005-06,36,502,7.2,0.448,0.455,0.282,1.8,12.6,7.1,8.9,1.7,0.8,12.0,18.6,-0.4,0.5,0.1,0.005,-3.3,-1.0,-4.3,-0.3
Boštjan Nachbar,PF,25,NOK,2005-06,25,405,7.3,0.451,0.46,0.29,1.1,13.6,7.2,8.9,1.7,1.0,12.5,18.4,-0.3,0.4,0.0,0.002,-3.1,-0.8,-4.0,-0.2
Boštjan Nachbar,SF,25,NJN,2005-06,11,97,6.9,0.436,0.438,0.25,4.8,8.6,6.6,8.9,1.7,0.0,10.1,19.2,-0.1,0.1,0.0,0.016,-3.7,-1.7,-5.5,-0.1
Boštjan Nachbar,SF,26,NJN,2006-07,76,1532,14.5,0.614,0.535,0.331,2.1,17.3,9.7,6.8,1.0,1.3,10.8,19.3,2.5,1.6,4.1,0.128,0.5,-1.5,-1.0,0.4
Boštjan Nachbar,PF,27,NJN,2007-08,75,1660,12.4,0.531,0.43,0.322,3.9,14.3,9.1,9.3,1.4,1.0,10.9,21.5,1.0,1.2,2.2,0.064,-0.7,-1.7,-2.4,-0.2
Bracey Wright,SG,21,MIN,2005-06,7,135,12.1,0.534,0.333,0.314,2.7,13.0,8.0,6.5,0.4,0.0,12.1,23.2,0.1,0.1,0.2,0.054,-2.2,-3.9,-6.1,-0.1
Bracey Wright,SG,22,MIN,2006-07,19,190,13.8,0.493,0.333,0.3,4.5,8.6,6.6,12.7,2.5,0.4,8.1,18.1,0.2,0.2,0.3,0.077,-0.7,-1.3,-2.0,0.0
Brad Miller,C,29,SAC,2005-06,79,2923,17.5,0.576,0.1,0.385,4.9,19.5,12.3,21.5,1.1,1.6,14.9,18.9,5.5,3.6,9.1,0.15,1.1,1.7,2.8,3.5
Brad Miller,C,30,SAC,2006-07,63,1783,13.5,0.508,0.067,0.302,5.1,21.7,13.2,20.4,1.1,1.7,16.2,16.8,1.0,1.7,2.7,0.072,-1.7,1.6,-0.1,0.8
Brad Miller,C,31,SAC,2007-08,72,2513,16.8,0.558,0.124,0.424,8.0,23.7,16.0,16.6,1.4,2.3,16.0,18.3,3.8,2.7,6.5,0.125,0.7,1.9,2.6,2.9
Brad Miller,C,32,TOT,2008-09,70,2100,16.7,0.566,0.091,0.443,8.3,21.9,15.0,17.9,1.3,1.3,15.1,18.4,3.6,1.5,5.1,0.117,0.6,0.6,1.2,1.7
Brad Miller,C,32,SAC,2008-09,43,1354,15.7,0.562,0.111,0.402,7.1,22.7,14.8,17.8,1.1,1.3,15.4,17.9,1.9,0.6,2.6,0.091,0.0,0.3,0.3,0.8
Brad Miller,C,32,CHI,2008-09,27,746,18.6,0.574,0.058,0.513,10.3,20.5,15.4,18.0,1.5,1.2,14.5,19.4,1.7,0.9,2.6,0.165,1.7,1.1,2.8,0.9
Brad Miller,C,33,CHI,2009-10,82,1950,12.9,0.53,0.227,0.379,4.8,17.8,11.4,12.2,1.2,1.1,13.6,18.1,1.5,2.5,4.0,0.098,-1.3,0.5,-0.8,0.6
Brad Miller,C,34,HOU,2010-11,60,1015,16.3,0.566,0.361,0.318,4.9,19.9,12.4,21.4,1.4,1.4,13.8,17.0,2.0,1.0,3.0,0.142,1.2,0.6,1.7,0.9
Brad Miller,C,35,MIN,2011-12,15,146,10.7,0.542,0.556,0.444,3.0,11.5,7.2,24.3,1.4,1.0,27.1,13.5,0.1,0.1,0.2,0.06,-1.7,-0.5,-2.2,0.0
Brad Wanamaker,PG,29,BOS,2018-19,36,343,14.3,0.597,0.371,0.267,0.9,11.8,6.4,22.5,1.7,0.5,13.9,17.1,0.6,0.4,1.0,0.134,-0.8,-1.4,-2.2,0.0
Bradley Beal,SG,19,WAS,2012-13,56,1745,13.6,0.515,0.344,0.231,2.7,10.8,6.7,13.7,1.5,1.3,10.6,22.2,1.0,2.0,3.0,0.082,0.0,0.0,-0.1,0.9
Bradley Beal,SG,20,WAS,2013-14,73,2530,14.3,0.507,0.299,0.164,2.4,10.2,6.3,16.0,1.4,0.6,9.4,24.3,1.6,2.4,4.0,0.076,0.2,-1.3,-1.1,0.5
Bradley Beal,SG,21,WAS,2014-15,63,2107,14.0,0.521,0.304,0.195,3.1,9.6,6.4,15.0,1.8,0.7,11.7,22.5,1.3,2.4,3.7,0.085,0.5,-0.1,0.5,1.3
Bradley Beal,SG,22,WAS,2015-16,55,1708,15.5,0.547,0.339,0.22,2.6,9.8,6.2,15.6,1.5,0.5,11.3,25.3,1.4,1.3,2.7,0.076,1.0,-1.6,-0.6,0.6
Bradley Beal,SG,23,WAS,2016-17,77,2684,20.1,0.604,0.418,0.259,2.2,7.8,5.0,16.2,1.5,0.7,9.6,26.5,6.9,1.6,8.5,0.152,4.5,-2.3,2.2,2.8
Bradley Beal,SG,24,WAS,2017-18,82,2977,18.4,0.564,0.357,0.249,2.3,11.5,6.9,21.0,1.6,1.1,11.5,27.6,4.4,2.5,6.9,0.111,2.7,-1.0,1.7,2.7
Bradley Beal,SG,25,WAS,2018-19,82,3028,20.8,0.581,0.37,0.278,3.1,11.7,7.4,24.1,1.9,1.6,11.0,28.4,5.9,1.7,7.6,0.12,3.9,-1.1,2.8,3.7
Brandan Wright,PF,20,GSW,2007-08,38,376,17.2,0.583,0.0,0.357,10.4,18.1,14.1,3.4,0.8,4.3,9.1,16.0,0.8,0.3,1.1,0.142,-1.8,-0.6,-2.4,0.0
Brandan Wright,PF,21,GSW,2008-09,39,688,18.7,0.57,0.016,0.346,9.8,15.0,12.4,4.9,1.6,3.7,7.5,19.0,1.4,0.4,1.9,0.131,-0.2,-0.9,-1.2,0.1
Brandan Wright,PF,23,TOT,2010-11,37,379,15.9,0.54,0.0,0.265,9.2,18.2,13.6,5.1,1.5,3.4,9.7,17.2,0.4,0.4,0.8,0.099,-2.6,-0.2,-2.8,-0.1
Brandan Wright,C,24,DAL,2011-12,49,791,21.6,0.632,0.004,0.352,8.9,15.8,12.4,2.9,1.5,6.4,7.2,17.0,2.2,1.3,3.5,0.215,0.2,2.4,2.6,0.9
Brandan Wright,C,25,DAL,2012-13,64,1149,21.0,0.606,0.007,0.238,8.4,16.7,12.6,5.6,1.2,5.2,7.1,19.0,2.8,1.3,4.1,0.172,0.5,1.1,1.6,1.0
Brandan Wright,C,26,DAL,2013-14,58,1077,23.5,0.695,0.0,0.32,11.0,15.1,13.1,4.7,1.5,4.2,8.5,17.4,4.1,1.0,5.1,0.227,3.1,0.6,3.6,1.5
Brandan Wright,PF,27,TOT,2014-15,75,1449,20.4,0.66,0.008,0.309,9.6,14.7,12.1,4.4,1.7,5.1,7.6,13.6,4.3,1.8,6.1,0.202,1.2,2.4,3.6,2.0
Brandan Wright,PF,28,MEM,2015-16,12,212,18.3,0.663,0.0,0.462,7.2,16.3,11.6,4.7,1.2,6.6,13.8,15.4,0.4,0.2,0.7,0.147,-0.9,1.9,0.9,0.2
Brandan Wright,PF,29,MEM,2016-17,28,447,18.5,0.628,0.007,0.259,7.7,12.4,10.0,6.0,1.3,4.3,6.2,16.3,1.1,0.5,1.6,0.177,0.0,1.3,1.3,0.4
Brandan Wright,PF,30,TOT,2017-18,28,381,19.0,0.596,0.0,0.324,9.8,19.3,14.4,5.6,1.7,6.4,6.4,14.7,0.8,0.5,1.3,0.163,-1.3,2.2,0.9,0.3
Branden Dawson,PF,22,LAC,2015-16,6,29,7.1,0.46,0.0,0.2,7.6,7.4,7.5,0.0,0.0,2.7,0.0,8.5,0.0,0.0,0.0,0.069,-4.9,-1.7,-6.6,0.0
Brandon Bass,PF,20,NOK,2005-06,29,268,9.1,0.434,0.0,0.271,7.8,22.8,15.1,1.8,0.6,2.2,12.3,15.6,-0.2,0.3,0.1,0.013,-6.6,-1.5,-8.2,-0.4
Brandon Bass,PF,21,NOK,2006-07,21,162,7.2,0.411,0.023,0.364,9.1,21.9,15.3,2.8,0.7,1.5,16.4,17.2,-0.2,0.2,0.0,-0.011,-7.2,-1.5,-8.7,-0.3
Brandon Bass,C,22,DAL,2007-08,79,1557,15.9,0.564,0.008,0.4,9.2,16.3,12.9,6.1,0.8,2.3,12.4,19.8,2.4,1.9,4.3,0.132,-1.0,0.0,-1.0,0.4
Brandon Bass,C,23,DAL,2008-09,81,1574,16.4,0.571,0.012,0.413,9.5,17.2,13.4,4.3,0.9,2.6,12.5,20.0,2.5,1.6,4.1,0.124,-1.6,-0.6,-2.1,-0.1
Brandon Bass,PF,24,ORL,2009-10,50,648,16.5,0.556,0.0,0.27,10.0,12.6,11.3,5.1,1.0,3.1,10.6,20.9,1.0,1.0,2.0,0.147,-1.5,0.5,-1.0,0.2
Brandon Bass,PF,25,ORL,2010-11,76,1980,15.9,0.571,0.003,0.361,8.1,16.7,12.5,5.0,0.7,2.0,11.5,19.8,3.2,3.1,6.3,0.153,-1.4,0.9,-0.5,0.7
Brandon Bass,PF,26,BOS,2011-12,59,1868,14.1,0.524,0.0,0.258,6.3,16.3,11.5,5.1,1.0,2.2,8.5,19.8,1.5,3.2,4.7,0.122,-2.1,1.1,-1.1,0.4
Brandon Bass,PF,27,BOS,2012-13,81,2239,12.3,0.535,0.003,0.255,7.0,15.2,11.2,6.0,1.0,2.3,10.9,15.5,2.0,2.7,4.7,0.101,-2.3,1.1,-1.2,0.4
Brandon Bass,PF,28,BOS,2013-14,82,2266,15.0,0.549,0.008,0.33,7.8,15.9,11.8,6.4,0.8,2.4,10.9,18.2,3.2,1.9,5.1,0.107,-1.3,0.2,-1.2,0.5
Brandon Bass,PF,29,BOS,2014-15,82,1929,16.3,0.557,0.047,0.313,7.8,14.9,11.3,8.6,1.1,1.3,9.6,19.5,3.4,1.9,5.3,0.132,-0.4,-0.1,-0.5,0.7
Brandon Bass,PF,30,LAL,2015-16,66,1342,17.4,0.619,0.006,0.467,8.1,15.0,11.4,9.2,1.2,3.2,9.9,13.9,3.4,0.7,4.1,0.146,0.1,0.7,0.8,1.0
Brandon Bass,PF,31,LAC,2016-17,52,577,19.7,0.65,0.016,0.473,8.6,16.2,12.5,5.7,1.2,1.6,11.4,19.7,1.6,0.6,2.2,0.186,0.1,-0.8,-0.7,0.2
Brandon Davies,PF,22,PHI,2013-14,51,575,7.5,0.476,0.078,0.414,6.9,13.9,10.2,7.1,2.0,1.1,18.8,13.7,-0.3,0.4,0.1,0.008,-5.3,-0.6,-5.9,-0.6
Brandon Davies,PF,23,TOT,2014-15,27,423,10.5,0.463,0.248,0.27,9.4,12.1,10.7,12.4,2.1,1.3,15.9,18.9,-0.2,0.4,0.2,0.028,-3.1,-0.1,-3.2,-0.1
Brandon Goodwin,PG,23,DEN,2018-19,16,57,8.3,0.413,0.261,0.478,1.9,3.8,2.8,32.1,0.0,0.0,9.7,23.1,0.0,0.0,0.0,0.021,-4.5,-6.4,-10.9,-0.1
Brandon Ingram,SF,19,LAL,2016-17,79,2279,8.5,0.474,0.273,0.312,2.8,12.7,7.6,10.5,1.1,1.3,12.9,16.8,-1.0,0.7,-0.3,-0.007,-3.1,-0.7,-3.8,-1.1
Brandon Ingram,SF,20,LAL,2017-18,59,1975,13.8,0.536,0.138,0.371,3.1,13.8,8.5,17.7,1.1,1.8,14.4,22.2,1.0,1.8,2.8,0.068,-1.6,0.3,-1.3,0.4
Brandon Ingram,SF,21,LAL,2018-19,52,1760,13.4,0.555,0.129,0.396,2.5,13.0,7.8,12.9,0.7,1.4,13.1,23.2,0.6,1.4,2.0,0.055,-2.2,-0.6,-2.8,-0.3
Brandon Jennings,PG,20,MIL,2009-10,82,2671,14.5,0.475,0.319,0.225,2.0,10.4,6.0,29.6,2.1,0.5,13.0,26.1,0.3,3.9,4.2,0.075,0.6,0.2,0.9,1.9
Brandon Jennings,PG,21,MIL,2010-11,63,2169,15.6,0.493,0.327,0.266,2.2,10.6,6.3,25.9,2.3,0.8,12.4,25.5,0.6,3.3,3.9,0.086,1.1,0.7,1.8,2.1
Brandon Jennings,PG,22,MIL,2011-12,66,2331,18.4,0.514,0.346,0.213,2.3,8.6,5.3,26.7,2.3,0.7,10.6,25.9,3.8,1.8,5.5,0.114,3.6,-1.3,2.3,2.5
Brandon Jennings,PG,23,MIL,2012-13,80,2897,16.1,0.51,0.37,0.225,2.1,7.2,4.6,29.1,2.2,0.3,12.9,23.7,3.6,2.2,5.8,0.096,2.4,-1.5,0.9,2.1
Brandon Jennings,PG,24,DET,2013-14,80,2728,15.6,0.486,0.403,0.283,2.2,7.8,4.9,34.4,1.9,0.2,14.4,23.4,3.0,0.9,3.9,0.068,2.1,-2.6,-0.5,1.0
Brandon Jennings,PG,25,DET,2014-15,41,1173,19.7,0.522,0.389,0.263,1.9,8.0,4.8,39.9,1.9,0.3,12.9,26.3,2.6,0.7,3.3,0.136,4.3,-2.5,1.8,1.1
Brandon Jennings,PG,26,TOT,2015-16,48,868,13.7,0.491,0.51,0.257,2.0,10.4,6.1,29.2,1.7,0.7,14.4,20.0,0.8,0.7,1.5,0.082,0.3,-1.7,-1.4,0.1
Brandon Jennings,PG,27,TOT,2016-17,81,1802,12.1,0.479,0.471,0.284,1.8,10.1,5.9,30.4,1.9,0.2,17.5,17.6,0.7,1.0,1.7,0.046,-0.8,-2.2,-3.0,-0.5
Brandon Jennings,PG,28,MIL,2017-18,14,205,12.7,0.478,0.458,0.139,2.9,14.8,8.9,31.1,1.5,1.7,19.1,20.8,0.0,0.1,0.1,0.026,-2.0,-1.7,-3.8,-0.1
Brandon Knight,PG,20,DET,2011-12,66,2129,11.7,0.511,0.359,0.178,1.8,10.3,5.9,20.8,1.2,0.4,17.1,21.7,0.3,1.0,1.3,0.029,0.0,-2.0,-1.9,0.0
Brandon Knight,PG,21,DET,2012-13,75,2365,12.0,0.511,0.372,0.256,2.6,9.6,6.0,21.3,1.3,0.3,17.3,22.8,0.3,0.8,1.1,0.022,0.0,-2.1,-2.1,-0.1
Brandon Knight,PG,22,MIL,2013-14,72,2400,16.5,0.523,0.31,0.296,2.1,10.3,6.1,26.6,1.5,0.6,13.2,26.8,2.4,0.4,2.8,0.055,2.0,-2.9,-0.9,0.7
Brandon Knight,PG,23,TOT,2014-15,63,2035,17.1,0.543,0.361,0.251,1.6,12.0,6.8,27.4,2.3,0.4,16.1,25.9,2.0,2.5,4.5,0.106,1.7,-0.7,1.1,1.6
Brandon Knight,SG,24,PHO,2015-16,52,1870,14.7,0.522,0.392,0.204,2.0,9.9,5.9,24.4,1.6,0.9,15.4,26.2,0.7,0.9,1.7,0.043,1.2,-1.5,-0.3,0.8
Brandon Knight,SG,25,PHO,2016-17,54,1140,12.4,0.502,0.265,0.293,2.3,9.1,5.6,17.8,1.1,0.4,12.9,25.0,0.1,0.2,0.3,0.015,-1.4,-3.0,-4.5,-0.7
Brandon Knight,PG,27,TOT,2018-19,39,736,8.9,0.484,0.496,0.131,1.4,7.7,4.4,14.4,1.4,0.2,9.8,18.1,-0.1,0.0,0.0,-0.002,-1.9,-3.1,-5.0,-0.6
Brandon Knight,PG,27,HOU,2018-19,12,118,0.8,0.347,0.681,0.234,0.9,7.7,4.2,10.6,0.8,0.0,8.8,20.9,-0.3,0.0,-0.3,-0.113,-6.9,-4.4,-11.3,-0.3
Brandon Knight,PG,27,CLE,2018-19,27,618,10.5,0.515,0.455,0.108,1.5,7.7,4.5,15.1,1.5,0.3,10.1,17.6,0.3,0.0,0.2,0.019,-1.0,-2.9,-3.8,-0.3
Brandon Paul,SG,26,SAS,2017-18,64,576,7.4,0.504,0.425,0.339,1.1,12.0,6.5,9.0,2.2,1.0,16.6,13.6,-0.3,0.8,0.5,0.045,-3.6,0.9,-2.8,-0.1
Brandon Roy,SG,22,POR,2006-07,57,2015,18.0,0.548,0.191,0.315,3.5,12.1,7.7,20.9,1.8,0.4,11.8,23.0,3.8,1.0,4.8,0.114,2.8,-0.7,2.1,2.1
Brandon Roy,SG,23,POR,2007-08,74,2792,19.4,0.531,0.184,0.319,3.4,11.2,7.3,28.2,1.5,0.4,9.3,24.9,5.9,2.1,8.0,0.138,3.6,-0.2,3.5,3.9
Brandon Roy,SG,24,POR,2008-09,78,2903,24.0,0.573,0.167,0.383,4.4,11.6,7.9,25.4,1.7,0.6,9.0,27.4,10.9,2.6,13.5,0.223,5.9,-0.2,5.8,5.7
Brandon Roy,SG,25,POR,2009-10,65,2419,21.3,0.568,0.213,0.424,3.7,10.9,7.3,23.1,1.4,0.5,9.5,26.7,7.0,2.1,9.1,0.18,4.8,-0.7,4.1,3.7
Brandon Roy,SG,26,POR,2010-11,47,1310,13.9,0.491,0.218,0.264,2.5,9.1,5.6,16.8,1.5,0.8,8.6,22.8,1.2,0.9,2.1,0.077,-0.5,-1.6,-2.0,0.0
Brandon Roy,SG,28,MIN,2012-13,5,122,8.3,0.368,0.257,0.286,2.7,10.6,6.6,28.8,1.3,0.0,15.1,17.0,-0.1,0.1,0.0,-0.017,-3.9,-1.5,-5.5,-0.1
Brandon Rush,SG,23,IND,2008-09,75,1803,9.0,0.505,0.363,0.115,2.1,12.3,7.1,5.4,1.0,1.5,11.0,16.4,-0.4,1.3,0.9,0.024,-2.6,-0.9,-3.4,-0.7
Brandon Rush,SG,24,IND,2009-10,82,2491,9.6,0.522,0.43,0.127,1.8,13.5,7.6,6.9,1.1,1.9,11.1,14.8,0.0,2.5,2.5,0.047,-2.1,0.7,-1.3,0.4
Brandon Rush,SG,25,IND,2010-11,67,1754,10.6,0.54,0.433,0.206,2.1,11.6,6.9,5.6,1.2,1.5,10.9,15.9,0.9,1.7,2.6,0.07,-1.1,-0.1,-1.2,0.4
Brandon Rush,SF,26,GSW,2011-12,65,1717,15.2,0.628,0.467,0.175,2.2,14.4,8.3,7.9,1.1,2.6,11.9,15.4,2.9,0.6,3.5,0.099,1.1,-0.4,0.7,1.2
Brandon Rush,SF,27,GSW,2012-13,2,25,11.9,0.678,0.222,0.333,0.0,4.3,2.2,14.5,0.0,0.0,22.5,23.9,0.0,0.0,0.0,0.051,-1.8,-5.3,-7.1,0.0
Brandon Rush,SG,28,UTA,2013-14,38,418,4.1,0.428,0.522,0.056,1.3,11.1,6.1,8.5,0.6,1.7,17.8,12.3,-0.5,0.0,-0.4,-0.05,-5.0,-1.3,-6.3,-0.4
Brandon Rush,SG,29,GSW,2014-15,33,271,0.8,0.255,0.5,0.204,1.6,14.3,8.2,5.4,0.9,3.3,15.8,11.2,-0.7,0.4,-0.3,-0.056,-7.7,1.8,-6.0,-0.3
Brandon Rush,SG,30,GSW,2015-16,72,1055,10.1,0.56,0.604,0.108,2.3,15.4,9.2,7.0,0.9,1.6,10.8,12.5,0.8,1.2,2.0,0.09,-1.2,-0.2,-1.3,0.2
Brandon Rush,SG,31,MIN,2016-17,47,1030,6.6,0.505,0.61,0.096,1.8,9.5,5.6,5.8,1.1,1.9,12.6,9.6,0.1,0.3,0.4,0.019,-2.0,-0.1,-2.1,0.0
Brandon Sampson,SG,21,CHI,2018-19,14,214,8.5,0.567,0.483,0.1,1.5,6.7,4.1,6.8,1.8,1.2,16.1,15.2,-0.1,0.1,0.0,0.01,-2.8,-1.4,-4.2,-0.1
Brendan Haywood,C,26,WAS,2005-06,79,1879,13.8,0.542,0.0,0.519,12.0,17.0,14.5,3.9,0.8,4.3,15.5,14.9,2.0,1.9,3.9,0.099,-1.7,1.1,-0.6,0.6
Brendan Haywood,C,27,WAS,2006-07,77,1740,14.2,0.571,0.0,0.592,12.5,19.2,15.8,4.1,1.0,3.9,16.7,13.6,2.2,1.3,3.4,0.095,-1.3,0.5,-0.7,0.6
Brendan Haywood,C,28,WAS,2007-08,80,2228,18.3,0.582,0.0,0.491,14.0,16.4,15.2,5.2,0.7,5.0,12.9,17.3,4.9,1.9,6.8,0.146,0.5,0.9,1.4,1.9
Brendan Haywood,C,29,WAS,2008-09,6,175,14.9,0.49,0.0,0.42,8.5,21.4,14.8,7.3,1.2,7.0,13.2,17.7,0.0,0.2,0.2,0.041,-3.8,2.1,-1.7,0.0
Brendan Haywood,C,30,TOT,2009-10,77,2355,16.1,0.588,0.002,0.499,13.5,21.5,17.5,2.8,0.6,5.1,14.2,13.5,3.7,3.0,6.7,0.137,-1.0,1.8,0.7,1.6
Brendan Haywood,C,31,DAL,2010-11,72,1331,11.7,0.532,0.004,0.794,11.8,20.9,16.5,2.1,0.6,4.2,14.5,12.4,0.8,2.1,2.9,0.104,-3.2,2.1,-1.0,0.3
Brendan Haywood,C,32,DAL,2011-12,54,1146,12.9,0.52,0.0,0.421,13.7,18.0,15.9,2.6,1.1,3.8,14.5,12.8,1.1,1.6,2.7,0.114,-2.4,1.9,-0.5,0.4
Brendan Haywood,C,33,CHA,2012-13,61,1162,8.7,0.441,0.005,0.306,12.0,16.7,14.3,3.9,0.7,3.4,16.9,11.5,-0.2,0.4,0.1,0.006,-4.3,-0.3,-4.6,-0.8
Brendan Haywood,C,35,CLE,2014-15,22,119,9.1,0.49,0.0,0.433,5.9,21.9,14.0,2.5,0.9,6.6,21.9,17.3,-0.2,0.2,0.0,0.008,-7.9,1.3,-6.6,-0.1
Brent Barry,SG,34,SAS,2005-06,74,1259,14.8,0.581,0.586,0.171,2.8,11.9,7.5,15.5,1.7,1.5,12.3,16.0,2.1,2.2,4.3,0.162,1.5,1.2,2.7,1.5
Brent Barry,SG,35,SAS,2006-07,75,1631,16.6,0.666,0.675,0.275,1.3,10.2,5.9,13.3,1.8,0.5,11.3,15.6,4.2,2.6,6.8,0.201,3.5,0.4,3.9,2.4
Brent Barry,SF,36,SAS,2007-08,31,554,16.7,0.655,0.7,0.125,2.6,9.0,5.9,16.1,1.7,0.4,9.6,16.1,1.5,0.8,2.3,0.203,3.7,-0.1,3.6,0.8
Brent Barry,SG,37,HOU,2008-09,56,857,9.2,0.575,0.762,0.116,2.4,10.1,6.4,13.7,1.5,0.3,21.0,12.4,0.4,1.1,1.5,0.082,-0.9,0.4,-0.5,0.3
Brevin Knight,PG,30,CHA,2005-06,69,2351,17.3,0.478,0.017,0.407,1.6,9.9,5.5,42.3,3.4,0.1,15.3,20.3,2.5,2.5,4.9,0.101,0.4,-0.2,0.2,1.3
Brevin Knight,PG,31,CHA,2006-07,45,1273,14.3,0.487,0.05,0.353,1.3,9.7,5.3,37.5,2.7,0.2,18.5,18.4,0.7,1.1,1.8,0.07,-1.3,-1.0,-2.4,-0.1
Brevin Knight,PG,32,LAC,2007-08,74,1674,11.4,0.453,0.018,0.208,1.0,8.8,4.9,31.1,3.1,0.5,16.0,12.2,0.5,1.6,2.1,0.06,-3.0,-0.1,-3.0,-0.4
Brevin Knight,PG,33,UTA,2008-09,74,938,9.5,0.414,0.032,0.339,1.7,9.5,5.6,28.1,3.7,0.3,23.3,13.5,-0.6,1.3,0.7,0.035,-4.2,0.7,-3.4,-0.3
Brian Cardinal,PF,28,MEM,2005-06,36,402,10.0,0.505,0.261,0.243,3.4,13.1,8.3,14.2,3.2,0.0,18.0,18.1,-0.1,0.7,0.6,0.074,-2.8,0.9,-1.9,0.0
Brian Cardinal,PF,29,MEM,2006-07,28,313,17.7,0.655,0.518,0.318,5.0,17.6,11.3,16.1,3.6,0.2,19.2,17.3,0.7,0.3,0.9,0.144,2.8,0.1,3.0,0.4
Brian Cardinal,PF,30,MEM,2007-08,37,440,7.3,0.461,0.643,0.151,6.6,18.0,12.2,7.4,1.1,0.3,14.6,15.9,-0.2,0.2,0.0,0.003,-2.4,-1.8,-4.3,-0.3
Brian Cardinal,PF,31,MIN,2008-09,64,909,8.1,0.515,0.544,0.207,4.8,13.8,9.1,12.3,2.1,1.1,20.7,11.5,0.1,0.7,0.9,0.045,-1.8,1.0,-0.8,0.3
Brian Cardinal,PF,32,MIN,2009-10,29,267,6.9,0.546,0.25,0.5,2.9,9.4,6.1,12.3,1.7,0.8,13.7,8.3,0.3,0.1,0.4,0.071,-2.5,-0.4,-2.9,-0.1
Brian Cardinal,SF,33,DAL,2010-11,56,618,9.7,0.672,0.87,0.18,2.0,8.9,5.6,9.1,2.0,0.9,13.6,9.5,1.0,0.7,1.7,0.132,1.1,1.3,2.4,0.7
Brian Cardinal,SF,34,DAL,2011-12,44,277,3.3,0.373,0.891,0.109,1.6,12.1,6.9,8.3,1.5,0.6,12.2,11.0,-0.3,0.3,0.0,0.004,-3.8,0.1,-3.7,-0.1
Brian Cook,PF,25,LAL,2005-06,81,1535,15.6,0.578,0.164,0.198,6.8,14.2,10.5,8.3,1.3,1.6,9.9,18.3,3.0,1.5,4.5,0.142,0.1,-0.8,-0.7,0.5
Brian Cook,PF,26,LAL,2006-07,65,1018,14.8,0.525,0.282,0.115,7.1,17.6,12.4,10.8,1.3,2.0,10.6,21.2,0.9,0.8,1.8,0.083,-0.6,-1.3,-1.9,0.0
Brian Cook,PF,27,TOT,2007-08,51,629,8.6,0.489,0.491,0.09,5.3,14.2,10.0,6.8,1.1,1.4,13.8,20.5,-0.4,0.7,0.4,0.029,-2.6,-1.1,-3.7,-0.3
Brian Cook,PF,27,LAL,2007-08,6,70,1.2,0.308,0.476,0.19,6.6,9.1,7.9,5.6,1.4,0.0,14.9,16.9,-0.2,0.1,-0.1,-0.087,-6.3,-2.0,-8.3,-0.1
Brian Cook,PF,27,ORL,2007-08,45,559,9.5,0.508,0.493,0.08,5.2,14.8,10.2,6.9,1.0,1.6,13.7,21.0,-0.2,0.7,0.5,0.044,-2.1,-1.0,-3.1,-0.2
Brian Cook,PF,28,TOT,2008-09,30,171,7.6,0.47,0.395,0.079,4.8,16.1,10.6,5.1,0.9,1.3,14.2,24.8,-0.3,0.3,0.0,-0.001,-5.3,-1.7,-6.9,-0.2
Brian Cook,PF,28,ORL,2008-09,21,146,7.6,0.495,0.417,0.1,4.8,15.8,10.4,4.7,1.1,0.0,14.9,23.3,-0.2,0.2,0.1,0.019,-4.5,-2.0,-6.5,-0.2
Brian Cook,PF,28,HOU,2008-09,9,25,7.4,0.375,0.313,0.0,4.9,17.9,11.7,7.3,0.0,8.7,11.1,33.5,-0.1,0.0,-0.1,-0.12,-9.6,-0.2,-9.8,0.0
Brian Cook,PF,29,HOU,2009-10,15,44,2.4,0.403,0.391,0.304,2.5,21.6,11.7,3.7,0.0,3.3,18.7,32.2,-0.2,0.0,-0.2,-0.191,-11.4,-4.4,-15.8,-0.2
Brian Cook,PF,30,LAC,2010-11,40,447,11.6,0.534,0.465,0.141,5.0,20.0,12.6,5.6,1.4,1.9,12.2,20.5,0.1,0.5,0.6,0.064,-1.8,-1.6,-3.5,-0.2
Brian Cook,PF,31,TOT,2011-12,32,276,5.8,0.396,0.51,0.102,4.1,22.3,13.1,5.7,1.1,1.5,9.7,18.7,-0.3,0.3,-0.1,-0.011,-4.8,-2.1,-6.9,-0.3
Brian Grant,C,33,PHO,2005-06,21,248,6.6,0.445,0.0,0.123,5.0,20.1,12.8,3.8,1.0,0.8,9.3,13.6,-0.1,0.3,0.2,0.041,-5.6,-0.3,-5.9,-0.2
Brian Roberts,PG,27,NOH,2012-13,78,1324,14.6,0.509,0.299,0.151,1.5,7.3,4.4,28.2,1.5,0.2,11.5,21.6,2.0,0.2,2.2,0.078,1.1,-3.6,-2.5,-0.2
Brian Roberts,PG,28,NOP,2013-14,72,1667,13.4,0.529,0.306,0.229,1.2,8.4,4.7,22.1,1.3,0.4,12.9,20.0,2.0,0.2,2.2,0.063,0.3,-3.2,-2.9,-0.4
Brian Roberts,PG,29,CHO,2014-15,72,1330,11.7,0.495,0.427,0.164,1.0,8.2,4.5,20.3,1.3,0.4,10.5,18.6,0.6,1.2,1.8,0.064,-0.8,-1.7,-2.5,-0.2
Brian Roberts,PG,30,TOT,2015-16,51,470,13.8,0.552,0.255,0.285,1.4,8.2,4.8,18.6,1.1,0.3,11.0,19.8,0.7,0.3,1.0,0.105,-1.1,-2.8,-3.9,-0.2
Brian Roberts,PG,31,CHO,2016-17,41,416,9.8,0.51,0.361,0.32,1.3,9.0,5.2,18.7,1.1,0.2,15.7,17.9,0.0,0.3,0.2,0.028,-3.3,-2.6,-5.9,-0.4
Brian Scalabrine,PF,27,BOS,2005-06,71,938,5.9,0.491,0.451,0.187,3.6,11.0,7.4,8.2,1.2,1.5,19.3,12.7,-0.4,0.7,0.3,0.015,-3.3,-0.4,-3.7,-0.4
Brian Scalabrine,PF,28,BOS,2006-07,54,1027,6.6,0.537,0.576,0.12,2.7,9.7,6.1,8.9,1.2,1.4,18.0,10.8,0.2,0.7,0.9,0.043,-1.8,0.1,-1.7,0.1
Brian Scalabrine,PF,29,BOS,2007-08,48,512,5.1,0.428,0.489,0.213,5.4,12.5,9.2,11.2,0.9,1.3,20.2,11.7,-0.3,0.9,0.6,0.057,-3.8,1.4,-2.4,-0.1
Brian Scalabrine,C,30,BOS,2008-09,39,504,7.4,0.558,0.535,0.158,1.8,9.9,6.0,5.3,0.7,1.6,9.0,12.4,0.4,0.7,1.1,0.105,-1.4,0.0,-1.4,0.1
Brian Scalabrine,PF,31,BOS,2009-10,52,472,3.6,0.445,0.576,0.071,2.4,9.9,6.2,8.1,1.0,0.7,16.2,10.4,-0.3,0.5,0.2,0.019,-4.0,-0.1,-4.0,-0.2
Brian Scalabrine,PF,32,CHI,2010-11,18,88,6.5,0.526,0.263,0.0,1.4,9.1,5.3,10.4,1.8,3.5,20.8,12.5,0.0,0.2,0.1,0.071,-4.5,2.1,-2.4,0.0
Brian Scalabrine,PF,33,CHI,2011-12,28,122,13.5,0.49,0.233,0.2,7.5,11.7,9.6,18.7,2.2,3.5,21.6,15.5,0.0,0.2,0.3,0.108,-2.0,2.9,0.9,0.1
Brian Skinner,PF,29,TOT,2005-06,65,944,10.5,0.517,0.0,0.35,9.5,19.2,14.3,5.0,1.4,3.4,19.6,11.4,0.1,1.0,1.1,0.057,-3.7,1.5,-2.1,0.0
Brian Skinner,PF,29,SAC,2005-06,38,429,10.8,0.544,0.0,0.391,8.3,19.2,13.8,6.0,1.3,3.4,18.2,10.6,0.2,0.6,0.8,0.094,-3.7,2.1,-1.6,0.0
Brian Skinner,C,29,POR,2005-06,27,515,10.3,0.496,0.0,0.319,10.6,19.2,14.8,4.1,1.5,3.4,20.6,12.0,-0.1,0.4,0.3,0.026,-3.7,1.1,-2.6,-0.1
Brian Skinner,PF,30,MIL,2006-07,67,1523,8.9,0.511,0.0,0.312,8.1,21.8,14.9,5.4,0.6,3.2,20.7,10.8,0.1,1.0,1.1,0.035,-3.9,1.0,-2.8,-0.3
Brian Skinner,C,31,PHO,2007-08,66,844,11.4,0.485,0.015,0.318,9.2,21.7,15.9,2.4,1.2,6.0,14.7,14.0,-0.2,1.4,1.2,0.069,-4.8,2.1,-2.6,-0.1
Brian Skinner,PF,32,LAC,2008-09,51,843,10.6,0.474,0.01,0.229,9.6,18.5,13.9,5.1,1.1,4.6,16.0,14.5,-0.3,0.7,0.4,0.024,-5.1,1.3,-3.8,-0.4
Brian Skinner,PF,33,LAC,2009-10,16,123,5.5,0.456,0.0,0.32,8.4,17.1,12.7,0.0,1.3,2.4,19.7,13.1,-0.1,0.1,0.0,-0.006,-7.9,-2.5,-10.4,-0.3
Brian Skinner,C,34,MIL,2010-11,2,6,0.0,,,,0.0,0.0,0.0,0.0,0.0,0.0,,0.0,0.0,0.0,0.0,0.023,-7.2,1.3,-6.0,0.0
Brian Skinner,C,35,MEM,2011-12,1,4,-14.6,0.0,0.0,0.0,0.0,0.0,0.0,0.0,0.0,0.0,0.0,11.3,0.0,0.0,0.0,-0.248,-13.2,-2.9,-16.1,0.0
Briante Weber,PG,23,TOT,2015-16,7,169,8.9,0.38,0.128,0.103,5.2,11.9,8.4,18.6,2.7,1.6,18.1,13.2,-0.2,0.2,0.0,0.004,-3.6,1.5,-2.1,0.0
Briante Weber,PG,24,TOT,2016-17,20,205,11.0,0.462,0.167,0.267,4.3,9.6,7.0,15.0,2.9,0.4,10.7,16.3,0.0,0.2,0.3,0.059,-3.2,0.0,-3.2,-0.1
Briante Weber,PG,25,TOT,2017-18,18,237,10.1,0.527,0.256,0.233,3.8,13.1,8.4,13.1,3.8,1.9,24.0,11.7,0.0,0.4,0.4,0.072,-3.2,2.9,-0.4,0.1
Brice Johnson,PF,22,LAC,2016-17,3,9,17.2,0.286,0.0,0.0,12.8,24.2,18.6,18.6,11.1,9.1,12.5,39.8,-0.1,0.0,0.0,-0.165,-10.7,12.1,1.3,0.0
Brice Johnson,PF,23,TOT,2017-18,18,98,18.2,0.486,0.024,0.119,10.4,25.5,17.9,3.4,4.5,5.5,10.2,22.3,0.0,0.2,0.2,0.082,-4.9,2.0,-2.8,0.0
Brook Lopez,C,20,NJN,2008-09,82,2501,17.9,0.568,0.002,0.257,10.6,21.2,15.8,6.2,0.9,4.9,13.5,20.3,3.2,2.7,5.8,0.112,-1.2,1.2,0.0,1.2
Brook Lopez,C,21,NJN,2009-10,82,3027,20.1,0.57,0.002,0.451,9.9,17.5,13.5,11.8,1.0,3.4,13.1,23.6,5.5,2.4,7.9,0.125,1.1,0.8,1.9,3.0
Brook Lopez,C,22,NJN,2010-11,82,2889,19.3,0.549,0.001,0.374,7.8,12.3,10.0,8.8,0.9,3.2,10.4,27.3,4.4,1.9,6.3,0.105,0.6,-0.4,0.1,1.5
Brook Lopez,C,23,NJN,2011-12,5,136,21.9,0.527,0.0,0.416,6.6,8.8,7.7,10.2,0.4,2.3,6.2,32.7,0.3,0.0,0.3,0.091,0.0,-4.8,-4.8,-0.1
Brook Lopez,C,24,BRK,2012-13,74,2253,24.7,0.567,0.001,0.358,10.8,16.1,13.4,6.4,0.8,5.2,9.4,28.6,6.4,2.6,9.0,0.191,1.4,0.0,1.4,1.9
Brook Lopez,C,25,BRK,2013-14,17,533,25.4,0.629,0.004,0.502,8.8,14.1,11.5,6.1,0.9,4.8,9.1,27.1,1.9,0.5,2.3,0.211,1.8,-0.7,1.1,0.4
Brook Lopez,C,26,BRK,2014-15,72,2100,22.7,0.558,0.01,0.278,11.5,17.1,14.3,4.5,1.1,4.8,8.6,26.3,4.7,2.2,7.0,0.159,0.5,-0.3,0.2,1.1
Brook Lopez,C,27,BRK,2015-16,73,2457,21.7,0.562,0.012,0.348,9.2,17.2,13.1,10.8,1.2,4.1,11.6,27.3,4.5,1.7,6.2,0.121,1.1,0.2,1.3,2.1
Brook Lopez,C,28,BRK,2016-17,75,2222,20.4,0.578,0.33,0.311,5.8,13.3,9.6,14.8,0.8,4.2,12.1,29.2,3.1,1.8,4.9,0.105,1.9,-0.4,1.5,2.0
Brook Lopez,C,29,LAL,2017-18,74,1735,16.5,0.557,0.41,0.199,4.6,13.4,9.0,11.6,0.8,4.6,10.2,23.5,1.9,1.9,3.8,0.105,0.3,0.2,0.5,1.1
Brook Lopez,C,30,MIL,2018-19,81,2322,14.6,0.597,0.651,0.169,1.5,15.0,8.7,5.7,1.0,6.5,8.9,16.7,2.3,4.3,6.7,0.138,-0.2,2.9,2.7,2.8
Bruce Bowen,SF,34,SAS,2005-06,82,2755,9.1,0.54,0.457,0.157,1.5,11.9,6.9,6.8,1.6,0.8,10.5,11.1,1.7,4.5,6.2,0.108,-0.6,2.6,1.9,2.7
Bruce Bowen,SF,35,SAS,2006-07,82,2464,7.1,0.511,0.497,0.156,1.2,9.4,5.5,7.0,1.3,0.7,11.5,10.9,0.4,3.6,4.1,0.079,-1.4,1.9,0.5,1.5
Bruce Bowen,SF,36,SAS,2007-08,81,2448,7.0,0.527,0.502,0.161,1.6,9.6,5.6,5.5,1.2,0.7,9.1,9.9,0.9,3.4,4.4,0.085,-1.6,2.1,0.4,1.5
Bruce Bowen,SF,37,SAS,2008-09,80,1506,5.4,0.539,0.524,0.139,1.3,10.1,5.7,3.7,1.3,0.6,11.2,7.2,0.3,1.9,2.2,0.07,-3.0,1.6,-1.3,0.2
Bruce Brown,SG,22,DET,2018-19,74,1449,6.9,0.469,0.296,0.191,3.5,10.7,7.0,8.8,1.4,2.1,11.9,11.5,-0.1,1.6,1.5,0.048,-3.7,1.7,-2.0,0.0
Bruno Caboclo,SF,19,TOR,2014-15,8,23,-1.8,0.417,0.25,0.0,5.0,5.0,5.0,0.0,0.0,3.5,25.0,31.5,-0.1,0.0,-0.1,-0.275,-12.6,-6.3,-18.9,-0.1
Bruno Caboclo,SF,20,TOR,2015-16,6,43,-7.7,0.125,0.583,0.0,2.7,2.6,2.7,3.2,2.4,1.9,25.0,16.9,-0.3,0.0,-0.3,-0.283,-11.4,-0.2,-11.6,-0.1
Bruno Caboclo,SF,21,TOR,2016-17,9,40,14.6,0.438,0.375,0.0,14.2,14.1,14.1,15.1,2.5,2.2,11.1,20.1,0.0,0.1,0.1,0.083,0.1,0.7,0.8,0.0
Bruno Caboclo,SF,22,TOT,2017-18,12,107,7.4,0.386,0.548,0.194,7.1,16.6,11.7,5.0,1.4,3.5,10.6,15.8,-0.1,0.1,0.0,-0.021,-5.0,-0.5,-5.4,-0.1
Bruno Caboclo,SF,23,MEM,2018-19,34,800,12.4,0.571,0.578,0.222,5.8,16.5,11.1,9.4,0.9,3.9,13.3,15.9,0.6,0.9,1.5,0.09,-1.0,1.2,0.2,0.4
Bryce Cotton,PG,22,UTA,2014-15,15,159,14.5,0.52,0.29,0.261,2.2,10.8,6.5,17.0,1.3,0.0,13.5,25.6,0.1,0.1,0.2,0.067,-1.2,-3.2,-4.4,-0.1
Bryce Cotton,PG,23,TOT,2015-16,8,39,1.7,0.4,0.3,0.0,0.0,0.0,0.0,10.8,3.7,0.0,33.3,16.5,-0.2,0.0,-0.1,-0.168,-9.3,-2.7,-12.0,-0.1
Bryce Dejean-Jones,SG,23,NOP,2015-16,14,279,9.6,0.505,0.464,0.304,3.1,16.5,9.5,7.7,1.8,0.6,12.3,14.1,0.0,0.2,0.2,0.033,-2.2,-0.4,-2.6,0.0
Bryn Forbes,SG,23,SAS,2016-17,36,285,5.9,0.462,0.535,0.061,0.8,8.2,4.6,11.7,0.2,0.0,9.8,17.9,-0.2,0.2,0.1,0.014,-3.2,-2.8,-6.0,-0.3
Bryn Forbes,SG,24,SAS,2017-18,80,1517,9.1,0.525,0.459,0.145,0.9,7.2,4.0,7.8,0.9,0.1,6.5,16.7,0.8,1.3,2.1,0.067,-1.2,-1.9,-3.1,-0.4
Bryn Forbes,SG,25,SAS,2018-19,82,2293,12.0,0.586,0.522,0.099,0.9,10.4,5.7,10.6,1.0,0.1,8.8,17.4,2.5,1.3,3.8,0.079,1.0,-1.7,-0.7,0.7
Bryon Russell,SF,35,DEN,2005-06,1,3,16.4,,,,0.0,38.5,19.5,43.2,0.0,0.0,,0.0,0.0,0.0,0.0,0.194,-4.8,0.9,-3.9,0.0
Buddy Hield,SG,24,TOT,2016-17,82,1888,11.8,0.541,0.494,0.099,2.0,13.5,7.8,10.3,1.0,0.4,11.2,21.3,0.0,1.3,1.3,0.032,-0.9,-1.9,-2.7,-0.4
Buddy Hield,SG,25,SAC,2017-18,80,2024,16.1,0.557,0.437,0.087,3.0,14.8,8.6,12.8,2.1,1.0,11.3,24.3,1.3,1.5,2.8,0.067,1.2,-1.4,-0.2,0.9
Buddy Hield,SG,26,SAC,2018-19,82,2615,17.5,0.587,0.479,0.142,4.1,12.4,8.1,11.9,1.0,1.1,9.2,25.1,4.3,1.6,5.9,0.108,3.1,-2.0,1.1,2.1
Byron Mullens,PF,20,OKC,2009-10,13,54,0.7,0.368,0.0,0.0,6.6,14.5,10.6,2.9,1.9,0.0,17.4,19.1,-0.2,0.1,-0.1,-0.077,-8.9,-1.6,-10.5,-0.1
Byron Mullens,PF,21,OKC,2010-11,13,85,3.5,0.366,0.0,0.5,8.6,24.0,16.5,0.0,1.2,2.6,19.0,22.5,-0.3,0.1,-0.2,-0.113,-12.5,-4.7,-17.2,-0.3
Byron Mullens,C,22,CHA,2011-12,65,1465,13.0,0.473,0.086,0.19,7.3,18.8,12.8,7.5,0.8,2.6,10.4,22.5,-0.4,0.6,0.2,0.007,-3.3,-1.7,-5.0,-1.1
Byron Mullens,PF,23,CHA,2012-13,53,1428,12.3,0.465,0.369,0.176,5.5,22.0,13.5,10.1,1.2,1.8,10.9,21.7,-0.6,0.7,0.1,0.005,-1.9,-1.7,-3.6,-0.6
Byron Mullens,C,24,TOT,2013-14,45,414,12.8,0.544,0.539,0.121,6.2,18.2,12.1,5.5,1.8,2.1,13.4,20.9,0.1,0.4,0.5,0.057,-1.5,-1.8,-3.3,-0.1
C.J. Miles,PG,18,UTA,2005-06,23,203,13.8,0.456,0.263,0.316,10.7,12.0,11.3,14.3,1.9,0.8,9.4,21.8,0.1,0.2,0.3,0.076,-0.2,-1.8,-2.1,0.0
C.J. Miles,SG,19,UTA,2006-07,37,373,2.8,0.4,0.276,0.198,3.6,7.8,5.7,10.0,1.5,0.9,18.2,18.5,-0.7,0.3,-0.5,-0.062,-5.3,-1.4,-6.7,-0.4
C.J. Miles,SG,20,UTA,2007-08,60,689,14.2,0.574,0.326,0.22,2.9,10.9,6.9,11.5,2.4,0.9,9.4,18.6,1.1,0.8,1.9,0.134,1.1,-0.7,0.4,0.4
C.J. Miles,SG,21,UTA,2008-09,72,1623,11.8,0.546,0.319,0.158,3.3,9.0,6.1,10.4,1.5,0.7,9.6,18.4,1.6,1.3,2.9,0.086,0.1,-1.1,-0.9,0.4
C.J. Miles,SF,22,UTA,2009-10,63,1497,10.8,0.515,0.386,0.169,3.4,9.7,6.6,10.7,2.0,0.9,11.8,20.5,0.2,1.7,1.9,0.061,-0.6,-0.6,-1.1,0.3
C.J. Miles,SF,23,UTA,2010-11,78,1969,14.4,0.507,0.377,0.218,3.3,12.4,7.8,11.7,2.0,1.6,8.6,25.1,1.2,1.3,2.5,0.061,0.4,-2.1,-1.6,0.2
C.J. Miles,SG,24,UTA,2011-12,56,1145,12.4,0.484,0.323,0.292,2.7,9.0,5.8,9.6,2.1,1.3,9.2,22.7,0.7,0.8,1.5,0.063,-0.2,-1.5,-1.7,0.1
C.J. Miles,SF,25,CLE,2012-13,65,1364,15.3,0.551,0.534,0.174,1.9,13.4,7.4,8.1,1.9,1.0,9.5,23.9,1.8,0.8,2.6,0.092,1.7,-2.8,-1.1,0.3
C.J. Miles,SG,26,CLE,2013-14,51,984,16.0,0.569,0.516,0.183,2.0,9.9,5.9,9.1,2.4,1.3,9.1,22.0,1.5,0.9,2.5,0.122,2.0,-1.2,0.7,0.7
C.J. Miles,SG,27,IND,2014-15,70,1841,14.1,0.525,0.539,0.195,1.1,11.7,6.4,7.1,1.7,1.1,7.5,23.9,1.3,2.3,3.6,0.093,1.0,-1.3,-0.3,0.8
C.J. Miles,SF,28,IND,2015-16,64,1464,14.0,0.547,0.61,0.196,1.9,11.1,6.5,7.0,1.8,1.6,9.2,22.8,1.2,1.9,3.1,0.103,1.0,-1.2,-0.2,0.7
C.J. Miles,SF,29,IND,2016-17,76,1776,13.8,0.592,0.632,0.144,1.9,12.4,7.2,4.1,1.3,1.2,5.5,18.4,2.7,1.4,4.0,0.109,1.6,-2.1,-0.5,0.7
C.J. Miles,SF,30,TOR,2017-18,70,1337,13.0,0.545,0.758,0.162,1.5,11.0,6.4,6.0,1.4,1.3,5.7,22.3,1.4,1.5,2.9,0.103,1.7,-2.2,-0.5,0.5
C.J. Miles,SF,31,TOT,2018-19,53,856,9.0,0.504,0.653,0.186,1.7,10.3,6.1,6.0,1.5,1.5,8.2,18.6,-0.2,0.9,0.7,0.041,-2.1,-1.4,-3.4,-0.3
C.J. Miles,SF,31,TOR,2018-19,40,562,8.0,0.484,0.665,0.214,2.4,10.5,6.5,5.2,1.5,1.5,8.5,18.8,-0.3,0.7,0.4,0.035,-2.4,-1.3,-3.7,-0.2
C.J. Miles,SF,31,MEM,2018-19,13,294,10.8,0.544,0.629,0.133,0.4,10.1,5.2,7.4,1.4,1.6,7.5,18.3,0.1,0.3,0.3,0.054,-1.4,-1.5,-2.9,-0.1
C.J. Watson,PG,23,GSW,2007-08,32,368,11.0,0.519,0.257,0.287,3.6,5.8,4.7,12.8,2.0,0.0,13.7,15.1,0.3,0.1,0.4,0.056,-1.8,-1.9,-3.6,-0.2
C.J. Watson,PG,24,GSW,2008-09,77,1883,14.2,0.564,0.214,0.343,2.3,8.8,5.5,16.2,2.5,0.1,12.5,16.8,2.7,0.6,3.3,0.084,0.5,-1.5,-1.1,0.4
C.J. Watson,PG,25,GSW,2009-10,65,1788,13.8,0.555,0.275,0.314,1.7,8.9,5.3,14.3,2.8,0.3,10.3,16.0,2.2,0.9,3.1,0.082,0.2,-0.7,-0.4,0.7
C.J. Watson,PG,26,CHI,2010-11,82,1091,12.8,0.466,0.284,0.236,1.8,8.1,5.0,26.9,2.7,0.8,14.4,21.4,0.2,2.0,2.1,0.093,-1.9,-0.3,-2.2,0.0
C.J. Watson,PG,27,CHI,2011-12,49,1159,13.3,0.491,0.396,0.238,2.1,7.9,5.1,27.2,2.1,0.5,16.7,22.8,0.8,1.8,2.6,0.109,0.4,-0.5,-0.1,0.5
C.J. Watson,PG,28,BRK,2012-13,80,1521,13.9,0.544,0.466,0.198,2.9,8.4,5.6,17.2,2.3,0.6,12.1,17.2,2.5,1.3,3.8,0.12,1.6,-0.5,1.0,1.2
C.J. Watson,PG,29,IND,2013-14,63,1193,13.0,0.555,0.434,0.263,1.9,7.4,4.8,14.4,2.6,0.5,13.9,16.6,1.1,2.1,3.2,0.13,-0.3,0.8,0.5,0.7
C.J. Watson,PG,30,IND,2014-15,57,1422,15.4,0.581,0.42,0.4,1.4,11.2,6.3,23.3,2.1,0.5,16.9,18.8,2.2,1.8,4.0,0.135,1.4,0.1,1.5,1.3
C.J. Watson,PG,31,ORL,2015-16,33,656,8.6,0.461,0.35,0.285,1.7,9.6,5.6,18.1,1.4,0.6,14.0,12.1,0.2,0.4,0.6,0.047,-2.5,-0.8,-3.3,-0.2
C.J. Watson,PG,32,ORL,2016-17,62,1012,9.3,0.507,0.423,0.266,1.7,8.1,4.8,16.1,2.1,0.2,14.5,14.1,0.2,0.6,0.9,0.041,-2.5,-1.1,-3.6,-0.4
C.J. Wilcox,SG,24,LAC,2014-15,21,101,8.5,0.527,0.5,0.053,1.1,6.5,3.9,12.0,1.5,0.8,20.5,21.8,-0.1,0.1,0.0,-0.024,-3.3,-2.7,-6.0,-0.1
C.J. Wilcox,SG,25,LAC,2015-16,23,167,12.9,0.491,0.348,0.182,0.7,7.1,3.9,9.4,3.0,0.9,2.7,19.8,0.1,0.2,0.3,0.089,-1.5,-0.9,-2.4,0.0
C.J. Wilcox,SG,26,ORL,2016-17,22,108,2.9,0.329,0.484,0.065,3.9,8.3,6.1,15.5,0.9,0.7,15.8,15.4,-0.2,0.0,-0.2,-0.09,-6.5,-2.1,-8.6,-0.2
C.J. Williams,SG,27,LAC,2017-18,38,707,9.5,0.512,0.396,0.081,1.9,6.7,4.4,8.5,2.1,1.5,8.9,13.7,0.3,0.5,0.7,0.051,-1.3,-0.1,-1.4,0.1
C.J. Williams,SG,28,MIN,2018-19,15,128,8.8,0.55,0.457,0.029,0.8,5.9,3.3,12.9,2.2,0.0,12.4,13.3,0.1,0.1,0.1,0.042,-1.8,-2.2,-4.0,-0.1
CJ McCollum,SG,22,POR,2013-14,38,476,9.0,0.521,0.449,0.191,1.6,9.2,5.4,8.7,1.5,0.3,15.4,20.9,-0.2,0.3,0.2,0.019,-2.1,-2.0,-4.1,-0.3
CJ McCollum,SG,23,POR,2014-15,62,973,13.1,0.534,0.381,0.2,1.6,8.3,5.0,10.3,2.3,0.6,10.8,20.5,0.7,1.1,1.8,0.089,-0.4,-0.3,-0.7,0.3
CJ McCollum,SG,24,POR,2015-16,80,2780,17.7,0.544,0.33,0.158,1.8,8.3,5.0,21.6,1.7,0.6,11.4,27.1,4.4,1.7,6.0,0.104,2.5,-2.0,0.4,1.7
CJ McCollum,SG,25,POR,2016-17,80,2796,19.9,0.585,0.305,0.204,2.4,9.1,5.7,18.0,1.3,1.2,9.9,27.5,6.2,1.4,7.6,0.131,3.2,-2.3,1.0,2.1
CJ McCollum,SG,26,POR,2017-18,81,2923,17.0,0.536,0.316,0.166,2.0,9.9,6.0,15.8,1.3,1.0,8.6,26.5,3.7,2.9,6.6,0.108,1.4,-1.0,0.4,1.8
CJ McCollum,SG,27,POR,2018-19,70,2375,17.0,0.553,0.358,0.154,2.9,9.7,6.3,13.8,1.1,0.9,7.4,25.5,4.0,1.7,5.6,0.114,2.2,-1.9,0.3,1.3
Calbert Cheaney,SF,34,GSW,2005-06,42,448,6.0,0.412,0.074,0.074,4.9,10.5,7.6,6.6,1.5,0.3,13.2,12.8,-0.3,0.3,0.0,0.0,-5.4,-0.1,-5.5,-0.4
Caleb Swanigan,PF,20,POR,2017-18,27,189,7.5,0.449,0.133,0.3,8.7,22.3,15.6,10.8,1.3,1.3,20.9,20.0,-0.3,0.3,0.0,-0.003,-6.0,0.6,-5.4,-0.2
Caleb Swanigan,PF,21,TOT,2018-19,21,178,4.7,0.377,0.132,0.17,10.2,27.6,19.1,8.0,1.6,0.5,24.0,17.7,-0.5,0.2,-0.2,-0.06,-7.8,0.0,-7.8,-0.3
Caleb Swanigan,PF,21,POR,2018-19,18,145,3.1,0.372,0.114,0.159,9.8,28.0,19.1,6.2,1.3,0.0,25.4,18.4,-0.4,0.2,-0.3,-0.086,-8.8,-0.7,-9.5,-0.3
Caleb Swanigan,PF,21,SAC,2018-19,3,33,11.7,0.405,0.222,0.222,12.2,25.6,18.7,15.6,2.8,2.6,16.8,14.9,0.0,0.1,0.0,0.053,-3.4,3.1,-0.2,0.0
Calvin Booth,C,29,WAS,2005-06,33,250,8.9,0.451,0.043,0.191,8.6,15.8,12.1,7.2,1.9,2.8,13.6,10.5,0.1,0.3,0.4,0.07,-3.1,1.8,-1.4,0.0
Calvin Booth,C,30,WAS,2006-07,44,380,9.6,0.49,0.03,0.152,7.9,16.8,12.3,6.8,0.5,5.9,11.3,9.2,0.3,0.3,0.6,0.072,-3.2,1.8,-1.4,0.1
Calvin Booth,C,31,PHI,2007-08,31,204,7.1,0.382,0.0,0.37,3.5,18.8,11.1,5.4,1.6,7.0,11.3,7.8,-0.1,0.4,0.3,0.065,-6.0,4.9,-1.2,0.0
Calvin Booth,C,32,TOT,2008-09,8,56,11.4,0.592,0.0,0.8,10.1,12.6,11.5,0.0,0.9,2.7,6.9,11.6,0.1,0.0,0.1,0.106,-3.3,-4.0,-7.3,-0.1
Calvin Booth,C,32,MIN,2008-09,1,1,39.8,,,,100.0,0.0,58.5,0.0,0.0,0.0,,0.0,0.0,0.0,0.0,0.475,14.7,-9.1,5.6,0.0
Calvin Booth,C,32,SAC,2008-09,7,55,10.9,0.592,0.0,0.8,8.4,12.8,10.6,0.0,0.9,2.7,6.9,11.8,0.1,0.0,0.1,0.099,-3.6,-3.9,-7.5,-0.1
Cameron Bairstow,PF,24,CHI,2014-15,18,64,2.1,0.309,0.0,0.357,10.5,3.3,6.8,2.2,1.6,1.1,15.6,13.5,-0.1,0.0,-0.1,-0.048,-6.7,-1.0,-7.7,-0.1
Cameron Bairstow,C,25,CHI,2015-16,18,103,6.8,0.391,0.125,0.2,4.2,24.0,14.3,8.7,1.0,2.1,8.4,20.3,-0.1,0.1,0.0,-0.004,-6.9,-0.8,-7.7,-0.1
Cameron Payne,PG,21,OKC,2015-16,57,698,12.9,0.49,0.399,0.086,1.5,11.2,6.6,22.5,2.6,0.7,13.2,20.3,0.6,0.8,1.4,0.093,-0.4,-0.9,-1.3,0.1
Cameron Payne,PG,22,TOT,2016-17,31,462,5.5,0.407,0.446,0.041,0.7,10.7,5.7,17.7,1.5,0.7,12.9,20.9,-0.8,0.4,-0.3,-0.035,-4.8,-2.2,-7.0,-0.6
Cameron Payne,PG,23,CHI,2017-18,25,582,14.0,0.498,0.423,0.074,3.2,9.8,6.4,29.9,2.2,1.4,14.0,19.3,0.3,0.4,0.8,0.063,-0.2,-0.8,-0.9,0.2
Cameron Payne,PG,24,TOT,2018-19,40,712,11.5,0.519,0.377,0.184,2.0,9.2,5.5,21.8,1.9,1.1,15.7,17.6,0.1,0.3,0.5,0.031,-1.9,-1.6,-3.5,-0.3
Cameron Payne,PG,24,CHI,2018-19,31,536,10.3,0.492,0.351,0.149,2.0,8.8,5.4,22.4,1.8,1.0,16.0,17.4,-0.1,0.3,0.2,0.014,-2.7,-1.6,-4.3,-0.3
Cameron Payne,PG,24,CLE,2018-19,9,176,15.3,0.596,0.455,0.291,1.8,10.6,6.0,20.0,2.3,1.5,15.1,18.1,0.2,0.1,0.3,0.082,0.4,-1.5,-1.1,0.0
Cameron Reynolds,SG,23,MIN,2018-19,19,259,10.4,0.58,0.654,0.115,1.6,11.3,6.4,6.8,1.1,0.7,5.7,14.1,0.3,0.1,0.4,0.078,-0.1,-2.2,-2.3,0.0
Caris LeVert,SF,22,BRK,2016-17,57,1237,12.3,0.556,0.484,0.245,2.0,13.9,8.0,13.7,1.9,0.5,12.3,16.6,0.8,1.0,1.8,0.07,-0.7,-0.4,-1.1,0.3
Caris LeVert,SF,23,BRK,2017-18,71,1864,14.2,0.525,0.333,0.254,3.0,11.9,7.4,26.0,2.1,0.9,15.8,22.5,0.7,1.6,2.3,0.058,-0.3,-0.2,-0.5,0.7
Caris LeVert,SF,24,BRK,2018-19,40,1063,14.9,0.509,0.319,0.255,3.5,11.4,7.5,23.2,1.9,1.0,11.4,24.0,0.5,1.2,1.7,0.077,-0.3,0.1,-0.2,0.5
Carl Landry,PF,24,HOU,2007-08,42,711,21.4,0.641,0.005,0.498,15.5,17.3,16.4,5.2,1.3,0.7,8.9,18.8,2.5,1.2,3.7,0.251,2.1,-0.3,1.8,0.7
Carl Landry,PF,25,HOU,2008-09,69,1467,17.7,0.634,0.007,0.462,10.3,16.7,13.6,4.6,0.9,1.5,11.9,18.1,3.7,2.2,5.9,0.193,0.2,0.2,0.4,0.9
Carl Landry,PF,26,TOT,2009-10,80,2469,19.0,0.6,0.003,0.459,8.5,13.4,10.9,4.6,1.1,1.9,10.8,22.5,5.8,1.9,7.7,0.15,0.4,-1.1,-0.7,0.8
Carl Landry,PF,27,TOT,2010-11,76,2008,14.8,0.555,0.006,0.419,9.3,10.8,10.0,5.2,1.0,1.2,11.8,20.5,2.8,1.3,4.1,0.098,-0.8,-1.2,-2.0,0.0
Carl Landry,PF,28,NOH,2011-12,41,999,18.2,0.577,0.008,0.508,9.5,15.9,12.8,7.1,0.7,1.0,12.6,24.0,2.2,0.7,2.9,0.139,0.2,-2.0,-1.8,0.1
Carl Landry,PF,29,GSW,2012-13,81,1876,17.5,0.605,0.005,0.453,10.9,17.3,14.2,5.6,0.9,1.3,13.7,20.0,4.3,1.9,6.2,0.159,0.0,-0.7,-0.7,0.6
Carl Landry,PF,30,SAC,2013-14,18,233,11.2,0.563,0.0,0.283,7.2,20.6,13.8,3.4,0.7,0.3,11.8,14.5,0.3,0.1,0.4,0.088,-3.0,-1.9,-4.9,-0.2
Carl Landry,PF,31,SAC,2014-15,70,1192,14.9,0.578,0.0,0.407,9.8,15.5,12.8,3.6,0.6,1.1,11.0,18.1,2.3,0.5,2.8,0.112,-1.0,-2.6,-3.6,-0.5
Carl Landry,PF,32,PHI,2015-16,36,569,22.4,0.605,0.052,0.364,9.1,19.2,14.0,11.1,1.0,1.2,7.1,24.0,1.8,0.3,2.1,0.176,1.5,-2.3,-0.7,0.2
Carldell Johnson,PG,29,NOH,2011-12,15,119,8.9,0.372,0.429,0.086,1.0,7.9,4.5,29.4,3.7,0.0,16.2,17.2,-0.1,0.1,0.0,-0.003,-3.2,-1.3,-4.5,-0.1
Carlos Arroyo,PG,26,TOT,2005-06,77,1194,15.6,0.512,0.053,0.362,3.3,9.8,6.6,31.6,1.7,0.2,15.9,20.7,1.6,1.1,2.7,0.107,-0.6,-1.7,-2.3,-0.1
Carlos Arroyo,PG,26,DET,2005-06,50,600,12.5,0.433,0.038,0.369,4.7,9.2,6.9,39.3,1.8,0.4,19.8,18.0,0.3,0.7,1.0,0.079,-2.6,-1.4,-4.0,-0.3
Carlos Arroyo,SG,26,ORL,2005-06,27,594,18.8,0.569,0.063,0.357,1.9,10.3,6.2,23.8,1.7,0.1,12.9,23.4,1.3,0.4,1.7,0.135,1.3,-2.0,-0.6,0.2
Carlos Arroyo,PG,27,ORL,2006-07,72,1304,14.4,0.501,0.107,0.347,3.0,9.5,6.3,27.1,1.6,0.1,14.0,22.8,1.2,1.3,2.5,0.094,-0.4,-1.6,-2.0,0.0
Carlos Arroyo,PG,28,ORL,2007-08,62,1269,12.8,0.547,0.241,0.293,0.9,9.0,5.1,26.6,1.1,0.1,16.4,17.0,1.7,1.1,2.8,0.107,-0.8,-1.4,-2.2,-0.1
Carlos Arroyo,PG,30,MIA,2009-10,72,1585,12.3,0.529,0.067,0.24,1.9,7.7,4.8,22.2,1.2,0.3,11.5,13.9,2.2,1.5,3.7,0.113,-1.2,-0.8,-2.0,0.0
Carlos Arroyo,PG,31,TOT,2010-11,64,1185,9.0,0.528,0.253,0.172,2.2,7.9,5.2,15.8,0.9,0.1,17.0,14.0,0.5,1.1,1.7,0.068,-2.1,-1.0,-3.1,-0.3
Carlos Boozer,PF,24,UTA,2005-06,33,1025,21.4,0.585,0.0,0.343,8.6,25.3,16.9,18.0,1.6,0.6,13.1,23.9,2.2,1.3,3.5,0.162,2.2,0.4,2.6,1.2
Carlos Boozer,PF,25,UTA,2006-07,74,2557,24.1,0.588,0.0,0.322,11.2,29.9,20.6,16.6,1.4,0.7,12.8,26.5,6.5,3.4,9.9,0.185,3.4,1.2,4.6,4.3
Carlos Boozer,PF,26,UTA,2007-08,81,2827,21.9,0.581,0.001,0.303,8.6,27.7,18.2,14.2,1.8,1.2,12.5,26.6,5.9,4.3,10.2,0.173,1.9,1.3,3.2,3.7
Carlos Boozer,PF,27,UTA,2008-09,37,1197,17.2,0.523,0.0,0.271,11.1,27.3,19.2,11.4,1.7,0.5,12.1,24.4,0.9,1.7,2.6,0.105,-0.7,0.6,-0.1,0.6
Carlos Boozer,PF,28,UTA,2009-10,78,2673,21.3,0.599,0.0,0.35,8.2,29.9,19.4,15.8,1.6,1.1,14.3,24.8,5.3,4.6,9.9,0.178,1.5,2.0,3.5,3.7
Carlos Boozer,C,29,CHI,2010-11,59,1882,18.8,0.542,0.0,0.289,8.3,26.3,17.6,14.3,1.3,0.7,13.5,26.9,1.9,3.9,5.8,0.149,-0.7,1.4,0.7,1.3
Carlos Boozer,PF,30,CHI,2011-12,66,1948,19.7,0.549,0.001,0.163,6.7,25.3,16.1,11.8,1.7,0.9,11.3,23.8,3.3,4.3,7.6,0.187,0.3,1.7,2.0,2.0
Carlos Boozer,PF,31,CHI,2012-13,79,2546,17.1,0.51,0.002,0.232,7.8,27.2,17.4,13.4,1.4,0.8,12.3,25.8,1.4,4.3,5.7,0.108,-1.5,0.9,-0.6,0.9
Carlos Boozer,PF,32,CHI,2013-14,76,2141,14.4,0.489,0.002,0.197,7.4,25.9,16.8,10.9,1.3,0.8,12.6,26.3,-0.9,4.3,3.4,0.076,-4.0,0.6,-3.4,-0.7
Carlos Boozer,PF,33,LAL,2014-15,71,1692,16.4,0.517,0.0,0.202,7.0,25.2,15.7,10.3,1.2,0.6,10.2,23.7,1.2,1.0,2.2,0.062,-1.8,-1.5,-3.3,-0.6
Carlos Delfino,SG,23,DET,2005-06,68,726,10.6,0.483,0.265,0.296,4.5,14.1,9.3,9.7,1.6,1.5,12.4,19.1,0.0,1.0,1.0,0.067,-2.9,-0.1,-3.1,-0.2
Carlos Delfino,SG,24,DET,2006-07,82,1372,12.8,0.515,0.367,0.237,5.8,17.2,11.5,10.2,1.8,0.5,12.8,16.5,1.0,1.9,2.9,0.101,-0.7,0.4,-0.4,0.6
Carlos Delfino,SG,25,TOR,2007-08,82,1928,13.6,0.527,0.497,0.247,4.0,18.1,11.0,11.3,1.9,0.5,9.7,19.0,1.7,2.3,4.0,0.1,0.9,0.4,1.3,1.6
Carlos Delfino,SF,27,MIL,2009-10,75,2279,12.9,0.526,0.499,0.163,2.4,18.0,9.8,14.0,1.8,0.7,13.2,18.0,1.1,3.7,4.8,0.101,-0.1,1.8,1.6,2.1
Carlos Delfino,SF,28,MIL,2010-11,49,1590,13.1,0.517,0.554,0.146,1.7,13.2,7.3,12.1,2.6,0.4,9.5,17.7,0.9,2.6,3.5,0.105,0.6,1.5,2.1,1.6
Carlos Delfino,SF,29,MIL,2011-12,54,1537,11.7,0.515,0.528,0.106,1.4,13.9,7.5,11.9,2.6,0.5,12.2,15.5,0.8,1.6,2.4,0.075,0.1,0.6,0.7,1.1
Carlos Delfino,SF,30,HOU,2012-13,67,1689,13.3,0.549,0.679,0.09,1.2,13.4,7.4,12.5,2.0,0.4,10.0,18.6,2.0,1.5,3.5,0.101,1.7,-0.6,1.2,1.3
Carmelo Anthony,SF,21,DEN,2005-06,80,2941,22.0,0.563,0.097,0.451,4.9,10.7,7.8,14.3,1.5,1.1,10.4,32.0,6.8,2.6,9.4,0.153,3.0,-1.6,1.5,2.6
Carmelo Anthony,SF,22,DEN,2006-07,65,2486,22.1,0.552,0.103,0.391,6.6,11.1,8.9,19.2,1.5,0.7,12.1,33.4,5.2,2.1,7.3,0.14,3.1,-1.1,2.0,2.5
Carmelo Anthony,SF,23,DEN,2007-08,77,2806,21.1,0.568,0.111,0.398,7.0,14.9,11.0,16.1,1.7,1.0,12.7,30.2,5.2,3.0,8.2,0.14,2.2,-0.6,1.6,2.6
Carmelo Anthony,SF,24,DEN,2008-09,66,2277,19.0,0.532,0.141,0.388,5.6,17.0,11.5,18.1,1.7,0.8,12.3,31.5,2.4,2.6,5.0,0.105,0.8,-0.5,0.3,1.3
Carmelo Anthony,SF,25,DEN,2009-10,69,2634,22.2,0.548,0.125,0.407,6.7,13.1,9.9,15.9,1.7,0.9,10.6,33.4,5.6,2.4,7.9,0.145,2.7,-1.3,1.4,2.3
Carmelo Anthony,SF,26,TOT,2010-11,77,2751,21.7,0.557,0.167,0.403,5.0,18.3,11.8,14.7,1.2,1.3,10.4,32.0,5.4,2.5,7.9,0.138,1.8,-1.3,0.5,1.8
Carmelo Anthony,SF,27,NYK,2011-12,55,1876,21.1,0.525,0.198,0.358,5.4,15.9,10.6,21.0,1.7,1.0,10.8,31.8,3.7,2.6,6.2,0.16,2.9,0.0,2.9,2.3
Carmelo Anthony,PF,28,NYK,2012-13,67,2482,24.8,0.56,0.278,0.344,6.1,15.9,10.8,14.1,1.1,1.1,9.3,35.6,7.5,2.0,9.5,0.184,4.7,-2.3,2.4,2.8
Carmelo Anthony,PF,29,NYK,2013-14,77,2982,24.4,0.561,0.253,0.329,5.6,19.4,12.3,15.8,1.7,1.5,9.5,32.4,8.1,2.5,10.7,0.172,4.6,-1.0,3.6,4.2
Carmelo Anthony,SF,30,NYK,2014-15,40,1428,21.5,0.531,0.222,0.294,5.7,16.0,10.7,18.0,1.5,1.0,8.9,32.2,2.2,0.6,2.9,0.097,3.5,-2.2,1.4,1.2
Carmelo Anthony,SF,31,NYK,2015-16,72,2530,20.3,0.53,0.237,0.308,4.3,19.5,12.0,21.9,1.3,1.1,10.6,29.7,3.9,2.5,6.4,0.121,2.8,-0.2,2.6,2.9
Carmelo Anthony,SF,32,NYK,2016-17,74,2538,17.9,0.535,0.303,0.263,2.6,16.0,9.3,14.5,1.2,1.1,9.0,29.1,3.2,1.5,4.7,0.089,1.5,-2.2,-0.7,0.8
Carmelo Anthony,PF,33,OKC,2017-18,78,2501,12.7,0.503,0.406,0.165,2.9,17.7,10.0,6.5,0.9,1.8,7.3,23.2,1.2,2.5,3.7,0.071,-1.9,-1.9,-3.8,-1.1
Carmelo Anthony,PF,34,HOU,2018-19,10,294,10.9,0.513,0.529,0.182,3.3,17.3,10.2,2.6,0.7,2.0,5.8,20.5,0.1,0.2,0.3,0.048,-3.1,-2.8,-5.9,-0.3
Caron Butler,SF,25,WAS,2005-06,75,2708,17.0,0.535,0.11,0.306,4.8,15.6,10.0,12.1,2.4,0.5,12.4,23.2,3.5,2.8,6.3,0.112,0.5,0.3,0.8,1.9
Caron Butler,SF,26,WAS,2006-07,63,2474,18.3,0.537,0.074,0.336,6.6,15.3,10.8,15.9,2.8,0.5,13.9,23.1,3.4,1.9,5.3,0.103,1.4,0.5,1.9,2.5
Caron Butler,SF,27,WAS,2007-08,58,2314,20.7,0.558,0.196,0.278,4.6,15.4,9.8,21.9,3.0,0.7,12.4,24.0,4.8,2.4,7.2,0.15,3.7,1.0,4.7,3.9
Caron Butler,SG,28,WAS,2008-09,67,2585,18.8,0.552,0.194,0.371,5.2,13.8,9.4,19.7,2.2,0.6,14.3,25.9,3.4,1.1,4.5,0.083,2.6,-0.8,1.8,2.5
Caron Butler,SF,29,TOT,2009-10,74,2783,13.7,0.507,0.138,0.3,4.3,14.9,9.5,9.2,2.2,0.7,11.9,22.1,0.6,2.9,3.5,0.061,-1.1,0.4,-0.6,1.0
Caron Butler,SF,30,DAL,2010-11,29,867,14.2,0.523,0.172,0.233,3.1,12.5,8.0,9.1,1.7,0.7,10.5,25.1,0.2,1.0,1.2,0.067,-1.4,0.0,-1.4,0.1
Caron Butler,SF,31,LAC,2011-12,63,1871,11.7,0.501,0.365,0.152,2.8,12.0,7.3,6.8,1.5,0.4,9.3,20.4,1.2,1.1,2.3,0.059,-0.7,-1.5,-2.2,-0.1
Caron Butler,SF,32,LAC,2012-13,78,1879,12.4,0.535,0.458,0.125,2.6,11.4,7.1,6.5,1.4,0.5,8.7,20.2,1.9,1.6,3.6,0.091,0.3,-1.9,-1.6,0.2
Caron Butler,SF,33,TOT,2013-14,56,1419,12.2,0.512,0.461,0.139,1.7,16.8,9.2,9.6,1.7,1.0,9.5,20.1,0.6,1.2,1.8,0.062,-0.7,-1.4,-2.1,0.0
Caron Butler,SF,34,DET,2014-15,78,1623,9.3,0.544,0.553,0.154,1.4,12.2,6.6,7.3,1.4,0.2,10.4,12.9,1.3,1.0,2.4,0.07,-1.0,-0.5,-1.5,0.2
Caron Butler,SF,35,SAC,2015-16,17,176,11.3,0.49,0.305,0.203,3.1,10.4,6.8,8.3,2.5,0.5,4.5,16.2,0.1,0.1,0.3,0.071,-1.5,-1.1,-2.6,0.0
Carrick Felix,SG,23,CLE,2013-14,7,38,13.3,0.603,0.357,0.286,2.9,15.1,8.9,18.2,0.0,0.0,20.2,23.2,0.0,0.0,0.0,0.057,-1.1,-3.5,-4.7,0.0
Cartier Martin,SF,24,CHA,2008-09,33,266,9.2,0.489,0.429,0.325,3.3,12.0,7.7,8.0,1.6,1.2,9.3,17.2,0.1,0.3,0.4,0.07,-2.7,-0.9,-3.5,-0.1
Cartier Martin,SF,25,TOT,2009-10,18,390,9.0,0.473,0.36,0.221,7.1,12.6,9.8,6.2,1.4,0.2,11.3,18.8,-0.1,0.2,0.1,0.011,-2.1,-2.5,-4.6,-0.3
Cartier Martin,SF,26,WAS,2010-11,52,542,11.7,0.524,0.544,0.22,4.1,11.8,7.8,5.2,1.7,0.8,7.4,17.6,0.5,0.3,0.8,0.071,-0.3,-2.7,-3.0,-0.1
Cartier Martin,SF,27,WAS,2011-12,17,391,12.8,0.555,0.56,0.142,3.4,13.4,8.4,4.2,1.5,0.4,8.4,17.8,0.5,0.2,0.7,0.09,0.9,-2.5,-1.7,0.0
Cartier Martin,SF,28,WAS,2012-13,41,694,9.7,0.511,0.579,0.111,1.7,14.3,8.0,4.8,1.4,0.7,10.8,19.5,-0.2,0.9,0.7,0.047,-2.2,-1.4,-3.6,-0.3
Cartier Martin,SF,29,TOT,2013-14,59,870,11.0,0.562,0.572,0.246,1.7,12.8,7.3,5.9,1.6,0.6,10.4,17.1,0.5,0.8,1.3,0.07,-1.2,-1.5,-2.8,-0.2
Cartier Martin,SF,30,DET,2014-15,23,198,1.6,0.34,0.623,0.0,0.0,11.4,5.5,8.0,0.8,0.4,8.6,13.0,-0.3,0.1,-0.2,-0.053,-5.5,-1.6,-7.1,-0.3
Casey Jacobsen,SG,26,MEM,2007-08,53,547,4.5,0.437,0.626,0.148,2.4,11.0,6.7,5.2,0.5,0.1,11.6,11.3,-0.3,0.0,-0.3,-0.023,-3.8,-2.2,-6.1,-0.6
Casper Ware,PG,24,PHI,2013-14,9,116,13.0,0.538,0.5,0.143,0.0,8.7,4.2,13.7,3.3,0.0,10.1,18.1,0.1,0.1,0.2,0.071,-1.1,-2.5,-3.6,0.0
Cedi Osman,SF,22,CLE,2017-18,61,672,11.0,0.577,0.468,0.247,3.2,16.6,10.0,8.7,1.6,0.4,13.4,15.7,0.5,0.4,0.9,0.064,-1.4,-1.5,-2.9,-0.2
Cedi Osman,SF,23,CLE,2018-19,76,2444,11.5,0.536,0.443,0.214,2.0,14.8,8.1,12.1,1.2,0.4,11.0,18.6,1.2,0.2,1.5,0.029,-0.4,-1.7,-2.1,-0.1
Cedric Bozeman,SG,23,ATL,2006-07,23,199,-0.1,0.312,0.333,0.154,1.8,12.3,7.0,6.9,1.3,0.8,17.8,11.7,-0.4,0.1,-0.3,-0.077,-7.2,-1.0,-8.2,-0.3
Cedric Jackson,PG,23,TOT,2009-10,12,74,5.5,0.396,0.3,0.6,3.1,9.4,6.3,27.1,2.1,1.9,30.3,22.4,-0.3,0.1,-0.2,-0.111,-7.1,-0.4,-7.5,-0.1
Cedric Simmons,PF,21,NOK,2006-07,43,534,8.0,0.43,0.0,0.25,9.3,13.9,11.6,3.5,0.8,3.4,13.1,14.4,-0.3,0.5,0.3,0.025,-4.8,0.6,-4.2,-0.3
Cedric Simmons,PF,22,TOT,2007-08,14,87,0.0,0.217,0.0,0.714,7.6,16.2,11.8,0.0,1.2,4.5,24.6,12.6,-0.4,0.1,-0.2,-0.134,-12.4,-0.3,-12.6,-0.2
Cedric Simmons,PF,22,CLE,2007-08,7,68,2.4,0.21,0.0,1.333,8.1,17.3,12.6,0.0,1.6,5.8,29.6,9.0,-0.2,0.1,-0.1,-0.07,-10.9,1.6,-9.3,-0.1
Cedric Simmons,PF,22,CHI,2007-08,7,19,-8.7,0.225,0.0,0.25,5.7,12.3,8.9,0.0,0.0,0.0,18.4,25.3,-0.2,0.0,-0.1,-0.362,-17.6,-7.1,-24.7,-0.1
Cedric Simmons,PF,23,TOT,2008-09,18,84,10.8,0.453,0.0,0.64,6.9,15.1,11.0,3.9,0.6,3.5,5.9,18.1,0.0,0.1,0.0,0.022,-5.5,-2.1,-7.6,-0.1
Cedric Simmons,PF,23,CHI,2008-09,11,61,18.0,0.515,0.0,0.667,7.6,14.9,11.3,5.4,0.8,4.8,0.0,19.8,0.1,0.1,0.2,0.139,-1.7,-1.0,-2.7,0.0
Cedric Simmons,PF,23,SAC,2008-09,7,23,-8.3,0.102,0.0,0.5,5.0,15.3,10.2,0.0,0.0,0.0,29.1,13.4,-0.1,0.0,-0.1,-0.288,-15.4,-5.1,-20.5,-0.1
Chandler Hutchison,SF,22,CHI,2018-19,44,895,8.8,0.507,0.239,0.182,3.7,18.9,11.2,5.3,1.2,0.6,10.0,12.2,0.0,0.6,0.6,0.03,-3.9,-0.4,-4.3,-0.5
Chandler Parsons,SF,23,HOU,2011-12,63,1804,13.3,0.513,0.324,0.142,5.7,13.6,9.6,11.7,2.1,1.2,12.2,16.7,1.6,1.8,3.4,0.09,0.5,1.2,1.7,1.7
Chandler Parsons,SF,24,HOU,2012-13,76,2758,15.3,0.584,0.421,0.165,3.3,13.2,8.3,15.6,1.4,0.9,12.7,18.3,4.9,2.1,7.0,0.121,2.4,0.4,2.7,3.3
Chandler Parsons,SF,25,HOU,2013-14,74,2783,15.9,0.565,0.356,0.224,2.9,12.8,8.2,17.3,1.6,0.8,11.7,19.3,5.1,2.5,7.6,0.131,2.2,0.4,2.6,3.2
Chandler Parsons,SF,26,DAL,2014-15,66,2186,16.3,0.567,0.419,0.233,3.2,13.0,8.1,11.4,1.6,0.7,9.5,20.6,3.8,1.7,5.5,0.121,2.7,-0.2,2.5,2.5
Chandler Parsons,SF,27,DAL,2015-16,61,1799,16.2,0.589,0.386,0.209,1.8,15.6,8.7,16.0,1.3,1.0,11.8,20.5,2.6,1.6,4.3,0.114,1.6,0.3,1.9,1.8
Chandler Parsons,SF,28,MEM,2016-17,34,675,7.7,0.436,0.419,0.194,1.0,13.6,7.1,12.8,1.5,0.7,9.1,17.8,-0.5,0.7,0.2,0.015,-3.6,-0.5,-4.1,-0.3
Chandler Parsons,SF,29,MEM,2017-18,36,691,13.6,0.578,0.517,0.115,2.3,13.0,7.5,16.4,1.3,1.5,12.5,18.3,0.7,0.4,1.1,0.077,0.4,-1.6,-1.2,0.1
Chandler Parsons,SF,30,MEM,2018-19,25,496,8.5,0.484,0.516,0.137,0.9,15.2,7.9,13.4,1.9,1.0,14.2,20.3,-0.6,0.6,0.0,-0.004,-3.7,-0.6,-4.3,-0.3
Channing Frye,C,22,NYK,2005-06,65,1572,18.1,0.541,0.014,0.358,10.6,18.5,14.5,6.6,1.0,2.5,11.6,24.2,2.6,0.9,3.5,0.108,-0.2,-1.4,-1.6,0.2
Channing Frye,PF,23,NYK,2006-07,72,1896,10.5,0.464,0.026,0.157,5.8,18.9,12.4,6.2,1.0,1.8,12.0,20.0,-0.6,1.6,0.9,0.024,-4.3,-0.5,-4.7,-1.3
Channing Frye,C,24,POR,2007-08,78,1342,14.8,0.529,0.022,0.241,9.4,21.6,15.5,7.4,1.2,1.6,9.9,19.6,1.6,1.6,3.2,0.114,-1.6,0.2,-1.4,0.2
Channing Frye,PF,25,POR,2008-09,63,746,10.0,0.465,0.124,0.135,6.7,16.7,11.6,5.3,1.3,1.7,9.3,19.7,0.0,0.8,0.8,0.054,-3.4,-0.8,-4.3,-0.4
Channing Frye,C,26,PHO,2009-10,81,2190,15.0,0.598,0.558,0.172,3.6,17.6,11.0,7.4,1.5,2.4,8.8,16.7,4.3,2.2,6.4,0.141,2.8,0.9,3.7,3.2
Channing Frye,PF,27,PHO,2010-11,77,2541,12.8,0.557,0.53,0.129,3.0,20.4,11.7,5.7,0.9,2.3,7.7,16.9,2.7,2.1,4.7,0.09,0.7,0.5,1.2,2.0
Channing Frye,PF,28,PHO,2011-12,64,1669,14.9,0.519,0.429,0.134,4.8,20.6,12.8,8.3,1.3,3.0,8.8,19.3,1.8,1.9,3.7,0.106,0.7,1.2,1.9,1.7
Channing Frye,PF,30,PHO,2013-14,82,2312,13.2,0.555,0.555,0.122,3.6,16.6,10.1,6.4,1.3,2.1,9.8,17.3,2.9,2.4,5.3,0.109,0.9,0.2,1.1,1.8
Channing Frye,PF,31,ORL,2014-15,75,1870,9.5,0.546,0.71,0.072,1.6,16.4,8.9,7.4,1.3,1.7,13.4,14.1,0.7,1.4,2.1,0.053,-0.9,0.0,-0.9,0.5
Channing Frye,PF,32,TOT,2015-16,70,1200,12.9,0.586,0.677,0.101,3.2,18.6,10.9,8.7,1.2,1.9,10.6,15.1,1.6,1.3,3.0,0.119,0.5,0.0,0.5,0.7
Channing Frye,C,33,CLE,2016-17,74,1398,15.6,0.612,0.644,0.142,3.0,19.3,11.4,4.9,1.2,2.1,8.8,19.3,2.3,1.4,3.7,0.125,0.8,-1.5,-0.6,0.5
Channing Frye,C,34,TOT,2017-18,53,695,13.1,0.599,0.542,0.09,1.9,19.4,10.8,7.9,1.3,1.6,8.7,15.2,0.9,0.6,1.5,0.101,-0.7,-1.0,-1.7,0.1
Channing Frye,C,35,CLE,2018-19,36,341,8.9,0.524,0.675,0.12,1.2,16.4,8.5,8.6,0.9,1.3,9.5,17.5,0.1,0.0,0.1,0.016,-1.9,-2.9,-4.8,-0.2
Charles Cooke,SG,23,NOP,2017-18,13,38,-5.1,0.202,0.571,0.143,0.0,5.5,2.9,3.2,1.3,0.0,6.3,18.1,-0.2,0.0,-0.2,-0.239,-10.8,-3.8,-14.6,-0.1
Charles Jenkins,PG,22,GSW,2011-12,51,893,12.4,0.482,0.069,0.134,1.0,7.6,4.3,29.9,1.9,0.5,16.3,19.0,0.4,0.1,0.5,0.028,-2.5,-3.0,-5.5,-0.8
Charles Jenkins,SG,23,TOT,2012-13,59,441,7.5,0.425,0.017,0.182,2.0,6.0,4.0,14.8,1.8,0.4,13.8,15.5,-0.3,0.3,0.0,-0.005,-5.4,-1.4,-6.8,-0.5
Charles Smith,SG,30,TOT,2005-06,22,210,12.0,0.53,0.528,0.111,1.7,7.6,4.6,7.6,1.3,2.2,5.0,17.9,0.2,0.0,0.3,0.06,0.3,-2.9,-2.6,0.0
Charles Smith,SG,30,POR,2005-06,21,208,12.4,0.537,0.521,0.113,1.7,7.6,4.6,7.7,1.3,2.2,5.1,17.9,0.3,0.0,0.3,0.066,0.5,-2.9,-2.4,0.0
Charles Smith,SG,30,DEN,2005-06,1,2,-28.1,0.0,1.0,0.0,0.0,0.0,0.0,0.0,0.0,0.0,0.0,22.4,0.0,0.0,0.0,-0.511,-14.9,-7.7,-22.6,0.0
Charlie Bell,SG,26,MIL,2005-06,59,1283,14.7,0.55,0.41,0.217,1.9,9.3,5.6,16.6,2.4,0.3,8.4,17.5,2.2,1.1,3.3,0.123,1.6,-0.7,0.9,0.9
Charlie Bell,SG,27,MIL,2006-07,82,2848,13.1,0.53,0.371,0.172,2.3,7.6,4.9,13.6,1.8,0.1,9.0,18.3,3.6,0.4,4.0,0.068,1.2,-1.9,-0.7,1.0
Charlie Bell,SG,28,MIL,2007-08,68,1628,10.9,0.49,0.447,0.179,2.1,10.3,6.0,19.9,1.7,0.1,12.7,16.6,1.0,0.3,1.3,0.038,-0.5,-2.2,-2.7,-0.3
Charlie Bell,SG,29,MIL,2008-09,70,1783,9.8,0.525,0.458,0.153,2.0,7.1,4.4,13.3,1.5,0.3,12.0,16.0,0.9,1.2,2.2,0.059,-0.4,-1.0,-1.5,0.2
Charlie Bell,SG,30,MIL,2009-10,71,1611,7.9,0.486,0.451,0.151,2.1,7.5,4.7,9.8,1.3,0.6,10.3,14.8,0.1,1.9,2.0,0.06,-2.0,0.2,-1.7,0.1
Charlie Bell,SG,31,GSW,2010-11,19,171,4.7,0.357,0.488,0.093,3.9,8.1,6.0,10.1,1.8,0.4,11.8,13.1,-0.2,0.0,-0.1,-0.04,-4.5,-1.9,-6.4,-0.2
Charlie Villanueva,PF,21,TOR,2005-06,81,2361,16.4,0.521,0.228,0.17,9.0,18.4,13.5,6.5,1.3,2.1,8.9,21.7,2.9,1.0,3.9,0.079,0.3,-1.3,-1.0,0.6
Charlie Villanueva,PF,22,MIL,2006-07,39,984,15.8,0.547,0.225,0.232,7.3,20.1,13.6,6.1,1.3,0.9,11.3,21.8,1.2,0.6,1.7,0.085,-0.6,-2.3,-2.9,-0.2
Charlie Villanueva,PF,23,MIL,2007-08,76,1829,14.9,0.502,0.227,0.193,8.9,21.5,15.0,7.5,0.9,1.5,10.8,24.4,0.9,0.9,1.7,0.045,-1.4,-2.6,-4.0,-0.9
Charlie Villanueva,PF,24,MIL,2008-09,78,2095,18.6,0.529,0.237,0.22,8.3,21.6,14.7,12.4,1.2,2.2,10.4,28.5,2.2,2.7,4.9,0.112,1.0,-0.3,0.7,1.4
Charlie Villanueva,PF,25,DET,2009-10,78,1848,16.0,0.526,0.341,0.157,5.2,19.6,12.0,5.2,1.4,2.5,7.7,23.9,2.1,1.4,3.5,0.092,0.1,-2.0,-1.9,0.1
Charlie Villanueva,PF,26,DET,2010-11,76,1666,15.9,0.553,0.456,0.164,3.5,18.8,10.8,5.0,1.4,2.0,8.0,23.1,2.1,1.0,3.1,0.091,0.9,-2.7,-1.8,0.1
Charlie Villanueva,PF,27,DET,2011-12,13,180,16.2,0.484,0.495,0.077,5.8,26.8,15.9,6.4,2.1,2.2,6.9,26.0,0.1,0.3,0.4,0.096,-0.2,-2.3,-2.5,0.0
Charlie Villanueva,PF,28,DET,2012-13,69,1092,14.0,0.481,0.558,0.106,5.1,20.6,12.7,8.4,1.5,2.8,7.4,21.9,0.4,1.1,1.6,0.069,-0.3,-1.2,-1.5,0.1
Charlie Villanueva,PF,29,DET,2013-14,20,180,12.7,0.469,0.609,0.152,3.5,17.9,10.3,5.5,1.1,2.2,6.7,25.0,0.0,0.1,0.1,0.034,-1.2,-4.0,-5.2,-0.1
Charlie Villanueva,PF,30,DAL,2014-15,64,678,17.4,0.534,0.61,0.097,4.8,19.3,12.1,4.7,1.1,2.6,6.9,26.7,0.6,0.7,1.4,0.096,1.2,-3.1,-1.8,0.0
Charlie Villanueva,PF,31,DAL,2015-16,62,665,11.9,0.473,0.526,0.073,4.0,21.1,12.5,6.2,1.4,1.9,8.4,25.3,-0.6,0.8,0.2,0.016,-2.8,-1.8,-4.6,-0.4
Chase Budinger,SF,21,HOU,2009-10,74,1488,14.1,0.545,0.441,0.154,2.8,14.6,8.5,9.7,1.2,0.5,7.4,19.4,1.9,1.2,3.1,0.1,0.3,-1.5,-1.1,0.3
Chase Budinger,SF,22,HOU,2010-11,78,1738,14.2,0.534,0.418,0.21,3.4,15.0,9.2,11.5,1.2,0.7,8.5,19.9,2.2,1.2,3.4,0.095,0.6,-1.3,-0.7,0.6
Chase Budinger,SF,23,HOU,2011-12,58,1298,14.9,0.556,0.465,0.149,3.4,16.2,9.7,9.3,1.2,0.4,9.9,19.5,2.0,1.0,3.0,0.111,1.2,-1.3,0.0,0.6
Chase Budinger,SF,24,MIN,2012-13,23,508,12.6,0.516,0.424,0.22,3.3,13.0,8.0,8.3,1.4,1.1,9.9,20.5,0.3,0.4,0.7,0.066,-0.7,-1.1,-1.8,0.0
Chase Budinger,SF,25,MIN,2013-14,41,751,9.7,0.505,0.472,0.154,2.7,12.5,7.5,6.2,1.2,0.2,8.1,16.7,0.3,0.6,0.9,0.059,-1.3,-1.3,-2.6,-0.1
Chase Budinger,SF,26,MIN,2014-15,67,1286,12.2,0.537,0.367,0.208,2.8,15.1,8.8,8.0,1.7,0.6,10.3,16.3,1.1,0.2,1.3,0.049,-0.9,-1.9,-2.8,-0.3
Chase Budinger,SF,27,TOT,2015-16,66,929,10.7,0.514,0.36,0.234,5.0,12.6,8.8,10.2,1.7,0.9,14.3,14.5,0.4,1.0,1.4,0.073,-2.0,0.3,-1.7,0.1
Chasson Randle,PG,23,TOT,2016-17,26,299,13.6,0.586,0.48,0.439,2.2,9.4,5.8,16.8,1.5,0.5,14.0,19.7,0.5,0.1,0.7,0.106,0.3,-2.9,-2.6,0.0
Chasson Randle,PG,25,WAS,2018-19,49,743,9.9,0.555,0.53,0.286,1.4,6.8,4.1,17.5,1.6,0.3,15.0,16.4,0.4,0.2,0.6,0.041,-1.4,-3.0,-4.4,-0.4
Chauncey Billups,PG,29,DET,2005-06,81,2925,23.4,0.602,0.42,0.514,1.6,8.7,5.1,39.3,1.3,0.2,12.0,22.9,12.7,2.8,15.5,0.254,6.9,-2.2,4.7,4.9
Chauncey Billups,PG,30,DET,2006-07,70,2533,21.3,0.591,0.388,0.536,1.1,10.0,5.6,32.9,1.8,0.5,12.2,21.5,8.7,2.7,11.4,0.216,5.4,-0.9,4.4,4.1
Chauncey Billups,PG,31,DET,2007-08,78,2522,23.6,0.619,0.39,0.498,2.0,8.1,5.0,34.7,2.2,0.5,13.0,23.0,10.2,3.4,13.5,0.257,6.8,-0.7,6.1,5.2
Chauncey Billups,PG,32,TOT,2008-09,79,2789,18.8,0.592,0.405,0.467,1.4,8.4,5.0,28.9,1.7,0.5,13.0,21.7,7.9,2.2,10.1,0.174,4.2,-1.7,2.5,3.2
Chauncey Billups,PG,32,DET,2008-09,2,70,17.5,0.492,0.333,0.476,1.7,15.5,8.5,33.0,2.4,1.1,13.6,20.0,0.1,0.1,0.2,0.124,0.3,0.1,0.4,0.0
Chauncey Billups,PG,32,DEN,2008-09,77,2719,18.8,0.595,0.407,0.467,1.4,8.2,4.9,28.8,1.7,0.5,13.0,21.8,7.8,2.1,9.9,0.176,4.3,-1.7,2.5,3.1
Chauncey Billups,PG,33,DEN,2009-10,73,2490,20.2,0.601,0.423,0.532,1.2,9.3,5.3,26.1,1.7,0.3,13.0,24.3,7.7,1.7,9.5,0.182,5.0,-1.9,3.1,3.2
Chauncey Billups,PG,34,TOT,2010-11,72,2310,18.7,0.617,0.457,0.528,1.3,8.1,4.7,25.8,1.5,0.5,15.3,22.3,6.6,1.4,8.0,0.166,4.1,-2.1,1.9,2.3
Chauncey Billups,SG,35,LAC,2011-12,20,607,16.1,0.554,0.548,0.417,0.8,9.1,4.9,21.0,0.8,0.4,12.3,23.4,1.5,0.2,1.7,0.135,2.9,-3.2,-0.4,0.3
Chauncey Billups,SG,36,LAC,2012-13,22,418,15.0,0.601,0.682,0.364,0.6,8.4,4.6,17.4,1.5,0.2,14.5,19.6,1.0,0.3,1.3,0.146,2.4,-2.7,-0.2,0.2
Chauncey Billups,SG,37,DET,2013-14,19,309,5.3,0.427,0.608,0.152,1.3,8.9,4.9,18.7,1.3,0.3,22.9,15.1,-0.3,0.1,-0.3,-0.042,-3.8,-2.4,-6.3,-0.3
Cheick Diallo,PF,20,NOP,2016-17,17,199,16.8,0.51,0.0,0.276,12.1,26.7,19.4,3.2,1.0,2.9,7.6,20.5,0.2,0.3,0.5,0.111,-4.6,-1.0,-5.6,-0.2
Cheick Diallo,PF,21,NOP,2017-18,52,581,17.0,0.619,0.0,0.375,9.1,29.6,19.7,4.7,0.9,2.9,12.0,17.4,1.1,0.8,1.9,0.157,-2.8,-0.3,-3.1,-0.2
Cheick Diallo,PF,22,NOP,2018-19,64,896,17.5,0.644,0.015,0.247,8.8,29.3,19.2,5.1,1.5,3.0,14.0,16.0,1.4,1.2,2.6,0.14,-2.1,0.5,-1.6,0.1
Cheikh Samb,C,23,DET,2007-08,4,31,12.0,0.717,0.0,0.5,11.5,15.5,13.5,0.0,1.8,5.1,17.0,8.9,0.1,0.1,0.1,0.178,-2.1,0.9,-1.2,0.0
Cheikh Samb,C,24,TOT,2008-09,18,83,5.3,0.214,0.094,0.219,13.6,19.5,16.7,1.7,1.9,9.1,7.9,20.6,-0.4,0.1,-0.2,-0.144,-12.4,0.3,-12.1,-0.2
Cheikh Samb,C,24,DEN,2008-09,6,24,2.9,0.154,0.077,0.0,10.0,32.9,21.8,6.0,4.2,16.1,13.3,27.8,-0.2,0.1,-0.1,-0.246,-17.6,8.7,-8.9,0.0
Cheikh Samb,C,24,LAC,2008-09,10,51,9.2,0.302,0.125,0.313,15.4,14.0,14.7,0.0,1.0,7.3,5.2,17.2,-0.1,0.0,0.0,-0.046,-8.8,-2.4,-11.2,-0.1
Cheikh Samb,C,24,NYK,2008-09,2,8,-12.6,0.0,0.0,0.667,13.2,14.2,13.7,0.0,0.0,0.0,0.0,21.1,-0.1,0.0,-0.1,-0.458,-19.5,-7.7,-27.2,-0.1
Chimezie Metu,PF,21,SAS,2018-19,29,145,6.4,0.389,0.034,0.293,6.8,20.1,13.5,12.0,2.0,1.2,18.6,24.4,-0.5,0.2,-0.3,-0.099,-9.0,-0.2,-9.2,-0.3
Chinanu Onuaku,C,20,HOU,2016-17,5,52,12.3,0.799,0.0,0.571,4.2,16.8,10.5,7.8,2.8,1.6,31.3,10.4,0.1,0.1,0.1,0.123,-2.4,1.8,-0.6,0.0
Chinanu Onuaku,C,21,HOU,2017-18,1,22,-3.2,0.4,0.0,0.0,5.2,15.2,10.2,6.4,0.0,0.0,37.5,16.1,-0.1,0.0,-0.1,-0.147,-11.1,-1.2,-12.3,-0.1
Chris Andersen,C,27,NOK,2005-06,32,570,14.1,0.562,0.0,1.051,12.4,20.2,16.2,1.7,0.8,5.9,15.4,13.9,0.6,0.7,1.3,0.112,-2.8,1.3,-1.5,0.1
Chris Andersen,C,29,NOH,2007-08,5,34,6.1,0.342,0.0,0.571,6.7,24.6,15.5,0.0,0.0,9.2,10.2,13.3,-0.1,0.1,0.0,0.012,-10.4,0.8,-9.6,-0.1
Chris Andersen,C,30,DEN,2008-09,71,1460,18.1,0.608,0.034,0.62,13.4,21.6,17.6,3.2,1.4,9.3,15.7,13.4,2.5,2.8,5.4,0.176,-1.2,4.6,3.4,2.0
Chris Andersen,PF,31,DEN,2009-10,76,1695,15.8,0.631,0.012,0.94,10.1,22.7,16.4,2.8,1.3,6.3,14.3,10.8,3.2,2.7,5.9,0.166,-1.1,3.3,2.1,1.8
Chris Andersen,C,32,DEN,2010-11,45,732,19.0,0.636,0.007,0.985,12.2,22.1,17.3,4.0,1.6,6.0,11.3,13.5,1.9,1.2,3.2,0.207,0.2,3.1,3.3,1.0
Chris Andersen,C,33,DEN,2011-12,32,486,18.9,0.583,0.0,0.759,11.9,23.3,17.8,1.8,2.0,7.4,10.6,14.8,1.0,0.8,1.9,0.183,-1.2,2.6,1.4,0.4
Chris Andersen,C,34,MIA,2012-13,42,624,17.4,0.631,0.024,0.756,11.9,21.5,17.0,4.0,1.4,5.8,12.8,14.4,1.6,1.1,2.7,0.207,-0.6,1.8,1.2,0.5
Chris Andersen,C,35,MIA,2013-14,72,1396,18.5,0.683,0.044,0.615,12.1,21.7,17.1,2.1,1.2,6.1,13.2,13.8,3.8,2.2,6.0,0.205,0.1,1.5,1.6,1.3
Chris Andersen,C,36,MIA,2014-15,60,1132,16.1,0.622,0.063,0.551,8.2,23.2,15.9,6.1,1.2,4.6,13.5,12.3,2.1,1.5,3.6,0.151,-1.2,2.3,1.0,0.9
Chris Andersen,C,37,TOT,2015-16,27,402,15.3,0.598,0.194,0.5,9.9,18.2,13.9,4.4,1.9,2.9,9.3,10.8,0.8,0.4,1.3,0.149,-0.3,1.1,0.8,0.3
Chris Andersen,C,38,CLE,2016-17,12,114,11.6,0.497,0.136,0.636,9.0,20.6,15.0,5.9,2.2,5.0,15.1,13.0,0.1,0.2,0.2,0.102,-3.8,3.0,-0.9,0.0
Chris Babb,SG,23,BOS,2013-14,14,132,3.7,0.367,0.9,0.0,3.3,11.5,7.3,3.3,2.3,0.0,9.1,11.1,-0.1,0.1,0.0,-0.008,-3.7,-0.7,-4.4,-0.1
Chris Bosh,C,21,TOR,2005-06,70,2751,23.2,0.585,0.012,0.534,8.7,20.6,14.4,11.8,1.0,2.3,10.5,25.2,8.7,1.1,9.8,0.17,2.8,-0.3,2.5,3.1
Chris Bosh,C,22,TOR,2006-07,69,2658,22.6,0.577,0.032,0.539,8.1,24.8,16.4,11.7,0.8,2.6,11.7,26.7,6.1,3.5,9.6,0.174,1.3,1.3,2.6,3.1
Chris Bosh,C,23,TOR,2007-08,67,2425,23.8,0.588,0.024,0.544,8.4,20.1,14.2,12.1,1.4,2.2,10.7,27.7,7.0,3.1,10.1,0.2,2.7,1.0,3.7,3.5
Chris Bosh,C,24,TOR,2008-09,77,2928,22.1,0.569,0.039,0.489,8.7,22.1,15.5,11.6,1.2,2.0,10.2,26.9,6.6,3.1,9.7,0.159,2.0,0.5,2.4,3.3
Chris Bosh,C,25,TOR,2009-10,70,2526,25.0,0.592,0.019,0.509,9.9,25.2,17.7,11.5,0.9,2.1,10.7,28.7,7.9,1.7,9.6,0.182,3.0,-0.7,2.3,2.7
Chris Bosh,PF,26,MIA,2010-11,77,2795,19.4,0.569,0.024,0.446,6.4,20.0,13.6,8.9,1.1,1.4,9.8,23.5,6.1,4.3,10.3,0.177,0.1,0.3,0.4,1.7
Chris Bosh,PF,27,MIA,2011-12,57,2007,18.9,0.551,0.043,0.346,5.8,20.5,13.5,9.1,1.3,1.8,11.2,24.2,3.6,3.3,6.9,0.165,-0.3,0.3,0.0,1.0
Chris Bosh,C,28,MIA,2012-13,74,2454,20.0,0.592,0.082,0.333,7.0,17.6,12.6,8.4,1.4,3.4,11.0,22.7,5.6,3.4,9.0,0.175,0.6,0.6,1.2,2.0
Chris Bosh,C,29,MIA,2013-14,79,2531,19.0,0.597,0.229,0.285,5.1,20.3,13.0,5.8,1.7,2.7,10.4,22.6,4.6,3.4,8.0,0.152,0.5,0.0,0.5,1.6
Chris Bosh,C,30,MIA,2014-15,44,1556,19.8,0.548,0.226,0.311,3.6,20.0,12.0,12.0,1.4,1.4,10.1,28.4,2.1,1.5,3.6,0.111,1.0,-1.0,-0.1,0.8
Chris Bosh,PF,31,MIA,2015-16,53,1778,20.2,0.571,0.289,0.349,3.2,21.1,12.4,12.1,1.0,1.5,8.1,24.7,4.1,2.3,6.4,0.172,2.3,-0.3,2.1,1.8
Chris Boucher,PF,25,GSW,2017-18,1,1,-28.5,0.0,1.0,0.0,0.0,100.0,55.9,0.0,0.0,0.0,0.0,43.9,0.0,0.0,0.0,-0.899,-38.9,-20.1,-59.0,0.0
Chris Boucher,PF,26,TOR,2018-19,28,163,22.2,0.563,0.487,0.197,10.9,25.8,18.5,1.9,1.8,12.2,7.8,23.6,0.2,0.4,0.7,0.194,-1.7,2.8,1.1,0.1
Chris Chiozza,PG,23,HOU,2018-19,7,33,7.0,0.375,0.625,0.0,3.3,10.3,6.7,16.1,1.5,2.6,11.1,11.8,0.0,0.0,0.0,0.023,-4.5,-0.2,-4.7,0.0
Chris Copeland,PF,28,NYK,2012-13,56,862,16.8,0.583,0.368,0.218,4.5,11.9,8.1,5.7,1.0,1.2,10.7,25.3,1.5,0.6,2.1,0.117,1.0,-3.2,-2.2,-0.1
Chris Copeland,SF,29,IND,2013-14,41,265,17.6,0.621,0.675,0.12,3.1,10.1,6.8,12.6,0.6,2.0,10.2,23.7,0.6,0.4,1.0,0.186,3.5,-2.1,1.4,0.2
Chris Copeland,SF,30,IND,2014-15,50,828,7.4,0.468,0.539,0.145,3.1,11.7,7.4,9.9,0.7,1.0,15.2,21.3,-0.9,0.8,-0.1,-0.008,-2.8,-1.5,-4.3,-0.5
Chris Copeland,PF,31,MIL,2015-16,24,156,5.4,0.462,0.706,0.137,0.7,6.5,3.7,10.3,0.7,0.0,10.0,17.3,-0.1,0.0,-0.1,-0.017,-2.5,-5.2,-7.7,-0.2
Chris Douglas-Roberts,SG,22,NJN,2008-09,44,585,12.2,0.531,0.068,0.352,2.8,7.4,5.1,14.8,1.1,1.0,13.2,18.7,0.4,0.2,0.6,0.046,-2.7,-2.3,-5.0,-0.4
Chris Douglas-Roberts,SF,23,NJN,2009-10,67,1730,11.5,0.512,0.094,0.274,2.9,10.7,6.6,9.5,1.7,0.8,13.1,19.6,-0.2,0.9,0.7,0.02,-2.9,-1.1,-4.0,-0.9
Chris Douglas-Roberts,SF,24,MIL,2010-11,44,884,11.5,0.517,0.168,0.326,0.9,11.0,5.8,9.8,1.8,1.2,10.1,18.4,0.4,1.3,1.6,0.088,-2.8,0.6,-2.3,-0.1
Chris Douglas-Roberts,SG,26,DAL,2012-13,6,63,8.3,0.462,0.286,0.714,0.0,8.7,4.4,8.9,1.6,0.0,5.2,14.0,0.0,0.0,0.1,0.041,-3.2,-1.8,-5.0,0.0
Chris Douglas-Roberts,SF,27,CHA,2013-14,49,1016,12.2,0.588,0.524,0.325,1.8,11.5,6.6,7.9,1.5,1.2,11.1,14.7,1.1,1.2,2.4,0.113,-0.3,0.4,0.1,0.5
Chris Douglas-Roberts,SG,28,LAC,2014-15,12,103,3.3,0.387,0.333,0.381,1.1,11.8,6.6,5.0,0.5,0.0,0.0,10.7,0.0,0.1,0.0,0.02,-4.4,-1.6,-6.1,-0.1
Chris Duhon,PG,23,CHI,2005-06,74,2155,12.9,0.538,0.517,0.266,1.5,10.2,5.9,26.4,1.7,0.1,16.3,15.0,2.7,2.5,5.2,0.116,0.7,0.2,0.9,1.6
Chris Duhon,PG,24,CHI,2006-07,78,1906,11.9,0.529,0.507,0.209,1.4,8.7,5.1,24.4,1.9,0.2,16.6,14.8,1.9,3.0,4.8,0.121,-0.1,0.1,0.0,1.0
Chris Duhon,PG,25,CHI,2007-08,66,1490,11.1,0.508,0.451,0.233,1.4,7.6,4.4,26.5,1.7,0.1,15.8,13.4,1.3,1.0,2.3,0.075,-0.9,-1.9,-2.9,-0.3
Chris Duhon,PG,26,NYK,2008-09,79,2906,12.2,0.569,0.477,0.307,1.6,7.8,4.6,27.9,1.2,0.2,22.2,14.9,3.1,1.0,4.2,0.069,0.1,-1.5,-1.4,0.4
Chris Duhon,PG,27,NYK,2009-10,67,2072,10.7,0.501,0.572,0.211,1.5,8.4,4.9,25.9,1.5,0.1,18.2,13.1,1.5,0.5,1.9,0.045,-0.9,-2.0,-2.9,-0.5
Chris Duhon,PG,28,ORL,2010-11,51,774,5.6,0.446,0.403,0.194,1.4,6.3,3.9,22.4,1.1,0.2,30.3,12.0,-0.7,0.9,0.2,0.014,-4.7,-0.4,-5.1,-0.6
Chris Duhon,PG,29,ORL,2011-12,63,1226,8.4,0.558,0.586,0.103,1.3,8.4,4.8,19.1,1.5,0.6,27.6,11.2,0.4,0.9,1.3,0.051,-2.1,-0.2,-2.3,-0.1
Chris Duhon,PG,30,LAL,2012-13,46,820,8.0,0.517,0.74,0.106,1.5,7.5,4.6,22.8,1.2,0.1,23.7,9.2,0.6,0.4,1.0,0.056,-1.7,-1.7,-3.5,-0.3
Chris Hunter,C,25,GSW,2009-10,60,783,12.2,0.546,0.018,0.318,7.9,16.0,11.9,6.7,0.8,3.2,10.8,15.2,0.9,0.4,1.3,0.08,-2.5,-0.6,-3.1,-0.2
Chris Johnson,C,25,TOT,2010-11,14,138,10.2,0.554,0.0,0.952,10.3,18.2,14.2,3.2,1.2,5.3,25.1,13.5,0.0,0.2,0.2,0.08,-4.9,2.0,-2.9,0.0
Chris Johnson,C,26,TOT,2011-12,27,175,10.8,0.557,0.0,0.463,10.1,16.8,13.5,1.8,1.9,4.0,23.3,17.1,0.0,0.2,0.2,0.059,-4.8,0.2,-4.7,-0.1
Chris Johnson,C,27,MIN,2012-13,30,284,18.4,0.65,0.0,0.453,7.8,16.6,12.1,4.9,1.3,7.6,12.6,16.2,0.6,0.4,1.0,0.176,-1.2,3.1,1.9,0.3
Chris Johnson,SF,22,MEM,2012-13,8,102,10.7,0.56,0.72,0.08,5.7,7.1,6.4,3.1,2.1,0.0,10.4,13.1,0.1,0.1,0.2,0.112,0.4,-0.7,-0.3,0.0
Chris Johnson,SF,23,BOS,2013-14,40,789,10.8,0.537,0.593,0.201,4.3,9.8,7.0,6.0,1.8,0.4,8.6,14.3,0.9,0.5,1.4,0.085,0.1,-0.9,-0.8,0.2
Chris Johnson,SF,24,TOT,2014-15,29,526,10.2,0.515,0.617,0.104,1.7,10.2,5.9,4.6,2.6,1.1,8.5,15.0,0.2,0.6,0.8,0.074,-1.6,-0.6,-2.2,0.0
Chris Johnson,SF,25,UTA,2015-16,70,857,8.2,0.482,0.51,0.216,3.7,14.3,9.0,8.0,2.0,2.0,15.8,13.6,-0.1,1.2,1.1,0.059,-2.7,1.3,-1.4,0.1
Chris Kaman,C,23,LAC,2005-06,78,2560,15.0,0.57,0.003,0.357,8.9,24.5,17.0,5.0,0.9,3.2,17.7,17.9,1.8,4.3,6.1,0.114,-2.1,1.7,-0.4,1.0
Chris Kaman,C,24,LAC,2006-07,75,2176,12.9,0.502,0.002,0.344,8.9,23.3,16.2,6.1,1.0,4.1,16.4,19.0,-0.3,3.2,2.9,0.063,-3.9,1.4,-2.5,-0.3
Chris Kaman,C,25,LAC,2007-08,56,2083,17.5,0.538,0.006,0.379,9.5,30.0,19.7,9.3,0.8,5.6,16.7,21.7,0.4,3.2,3.6,0.083,-2.9,3.2,0.4,1.2
Chris Kaman,C,26,LAC,2008-09,31,921,14.4,0.552,0.0,0.246,9.1,22.2,15.5,8.8,1.0,3.6,19.9,20.9,-0.3,0.8,0.6,0.03,-3.5,1.0,-2.5,-0.1
Chris Kaman,C,27,LAC,2009-10,76,2608,16.5,0.527,0.005,0.255,8.1,23.2,15.6,8.6,0.7,2.7,14.3,27.1,0.0,2.4,2.4,0.044,-2.8,-0.4,-3.2,-0.8
Chris Kaman,C,28,LAC,2010-11,32,838,15.7,0.495,0.0,0.152,7.2,24.1,15.7,10.0,1.0,4.5,12.6,24.4,-0.2,1.1,0.8,0.047,-3.7,1.2,-2.5,-0.1
Chris Kaman,C,29,NOH,2011-12,47,1372,15.3,0.478,0.0,0.179,7.9,23.5,15.8,14.0,1.0,4.7,16.7,26.6,-1.2,1.9,0.7,0.024,-3.5,2.2,-1.4,0.2
Chris Kaman,C,30,DAL,2012-13,66,1363,16.3,0.529,0.002,0.138,8.1,22.1,15.2,6.6,1.1,3.0,13.6,25.3,0.0,1.6,1.6,0.058,-3.2,-0.5,-3.7,-0.6
Chris Kaman,C,31,LAL,2013-14,39,736,17.0,0.537,0.009,0.197,7.8,25.4,16.6,14.1,0.7,3.9,16.4,26.7,-0.2,0.7,0.5,0.036,-3.1,0.7,-2.4,-0.1
Chris Kaman,C,32,POR,2014-15,74,1398,17.3,0.537,0.0,0.186,11.6,25.2,18.5,7.8,0.7,2.8,15.4,22.5,1.1,2.2,3.3,0.112,-2.5,1.1,-1.4,0.2
Chris Kaman,C,33,POR,2015-16,16,112,11.1,0.496,0.093,0.07,6.8,16.5,11.6,15.8,0.4,0.7,15.3,20.4,0.0,0.1,0.1,0.037,-3.3,-1.9,-5.1,-0.1
Chris McCray,SG,22,MIL,2006-07,5,12,-20.7,0.0,0.0,0.0,0.0,0.0,0.0,0.0,0.0,0.0,40.0,18.8,-0.1,0.0,-0.1,-0.537,-20.6,-4.0,-24.6,-0.1
Chris McCullough,PF,20,BRK,2015-16,24,362,12.2,0.47,0.312,0.211,7.6,13.6,10.5,3.7,3.9,2.7,11.2,16.5,-0.1,0.4,0.3,0.043,-2.1,1.1,-1.0,0.1
Chris McCullough,PF,21,TOT,2016-17,16,80,15.2,0.526,0.219,0.156,12.1,13.3,12.7,4.4,1.2,1.9,8.1,19.9,0.1,0.1,0.1,0.072,-1.9,-2.6,-4.6,-0.1
Chris McCullough,PF,22,WAS,2017-18,19,90,15.8,0.478,0.19,0.333,8.8,22.6,15.7,7.1,0.0,4.9,4.0,24.6,0.1,0.1,0.2,0.081,-3.8,-1.9,-5.7,-0.1
Chris Mihm,C,26,LAL,2005-06,59,1541,15.3,0.552,0.0,0.438,10.5,18.0,14.2,6.6,0.5,3.6,13.2,18.7,2.2,1.7,4.0,0.124,-1.6,0.2,-1.4,0.2
Chris Mihm,C,28,LAL,2007-08,23,278,7.7,0.384,0.0,0.284,11.7,18.8,15.4,6.6,0.7,3.6,13.7,19.6,-0.4,0.4,0.0,-0.004,-6.5,0.1,-6.4,-0.3
Chris Mihm,C,29,LAL,2008-09,18,105,10.0,0.418,0.0,0.175,16.4,20.2,18.3,13.7,0.5,4.4,18.8,22.2,-0.1,0.2,0.1,0.026,-4.9,1.2,-3.7,0.0
Chris Paul,PG,20,NOK,2005-06,78,2808,22.1,0.546,0.187,0.491,2.5,14.8,8.5,38.2,3.4,0.2,13.7,22.2,6.8,3.6,10.4,0.178,4.7,1.4,6.1,5.7
Chris Paul,PG,21,NOK,2006-07,64,2353,22.0,0.537,0.164,0.41,2.6,11.3,6.9,41.3,2.7,0.1,13.5,23.1,6.2,2.6,8.8,0.179,4.5,0.1,4.6,3.9
Chris Paul,PG,22,NOH,2007-08,80,3006,28.3,0.576,0.193,0.302,2.4,10.3,6.2,52.2,3.9,0.1,12.1,25.7,13.2,4.6,17.8,0.284,8.3,0.9,9.2,8.5
Chris Paul,PG,23,NOH,2008-09,78,3002,30.0,0.599,0.14,0.418,2.8,14.6,8.7,54.5,3.9,0.3,13.5,27.5,13.3,5.0,18.3,0.292,9.1,2.1,11.2,10.0
Chris Paul,PG,24,NOH,2009-10,45,1712,23.7,0.584,0.199,0.298,1.3,11.9,6.5,45.4,2.9,0.4,13.5,22.2,5.7,1.5,7.3,0.204,5.2,-0.4,4.9,3.0
Chris Paul,PG,25,NOH,2010-11,80,2880,23.7,0.578,0.197,0.414,1.6,12.3,6.9,45.8,3.5,0.1,13.9,21.1,9.5,4.4,13.9,0.232,5.4,1.0,6.4,6.1
Chris Paul,PG,26,LAC,2011-12,60,2181,27.0,0.581,0.239,0.339,2.3,9.4,5.8,43.8,3.8,0.2,10.8,24.3,10.4,2.3,12.7,0.278,8.0,-0.1,7.9,5.4
Chris Paul,PG,27,LAC,2012-13,70,2335,26.4,0.594,0.271,0.377,2.8,10.5,6.7,46.5,3.8,0.4,13.7,22.6,10.6,3.4,13.9,0.287,7.2,0.3,7.5,5.6
Chris Paul,PG,28,LAC,2013-14,62,2171,25.9,0.58,0.244,0.397,2.0,11.4,6.9,48.9,3.5,0.1,12.4,23.7,9.0,3.2,12.2,0.27,6.8,0.6,7.4,5.2
Chris Paul,PG,29,LAC,2014-15,82,2857,26.0,0.596,0.298,0.274,2.1,12.5,7.4,47.4,2.8,0.4,12.7,23.7,12.9,3.2,16.1,0.27,7.5,0.0,7.5,6.9
Chris Paul,PG,30,LAC,2015-16,74,2420,26.2,0.575,0.295,0.294,1.8,12.0,7.0,52.7,3.1,0.4,13.4,27.1,9.2,3.5,12.7,0.253,7.3,0.5,7.8,6.0
Chris Paul,PG,31,LAC,2016-17,61,1921,26.2,0.614,0.385,0.331,2.4,15.0,8.9,46.8,3.1,0.3,14.0,24.4,7.9,2.6,10.6,0.264,7.8,1.1,8.8,5.3
Chris Paul,PG,32,HOU,2017-18,58,1847,24.4,0.604,0.475,0.277,2.3,16.7,9.5,40.9,2.6,0.6,12.5,24.5,7.5,2.7,10.2,0.265,6.2,0.9,7.1,4.2
Chris Paul,PG,33,HOU,2018-19,58,1857,19.7,0.56,0.493,0.282,2.1,13.9,7.9,39.3,3.0,0.8,15.8,22.5,4.4,2.2,6.6,0.172,2.9,0.2,3.0,2.4
Chris Quinn,PG,23,MIA,2006-07,42,408,12.3,0.479,0.435,0.282,1.8,6.8,4.3,25.8,2.0,0.0,12.5,19.6,0.3,0.3,0.6,0.07,-1.0,-2.9,-3.9,-0.2
Chris Quinn,PG,24,MIA,2007-08,60,1340,13.8,0.559,0.426,0.263,1.0,9.7,5.3,22.5,1.8,0.2,11.7,16.6,1.9,0.7,2.6,0.092,0.3,-1.9,-1.6,0.1
Chris Quinn,PG,25,MIA,2008-09,66,962,12.9,0.539,0.474,0.201,1.0,8.4,4.7,21.5,1.3,0.2,9.5,17.0,1.5,0.6,2.1,0.104,-0.1,-2.8,-2.9,-0.2
Chris Quinn,PG,26,NJN,2009-10,25,223,9.3,0.477,0.571,0.107,0.5,8.1,4.1,20.9,2.1,0.3,14.6,14.1,0.0,0.1,0.1,0.025,-2.6,-2.6,-5.2,-0.2
Chris Quinn,PG,27,SAS,2010-11,41,292,7.5,0.428,0.407,0.088,1.2,8.5,5.0,21.1,0.9,0.2,11.3,16.8,-0.1,0.2,0.1,0.024,-3.0,-2.3,-5.3,-0.2
Chris Quinn,SG,29,CLE,2012-13,7,78,1.3,0.296,0.313,0.125,1.4,1.6,1.5,16.3,2.0,0.0,26.2,13.1,-0.2,0.0,-0.2,-0.124,-7.7,-3.1,-10.8,-0.2
Chris Richard,C,23,MIN,2007-08,52,556,7.9,0.496,0.0,0.31,10.5,17.9,14.1,4.6,0.9,1.7,19.5,10.0,0.1,0.3,0.4,0.037,-3.8,0.1,-3.7,-0.2
Chris Richard,PF,25,CHI,2009-10,18,224,6.5,0.547,0.0,0.379,9.6,19.6,14.7,4.4,1.8,1.4,29.3,9.6,0.0,0.4,0.3,0.067,-4.6,1.8,-2.7,0.0
Chris Singleton,SF,22,WAS,2011-12,66,1431,8.3,0.462,0.407,0.141,3.4,15.1,9.2,5.0,2.5,1.6,10.3,11.5,0.1,1.5,1.5,0.052,-2.2,1.2,-1.0,0.4
Chris Singleton,PF,23,WAS,2012-13,57,924,7.8,0.425,0.149,0.29,6.1,16.1,11.0,6.3,2.1,2.1,14.2,15.7,-1.0,1.5,0.5,0.028,-5.2,1.9,-3.3,-0.3
Chris Singleton,SF,24,WAS,2013-14,25,250,8.8,0.481,0.284,0.373,8.2,17.5,12.8,3.5,1.9,1.0,17.9,17.2,-0.2,0.3,0.2,0.033,-4.8,-0.9,-5.6,-0.2
Chris Smith,PG,26,NYK,2013-14,2,2,0.0,,,,0.0,0.0,0.0,0.0,0.0,0.0,,0.0,0.0,0.0,0.0,-0.02,-5.8,-0.5,-6.2,0.0
Chris Taft,C,20,GSW,2005-06,17,144,15.6,0.578,0.0,0.158,14.4,13.5,13.9,2.4,0.7,3.6,4.7,13.2,0.3,0.1,0.5,0.155,-0.9,-0.4,-1.3,0.0
Chris Webber,PF,32,PHI,2005-06,75,2893,18.4,0.482,0.054,0.245,7.4,22.6,15.0,16.4,1.8,1.6,10.4,27.7,1.1,3.3,4.4,0.074,-0.9,0.5,-0.4,1.2
Chris Webber,PF,33,TOT,2006-07,61,1821,16.0,0.482,0.017,0.25,8.1,20.5,14.3,17.8,1.8,1.7,13.1,21.1,0.7,2.7,3.4,0.09,-0.8,2.2,1.4,1.5
Chris Webber,PF,33,PHI,2006-07,18,544,13.8,0.409,0.022,0.122,8.2,24.6,16.4,19.5,1.8,2.1,12.0,23.4,-0.6,0.8,0.2,0.014,-2.9,2.2,-0.7,0.2
Chris Webber,PF,33,DET,2006-07,43,1277,16.9,0.52,0.015,0.323,8.1,18.7,13.4,17.0,1.8,1.6,13.7,20.2,1.3,1.9,3.3,0.123,0.1,2.1,2.2,1.4
Chris Webber,PF,34,GSW,2007-08,9,126,10.7,0.482,0.0,0.387,1.6,26.5,13.6,19.3,1.5,3.5,23.3,15.8,-0.1,0.2,0.1,0.025,-5.8,2.3,-3.5,0.0
Chris Wilcox,C,23,TOT,2005-06,77,1529,17.3,0.605,0.004,0.34,9.3,22.5,15.9,5.7,1.1,1.7,12.2,17.5,3.2,1.2,4.4,0.138,-0.1,-0.8,-0.9,0.4
Chris Wilcox,C,23,LAC,2005-06,48,657,13.2,0.562,0.012,0.351,8.5,21.5,15.3,4.4,1.2,2.4,14.2,15.9,0.6,1.0,1.6,0.119,-2.7,0.4,-2.3,0.0
Chris Wilcox,PF,23,SEA,2005-06,29,872,20.4,0.631,0.0,0.333,9.8,23.2,16.4,6.7,1.1,1.1,11.0,18.7,2.6,0.2,2.8,0.153,1.9,-1.7,0.2,0.5
Chris Wilcox,PF,24,SEA,2006-07,82,2586,16.6,0.568,0.007,0.429,8.2,21.1,14.6,5.3,1.4,1.1,11.5,19.3,4.1,1.9,6.0,0.112,-0.4,-0.6,-1.1,0.6
Chris Wilcox,PF,25,SEA,2007-08,62,1739,16.3,0.554,0.005,0.389,7.9,19.2,13.6,7.1,1.3,1.5,12.1,21.2,1.7,1.6,3.4,0.093,-0.9,0.0,-0.9,0.5
Chris Wilcox,C,26,TOT,2008-09,62,1049,13.3,0.518,0.011,0.378,10.2,20.0,15.0,7.6,1.3,1.1,14.8,21.3,0.1,1.0,1.1,0.048,-3.2,-0.9,-4.1,-0.6
Chris Wilcox,C,26,OKC,2008-09,37,719,13.4,0.509,0.011,0.325,10.2,21.2,15.6,8.0,1.3,1.1,15.2,22.2,-0.1,0.7,0.6,0.039,-3.3,-0.9,-4.2,-0.4
Chris Wilcox,C,26,NYK,2008-09,25,330,13.2,0.539,0.01,0.52,10.0,17.5,13.6,6.7,1.2,1.1,13.8,19.2,0.2,0.3,0.5,0.07,-2.9,-0.9,-3.8,-0.2
Chris Wilcox,PF,27,DET,2009-10,34,441,12.0,0.532,0.0,0.433,11.4,21.4,16.1,4.9,1.6,2.3,21.0,18.9,-0.2,0.4,0.2,0.022,-4.0,-0.5,-4.5,-0.3
Chris Wilcox,PF,28,DET,2010-11,57,995,18.0,0.587,0.003,0.276,11.2,22.7,16.7,7.4,1.6,1.4,10.6,18.9,2.0,0.8,2.8,0.133,0.4,-0.9,-0.5,0.4
Chris Wilcox,C,29,BOS,2011-12,28,481,12.4,0.612,0.0,0.364,9.8,19.7,14.9,4.1,1.2,1.4,19.5,15.4,0.4,0.9,1.3,0.132,-2.5,0.9,-1.6,0.0
Chris Wilcox,C,30,BOS,2012-13,61,830,15.3,0.725,0.007,0.379,8.1,17.3,12.8,4.2,2.0,2.7,16.0,12.1,1.8,1.3,3.1,0.181,-0.5,1.7,1.2,0.7
Chris Wright,SF,23,GSW,2011-12,24,186,18.6,0.597,0.0,0.689,11.6,15.8,13.7,3.3,2.0,5.4,12.0,16.5,0.5,0.2,0.6,0.163,-1.2,0.5,-0.6,0.1
Chris Wright,SG,23,DAL,2012-13,3,4,-1.9,0.5,0.0,0.0,0.0,0.0,0.0,0.0,0.0,0.0,33.3,34.2,0.0,0.0,0.0,-0.375,-15.3,-6.8,-22.1,0.0
Chris Wright,SF,25,MIL,2013-14,8,126,16.5,0.577,0.029,0.429,8.8,9.4,9.1,6.9,2.9,3.2,10.7,16.7,0.2,0.1,0.3,0.102,-0.4,0.2,-0.2,0.1
Christian Eyenga,SF,21,CLE,2010-11,44,947,9.0,0.476,0.297,0.092,3.2,12.0,7.5,6.2,1.9,2.3,12.9,17.5,-0.8,0.5,-0.3,-0.016,-3.6,-0.1,-3.7,-0.4
Christian Eyenga,SF,22,TOT,2011-12,7,102,4.8,0.298,0.12,0.32,4.4,11.5,7.8,7.5,1.5,3.7,9.5,14.0,-0.2,0.1,-0.1,-0.061,-7.1,0.8,-6.3,-0.1
Christian Wood,PF,20,PHI,2015-16,17,145,16.4,0.49,0.208,0.396,9.4,19.4,14.3,3.5,1.7,3.7,3.1,19.4,0.2,0.1,0.3,0.097,-2.9,-1.6,-4.5,-0.1
Christian Wood,PF,21,CHO,2016-17,13,107,15.1,0.591,0.217,0.652,14.3,15.5,14.9,2.8,1.4,4.9,19.1,15.4,0.1,0.1,0.3,0.125,-2.5,0.6,-2.0,0.0
Christian Wood,PF,23,TOT,2018-19,21,251,21.9,0.607,0.222,0.479,7.2,26.5,17.0,4.8,1.3,3.2,10.7,26.1,0.4,0.3,0.8,0.151,-1.5,-1.8,-3.3,-0.1
Christian Wood,PF,23,MIL,2018-19,13,62,17.1,0.585,0.2,0.6,7.0,24.7,16.4,4.6,0.0,0.0,8.7,23.4,0.1,0.1,0.2,0.146,-3.4,-4.1,-7.5,-0.1
Christian Wood,PF,23,NOP,2018-19,8,189,23.4,0.613,0.228,0.446,7.2,27.0,17.3,4.9,1.7,4.3,11.3,26.9,0.3,0.3,0.6,0.152,-0.9,-1.0,-1.9,0.0
Chuck Hayes,PF,22,HOU,2005-06,40,535,18.0,0.589,0.01,0.429,14.9,24.1,19.6,4.6,2.6,2.1,8.8,12.2,1.2,1.1,2.4,0.212,-0.5,2.3,1.8,0.5
Chuck Hayes,PF,23,HOU,2006-07,78,1714,13.9,0.587,0.0,0.266,13.8,21.1,17.5,4.4,2.2,0.8,14.6,11.9,2.9,3.6,6.4,0.179,-1.0,2.6,1.6,1.6
Chuck Hayes,PF,24,HOU,2007-08,79,1575,11.2,0.512,0.014,0.109,9.6,20.8,15.3,8.4,2.9,2.0,21.1,8.5,0.8,3.7,4.4,0.136,-2.5,5.4,2.8,1.9
Chuck Hayes,C,25,HOU,2008-09,71,858,7.8,0.375,0.035,0.168,10.5,23.0,17.0,7.0,2.1,1.6,17.1,7.9,-0.1,1.7,1.6,0.092,-4.1,4.1,0.0,0.4
Chuck Hayes,C,26,HOU,2009-10,82,1773,11.7,0.5,0.0,0.201,9.4,21.1,15.0,11.4,2.1,1.8,17.1,10.8,1.2,2.4,3.6,0.098,-2.1,3.3,1.2,1.4
Chuck Hayes,C,27,HOU,2010-11,74,2079,16.2,0.554,0.004,0.307,11.9,20.7,16.3,14.3,1.9,1.6,14.1,13.0,3.9,2.4,6.3,0.146,1.0,2.8,3.8,3.0
Chuck Hayes,C,28,SAC,2011-12,54,1039,8.9,0.459,0.012,0.229,7.3,18.0,12.4,10.4,1.8,1.2,21.1,9.9,0.1,0.5,0.6,0.028,-3.1,1.3,-1.8,0.1
Chuck Hayes,C,29,SAC,2012-13,74,1209,10.7,0.469,0.005,0.253,10.5,18.2,14.2,13.1,1.3,1.2,17.2,9.4,1.1,0.4,1.5,0.06,-1.5,0.8,-0.7,0.4
Chuck Hayes,C,30,TOT,2013-14,61,754,10.0,0.468,0.008,0.192,10.5,21.8,16.1,6.8,2.3,1.3,19.0,10.4,0.2,1.2,1.4,0.086,-3.1,2.5,-0.6,0.3
Chuck Hayes,C,31,TOR,2014-15,29,255,10.4,0.492,0.0,0.239,8.1,14.9,11.5,11.3,2.0,1.3,13.6,10.4,0.3,0.2,0.5,0.091,-1.5,1.1,-0.4,0.1
Chuck Hayes,C,32,HOU,2015-16,2,24,1.6,0.694,0.0,1.0,0.0,37.0,18.4,11.3,0.0,0.0,51.0,10.5,0.0,0.0,0.0,-0.016,-8.9,-0.6,-9.4,0.0
Chucky Atkins,PG,31,TOT,2005-06,71,1713,12.9,0.526,0.478,0.284,1.6,6.8,4.2,20.0,1.4,0.1,11.9,20.2,2.1,1.4,3.6,0.1,0.9,-2.4,-1.6,0.2
Chucky Atkins,SG,31,WAS,2005-06,28,552,10.4,0.498,0.529,0.178,2.5,7.2,4.7,19.8,1.3,0.0,13.8,17.6,0.4,0.2,0.6,0.056,0.0,-2.8,-2.8,-0.1
Chucky Atkins,PG,31,MEM,2005-06,43,1161,14.1,0.537,0.456,0.331,1.2,6.6,3.9,20.1,1.4,0.1,11.1,21.5,1.7,1.2,2.9,0.121,1.3,-2.3,-1.0,0.3
Chucky Atkins,PG,32,MEM,2006-07,75,2064,17.4,0.58,0.428,0.435,1.0,7.0,4.0,27.9,1.2,0.1,13.0,21.4,5.1,-0.2,4.9,0.114,3.5,-4.1,-0.6,0.7
Chucky Atkins,SG,33,DEN,2007-08,24,352,8.9,0.449,0.648,0.074,0.9,8.4,4.8,18.7,1.2,0.2,7.4,16.4,0.1,0.2,0.3,0.04,-1.1,-2.9,-4.0,-0.2
Chucky Atkins,PG,34,TOT,2008-09,33,412,6.2,0.408,0.504,0.142,1.4,5.3,3.4,20.9,1.2,0.4,16.1,15.4,-0.3,0.2,-0.2,-0.018,-3.9,-3.2,-7.2,-0.5
Chucky Atkins,PG,34,DEN,2008-09,14,115,8.9,0.469,0.63,0.148,0.0,5.9,3.0,34.9,0.9,0.7,25.8,15.0,0.0,0.1,0.0,0.019,-3.6,-5.0,-8.6,-0.2
Chucky Atkins,PG,34,OKC,2008-09,19,297,5.1,0.389,0.465,0.14,1.9,5.1,3.5,15.5,1.4,0.2,12.5,15.5,-0.3,0.1,-0.2,-0.032,-4.1,-2.6,-6.6,-0.3
Chucky Atkins,PG,35,DET,2009-10,40,644,8.3,0.477,0.465,0.172,0.9,4.8,2.7,21.6,1.4,0.0,15.9,14.4,0.2,0.1,0.2,0.017,-2.1,-3.7,-5.8,-0.6
Cleanthony Early,SF,23,NYK,2014-15,39,647,8.4,0.447,0.393,0.224,3.8,13.8,8.7,9.1,2.0,1.5,14.5,19.6,-0.8,0.4,-0.4,-0.03,-3.8,-1.3,-5.2,-0.5
Cleanthony Early,SF,24,NYK,2015-16,17,154,2.2,0.371,0.375,0.1,2.9,15.4,9.2,5.7,0.7,1.5,17.7,14.9,-0.3,0.1,-0.2,-0.075,-7.1,-1.1,-8.2,-0.2
Cliff Alexander,PF,20,POR,2015-16,8,36,11.6,0.5,0.0,0.0,6.0,12.1,9.0,0.0,1.4,4.4,9.1,13.3,0.0,0.0,0.0,0.052,-5.7,-1.3,-7.0,0.0
Clifford Robinson,PF,39,NJN,2005-06,80,1863,9.6,0.502,0.341,0.154,3.4,13.5,8.4,8.2,1.3,1.7,10.2,15.4,0.2,2.7,2.8,0.073,-2.7,1.0,-1.7,0.1
Clifford Robinson,C,40,NJN,2006-07,50,955,5.9,0.434,0.303,0.165,3.9,11.2,7.5,8.2,0.7,1.9,11.4,12.9,-0.5,0.8,0.3,0.013,-4.3,0.1,-4.2,-0.5
Clint Capela,C,20,HOU,2014-15,12,90,12.1,0.409,0.0,0.793,12.3,31.8,22.1,3.6,0.6,7.8,11.3,21.3,-0.2,0.2,0.0,0.019,-8.8,1.0,-7.8,-0.1
Clint Capela,C,21,HOU,2015-16,77,1471,18.3,0.553,0.003,0.531,14.4,22.7,18.5,5.1,2.0,5.2,10.9,16.1,2.4,2.0,4.4,0.144,-1.2,1.7,0.5,0.9
Clint Capela,C,22,HOU,2016-17,65,1551,21.4,0.638,0.0,0.314,12.5,24.5,18.5,6.7,1.1,4.1,12.0,19.9,3.8,2.1,5.9,0.184,0.0,0.9,0.9,1.1
Clint Capela,C,23,HOU,2017-18,74,2034,24.5,0.65,0.001,0.38,13.5,30.8,22.2,5.7,1.4,5.7,11.5,19.4,6.2,4.1,10.2,0.242,0.1,2.9,3.0,2.6
Clint Capela,C,24,HOU,2018-19,67,2249,23.8,0.658,0.0,0.357,14.4,27.6,20.8,7.1,1.0,3.9,10.0,18.2,7.8,3.0,10.8,0.23,1.3,1.6,2.9,2.8
Coby Karl,SG,24,LAL,2007-08,17,71,15.8,0.493,0.5,0.385,4.9,16.5,10.9,18.3,2.8,2.0,14.1,22.0,0.0,0.1,0.2,0.106,-0.5,0.4,-0.1,0.0
Coby Karl,SF,26,TOT,2009-10,7,113,5.1,0.404,0.344,0.188,3.9,14.0,8.9,17.9,1.3,0.6,22.4,17.0,-0.2,0.0,-0.2,-0.076,-5.5,-1.6,-7.1,-0.1
Cody Zeller,C,21,CHA,2013-14,82,1416,13.1,0.498,0.002,0.495,9.4,18.8,14.1,10.4,1.5,2.3,15.0,18.9,0.4,2.2,2.6,0.09,-3.2,1.8,-1.3,0.2
Cody Zeller,C,22,CHO,2014-15,62,1487,14.1,0.53,0.003,0.44,7.0,20.1,13.4,10.9,1.2,2.6,12.2,15.6,1.6,2.2,3.8,0.123,-2.1,2.5,0.4,0.9
Cody Zeller,C,23,CHO,2015-16,73,1774,16.1,0.592,0.023,0.531,8.4,19.7,14.0,6.3,1.6,2.9,11.2,15.4,3.6,2.7,6.3,0.169,-1.0,2.0,1.0,1.3
Cody Zeller,C,24,CHO,2016-17,62,1725,16.7,0.604,0.002,0.442,8.6,17.3,12.9,9.1,1.8,3.0,10.9,15.5,3.4,2.2,5.6,0.157,-0.2,2.3,2.1,1.8
Cody Zeller,C,25,CHO,2017-18,33,627,15.9,0.602,0.019,0.545,11.4,19.3,15.3,7.4,1.1,2.8,14.6,15.7,1.2,0.7,1.9,0.145,-0.6,1.3,0.7,0.4
Cody Zeller,C,26,CHO,2018-19,49,1243,17.2,0.611,0.064,0.409,9.4,19.7,14.5,12.1,1.5,2.9,13.2,16.3,2.6,1.2,3.9,0.15,0.2,1.7,2.0,1.2
Cole Aldrich,C,22,OKC,2010-11,18,142,7.0,0.537,0.0,0.267,11.1,17.5,14.4,4.0,1.8,3.6,32.3,7.9,0.0,0.2,0.2,0.066,-3.4,2.6,-0.8,0.0
Cole Aldrich,C,23,OKC,2011-12,26,173,17.7,0.592,0.0,0.333,9.2,21.6,15.8,2.7,2.4,6.7,15.7,14.9,0.3,0.4,0.6,0.176,-2.4,2.7,0.3,0.1
Cole Aldrich,C,24,TOT,2012-13,45,388,11.1,0.563,0.0,0.25,8.7,26.7,17.7,3.4,0.7,4.6,20.6,12.7,0.1,0.4,0.6,0.07,-4.8,0.7,-4.0,-0.2
Cole Aldrich,C,25,NYK,2013-14,46,330,19.1,0.62,0.0,0.492,12.8,33.8,23.0,6.4,1.3,8.1,19.5,13.0,0.6,0.6,1.2,0.178,-2.6,3.8,1.2,0.3
Cole Aldrich,C,26,NYK,2014-15,61,976,18.1,0.513,0.0,0.213,11.6,28.9,20.0,13.3,2.0,5.5,15.2,18.3,0.8,1.4,2.2,0.107,-2.2,3.1,0.9,0.7
Cole Aldrich,C,27,LAC,2015-16,60,800,21.3,0.626,0.0,0.373,11.9,27.1,19.6,10.0,2.9,6.7,19.6,18.4,1.4,2.0,3.5,0.209,-1.0,5.8,4.8,1.4
Cole Aldrich,C,28,MIN,2016-17,62,531,12.7,0.549,0.0,0.256,11.0,23.9,17.4,6.4,2.4,3.7,15.1,9.4,0.6,0.7,1.3,0.116,-2.0,2.6,0.6,0.4
Cole Aldrich,C,29,MIN,2017-18,21,49,6.0,0.34,0.0,0.4,7.0,28.6,17.6,8.2,2.0,1.8,5.4,16.8,-0.1,0.1,0.0,-0.013,-7.0,0.0,-7.0,-0.1
Collin Sexton,PG,20,CLE,2018-19,82,2605,12.0,0.52,0.245,0.211,2.3,8.0,5.0,15.3,0.8,0.2,12.3,25.2,-0.1,-0.5,-0.6,-0.011,-1.5,-3.7,-5.2,-2.1
Corey Brewer,SF,21,MIN,2007-08,79,1803,8.3,0.429,0.074,0.226,5.1,13.9,9.4,9.1,2.2,1.1,14.3,15.6,-1.4,1.2,-0.2,-0.005,-3.9,0.8,-3.2,-0.5
Corey Brewer,SF,22,MIN,2008-09,15,307,11.2,0.473,0.133,0.211,6.6,12.3,9.3,12.9,2.6,0.8,11.7,16.3,0.1,0.3,0.3,0.052,-1.6,0.8,-0.8,0.1
Corey Brewer,SG,23,MIN,2009-10,82,2482,12.1,0.502,0.25,0.27,3.1,9.6,6.3,12.5,2.4,0.9,13.4,21.5,-0.4,1.4,1.0,0.02,-1.0,-0.6,-1.6,0.2
Corey Brewer,SF,24,TOT,2010-11,69,1510,11.0,0.482,0.23,0.393,4.2,8.9,6.5,9.1,3.3,0.8,13.2,18.8,-0.1,1.3,1.1,0.036,-1.7,0.5,-1.3,0.3
Corey Brewer,SF,25,DEN,2011-12,59,1287,13.7,0.505,0.274,0.281,4.0,9.4,6.8,10.6,2.9,1.0,9.7,20.0,1.1,1.1,2.3,0.085,0.3,0.0,0.3,0.8
Corey Brewer,SF,26,DEN,2012-13,82,2003,14.7,0.506,0.348,0.245,3.1,9.9,6.6,9.5,3.0,0.9,9.4,23.4,1.7,2.2,3.9,0.093,0.7,-0.4,0.3,1.1
Corey Brewer,SF,27,MIN,2013-14,81,2609,12.7,0.55,0.261,0.281,2.6,6.2,4.3,7.9,2.9,0.9,10.4,16.5,2.4,2.7,5.2,0.095,0.4,1.3,1.7,2.4
Corey Brewer,SF,28,TOT,2014-15,80,2087,13.9,0.507,0.292,0.281,4.2,11.7,7.9,13.8,2.7,0.7,12.7,21.6,1.0,2.1,3.1,0.071,-0.8,-0.3,-1.1,0.5
Corey Brewer,SF,29,HOU,2015-16,82,1669,9.9,0.481,0.406,0.254,2.8,10.4,6.6,10.0,2.5,0.9,11.3,17.8,0.1,1.2,1.2,0.035,-2.2,-1.0,-3.1,-0.5
Corey Brewer,SF,30,TOT,2016-17,82,1281,9.1,0.491,0.339,0.195,2.7,11.6,7.1,10.7,2.3,1.3,12.7,14.3,0.0,1.2,1.2,0.045,-2.9,0.2,-2.7,-0.2
Corey Brewer,SF,31,TOT,2017-18,72,1208,11.2,0.534,0.348,0.285,3.8,10.0,6.9,7.5,3.2,1.0,12.1,14.3,0.7,1.6,2.3,0.091,-1.6,1.0,-0.6,0.4
Corey Brewer,SF,32,TOT,2018-19,31,492,11.6,0.532,0.358,0.35,5.4,10.7,8.0,10.2,3.0,1.2,11.8,13.6,0.4,0.6,1.0,0.095,-1.1,1.0,-0.1,0.2
Corey Brewer,SF,32,PHI,2018-19,7,140,10.8,0.484,0.286,0.265,3.1,9.6,6.4,10.0,4.0,1.1,12.8,18.8,-0.1,0.2,0.1,0.044,-3.2,0.8,-2.4,0.0
Corey Brewer,SF,32,SAC,2018-19,24,352,12.0,0.562,0.405,0.405,6.3,11.1,8.6,10.3,2.6,1.2,11.2,11.5,0.5,0.4,0.8,0.115,-0.3,1.1,0.9,0.3
Corey Maggette,SF,26,LAC,2005-06,32,943,18.9,0.584,0.189,0.683,3.6,16.6,10.4,12.1,1.1,0.3,13.8,27.7,1.9,1.1,3.0,0.154,1.1,-1.5,-0.4,0.4
Corey Maggette,SF,27,LAC,2006-07,75,2291,18.6,0.583,0.08,0.783,4.7,18.2,11.5,15.9,1.5,0.5,15.6,26.0,4.5,2.5,7.0,0.146,0.8,-0.6,0.2,1.3
Corey Maggette,SF,28,LAC,2007-08,70,2502,19.3,0.595,0.203,0.681,3.6,14.7,9.1,14.3,1.5,0.2,13.0,27.6,5.1,1.8,6.9,0.133,2.7,-1.3,1.4,2.1
Corey Maggette,PF,29,GSW,2008-09,51,1588,16.9,0.582,0.15,0.655,3.4,16.0,9.7,9.2,1.4,0.3,12.8,25.2,2.8,0.6,3.3,0.1,0.2,-2.8,-2.6,-0.2
Corey Maggette,PF,30,GSW,2009-10,70,2081,20.3,0.615,0.056,0.622,4.9,15.2,10.0,13.2,1.2,0.1,13.0,26.7,5.6,0.7,6.3,0.144,1.6,-2.6,-1.0,0.5
Corey Maggette,SF,31,MIL,2010-11,67,1401,15.8,0.573,0.14,0.581,3.6,16.8,10.0,11.3,0.8,0.3,15.3,27.7,1.5,1.9,3.4,0.115,-1.3,-1.4,-2.7,-0.2
Corey Maggette,SF,32,CHA,2011-12,32,881,14.1,0.517,0.177,0.558,2.6,14.0,8.1,8.3,1.4,0.1,11.3,27.4,0.5,0.1,0.7,0.038,-1.4,-3.7,-5.2,-0.7
Corey Maggette,SF,33,DET,2012-13,18,257,7.9,0.489,0.276,0.632,2.2,9.1,5.6,11.4,1.2,0.6,14.9,20.2,0.0,0.1,0.1,0.017,-3.2,-2.7,-5.9,-0.3
Corliss Williamson,SF,32,SAC,2005-06,37,362,8.1,0.506,0.019,0.476,6.9,14.7,10.8,6.2,1.0,0.8,19.4,19.6,-0.2,0.4,0.2,0.021,-5.6,-1.5,-7.1,-0.5
Corliss Williamson,PF,33,SAC,2006-07,68,1337,12.7,0.559,0.004,0.447,5.4,14.2,9.7,5.2,1.1,0.9,14.9,21.9,0.6,0.9,1.5,0.054,-3.2,-1.9,-5.1,-1.1
Cory Higgins,PG,22,CHA,2011-12,38,423,4.1,0.402,0.125,0.375,1.8,7.9,4.7,15.0,0.6,1.1,17.3,24.6,-1.2,-0.1,-1.3,-0.15,-7.4,-4.1,-11.6,-1.0
Cory Higgins,SG,23,CHA,2012-13,6,32,12.6,0.352,0.263,0.105,3.5,7.4,5.4,29.8,4.9,0.0,0.0,28.3,0.0,0.0,0.0,-0.022,0.1,-2.7,-2.7,0.0
Cory Jefferson,PF,24,BRK,2014-15,50,531,13.2,0.48,0.09,0.323,10.0,20.6,15.3,4.8,1.0,3.2,9.5,18.1,0.2,0.6,0.8,0.071,-3.3,-0.4,-3.7,-0.2
Cory Jefferson,PF,25,PHO,2015-16,8,50,12.7,0.446,0.045,0.273,12.7,22.2,17.4,0.0,0.0,1.6,0.0,21.0,0.0,0.0,0.1,0.07,-6.1,-7.7,-13.8,-0.1
Cory Joseph,PG,20,SAS,2011-12,29,266,6.9,0.374,0.214,0.243,2.2,8.5,5.4,17.4,1.4,0.8,13.4,15.4,-0.2,0.2,0.0,0.001,-4.2,-0.6,-4.8,-0.2
Cory Joseph,PG,21,SAS,2012-13,28,388,13.5,0.528,0.191,0.191,3.8,11.3,7.7,20.2,2.0,0.7,15.0,16.6,0.4,0.5,0.9,0.113,-1.1,0.6,-0.5,0.1
Cory Joseph,SG,22,SAS,2013-14,68,936,14.7,0.558,0.143,0.362,4.0,8.7,6.4,17.2,1.9,1.1,12.3,16.9,1.6,1.3,2.9,0.148,0.0,0.6,0.6,0.6
Cory Joseph,PG,23,SAS,2014-15,79,1444,15.5,0.564,0.107,0.348,3.5,11.4,7.5,19.7,1.6,0.9,12.4,17.0,2.7,1.8,4.5,0.149,0.2,0.5,0.7,1.0
Cory Joseph,SG,24,TOR,2015-16,80,2046,12.4,0.512,0.188,0.297,2.2,9.4,5.9,19.3,1.6,0.8,13.4,17.0,1.8,1.7,3.5,0.082,-0.6,-0.4,-1.0,0.5
Cory Joseph,PG,25,TOR,2016-17,80,2003,13.2,0.518,0.204,0.185,2.9,10.4,6.6,20.0,1.7,0.6,13.1,18.4,1.7,1.7,3.4,0.082,-0.4,-0.4,-0.8,0.6
Cory Joseph,PG,26,IND,2017-18,82,2210,11.0,0.503,0.315,0.156,2.0,11.4,6.7,16.1,1.8,0.7,11.9,14.8,1.2,2.0,3.1,0.068,-1.3,0.1,-1.2,0.5
Cory Joseph,PG,27,IND,2018-19,82,2063,11.0,0.474,0.312,0.078,2.1,12.6,7.5,20.7,2.2,0.9,12.4,13.7,0.5,2.9,3.5,0.081,-2.0,1.4,-0.5,0.8
Coty Clarke,SF,23,BOS,2015-16,3,6,23.9,0.75,0.5,0.0,0.0,18.0,8.8,0.0,0.0,0.0,20.0,35.5,0.0,0.0,0.0,0.025,0.2,-9.7,-9.5,0.0
Courtney Fortson,PG,23,TOT,2011-12,10,95,9.9,0.453,0.406,0.469,7.4,11.2,9.3,16.1,1.7,0.0,20.6,23.4,-0.1,0.1,0.0,-0.019,-2.8,-2.0,-4.8,-0.1
Courtney Lee,SG,23,ORL,2008-09,77,1939,10.7,0.556,0.376,0.174,1.1,9.1,5.2,7.6,2.0,0.5,10.6,15.5,1.3,3.1,4.4,0.108,-1.0,1.5,0.5,1.2
Courtney Lee,SG,24,NJN,2009-10,71,2375,12.8,0.525,0.29,0.197,2.8,9.7,6.1,9.0,2.1,0.6,8.3,17.7,1.8,1.3,3.1,0.063,-0.2,-0.6,-0.8,0.7
Courtney Lee,SG,25,HOU,2010-11,81,1723,12.6,0.534,0.302,0.208,3.3,10.4,6.9,8.9,1.7,0.7,9.8,17.9,1.6,1.1,2.7,0.076,-0.5,-0.9,-1.4,0.2
Courtney Lee,SG,26,HOU,2011-12,58,1757,12.6,0.534,0.374,0.148,1.7,8.9,5.2,7.9,2.0,0.9,9.4,17.6,1.8,1.4,3.2,0.087,0.4,-0.1,0.3,1.0
Courtney Lee,SG,27,BOS,2012-13,78,1941,11.7,0.545,0.294,0.136,1.9,9.4,5.8,11.7,2.4,0.9,13.0,15.7,0.9,2.4,3.3,0.082,-1.1,0.8,-0.3,0.8
Courtney Lee,SG,28,TOT,2013-14,79,1973,13.8,0.574,0.316,0.182,1.7,9.5,5.6,9.3,1.7,1.2,9.9,17.0,2.8,1.9,4.7,0.114,0.5,-0.1,0.4,1.2
Courtney Lee,SG,29,MEM,2014-15,77,2354,11.5,0.555,0.348,0.201,1.0,7.6,4.3,9.8,1.7,0.4,10.0,15.2,2.5,2.4,4.8,0.099,0.3,0.2,0.5,1.5
Courtney Lee,SG,30,TOT,2015-16,79,2334,11.5,0.551,0.34,0.185,1.4,8.7,4.9,9.1,1.9,1.1,9.4,14.7,2.1,1.7,3.9,0.08,-0.5,-0.1,-0.6,0.9
Courtney Lee,SG,31,NYK,2016-17,77,2459,12.2,0.559,0.382,0.139,2.3,9.0,5.7,10.6,1.6,0.8,8.5,14.4,3.1,1.1,4.2,0.081,0.6,-0.7,-0.1,1.1
Courtney Lee,SG,32,NYK,2017-18,76,2310,13.0,0.564,0.368,0.164,1.4,9.3,5.4,11.3,1.7,0.6,9.4,16.9,2.7,1.2,3.9,0.082,0.8,-0.7,0.0,1.2
Courtney Lee,SG,33,TOT,2018-19,34,428,10.3,0.492,0.426,0.163,2.2,11.2,6.7,12.8,2.4,0.6,9.2,15.3,0.1,0.4,0.4,0.05,-2.5,-0.2,-2.8,-0.1
Courtney Lee,SG,33,NYK,2018-19,12,160,13.7,0.527,0.34,0.298,3.8,14.1,8.8,15.1,2.4,1.1,8.6,15.5,0.2,0.1,0.3,0.087,-1.2,-0.1,-1.3,0.0
Courtney Lee,SG,33,DAL,2018-19,22,268,8.3,0.47,0.476,0.085,1.2,9.5,5.4,11.4,2.4,0.3,9.6,15.1,-0.1,0.3,0.2,0.028,-3.3,-0.3,-3.6,-0.1
Courtney Sims,C,24,IND,2007-08,3,11,1.1,0.0,0.0,0.0,9.7,10.1,9.9,11.6,0.0,0.0,0.0,3.9,0.0,0.0,0.0,0.008,-5.8,0.1,-5.7,0.0
Courtney Sims,C,25,TOT,2008-09,2,13,12.8,0.5,0.0,0.0,16.3,17.4,16.8,0.0,0.0,0.0,14.3,23.5,0.0,0.0,0.0,-0.013,-6.7,-8.2,-14.9,0.0
Courtney Sims,C,25,PHO,2008-09,1,2,-26.0,,,,0.0,0.0,0.0,0.0,0.0,0.0,100.0,22.0,0.0,0.0,0.0,-0.735,-25.1,-0.2,-25.2,0.0
Courtney Sims,C,25,NYK,2008-09,1,11,19.8,0.5,0.0,0.0,19.3,20.6,19.9,0.0,0.0,0.0,0.0,23.7,0.0,0.0,0.0,0.118,-3.4,-9.7,-13.0,0.0
Craig Brackins,PF,23,PHI,2010-11,3,33,0.1,0.25,0.313,0.0,7.0,7.0,7.0,4.6,1.6,0.0,0.0,22.3,-0.1,0.0,-0.1,-0.154,-7.8,-3.7,-11.5,-0.1
Craig Brackins,PF,24,PHI,2011-12,14,88,4.3,0.325,0.273,0.061,6.3,12.7,9.5,13.5,0.0,0.9,10.6,20.2,-0.2,0.1,-0.1,-0.065,-6.3,-1.9,-8.1,-0.1
Craig Smith,PF,23,MIN,2006-07,82,1537,15.7,0.558,0.013,0.402,11.9,20.3,16.2,5.4,1.8,0.9,12.0,18.7,2.1,1.7,3.9,0.121,-1.0,-0.6,-1.7,0.1
Craig Smith,PF,24,MIN,2007-08,77,1547,16.7,0.59,0.017,0.379,8.9,17.8,13.2,6.6,1.2,0.9,12.6,20.6,2.7,0.9,3.5,0.109,-0.2,-1.6,-1.8,0.1
Craig Smith,PF,25,MIN,2008-09,74,1460,16.9,0.599,0.002,0.482,7.6,15.5,11.4,9.7,1.1,1.0,14.4,22.5,2.3,0.8,3.1,0.104,-0.1,-1.2,-1.3,0.3
Craig Smith,PF,26,LAC,2009-10,75,1232,16.9,0.599,0.013,0.524,9.1,18.0,13.5,11.8,1.4,1.5,15.3,21.2,2.0,1.0,3.0,0.117,-0.2,-0.3,-0.5,0.5
Craig Smith,PF,27,LAC,2010-11,48,586,15.4,0.592,0.027,0.362,8.7,14.7,11.7,9.1,1.4,0.9,13.2,19.1,1.0,0.4,1.5,0.12,-0.6,-1.1,-1.7,0.0
Craig Smith,PF,28,POR,2011-12,47,464,13.6,0.556,0.009,0.453,8.1,19.8,13.8,6.6,1.8,0.8,14.6,16.2,0.6,0.4,1.0,0.105,-2.2,-0.4,-2.6,-0.1
Cristiano Felicio,C,24,CHI,2016-17,66,1040,15.3,0.603,0.0,0.421,12.8,19.5,16.1,5.7,1.2,1.3,11.2,12.4,2.1,1.3,3.4,0.158,-0.6,0.6,0.0,0.5
Cristiano Felício,C,23,CHI,2015-16,31,321,17.6,0.601,0.056,0.486,10.0,23.1,16.7,12.1,0.9,3.0,12.9,13.7,0.7,0.4,1.2,0.175,-0.5,1.4,0.9,0.2
Cristiano Felício,C,25,CHI,2017-18,55,977,12.5,0.614,0.009,0.377,8.8,17.1,12.8,8.4,0.8,1.0,17.7,13.6,1.2,0.5,1.7,0.086,-2.3,-0.1,-2.4,-0.1
Cristiano Felício,C,26,CHI,2018-19,60,746,13.4,0.568,0.022,0.408,11.4,20.5,15.9,7.2,0.7,0.8,13.5,14.3,0.9,0.4,1.4,0.088,-2.5,-1.1,-3.5,-0.3
Cuttino Mobley,SG,30,LAC,2005-06,79,2979,13.1,0.519,0.243,0.271,2.0,10.9,6.6,13.1,1.6,0.9,11.4,19.8,1.9,3.4,5.3,0.086,0.0,0.4,0.3,1.8
Cuttino Mobley,SG,31,LAC,2006-07,78,2841,12.5,0.546,0.279,0.271,2.2,9.0,5.6,11.7,1.7,0.7,12.8,18.4,2.2,2.4,4.6,0.078,0.1,-0.5,-0.4,1.1
Cuttino Mobley,SG,32,LAC,2007-08,77,2702,11.5,0.514,0.221,0.229,2.1,9.7,5.9,13.1,1.5,0.9,11.4,18.5,0.4,1.7,2.1,0.037,-1.3,-0.2,-1.5,0.4
Cuttino Mobley,SG,33,LAC,2008-09,11,365,10.3,0.491,0.24,0.123,2.8,6.5,4.6,5.8,2.1,0.4,10.5,21.5,-0.3,0.1,-0.1,-0.017,-2.8,-2.3,-5.1,-0.3
D'Angelo Russell,PG,19,LAL,2015-16,80,2259,13.2,0.507,0.387,0.199,2.2,11.2,6.5,21.2,2.1,0.5,15.9,24.1,-0.7,0.7,0.0,0.001,-0.2,-1.7,-1.8,0.1
D'Angelo Russell,PG,20,LAL,2016-17,63,1811,15.3,0.518,0.443,0.217,1.8,11.9,6.7,26.8,2.3,0.7,15.6,26.6,0.3,1.0,1.3,0.033,1.1,-1.6,-0.5,0.7
D'Angelo Russell,PG,21,BRK,2017-18,48,1234,15.2,0.509,0.414,0.195,2.6,13.8,8.1,35.7,1.4,1.0,16.8,30.8,-0.5,0.9,0.4,0.014,0.8,-1.2,-0.4,0.5
D'Angelo Russell,PG,22,BRK,2018-19,81,2448,19.4,0.533,0.419,0.135,2.3,11.2,6.8,41.3,1.9,0.6,13.6,31.9,2.4,2.6,5.0,0.097,3.9,-0.5,3.4,3.3
D.J. Augustin,PG,21,CHA,2008-09,72,1908,14.9,0.587,0.396,0.375,1.1,7.5,4.3,22.6,1.2,0.1,14.1,20.8,3.6,1.5,5.1,0.128,1.6,-2.3,-0.7,0.6
D.J. Augustin,PG,22,CHA,2009-10,80,1472,11.2,0.516,0.409,0.301,0.9,6.9,4.0,21.7,1.6,0.3,13.1,17.9,1.1,1.7,2.8,0.092,-0.9,-1.6,-2.6,-0.2
D.J. Augustin,PG,23,CHA,2010-11,82,2757,15.9,0.541,0.348,0.31,1.7,8.3,4.9,31.1,1.0,0.1,12.5,21.2,4.9,1.3,6.2,0.108,2.4,-2.8,-0.4,1.1
D.J. Augustin,PG,24,CHA,2011-12,48,1408,14.1,0.493,0.368,0.246,1.9,7.2,4.4,38.9,1.3,0.1,16.9,21.3,0.7,-0.2,0.5,0.018,0.8,-4.4,-3.6,-0.6
D.J. Augustin,PG,25,IND,2012-13,76,1226,11.0,0.527,0.646,0.337,1.9,6.3,4.1,21.6,1.5,0.2,16.8,15.1,1.4,1.5,2.8,0.112,-0.4,-1.4,-1.9,0.0
D.J. Augustin,PG,26,TOT,2013-14,71,1939,16.2,0.569,0.462,0.316,0.9,6.7,3.8,28.9,1.5,0.1,13.3,22.4,3.8,2.4,6.2,0.154,2.6,-2.2,0.4,1.2
D.J. Augustin,PG,27,TOT,2014-15,82,1964,13.9,0.527,0.38,0.317,1.1,7.9,4.4,28.2,1.3,0.1,16.4,19.8,2.5,0.9,3.4,0.083,0.2,-2.7,-2.5,-0.3
D.J. Augustin,PG,28,TOT,2015-16,62,1178,13.9,0.575,0.48,0.366,0.8,8.0,4.4,25.3,1.6,0.3,17.1,18.0,2.0,0.6,2.6,0.106,1.0,-2.7,-1.7,0.1
D.J. Augustin,PG,29,ORL,2016-17,78,1538,11.0,0.524,0.53,0.311,1.0,7.4,4.1,20.4,1.0,0.1,13.3,19.4,0.7,0.5,1.2,0.038,-0.9,-3.3,-4.2,-0.9
D.J. Augustin,PG,30,ORL,2017-18,75,1760,15.4,0.615,0.504,0.35,1.9,8.2,5.0,24.4,1.5,0.0,16.5,18.6,3.3,0.8,4.1,0.11,1.5,-2.5,-0.9,0.5
D.J. Augustin,PG,31,ORL,2018-19,81,2269,15.7,0.616,0.459,0.309,1.9,7.8,4.8,26.9,1.1,0.1,14.3,17.2,5.0,1.9,6.9,0.146,1.7,-2.0,-0.3,1.0
D.J. Kennedy,SF,22,CLE,2011-12,2,59,4.7,0.466,0.333,0.167,1.9,12.0,6.7,8.2,1.8,0.0,18.9,12.1,0.0,0.0,0.0,-0.023,-4.5,-1.1,-5.6,-0.1
D.J. Stephens,SG,23,MIL,2013-14,3,15,16.1,0.47,0.0,0.143,7.4,31.6,19.1,0.0,0.0,0.0,0.0,22.4,0.0,0.0,0.0,0.067,-7.6,-10.1,-17.7,-0.1
D.J. Stephens,SG,28,MEM,2018-19,1,7,5.5,0.5,0.0,0.0,0.0,0.0,0.0,0.0,7.1,0.0,33.3,19.1,0.0,0.0,0.0,-0.119,-9.9,2.3,-7.6,0.0
D.J. Strawberry,SG,22,PHO,2007-08,33,270,6.2,0.364,0.272,0.207,4.1,7.4,5.9,14.8,2.2,1.5,9.9,18.5,-0.4,0.2,-0.2,-0.031,-4.5,-0.6,-5.1,-0.2
D.J. White,PF,22,OKC,2008-09,7,130,19.8,0.556,0.0,0.26,8.7,19.8,14.2,8.3,1.2,2.8,5.1,20.0,0.3,0.1,0.4,0.157,-0.5,-0.5,-1.0,0.0
D.J. White,PF,23,OKC,2009-10,12,102,25.9,0.65,0.0,0.244,11.6,14.2,12.9,7.4,2.5,2.2,6.2,21.3,0.4,0.2,0.6,0.276,3.3,0.0,3.3,0.1
D.J. White,C,24,TOT,2010-11,47,685,15.3,0.542,0.009,0.292,7.6,20.0,13.8,4.9,0.9,2.3,5.4,17.7,1.1,0.7,1.8,0.128,-1.9,-1.0,-2.9,-0.1
D.J. White,PF,25,CHA,2011-12,58,1098,12.4,0.516,0.003,0.173,5.0,17.2,10.9,8.1,0.8,1.6,10.2,17.8,0.5,0.3,0.8,0.034,-3.1,-1.5,-4.6,-0.7
D.J. White,PF,26,BOS,2012-13,12,86,14.7,0.538,0.0,0.391,5.7,12.0,8.9,7.5,0.6,5.5,6.9,15.9,0.1,0.1,0.2,0.117,-3.1,1.1,-2.1,0.0
D.J. White,PF,27,CHA,2013-14,2,10,2.4,0.0,0.0,0.0,0.0,22.7,11.3,0.0,5.2,0.0,0.0,4.6,0.0,0.0,0.0,0.004,-10.3,3.4,-6.9,0.0
D.J. Wilson,PF,21,MIL,2017-18,22,71,10.3,0.622,0.313,0.125,3.3,13.2,8.3,6.1,2.1,1.2,19.2,13.3,0.0,0.1,0.1,0.054,-2.9,-1.2,-4.1,0.0
D.J. Wilson,PF,22,MIL,2018-19,48,882,10.3,0.515,0.506,0.187,5.5,19.2,12.8,7.6,0.9,1.9,10.5,14.4,0.3,1.4,1.7,0.093,-2.4,0.9,-1.6,0.1
DaJuan Summers,SF,22,DET,2009-10,44,405,7.5,0.457,0.323,0.292,3.9,9.9,6.7,6.3,1.1,1.5,9.8,18.5,-0.1,0.1,0.0,0.002,-3.3,-2.5,-5.8,-0.4
DaJuan Summers,SF,23,DET,2010-11,22,199,4.4,0.476,0.304,0.29,1.2,6.4,3.7,1.6,0.8,0.4,14.3,21.3,-0.3,0.0,-0.3,-0.083,-5.5,-5.0,-10.5,-0.4
DaJuan Summers,SF,24,NOH,2011-12,15,209,9.0,0.493,0.246,0.138,4.6,8.4,6.6,8.1,1.8,0.0,10.4,17.4,0.1,0.1,0.2,0.049,-1.8,-1.7,-3.4,-0.1
DaJuan Summers,PF,25,LAC,2012-13,2,7,4.3,0.25,0.0,0.0,0.0,33.5,17.0,21.7,0.0,0.0,0.0,26.1,0.0,0.0,0.0,-0.124,-10.8,-1.9,-12.6,0.0
Daequan Cook,SG,20,MIA,2007-08,59,1441,7.9,0.48,0.463,0.111,1.6,13.3,7.4,9.1,0.8,0.5,10.5,19.8,-1.0,0.6,-0.4,-0.013,-2.8,-2.3,-5.1,-1.1
Daequan Cook,SF,21,MIA,2008-09,75,1833,10.3,0.512,0.612,0.087,1.2,11.2,6.2,6.2,1.1,0.4,5.9,18.2,0.9,1.3,2.2,0.056,-0.7,-2.3,-3.0,-0.5
Daequan Cook,SG,22,MIA,2009-10,45,691,7.5,0.422,0.498,0.099,1.5,12.3,7.0,9.8,1.1,1.2,8.3,19.6,-0.7,0.8,0.1,0.01,-3.4,-1.1,-4.5,-0.4
Daequan Cook,SG,23,OKC,2010-11,43,598,12.8,0.63,0.851,0.11,1.6,12.1,7.0,5.3,1.2,0.1,8.2,15.7,1.2,0.4,1.6,0.126,2.5,-2.7,-0.2,0.3
Daequan Cook,SG,24,OKC,2011-12,57,989,9.2,0.509,0.77,0.074,1.5,11.9,7.0,2.3,1.1,0.8,5.0,14.7,0.8,0.8,1.6,0.078,-0.2,-2.4,-2.6,-0.1
Daequan Cook,SG,25,TOT,2012-13,49,441,5.8,0.398,0.545,0.072,1.8,14.1,7.9,6.7,0.9,1.2,8.0,19.2,-0.6,0.4,-0.2,-0.019,-4.8,-2.2,-7.0,-0.6
Dahntay Jones,SF,25,MEM,2005-06,71,967,8.0,0.462,0.08,0.354,2.5,10.4,6.5,7.0,2.2,1.2,14.1,17.8,-0.9,1.5,0.6,0.029,-5.3,0.4,-4.8,-0.7
Dahntay Jones,SG,26,MEM,2006-07,78,1671,9.6,0.542,0.026,0.377,3.4,7.6,5.5,6.6,1.2,1.0,14.6,17.0,0.7,0.0,0.7,0.019,-2.4,-1.8,-4.1,-0.9
Dahntay Jones,SG,27,SAC,2007-08,25,206,13.5,0.537,0.113,0.962,4.1,15.7,10.0,8.9,2.0,2.3,11.7,18.5,0.2,0.2,0.4,0.096,-2.5,-0.5,-3.0,-0.1
Dahntay Jones,SG,28,DEN,2008-09,79,1426,9.0,0.533,0.051,0.449,4.9,8.7,6.8,8.2,1.7,1.0,14.5,14.7,0.7,1.3,2.0,0.067,-2.3,0.0,-2.3,-0.1
Dahntay Jones,SF,29,IND,2009-10,76,1892,10.8,0.527,0.051,0.413,2.7,10.5,6.6,12.9,1.0,1.5,14.9,20.1,0.1,1.6,1.8,0.045,-3.2,-0.3,-3.6,-0.8
Dahntay Jones,SG,30,IND,2010-11,45,589,13.7,0.558,0.182,0.421,0.8,11.4,6.1,9.5,1.7,0.9,10.9,21.4,0.6,0.6,1.2,0.102,-1.7,-1.4,-3.1,-0.2
Dahntay Jones,SF,31,IND,2011-12,65,1052,10.3,0.533,0.274,0.352,2.5,10.0,6.3,9.6,1.2,0.8,12.4,16.0,1.1,0.8,2.0,0.09,-0.9,-1.1,-2.0,0.0
Dahntay Jones,SF,32,TOT,2012-13,78,1016,6.4,0.482,0.221,0.509,2.7,8.4,5.6,6.7,1.1,0.5,12.3,14.0,0.0,0.6,0.6,0.026,-3.8,-1.2,-5.0,-0.8
Dahntay Jones,SF,34,LAC,2014-15,33,123,1.9,0.406,0.19,0.524,0.9,9.0,5.0,2.1,1.2,0.0,3.7,9.8,0.0,0.1,0.0,0.013,-5.2,-1.3,-6.4,-0.1
Dahntay Jones,SF,35,CLE,2015-16,1,42,10.3,0.464,0.143,0.0,2.7,10.7,6.7,7.3,1.2,3.9,0.0,15.1,0.0,0.1,0.1,0.096,-3.1,0.9,-2.2,0.0
Dahntay Jones,SF,36,CLE,2016-17,1,12,14.7,0.461,0.25,0.5,9.5,8.9,9.2,14.5,0.0,0.0,9.3,39.9,0.0,0.0,0.0,-0.03,-3.8,-7.1,-10.9,0.0
Dairis Bertāns,SG,29,NOP,2018-19,12,167,2.0,0.362,0.723,0.0,1.3,4.3,2.8,7.2,0.3,0.0,4.1,12.0,-0.2,0.0,-0.2,-0.054,-4.2,-3.5,-7.7,-0.2
Dajuan Wagner,SG,23,GSW,2006-07,1,7,17.2,1.064,1.0,2.0,0.0,0.0,0.0,20.9,0.0,0.0,34.7,17.5,0.0,0.0,0.0,0.122,3.0,-10.0,-6.9,0.0
Dakari Johnson,C,22,OKC,2017-18,31,161,16.4,0.575,0.0,0.513,10.7,12.8,11.7,7.2,1.8,4.5,5.9,13.5,0.4,0.2,0.6,0.178,-0.9,1.2,0.3,0.1
Dale Davis,C,36,DET,2005-06,28,178,9.9,0.425,0.042,0.625,13.9,21.6,17.7,4.8,0.0,3.7,11.6,9.2,0.1,0.3,0.4,0.108,-4.0,1.3,-2.7,0.0
Dale Davis,C,37,DET,2006-07,46,464,13.2,0.486,0.0,0.351,15.1,20.0,17.5,3.9,1.2,5.7,14.9,10.3,0.5,0.8,1.3,0.132,-2.6,3.1,0.5,0.3
Damian Jones,C,21,GSW,2016-17,10,85,5.3,0.466,0.0,0.625,12.4,17.0,14.8,0.0,0.6,3.7,22.7,13.4,-0.1,0.1,0.0,0.018,-7.5,-2.1,-9.6,-0.2
Damian Jones,C,22,GSW,2017-18,15,89,6.8,0.517,0.0,0.227,6.8,10.6,8.8,2.9,0.5,2.7,14.2,13.9,0.0,0.1,0.1,0.031,-4.9,-1.7,-6.6,-0.1
Damian Jones,C,23,GSW,2018-19,24,410,15.3,0.72,0.0,0.5,8.4,11.0,9.8,8.7,1.4,5.1,15.1,11.1,1.0,0.5,1.5,0.173,0.5,2.5,3.0,0.5
Damian Lillard,PG,22,POR,2012-13,82,3167,16.4,0.546,0.391,0.249,1.5,8.0,4.7,28.8,1.2,0.5,14.5,24.2,5.1,0.7,5.8,0.088,2.7,-2.4,0.3,1.9
Damian Lillard,PG,23,POR,2013-14,82,2937,18.6,0.568,0.425,0.327,1.3,9.2,5.3,25.1,1.1,0.5,11.5,25.0,7.8,1.8,9.6,0.157,4.4,-1.7,2.7,3.5
Damian Lillard,PG,24,POR,2014-15,82,2925,20.7,0.56,0.421,0.293,1.8,11.8,6.9,29.0,1.7,0.5,12.6,26.9,7.3,3.3,10.6,0.174,5.0,0.0,5.1,5.2
Damian Lillard,PG,25,POR,2015-16,75,2676,22.2,0.56,0.414,0.315,1.8,10.4,6.1,33.6,1.2,0.8,12.6,31.3,7.7,1.4,9.2,0.165,5.9,-2.2,3.7,3.8
Damian Lillard,PG,26,POR,2016-17,75,2694,24.1,0.586,0.389,0.366,1.9,13.3,7.6,28.7,1.3,0.6,10.2,31.5,8.8,1.5,10.4,0.185,6.4,-2.0,4.3,4.3
Damian Lillard,PG,27,POR,2017-18,73,2670,25.2,0.594,0.445,0.38,2.6,10.6,6.6,30.9,1.4,0.8,11.1,30.6,9.9,2.7,12.6,0.227,7.7,-1.0,6.7,5.9
Damian Lillard,PG,28,POR,2018-19,80,2838,23.7,0.588,0.419,0.335,2.6,11.1,7.0,30.6,1.5,1.0,10.8,29.3,9.7,2.4,12.1,0.205,6.6,-1.1,5.5,5.4
Damien Inglis,SF,20,MIL,2015-16,20,156,6.7,0.444,0.351,0.216,1.5,21.1,11.4,9.0,2.0,1.6,21.4,14.9,-0.2,0.2,-0.1,-0.024,-6.1,-0.3,-6.4,-0.2
Damien Wilkins,SF,26,SEA,2005-06,82,1525,13.1,0.529,0.129,0.372,6.2,9.1,7.6,10.8,2.5,0.6,14.4,17.4,1.7,0.1,1.7,0.054,-0.2,-1.3,-1.5,0.2
Damien Wilkins,SF,27,SEA,2006-07,82,2037,13.1,0.535,0.203,0.282,5.1,8.4,6.7,12.0,2.4,0.6,14.6,17.7,1.8,1.0,2.8,0.066,0.0,-0.3,-0.4,0.8
Damien Wilkins,SF,28,SEA,2007-08,76,1843,11.3,0.474,0.23,0.214,4.3,10.2,7.2,12.7,1.7,0.7,10.8,19.4,-0.1,1.2,1.0,0.027,-1.4,-0.4,-1.9,0.1
Damien Wilkins,SG,29,OKC,2008-09,41,636,8.3,0.467,0.338,0.216,3.6,9.2,6.3,9.1,1.8,0.8,13.7,18.8,-0.4,0.4,0.0,0.002,-3.3,-1.4,-4.7,-0.4
Damien Wilkins,SF,30,MIN,2009-10,80,1585,11.5,0.515,0.16,0.339,5.0,12.7,8.8,12.5,2.1,1.2,14.8,14.1,0.9,1.0,1.9,0.056,-1.8,0.6,-1.2,0.3
Damien Wilkins,SF,31,ATL,2010-11,52,676,11.4,0.557,0.073,0.409,4.1,11.9,8.0,9.3,2.1,1.0,11.5,12.8,0.7,0.8,1.5,0.104,-2.1,0.6,-1.5,0.1
Damien Wilkins,SF,32,DET,2011-12,60,922,6.9,0.445,0.119,0.28,2.8,10.4,6.5,7.5,1.7,1.1,12.2,12.4,-0.2,0.6,0.4,0.019,-3.8,-0.2,-3.9,-0.5
Damien Wilkins,SG,33,PHI,2012-13,61,1095,12.5,0.533,0.161,0.345,3.2,7.8,5.4,12.9,1.8,1.3,11.9,17.4,1.0,0.9,1.9,0.083,-1.8,-0.7,-2.5,-0.1
Damien Wilkins,SF,38,IND,2017-18,19,152,4.9,0.405,0.462,0.103,3.7,8.1,5.9,7.8,0.7,0.6,10.9,13.4,-0.1,0.1,-0.1,-0.019,-4.4,-2.1,-6.5,-0.2
Damion James,SF,23,NJN,2010-11,25,403,10.1,0.477,0.029,0.272,4.8,20.5,12.5,8.1,2.1,2.3,17.8,16.2,-0.4,0.5,0.1,0.015,-5.1,1.7,-3.4,-0.1
Damion James,SF,24,NJN,2011-12,7,170,6.1,0.422,0.029,0.343,4.6,18.3,11.3,2.8,2.2,3.2,23.0,14.1,-0.3,0.1,-0.2,-0.043,-7.3,1.1,-6.3,-0.2
Damion James,SF,25,BRK,2012-13,2,0,,,,,,,,,,,,,0.0,0.0,0.0,,-5.5,0.3,-5.2,0.0
Damion James,SF,26,SAS,2013-14,5,50,4.1,0.304,0.222,0.222,2.4,23.8,13.5,7.5,0.0,1.4,9.2,9.8,-0.1,0.1,0.0,0.01,-6.7,1.2,-5.5,0.0
Damion Lee,SG,25,ATL,2017-18,15,404,12.0,0.489,0.395,0.191,3.0,16.6,9.8,11.2,2.3,0.2,7.8,19.3,0.0,0.4,0.4,0.046,-1.7,-0.4,-2.1,0.0
Damion Lee,SG,26,GSW,2018-19,32,375,11.9,0.578,0.535,0.173,2.4,15.3,9.1,4.5,1.6,0.0,7.4,16.8,0.3,0.4,0.7,0.09,-1.1,-2.5,-3.6,-0.2
Damir Markota,PF,21,MIL,2006-07,30,170,5.0,0.449,0.308,0.212,7.5,14.0,10.7,5.2,0.9,0.5,20.9,19.1,-0.3,0.0,-0.2,-0.07,-5.7,-3.3,-9.0,-0.3
Damjan Rudez,SF,30,ORL,2016-17,45,314,6.3,0.466,0.727,0.0,1.7,7.1,4.3,9.2,1.9,0.3,9.3,13.6,-0.1,0.2,0.1,0.008,-2.8,-1.9,-4.6,-0.2
Damjan Rudež,SF,28,IND,2014-15,68,1047,8.2,0.591,0.646,0.087,0.9,4.1,2.5,7.9,0.8,0.4,14.7,13.8,0.6,0.7,1.3,0.061,-0.7,-1.8,-2.5,-0.1
Damjan Rudež,SF,29,MIN,2015-16,33,277,5.5,0.572,0.806,0.129,2.1,6.2,4.2,5.8,0.5,0.3,16.6,12.7,0.1,0.0,0.1,0.009,-1.2,-3.5,-4.7,-0.2
Damon Jones,PG,29,CLE,2005-06,82,2089,9.3,0.538,0.756,0.102,0.8,6.8,3.8,12.6,0.9,0.0,9.7,12.6,2.2,1.1,3.4,0.077,0.6,-1.6,-1.1,0.5
Damon Jones,PG,30,CLE,2006-07,60,1173,10.2,0.525,0.651,0.124,0.9,5.8,3.3,12.7,0.7,0.1,8.8,15.9,1.2,1.1,2.4,0.097,0.0,-2.1,-2.1,0.0
Damon Jones,SG,31,CLE,2007-08,67,1336,11.3,0.582,0.76,0.077,0.4,5.9,3.1,15.1,0.8,0.1,8.8,14.0,2.4,0.7,3.0,0.108,0.9,-3.1,-2.2,-0.1
Damon Jones,PG,32,MIL,2008-09,18,108,6.2,0.485,0.824,0.0,0.0,6.9,3.3,9.8,1.4,0.0,15.0,16.6,-0.1,0.1,0.0,-0.007,-2.6,-2.9,-5.5,-0.1
Damon Stoudamire,PG,32,MEM,2005-06,27,862,13.7,0.504,0.362,0.216,3.3,10.0,6.7,26.6,1.2,0.1,14.9,20.8,0.7,1.0,1.7,0.093,0.5,-1.0,-0.6,0.3
Damon Stoudamire,PG,33,MEM,2006-07,62,1501,12.6,0.493,0.4,0.19,2.5,8.6,5.5,31.3,1.6,0.1,17.6,17.3,1.1,0.1,1.1,0.036,0.3,-2.9,-2.6,-0.2
Damon Stoudamire,PG,34,TOT,2007-08,60,1037,8.9,0.45,0.442,0.101,2.2,10.8,6.5,24.6,1.5,0.1,18.5,19.1,-0.9,0.8,-0.1,-0.004,-2.7,-1.4,-4.1,-0.6
Damon Stoudamire,PG,34,MEM,2007-08,29,624,11.8,0.514,0.485,0.134,2.5,10.3,6.4,27.7,1.5,0.0,19.6,18.2,0.2,0.2,0.4,0.033,-0.4,-2.3,-2.7,-0.1
Damon Stoudamire,PG,34,SAS,2007-08,31,413,4.6,0.362,0.385,0.056,1.7,11.6,6.7,20.0,1.4,0.4,17.0,20.5,-1.1,0.6,-0.5,-0.06,-6.1,-0.1,-6.2,-0.4
Damyean Dotson,SG,23,NYK,2017-18,44,474,11.6,0.532,0.422,0.143,2.1,17.5,9.8,9.5,1.3,0.4,9.0,17.3,0.3,0.3,0.6,0.06,-1.4,-1.7,-3.1,-0.1
Damyean Dotson,SG,24,NYK,2018-19,73,2004,10.8,0.526,0.49,0.14,1.7,12.2,6.8,10.4,1.4,0.4,8.7,17.3,0.7,0.9,1.5,0.037,-0.9,-1.4,-2.3,-0.2
Dan Dickau,PG,27,BOS,2005-06,19,234,10.4,0.575,0.435,0.391,2.7,5.6,4.2,25.5,2.4,0.3,25.0,14.1,0.3,0.2,0.4,0.09,-1.1,-2.3,-3.4,-0.1
Dan Dickau,PG,28,POR,2006-07,50,444,12.2,0.476,0.404,0.351,1.9,10.3,6.0,26.3,1.7,0.2,13.4,21.3,0.3,0.2,0.4,0.048,-0.2,-2.9,-3.1,-0.1
Dan Dickau,PG,29,LAC,2007-08,67,1040,12.5,0.53,0.365,0.277,1.4,9.4,5.4,27.9,1.6,0.2,14.2,17.2,0.9,0.6,1.5,0.071,-0.6,-2.3,-2.9,-0.2
Dan Gadzuric,C,27,MIL,2005-06,74,885,17.2,0.55,0.003,0.288,12.0,19.3,15.6,4.9,1.5,3.9,9.1,19.8,1.3,1.1,2.5,0.134,-1.2,0.1,-1.0,0.2
Dan Gadzuric,C,28,MIL,2006-07,54,840,11.9,0.482,0.004,0.395,13.0,21.6,17.2,5.3,1.4,2.9,15.5,17.0,0.1,0.7,0.8,0.043,-3.5,-0.3,-3.8,-0.4
Dan Gadzuric,C,29,MIL,2007-08,51,534,10.7,0.443,0.006,0.409,14.2,17.7,15.9,3.2,2.0,3.5,15.8,18.2,-0.4,0.4,0.1,0.006,-4.9,-0.7,-5.6,-0.5
Dan Gadzuric,C,30,MIL,2008-09,67,941,12.2,0.495,0.008,0.279,11.4,21.0,16.0,6.5,1.8,3.8,13.0,15.0,0.4,1.4,1.8,0.094,-3.0,2.4,-0.6,0.3
Dan Gadzuric,C,31,MIL,2009-10,32,314,10.5,0.44,0.0,0.281,13.1,20.5,16.6,6.0,1.5,3.3,13.0,16.6,-0.1,0.6,0.5,0.077,-4.5,2.2,-2.4,0.0
Dan Gadzuric,C,32,TOT,2010-11,42,463,9.9,0.419,0.008,0.209,17.2,16.4,16.8,4.5,1.4,4.8,17.1,16.5,-0.3,0.4,0.1,0.014,-4.6,0.6,-4.0,-0.2
Dan Gadzuric,C,33,NYK,2011-12,2,13,-4.3,0.0,0.0,1.0,8.8,35.9,22.2,0.0,4.0,6.1,25.8,13.4,-0.1,0.0,0.0,-0.169,-16.8,2.7,-14.0,0.0
Daniel Ewing,SG,22,LAC,2005-06,66,971,7.6,0.458,0.306,0.18,2.9,7.1,5.1,13.2,2.0,0.5,17.2,15.8,-0.7,1.0,0.3,0.017,-3.1,-0.4,-3.5,-0.4
Daniel Ewing,PG,23,LAC,2006-07,61,712,9.3,0.495,0.273,0.28,1.5,10.7,6.1,19.8,2.4,0.4,21.7,15.0,-0.3,0.7,0.5,0.033,-3.3,-0.7,-4.0,-0.4
Daniel Gibson,PG,20,CLE,2006-07,60,988,9.4,0.556,0.537,0.169,3.2,7.7,5.4,10.7,1.2,0.6,15.1,13.4,0.8,1.2,2.0,0.098,-0.9,-0.1,-1.0,0.2
Daniel Gibson,PG,21,CLE,2007-08,58,1765,11.7,0.592,0.576,0.226,1.9,6.9,4.3,13.1,1.4,0.6,12.9,15.1,2.7,1.4,4.1,0.111,1.0,-1.1,0.0,0.9
Daniel Gibson,PG,22,CLE,2008-09,75,1795,10.1,0.519,0.537,0.163,2.1,7.9,5.1,11.3,1.3,0.7,9.7,16.5,1.5,2.3,3.8,0.101,-0.3,-0.4,-0.7,0.6
Daniel Gibson,PG,23,CLE,2009-10,56,1068,11.3,0.613,0.556,0.183,1.5,6.4,4.1,9.8,1.2,0.5,11.1,14.2,1.6,1.0,2.6,0.117,0.8,-1.2,-0.4,0.4
Daniel Gibson,SG,24,CLE,2010-11,67,1865,13.2,0.533,0.444,0.247,1.4,9.7,5.5,18.3,1.3,0.9,9.9,19.7,2.0,0.4,2.4,0.062,1.0,-2.0,-1.0,0.5
Daniel Gibson,SG,25,CLE,2011-12,35,916,9.2,0.493,0.56,0.173,1.3,11.6,6.3,13.5,1.5,1.3,14.4,15.3,0.2,0.3,0.5,0.028,-1.3,-0.8,-2.2,0.0
Daniel Gibson,PG,26,CLE,2012-13,46,919,7.7,0.475,0.66,0.15,0.6,7.3,3.8,13.4,1.7,0.4,10.5,14.3,0.3,0.2,0.5,0.026,-1.1,-2.3,-3.4,-0.3
Daniel Hamilton,SG,22,OKC,2017-18,6,28,18.2,0.545,0.455,0.0,0.0,20.5,9.9,44.2,1.8,0.0,15.4,19.9,0.1,0.0,0.1,0.169,0.8,-2.4,-1.6,0.0
Daniel Hamilton,SG,23,ATL,2018-19,19,204,7.1,0.455,0.383,0.1,5.0,19.5,12.1,14.5,1.4,0.4,20.3,15.7,-0.2,0.1,-0.1,-0.024,-5.0,-0.9,-5.8,-0.2
Daniel Ochefu,C,23,WAS,2016-17,19,75,6.6,0.43,0.0,0.074,7.6,25.4,16.5,5.8,1.3,0.0,9.7,18.0,-0.1,0.1,0.0,0.005,-6.5,-1.9,-8.4,-0.1
Daniel Orton,PF,21,ORL,2011-12,16,187,12.7,0.549,0.033,0.833,11.6,12.5,12.0,4.3,2.3,3.8,14.6,12.0,0.2,0.3,0.5,0.129,-1.5,2.7,1.2,0.2
Daniel Orton,C,22,OKC,2012-13,13,104,14.0,0.493,0.0,0.654,15.5,13.4,14.3,5.7,2.0,2.2,10.7,16.4,0.1,0.1,0.3,0.135,-1.1,-0.2,-1.3,0.0
Daniel Orton,C,23,PHI,2013-14,22,251,10.5,0.54,0.0,0.638,6.6,20.2,13.1,8.5,1.2,5.1,23.0,13.2,0.0,0.2,0.3,0.049,-5.7,1.6,-4.1,-0.1
Daniel Theis,C,25,BOS,2017-18,63,936,16.1,0.616,0.249,0.348,10.7,21.2,16.0,9.1,1.6,4.3,17.2,15.5,1.6,1.9,3.5,0.178,-0.8,3.4,2.6,1.1
Daniel Theis,C,26,BOS,2018-19,66,908,17.0,0.624,0.252,0.286,10.2,16.2,13.2,10.5,1.1,4.1,9.9,15.8,2.3,1.3,3.5,0.188,0.8,1.5,2.3,1.0
Danilo Gallinari,SG,20,NYK,2008-09,28,412,13.4,0.621,0.576,0.216,3.3,11.5,7.3,5.5,1.7,0.7,9.9,16.0,0.7,0.3,1.0,0.119,0.7,-1.3,-0.6,0.1
Danilo Gallinari,SF,21,NYK,2009-10,81,2747,14.8,0.575,0.526,0.331,2.6,14.0,8.2,7.6,1.4,1.6,9.4,19.3,4.1,1.5,5.6,0.098,1.3,-1.0,0.2,1.6
Danilo Gallinari,PF,22,TOT,2010-11,62,2104,15.7,0.597,0.458,0.611,3.2,13.4,8.3,7.4,1.2,0.9,9.3,18.9,4.9,1.2,6.1,0.139,2.1,-1.6,0.5,1.3
Danilo Gallinari,SF,23,DEN,2011-12,43,1351,16.5,0.563,0.393,0.448,2.5,14.6,8.7,13.0,1.6,1.3,10.9,20.7,2.9,1.0,3.9,0.14,2.3,-0.2,2.1,1.4
Danilo Gallinari,SF,24,DEN,2012-13,71,2309,16.7,0.561,0.416,0.4,3.2,14.4,8.9,11.2,1.4,1.2,9.8,21.3,5.2,2.0,7.2,0.151,2.7,-0.4,2.3,2.5
Danilo Gallinari,SF,26,DEN,2014-15,59,1426,16.8,0.563,0.53,0.336,2.3,14.7,8.3,9.4,1.6,1.1,8.0,21.5,3.0,1.0,3.9,0.132,2.3,-1.1,1.3,1.2
Danilo Gallinari,SF,27,DEN,2015-16,53,1839,19.0,0.582,0.341,0.617,3.1,14.0,8.5,11.8,1.1,0.8,8.0,23.0,5.5,0.9,6.3,0.165,2.9,-1.8,1.2,1.5
Danilo Gallinari,SF,28,DEN,2016-17,63,2134,17.4,0.622,0.432,0.516,2.0,14.7,8.4,9.1,0.9,0.5,8.2,20.0,6.2,0.7,6.8,0.154,2.9,-2.1,0.8,1.5
Danilo Gallinari,SF,29,LAC,2017-18,21,671,13.8,0.545,0.434,0.34,1.5,14.9,8.3,8.9,0.9,1.2,8.1,20.6,0.8,0.4,1.2,0.088,0.0,-1.5,-1.4,0.1
Danilo Gallinari,SF,30,LAC,2018-19,68,2059,21.0,0.633,0.421,0.459,2.9,18.1,10.7,13.2,1.1,0.9,8.5,23.8,6.4,1.8,8.2,0.191,4.2,-1.2,2.9,2.6
Danny Fortson,C,29,SEA,2005-06,23,276,8.5,0.622,0.0,0.843,13.4,20.9,17.1,1.1,0.8,0.6,27.1,15.6,0.2,0.0,0.2,0.038,-3.2,-4.2,-7.4,-0.4
Danny Fortson,C,30,SEA,2006-07,14,158,4.3,0.56,0.033,0.433,9.8,23.0,16.3,0.9,0.3,0.0,29.6,14.6,-0.1,0.1,0.0,-0.013,-6.3,-3.7,-10.0,-0.3
Danny Granger,SF,22,IND,2005-06,78,1765,14.7,0.54,0.195,0.31,8.8,16.0,12.5,8.8,1.8,2.6,12.8,16.4,2.1,3.0,5.1,0.139,-0.5,2.6,2.1,1.9
Danny Granger,SF,23,IND,2006-07,82,2785,13.9,0.573,0.332,0.339,4.6,11.3,7.9,7.0,1.2,1.7,11.9,18.2,3.9,2.6,6.5,0.111,0.8,0.0,0.9,2.0
Danny Granger,SF,24,IND,2007-08,80,2876,16.7,0.571,0.351,0.314,3.4,15.2,9.2,9.6,1.6,2.2,11.1,23.2,4.1,3.2,7.3,0.122,1.3,0.2,1.4,2.5
Danny Granger,SF,25,IND,2008-09,67,2424,21.8,0.584,0.352,0.36,2.2,13.4,7.7,13.1,1.4,3.0,10.0,29.6,5.6,2.4,8.0,0.158,3.8,-0.9,2.9,3.0
Danny Granger,SF,26,IND,2009-10,62,2278,19.8,0.564,0.385,0.376,3.2,13.3,8.2,13.6,2.0,1.6,10.6,28.7,3.5,2.7,6.2,0.131,3.1,-0.4,2.7,2.7
Danny Granger,SF,27,IND,2010-11,79,2763,17.8,0.554,0.323,0.37,3.5,13.5,8.5,13.0,1.6,1.6,12.3,26.7,3.7,3.2,6.9,0.12,1.9,-0.3,1.6,2.5
Danny Granger,SF,28,IND,2011-12,62,2062,18.6,0.542,0.343,0.309,4.3,12.3,8.4,9.7,1.6,1.5,9.3,25.9,4.5,2.2,6.7,0.155,3.1,-1.2,1.9,2.0
Danny Granger,SF,29,IND,2012-13,5,74,4.0,0.35,0.286,0.229,4.6,8.9,6.8,6.9,1.4,1.0,9.4,26.2,-0.2,0.1,-0.1,-0.075,-7.2,-2.4,-9.6,-0.1
Danny Granger,SF,30,TOT,2013-14,41,847,10.9,0.502,0.417,0.218,4.3,12.9,8.8,7.8,0.7,1.5,12.0,20.5,0.1,1.2,1.3,0.073,-2.2,-0.6,-2.8,-0.2
Danny Granger,SF,31,MIA,2014-15,30,613,8.6,0.527,0.519,0.228,4.0,11.5,7.8,4.4,1.1,0.8,11.9,15.5,0.2,0.3,0.6,0.046,-1.5,-1.8,-3.2,-0.2
Danny Green,SG,22,CLE,2009-10,20,115,12.3,0.48,0.564,0.154,8.7,8.9,8.8,6.7,2.7,2.0,10.7,18.9,0.0,0.2,0.2,0.083,-0.6,-0.1,-0.8,0.0
Danny Green,SG,23,SAS,2010-11,8,92,13.2,0.586,0.543,0.0,3.9,14.8,9.5,3.6,1.1,0.8,12.5,20.0,0.0,0.1,0.1,0.076,-0.7,-2.3,-3.0,0.0
Danny Green,SG,24,SAS,2011-12,66,1522,15.5,0.579,0.491,0.21,4.2,12.9,8.6,8.3,2.0,2.2,11.4,17.6,2.5,2.0,4.5,0.142,2.0,1.2,3.2,2.0
Danny Green,SG,25,SAS,2012-13,80,2201,14.1,0.6,0.623,0.119,2.0,10.3,6.4,9.5,2.1,1.8,11.9,16.6,2.6,3.2,5.9,0.128,2.0,1.3,3.3,2.9
Danny Green,SG,26,SAS,2013-14,68,1651,13.9,0.58,0.63,0.125,1.8,13.4,7.8,8.9,2.0,2.7,12.5,16.7,1.4,2.8,4.2,0.122,1.2,2.1,3.3,2.2
Danny Green,SG,27,SAS,2014-15,81,2312,16.5,0.596,0.619,0.172,2.7,13.9,8.4,10.3,2.2,2.8,10.5,17.5,4.0,3.9,7.8,0.163,2.8,2.2,5.0,4.1
Danny Green,SG,28,SAS,2015-16,79,2062,10.5,0.492,0.622,0.082,2.7,13.6,8.4,9.3,2.0,2.4,11.4,14.6,0.2,4.1,4.2,0.099,-0.2,3.0,2.7,2.5
Danny Green,SG,29,SAS,2016-17,68,1807,10.1,0.537,0.693,0.071,2.0,11.8,7.0,9.6,2.0,2.6,14.1,13.5,0.4,3.0,3.4,0.09,-0.3,2.7,2.4,2.0
Danny Green,SG,30,SAS,2017-18,70,1791,11.4,0.509,0.57,0.116,2.5,13.0,7.7,8.9,1.8,3.7,11.2,16.6,0.1,2.9,2.9,0.078,-1.1,2.2,1.2,1.4
Danny Green,SG,31,TOR,2018-19,80,2216,13.0,0.632,0.69,0.07,3.0,12.2,7.7,7.7,1.6,2.0,10.4,14.1,3.0,2.9,5.9,0.128,1.7,1.2,2.9,2.7
Dante Cunningham,PF,22,POR,2009-10,63,707,14.3,0.517,0.009,0.224,9.4,18.7,14.0,3.3,1.9,2.5,6.0,16.8,0.9,1.0,1.9,0.129,-2.1,0.2,-1.9,0.0
Dante Cunningham,PF,23,TOT,2010-11,78,1637,10.7,0.483,0.028,0.131,6.9,13.9,10.3,4.3,1.8,2.2,9.3,15.7,0.3,1.7,2.0,0.06,-3.2,0.5,-2.8,-0.3
Dante Cunningham,PF,24,MEM,2011-12,64,1124,14.9,0.538,0.007,0.247,9.3,16.4,12.8,5.2,2.0,2.5,8.6,13.6,1.8,1.7,3.4,0.147,-0.8,1.6,0.8,0.8
Dante Cunningham,PF,25,MIN,2012-13,80,2010,13.3,0.485,0.009,0.154,7.8,15.6,11.6,5.7,2.2,1.5,7.3,17.2,1.1,2.4,3.5,0.084,-2.1,1.1,-0.9,0.5
Dante Cunningham,PF,26,MIN,2013-14,81,1635,12.6,0.474,0.01,0.132,7.3,14.9,11.0,7.7,1.9,2.7,7.2,15.1,0.9,2.0,2.9,0.085,-2.2,2.1,-0.1,0.8
Dante Cunningham,PF,27,NOP,2014-15,66,1652,8.9,0.473,0.029,0.139,4.8,12.8,8.8,4.4,1.5,1.7,8.9,10.9,0.5,1.2,1.6,0.047,-2.6,1.0,-1.6,0.2
Dante Cunningham,SF,28,NOP,2015-16,80,1971,8.6,0.54,0.422,0.199,3.1,10.4,6.6,5.6,1.1,1.4,8.4,11.0,1.5,0.7,2.1,0.052,-1.1,-0.1,-1.2,0.4
Dante Cunningham,PF,29,NOP,2016-17,66,1649,10.2,0.586,0.504,0.075,3.6,14.2,8.9,3.2,1.2,1.4,7.0,10.7,1.4,1.6,3.0,0.088,-1.3,0.8,-0.5,0.6
Dante Cunningham,SF,30,TOT,2017-18,73,1562,10.0,0.539,0.462,0.143,5.5,14.9,10.3,4.3,1.2,1.5,7.9,11.6,1.1,1.3,2.4,0.074,-1.4,0.1,-1.4,0.2
Dante Cunningham,PF,31,SAS,2018-19,64,928,10.2,0.585,0.411,0.114,5.7,16.3,11.0,6.8,1.4,1.2,11.7,8.9,1.0,0.9,1.9,0.097,-1.0,0.8,-0.1,0.4
Dante Exum,PG,19,UTA,2014-15,82,1817,5.7,0.457,0.635,0.077,1.7,6.6,4.2,16.6,1.2,0.6,21.5,13.8,-1.1,1.0,-0.1,-0.003,-2.6,-1.3,-3.8,-0.8
Dante Exum,PG,21,UTA,2016-17,66,1228,8.5,0.521,0.41,0.201,2.9,9.3,6.2,14.1,0.9,0.8,16.8,18.1,-0.1,1.3,1.2,0.046,-2.0,-0.5,-2.5,-0.1
Dante Exum,PG,22,UTA,2017-18,14,235,16.7,0.566,0.207,0.356,2.0,10.5,6.3,29.7,1.7,1.1,16.6,23.1,0.3,0.3,0.7,0.133,-0.5,-0.7,-1.2,0.0
Dante Exum,PG,23,UTA,2018-19,42,664,11.2,0.516,0.257,0.357,2.7,8.3,5.5,24.1,1.0,0.6,15.7,21.3,0.2,0.7,1.0,0.069,-2.6,-1.4,-4.0,-0.3
Danuel House,SG,23,WAS,2016-17,1,1,12.2,,,,0.0,100.0,56.4,0.0,0.0,0.0,,0.0,0.0,0.0,0.0,0.163,-16.4,-4.4,-20.8,0.0
Danuel House,SG,24,PHO,2017-18,23,403,12.4,0.533,0.45,0.24,3.4,17.0,10.1,9.4,0.8,1.2,7.2,16.2,0.4,0.1,0.6,0.066,-1.2,-1.5,-2.7,-0.1
Danuel House,SF,25,HOU,2018-19,39,979,12.2,0.646,0.706,0.282,2.8,13.3,7.9,5.9,1.1,1.0,11.0,14.1,1.6,0.7,2.3,0.113,0.4,-1.1,-0.6,0.3
Darington Hobson,SG,24,MIL,2011-12,5,39,-3.3,0.154,0.462,0.0,0.0,8.7,4.2,20.9,0.0,0.0,13.3,16.9,-0.2,0.0,-0.2,-0.225,-9.9,-4.3,-14.1,-0.1
Dario Saric,PF,22,PHI,2016-17,81,2129,12.8,0.508,0.368,0.237,5.8,20.8,13.3,14.3,1.3,1.1,15.2,24.6,-1.2,2.2,1.0,0.023,-2.0,-0.2,-2.2,-0.1
Dario Šarić,PF,23,PHI,2017-18,78,2310,15.8,0.582,0.448,0.233,7.5,16.4,12.1,13.0,1.1,0.7,13.1,20.9,3.8,2.8,6.6,0.137,1.6,-0.2,1.4,2.0
Dario Šarić,PF,24,TOT,2018-19,81,2023,13.1,0.563,0.464,0.216,6.6,17.5,12.1,8.8,1.1,0.4,11.3,17.8,2.3,1.2,3.5,0.084,0.3,-1.4,-1.1,0.5
Dario Šarić,PF,24,PHI,2018-19,13,396,8.1,0.496,0.53,0.227,5.8,16.9,11.5,8.9,0.5,0.6,14.7,18.0,-0.1,0.3,0.2,0.023,-2.4,-1.4,-3.9,-0.2
Dario Šarić,PF,24,MIN,2018-19,68,1627,14.3,0.579,0.449,0.213,6.8,17.7,12.2,8.8,1.2,0.3,10.5,17.8,2.4,0.9,3.3,0.099,1.0,-1.4,-0.4,0.7
Darius Johnson-Odom,SG,23,LAL,2012-13,4,6,-6.7,0.0,0.25,0.0,18.9,53.7,36.7,21.7,0.0,0.0,0.0,29.7,-0.1,0.0,-0.1,-0.439,-16.7,-0.9,-17.6,0.0
Darius Johnson-Odom,SG,24,PHI,2013-14,3,15,-23.0,0.0,0.429,0.286,0.0,15.0,7.2,8.5,3.2,0.0,20.2,27.9,-0.2,0.0,-0.2,-0.661,-22.4,-3.0,-25.5,-0.1
Darius Miles,SF,24,POR,2005-06,40,1286,12.5,0.48,0.02,0.32,2.2,15.0,8.5,10.8,1.8,2.3,14.5,25.1,-1.6,0.6,-1.0,-0.037,-3.7,-0.5,-4.2,-0.7
Darius Miles,SF,27,MEM,2008-09,34,298,16.1,0.533,0.061,0.313,7.7,15.9,11.7,10.1,2.0,5.5,15.7,21.0,0.1,0.4,0.5,0.077,-2.9,1.6,-1.2,0.1
Darius Miller,SF,22,NOH,2012-13,52,694,6.3,0.529,0.519,0.074,1.3,12.2,6.7,9.3,1.3,1.4,17.1,9.0,0.2,0.3,0.5,0.034,-2.2,0.0,-2.2,0.0
Darius Miller,SF,23,NOP,2013-14,45,723,9.0,0.55,0.464,0.217,1.4,7.0,4.2,8.7,1.7,1.0,10.8,12.8,0.6,0.2,0.8,0.055,-0.7,-1.7,-2.3,-0.1
Darius Miller,SF,24,NOP,2014-15,5,43,-5.1,0.143,0.143,0.0,0.0,2.6,1.3,6.1,1.2,0.0,12.5,8.5,-0.1,0.0,-0.1,-0.122,-8.4,-1.5,-9.9,-0.1
Darius Miller,SF,27,NOP,2017-18,82,1944,9.3,0.617,0.735,0.138,1.0,7.9,4.6,7.5,0.7,0.7,10.1,12.8,2.1,0.9,3.0,0.075,0.5,-1.6,-1.0,0.5
Darius Miller,SF,28,NOP,2018-19,69,1757,8.4,0.55,0.752,0.147,0.8,6.6,3.8,10.4,1.1,1.1,10.3,13.4,1.1,0.6,1.6,0.045,-0.1,-1.5,-1.7,0.1
Darius Morris,PG,21,LAL,2011-12,19,169,5.2,0.5,0.214,0.214,1.4,8.8,5.3,19.1,0.6,0.0,29.2,17.6,-0.2,0.1,-0.2,-0.045,-5.6,-2.5,-8.1,-0.3
Darius Morris,PG,22,LAL,2012-13,48,683,8.1,0.475,0.351,0.197,4.0,5.2,4.6,16.8,1.6,0.2,18.1,16.2,-0.1,0.3,0.2,0.016,-2.6,-1.7,-4.3,-0.4
Darius Morris,PG,23,TOT,2013-14,27,313,9.2,0.498,0.396,0.271,2.5,6.8,4.6,21.5,2.1,0.0,20.1,18.6,-0.1,0.2,0.0,0.006,-2.9,-2.9,-5.7,-0.3
Darius Morris,PG,24,BRK,2014-15,38,299,6.7,0.377,0.311,0.085,2.6,7.5,5.1,24.7,1.6,0.0,16.0,20.0,-0.5,0.1,-0.4,-0.068,-4.4,-2.8,-7.2,-0.4
Darius Songaila,PF,27,CHI,2005-06,62,1329,13.6,0.524,0.01,0.234,6.6,14.6,10.6,11.5,1.4,0.9,13.6,21.3,0.7,1.8,2.5,0.09,-1.9,0.8,-1.1,0.3
Darius Songaila,PF,28,WAS,2006-07,37,700,13.6,0.567,0.009,0.24,7.0,15.2,11.0,9.0,1.2,1.1,14.7,18.3,0.8,0.3,1.1,0.078,-1.3,-1.4,-2.7,-0.1
Darius Songaila,C,29,WAS,2007-08,80,1554,11.8,0.496,0.004,0.156,6.0,14.7,10.2,14.2,1.8,0.9,14.7,17.3,0.6,1.2,1.7,0.053,-2.2,0.0,-2.2,-0.1
Darius Songaila,C,30,WAS,2008-09,77,1521,13.9,0.57,0.002,0.197,5.6,12.1,8.8,10.3,2.2,1.1,13.0,17.1,1.8,0.7,2.4,0.076,-0.8,-0.7,-1.5,0.2
Darius Songaila,C,31,NOH,2009-10,75,1410,11.6,0.522,0.012,0.152,4.8,14.7,9.7,7.9,2.3,0.8,13.5,19.5,0.0,1.2,1.3,0.044,-3.1,0.0,-3.1,-0.4
Darius Songaila,C,32,PHI,2010-11,10,71,1.2,0.477,0.0,0.267,3.2,13.0,8.1,4.1,0.0,0.0,19.3,13.5,-0.1,0.1,0.0,-0.019,-6.9,-1.9,-8.8,-0.1
Darius Washington,SG,22,SAS,2007-08,18,146,9.0,0.493,0.25,0.271,3.3,12.8,8.1,17.1,1.9,0.0,20.7,22.2,-0.2,0.2,0.0,0.012,-4.3,0.1,-4.2,-0.1
Darko Miličić,C,20,TOT,2005-06,55,767,15.2,0.52,0.009,0.214,7.2,16.8,12.1,9.2,1.0,7.8,16.6,19.0,0.0,1.1,1.2,0.073,-3.1,3.4,0.3,0.4
Darko Miličić,C,20,DET,2005-06,25,140,10.1,0.507,0.061,0.242,8.4,15.5,11.9,10.2,1.2,7.8,29.1,17.5,-0.2,0.3,0.0,0.016,-6.0,4.2,-1.8,0.0
Darko Miličić,C,20,ORL,2005-06,30,627,16.3,0.522,0.0,0.209,6.9,17.1,12.1,9.0,1.0,7.8,14.1,19.3,0.3,0.9,1.1,0.086,-2.5,3.2,0.7,0.4
Darko Miličić,PF,21,ORL,2006-07,80,1913,13.8,0.492,0.002,0.42,9.6,18.4,14.1,7.9,1.2,5.9,16.0,18.7,0.0,3.3,3.3,0.082,-2.9,3.2,0.4,1.1
Darko Miličić,C,22,MEM,2007-08,70,1663,11.0,0.456,0.002,0.242,8.5,20.2,14.3,5.4,1.0,5.0,15.4,17.5,-1.4,1.6,0.2,0.006,-5.1,1.6,-3.5,-0.6
Darko Miličić,C,23,MEM,2008-09,61,1034,13.8,0.533,0.0,0.395,9.7,21.8,15.7,5.6,1.1,4.0,13.3,16.3,0.7,1.2,1.9,0.088,-3.0,0.8,-2.2,0.0
Darko Miličić,C,24,TOT,2009-10,32,685,12.8,0.497,0.005,0.137,7.5,17.3,12.3,10.7,1.6,3.7,13.9,16.0,0.1,0.6,0.7,0.05,-2.6,1.9,-0.7,0.2
Darko Miličić,C,25,MIN,2010-11,69,1686,12.2,0.482,0.0,0.199,8.5,15.4,11.8,9.9,1.6,6.3,19.4,19.7,-1.5,1.7,0.2,0.007,-3.8,3.0,-0.8,0.5
Darko Miličić,C,26,MIN,2011-12,29,472,9.0,0.458,0.0,0.285,8.2,14.6,11.4,5.9,1.0,3.8,17.9,16.8,-0.4,0.4,0.0,0.003,-4.7,1.6,-3.1,-0.1
Darko Miličić,C,27,BOS,2012-13,1,5,-30.2,0.0,0.0,0.0,0.0,22.9,11.8,0.0,0.0,0.0,66.7,28.4,-0.1,0.0,-0.1,-0.779,-33.0,-3.1,-36.1,0.0
Darnell Jackson,PF,23,CLE,2008-09,51,430,7.2,0.483,0.023,0.407,9.2,14.7,12.0,2.7,1.3,0.7,12.1,12.7,0.2,0.7,0.8,0.094,-4.1,-0.1,-4.2,-0.2
Darnell Jackson,PF,24,TOT,2009-10,28,123,-0.1,0.352,0.133,0.2,9.0,12.0,10.6,4.6,0.9,2.5,28.5,17.2,-0.4,0.2,-0.3,-0.104,-9.2,-0.1,-9.3,-0.2
Darnell Jackson,PF,25,SAC,2010-11,59,486,12.3,0.521,0.07,0.31,11.2,10.8,11.0,4.6,1.2,0.4,11.4,18.0,0.4,0.3,0.7,0.069,-1.9,-2.4,-4.3,-0.3
Darrell Armstrong,PG,37,DAL,2005-06,62,622,7.3,0.444,0.375,0.328,3.6,12.0,7.8,20.6,2.4,0.4,28.4,15.4,-0.7,0.7,0.0,0.003,-3.1,0.2,-2.9,-0.1
Darrell Armstrong,PG,38,IND,2006-07,81,1275,15.1,0.547,0.568,0.247,3.0,9.3,6.1,24.8,2.9,0.4,15.4,17.4,1.7,1.5,3.2,0.121,1.7,-0.6,1.1,1.0
Darrell Armstrong,PG,39,NJN,2007-08,50,549,8.7,0.499,0.627,0.273,3.6,10.6,7.1,20.5,2.7,0.3,25.0,13.7,-0.2,0.5,0.3,0.024,-2.6,-0.4,-3.0,-0.1
Darrell Arthur,PF,20,MEM,2008-09,76,1464,11.3,0.456,0.005,0.138,8.9,20.3,14.5,5.0,1.9,2.9,9.2,16.3,-0.1,1.8,1.7,0.055,-3.9,0.8,-3.1,-0.4
Darrell Arthur,PF,21,MEM,2009-10,32,457,10.5,0.449,0.007,0.205,9.4,18.7,14.0,4.9,1.6,2.3,12.1,17.4,-0.1,0.4,0.3,0.031,-3.9,-0.4,-4.3,-0.3
Darrell Arthur,PF,22,MEM,2010-11,80,1609,15.7,0.534,0.01,0.215,8.5,17.0,12.7,5.4,1.7,3.2,11.4,21.6,1.5,2.2,3.8,0.113,-1.6,0.3,-1.3,0.3
Darrell Arthur,PF,24,MEM,2012-13,59,970,11.8,0.477,0.05,0.128,8.1,12.5,10.3,5.9,1.3,2.8,10.2,20.1,0.2,1.5,1.7,0.084,-2.9,0.5,-2.4,-0.1
Darrell Arthur,SF,25,DEN,2013-14,68,1161,9.4,0.459,0.156,0.151,4.8,14.7,9.8,8.0,1.6,3.0,11.7,18.1,-0.5,1.2,0.7,0.029,-3.8,1.0,-2.8,-0.2
Darrell Arthur,PF,26,DEN,2014-15,58,988,11.5,0.466,0.286,0.154,5.6,13.4,9.3,9.3,2.4,2.1,10.3,20.0,-0.1,0.9,0.9,0.042,-1.8,0.7,-1.1,0.2
Darrell Arthur,PF,27,DEN,2015-16,70,1516,12.5,0.514,0.239,0.108,6.2,15.4,10.7,10.0,1.8,2.6,11.4,16.7,1.0,1.3,2.3,0.072,-1.2,0.8,-0.3,0.6
Darrell Arthur,PF,28,DEN,2016-17,41,639,12.8,0.583,0.544,0.102,4.4,14.9,9.7,9.3,1.5,2.5,13.8,17.3,0.6,0.4,1.1,0.081,0.3,-0.6,-0.3,0.3
Darrell Arthur,PF,29,DEN,2017-18,19,141,8.4,0.559,0.489,0.064,2.4,9.5,6.0,9.3,2.8,1.8,23.7,19.5,-0.2,0.1,0.0,-0.011,-3.5,-1.0,-4.5,-0.1
Darren Collison,PG,22,NOH,2009-10,76,2109,16.5,0.546,0.146,0.221,2.2,8.6,5.3,32.9,1.9,0.1,18.9,23.1,1.9,1.1,2.9,0.067,0.2,-1.9,-1.7,0.2
Darren Collison,PG,23,IND,2010-11,79,2360,15.6,0.534,0.143,0.267,1.9,8.6,5.3,28.9,1.9,0.4,16.6,21.9,2.1,2.2,4.3,0.087,0.2,-0.9,-0.7,0.8
Darren Collison,PG,24,IND,2011-12,60,1878,13.6,0.526,0.18,0.293,1.8,9.3,5.6,24.9,1.4,0.6,16.2,17.0,2.3,1.5,3.8,0.098,0.5,-0.8,-0.3,0.8
Darren Collison,PG,25,DAL,2012-13,81,2372,16.3,0.575,0.188,0.38,1.5,8.7,5.1,26.8,2.2,0.3,17.0,19.6,4.0,1.7,5.6,0.114,1.1,-0.9,0.2,1.3
Darren Collison,PG,26,LAC,2013-14,80,2069,16.2,0.575,0.272,0.323,2.6,7.3,5.0,21.9,2.2,0.6,14.3,19.7,3.8,2.0,5.9,0.136,1.4,-0.4,1.0,1.6
Darren Collison,PG,27,SAC,2014-15,45,1565,17.5,0.575,0.293,0.335,1.4,8.7,5.2,27.2,2.2,0.7,15.1,20.9,3.0,0.8,3.8,0.116,2.8,-1.3,1.5,1.4
Darren Collison,PG,28,SAC,2015-16,74,2219,15.9,0.591,0.28,0.291,1.4,6.8,4.1,21.7,1.6,0.1,12.9,19.2,4.5,0.7,5.2,0.113,1.8,-2.2,-0.4,0.9
Darren Collison,PG,29,SAC,2016-17,68,2063,15.3,0.57,0.245,0.239,1.3,7.1,4.3,24.5,1.6,0.4,12.6,19.8,3.1,0.8,3.9,0.091,0.8,-2.3,-1.5,0.3
Darren Collison,PG,30,IND,2017-18,69,2018,18.8,0.61,0.321,0.226,2.1,7.8,5.0,26.4,2.3,0.7,10.9,17.4,5.8,1.8,7.6,0.181,3.1,-1.0,2.2,2.1
Darren Collison,PG,31,IND,2018-19,76,2143,16.7,0.574,0.294,0.288,1.9,9.9,6.0,29.9,2.5,0.4,14.4,17.7,3.9,2.9,6.8,0.153,1.2,0.0,1.2,1.8
Darrick Martin,PG,34,TOR,2005-06,40,339,11.5,0.474,0.412,0.247,0.7,6.8,3.6,25.7,2.6,0.0,12.2,16.7,0.3,0.1,0.4,0.052,-0.9,-3.4,-4.3,-0.2
Darrick Martin,PG,35,TOR,2006-07,31,220,11.6,0.455,0.394,0.223,1.1,5.4,3.2,31.7,0.7,0.0,10.4,24.3,0.0,0.1,0.1,0.031,-0.9,-5.0,-5.9,-0.2
Darrick Martin,PG,36,TOR,2007-08,17,141,5.8,0.296,0.372,0.14,2.5,3.4,2.9,20.6,2.3,0.0,2.1,15.6,-0.2,0.1,-0.1,-0.021,-3.8,-2.1,-5.9,-0.1
Darrun Hilliard,SG,22,DET,2015-16,38,383,10.7,0.511,0.382,0.305,1.4,11.9,6.4,10.9,1.2,0.2,11.3,19.1,0.2,0.3,0.5,0.066,-2.0,-1.6,-3.6,-0.2
Darrun Hilliard,SG,23,DET,2016-17,39,381,5.9,0.459,0.365,0.222,0.6,9.2,4.7,12.3,1.5,0.4,16.8,19.3,-0.6,0.4,-0.2,-0.027,-5.0,-1.1,-6.1,-0.4
Darrun Hilliard,SG,24,SAS,2017-18,14,95,3.4,0.362,0.316,0.368,0.0,8.2,4.1,15.3,1.1,0.0,15.3,12.3,-0.1,0.1,0.0,-0.015,-6.2,-1.3,-7.5,-0.1
Darryl Watkins,C,23,SAC,2007-08,9,71,0.5,0.349,0.0,0.333,8.5,11.4,10.0,0.0,1.4,2.2,28.9,15.2,-0.2,0.0,-0.2,-0.136,-10.1,-2.7,-12.8,-0.2
Darryl Watkins,C,27,NOH,2011-12,5,98,10.8,0.525,0.0,1.286,9.9,22.7,16.4,4.7,2.8,3.4,26.7,14.4,-0.1,0.2,0.1,0.056,-4.6,2.8,-1.8,0.0
Daryl Macon,SG,23,DAL,2018-19,8,90,5.5,0.482,0.407,0.259,2.4,11.8,7.1,11.2,0.5,0.0,16.6,17.2,-0.1,0.0,0.0,-0.022,-5.1,-2.1,-7.2,-0.1
David Andersen,C,29,HOU,2009-10,63,891,12.1,0.497,0.229,0.197,6.7,20.6,13.4,8.1,0.9,1.0,9.1,20.2,0.4,0.9,1.3,0.07,-2.5,-1.3,-3.8,-0.4
David Andersen,PF,30,TOT,2010-11,40,373,10.9,0.513,0.19,0.182,6.4,21.0,13.6,5.6,0.7,2.0,14.4,19.1,-0.1,0.3,0.3,0.032,-4.0,-1.3,-5.3,-0.3
David Harrison,C,23,IND,2005-06,67,1034,11.8,0.519,0.0,0.592,9.7,18.4,14.2,2.4,1.2,4.2,17.6,20.2,-0.4,1.9,1.5,0.068,-5.1,0.9,-4.2,-0.6
David Harrison,C,24,IND,2006-07,24,190,7.0,0.525,0.0,0.379,5.4,20.5,12.8,5.6,1.4,4.8,27.8,22.1,-0.5,0.3,-0.2,-0.04,-8.1,1.3,-6.8,-0.2
David Harrison,C,25,IND,2007-08,55,702,8.6,0.539,0.0,0.565,6.5,11.9,9.1,3.0,1.4,6.3,21.5,16.7,-0.5,0.9,0.4,0.03,-5.7,2.2,-3.6,-0.3
David Lee,SF,22,NYK,2005-06,67,1129,15.4,0.607,0.0,0.535,11.6,21.1,16.3,6.5,1.4,1.5,15.2,13.5,2.0,0.8,2.7,0.116,0.2,0.2,0.4,0.7
David Lee,PF,23,NYK,2006-07,58,1731,20.2,0.652,0.0,0.433,13.6,27.6,20.7,10.2,1.5,1.1,16.2,14.9,4.8,2.1,6.9,0.191,2.2,1.6,3.8,2.5
David Lee,PF,24,NYK,2007-08,81,2356,18.0,0.606,0.003,0.383,11.3,24.1,17.5,6.7,1.2,1.0,11.8,15.6,5.6,1.8,7.4,0.151,0.6,0.2,0.8,1.7
David Lee,C,25,NYK,2008-09,81,2824,19.0,0.59,0.003,0.347,9.6,27.9,18.4,10.1,1.4,0.6,12.0,19.2,5.9,3.1,9.0,0.154,0.4,1.1,1.5,2.5
David Lee,C,26,NYK,2009-10,81,3019,22.2,0.584,0.006,0.262,8.4,27.6,17.9,17.5,1.4,1.0,11.9,23.8,7.4,2.9,10.3,0.163,1.9,1.0,2.9,3.7
David Lee,PF,27,GSW,2010-11,73,2634,17.8,0.549,0.003,0.273,9.1,21.9,15.4,14.0,1.4,0.9,13.4,21.2,4.1,2.0,6.0,0.11,0.1,0.1,0.3,1.5
David Lee,PF,28,GSW,2011-12,57,2121,19.7,0.549,0.005,0.304,9.2,19.9,14.6,13.6,1.3,0.8,12.5,26.0,3.8,1.2,5.0,0.113,1.1,-0.7,0.4,1.3
David Lee,PF,29,GSW,2012-13,79,2907,19.2,0.561,0.003,0.276,8.5,24.5,16.8,16.5,1.2,0.6,13.7,23.2,5.4,3.7,9.1,0.15,1.1,1.5,2.5,3.3
David Lee,PF,30,GSW,2013-14,69,2288,19.1,0.566,0.001,0.302,8.8,21.6,15.3,10.9,1.0,0.9,12.0,24.3,4.1,3.5,7.6,0.16,-0.1,0.8,0.8,1.6
David Lee,PF,31,GSW,2014-15,49,904,17.8,0.541,0.006,0.332,10.0,20.3,15.3,13.7,1.7,2.1,12.0,19.6,1.6,1.6,3.2,0.168,-0.6,2.0,1.4,0.8
David Lee,PF,32,TOT,2015-16,55,903,19.6,0.568,0.003,0.278,12.0,24.6,18.3,15.5,1.2,2.5,14.9,21.5,1.7,1.4,3.0,0.161,-0.3,1.7,1.4,0.8
David Lee,PF,33,SAS,2016-17,79,1477,18.5,0.613,0.0,0.269,11.7,21.9,16.9,13.0,1.1,2.2,14.9,16.9,3.2,2.5,5.7,0.186,0.7,2.5,3.2,1.9
David Noel,PF,22,MIL,2006-07,68,792,9.0,0.47,0.299,0.243,6.2,12.2,9.1,11.7,1.6,0.9,17.0,13.4,0.1,0.3,0.4,0.024,-2.6,-0.8,-3.4,-0.3
David Nwaba,SG,24,LAL,2016-17,20,397,12.2,0.611,0.062,0.481,4.5,13.1,8.7,5.0,1.6,1.4,10.1,11.8,0.6,0.2,0.8,0.091,-1.7,-0.3,-1.9,0.0
David Nwaba,SG,25,CHI,2017-18,70,1646,12.2,0.542,0.123,0.48,5.6,16.0,10.6,9.4,1.7,1.6,13.1,15.6,1.1,1.4,2.4,0.071,-2.5,0.9,-1.7,0.1
David Nwaba,SG,26,CLE,2018-19,51,984,12.5,0.558,0.286,0.324,4.4,14.4,9.2,8.1,1.8,1.5,8.8,14.6,1.1,0.3,1.4,0.069,-1.1,-0.6,-1.7,0.1
David Stockton,PG,23,SAC,2014-15,3,33,10.8,0.463,0.333,1.0,0.0,6.6,3.4,39.1,3.1,0.0,31.6,16.9,0.0,0.0,0.0,-0.014,-4.4,-4.0,-8.4,-0.1
David Stockton,PG,26,UTA,2017-18,3,9,33.9,1.05,1.0,1.333,0.0,0.0,0.0,0.0,0.0,0.0,17.4,28.8,0.1,0.0,0.1,0.459,14.8,-8.1,6.7,0.0
David Wear,PF,24,SAC,2014-15,2,7,2.4,0.0,0.5,0.0,33.6,0.0,16.2,18.8,0.0,0.0,0.0,12.6,0.0,0.0,0.0,-0.11,-0.3,-2.7,-3.0,0.0
David Wesley,SG,35,HOU,2005-06,71,2372,9.6,0.546,0.483,0.333,1.2,7.5,4.4,14.6,1.4,0.2,15.7,15.3,1.4,2.2,3.6,0.072,-0.6,-0.1,-0.7,0.8
David Wesley,SG,36,CLE,2006-07,35,352,6.6,0.418,0.507,0.373,1.0,10.8,5.8,15.3,1.8,0.9,16.3,13.4,-0.2,0.5,0.3,0.043,-4.1,0.5,-3.6,-0.1
David West,PF,25,NOK,2005-06,74,2526,19.7,0.554,0.011,0.228,7.7,18.4,12.9,7.2,1.3,2.1,8.4,23.0,4.8,2.6,7.4,0.141,0.9,0.1,1.0,1.9
David West,PF,26,NOK,2006-07,52,1900,18.9,0.532,0.032,0.287,7.5,18.5,12.9,10.9,1.2,1.6,9.9,23.8,3.1,2.0,5.2,0.131,0.7,0.5,1.2,1.5
David West,PF,27,NOH,2007-08,76,2870,19.9,0.535,0.019,0.27,7.2,20.6,13.7,10.6,1.2,2.7,10.2,26.3,4.3,4.0,8.4,0.14,-0.2,1.4,1.1,2.3
David West,PF,28,NOH,2008-09,76,2982,18.9,0.54,0.019,0.321,6.5,19.7,13.1,10.9,0.9,1.9,10.0,26.5,4.2,3.5,7.8,0.125,-0.6,0.2,-0.5,1.2
David West,PF,29,NOH,2009-10,81,2949,18.9,0.56,0.022,0.279,6.4,17.9,12.0,13.7,1.3,1.5,11.2,24.0,5.2,2.3,7.5,0.122,0.8,0.4,1.2,2.4
David West,PF,30,NOH,2010-11,70,2451,20.4,0.558,0.009,0.314,7.6,18.7,13.1,12.7,1.5,2.1,10.7,25.8,4.4,3.4,7.8,0.152,1.2,1.5,2.7,2.9
David West,PF,31,IND,2011-12,66,1925,17.8,0.531,0.013,0.246,6.9,18.3,12.6,13.1,1.4,1.9,10.5,20.9,3.4,2.5,5.9,0.147,0.7,1.0,1.7,1.8
David West,PF,32,IND,2012-13,73,2435,20.1,0.545,0.019,0.312,6.8,18.8,12.9,16.8,1.6,2.1,12.0,24.4,4.4,4.7,9.1,0.179,0.9,2.4,3.3,3.3
David West,PF,33,IND,2013-14,80,2472,17.5,0.533,0.016,0.267,5.7,18.3,12.3,16.1,1.3,2.3,11.2,21.9,3.1,5.0,8.1,0.157,-0.6,2.7,2.0,2.5
David West,PF,34,IND,2014-15,66,1895,16.0,0.508,0.029,0.235,6.4,19.7,13.1,20.1,1.3,2.0,13.7,21.0,1.4,2.8,4.3,0.108,-0.7,2.4,1.7,1.8
David West,PF,35,SAS,2015-16,78,1404,17.6,0.573,0.016,0.179,6.0,18.6,12.5,15.4,1.6,3.0,12.3,18.0,2.4,2.9,5.4,0.184,0.1,3.3,3.4,1.9
David West,C,36,GSW,2016-17,68,854,16.6,0.571,0.032,0.222,6.5,18.8,13.0,24.1,2.4,4.4,22.0,17.9,0.9,1.7,2.6,0.148,-1.7,3.9,2.2,0.9
David West,C,37,GSW,2017-18,73,999,20.9,0.6,0.021,0.209,7.7,18.2,13.3,20.5,2.3,5.9,16.2,21.7,1.8,1.7,3.5,0.168,-0.2,3.2,3.0,1.3
Davis Bertans,PF,24,SAS,2016-17,67,808,12.9,0.609,0.739,0.145,3.2,10.4,6.9,8.3,1.3,2.8,11.4,15.7,1.1,1.2,2.3,0.135,1.2,0.6,1.8,0.8
Davon Reed,SG,22,PHO,2017-18,21,242,4.8,0.388,0.5,0.158,0.9,16.6,8.6,7.6,2.0,0.7,11.0,16.0,-0.5,0.2,-0.3,-0.06,-5.8,-1.0,-6.7,-0.3
Davon Reed,SG,23,IND,2018-19,10,47,8.1,0.5,0.333,0.0,4.8,9.2,7.1,8.5,1.0,0.0,7.7,12.1,0.0,0.0,0.1,0.064,-2.9,-1.3,-4.2,0.0
De'Aaron Fox,PG,20,SAC,2017-18,73,2026,11.2,0.478,0.192,0.245,1.8,10.0,5.7,24.6,1.7,0.9,16.4,23.4,-1.7,1.1,-0.6,-0.014,-2.8,-1.5,-4.4,-1.2
De'Aaron Fox,PG,21,SAC,2018-19,81,2546,18.1,0.544,0.211,0.378,1.7,10.8,6.2,33.2,2.4,1.5,15.0,24.5,3.2,2.5,5.6,0.106,1.1,0.0,1.1,2.0
De'Anthony Melton,PG,20,PHO,2018-19,50,984,9.9,0.466,0.371,0.109,2.8,12.5,7.5,22.3,3.3,1.9,21.8,15.0,-0.8,0.8,0.0,0.002,-3.5,1.0,-2.6,-0.1
DeAndre Jordan,C,20,LAC,2008-09,53,771,14.1,0.585,0.0,0.741,10.5,25.5,17.8,2.3,0.7,5.7,17.4,13.9,0.4,0.9,1.3,0.079,-4.7,0.6,-4.0,-0.4
DeAndre Jordan,C,21,LAC,2009-10,70,1137,12.7,0.571,0.008,0.538,12.4,23.6,17.9,2.9,0.7,4.0,20.3,14.7,0.2,1.2,1.5,0.061,-3.9,0.3,-3.7,-0.5
DeAndre Jordan,C,22,LAC,2010-11,80,2047,14.8,0.648,0.003,0.636,11.9,20.9,16.5,3.2,1.0,5.4,18.8,11.7,2.6,2.6,5.2,0.122,-1.2,2.5,1.3,1.7
DeAndre Jordan,C,23,LAC,2011-12,66,1798,16.4,0.626,0.003,0.433,13.2,23.0,18.1,1.5,0.9,6.2,16.0,11.9,3.2,2.4,5.6,0.15,-1.1,2.1,1.0,1.4
DeAndre Jordan,C,24,LAC,2012-13,82,2010,17.2,0.606,0.0,0.51,12.7,22.4,17.6,2.2,1.3,4.7,14.3,15.9,3.0,3.2,6.2,0.148,-0.8,1.1,0.3,1.2
DeAndre Jordan,C,25,LAC,2013-14,82,2870,18.2,0.63,0.0,0.726,13.3,29.3,21.6,3.7,1.4,5.4,15.3,12.4,5.3,5.8,11.1,0.186,-0.1,4.2,4.1,4.4
DeAndre Jordan,C,26,LAC,2014-15,82,2820,21.0,0.638,0.007,0.882,16.2,32.4,24.5,3.2,1.5,5.4,12.8,13.6,7.4,5.4,12.8,0.217,0.9,3.2,4.1,4.3
DeAndre Jordan,C,27,LAC,2015-16,77,2598,20.6,0.628,0.002,1.219,11.4,32.7,22.2,5.3,1.0,5.4,12.1,15.4,6.0,5.5,11.5,0.213,-0.4,3.8,3.4,3.5
DeAndre Jordan,C,28,LAC,2016-17,81,2570,21.8,0.673,0.003,0.737,13.3,34.6,24.2,5.7,1.0,4.3,13.1,15.3,7.2,4.6,11.8,0.221,1.0,3.0,4.1,3.9
DeAndre Jordan,C,29,LAC,2017-18,77,2424,20.2,0.648,0.0,0.54,15.1,37.6,26.5,7.1,0.8,2.4,16.1,15.2,6.0,3.4,9.4,0.186,0.5,1.6,2.1,2.5
DeAndre Jordan,C,30,TOT,2018-19,69,2047,19.0,0.674,0.0,0.592,11.7,35.2,23.5,11.6,1.0,3.0,21.4,15.0,4.0,3.1,7.1,0.167,-0.9,3.3,2.4,2.3
DeAndre Jordan,C,30,DAL,2018-19,50,1554,18.0,0.672,0.0,0.613,11.2,35.9,23.6,9.5,1.0,2.9,21.3,14.4,2.7,2.5,5.3,0.162,-1.4,3.4,2.0,1.6
DeAndre Jordan,C,30,NYK,2018-19,19,493,22.1,0.681,0.0,0.537,13.3,33.0,22.9,18.2,0.9,3.4,21.6,16.8,1.3,0.6,1.9,0.181,0.6,2.9,3.6,0.7
DeAndre Liggins,SF,23,ORL,2011-12,17,115,8.9,0.495,0.16,0.76,5.9,9.2,7.5,7.1,2.8,0.0,23.1,17.7,-0.1,0.1,0.0,0.0,-4.5,0.1,-4.4,-0.1
DeAndre Liggins,SG,24,OKC,2012-13,39,290,9.4,0.528,0.404,0.383,5.5,14.7,10.5,7.2,3.2,0.8,20.3,10.8,0.1,0.5,0.6,0.092,-1.6,1.5,-0.1,0.1
DeAndre Liggins,SG,25,MIA,2013-14,1,1,129.1,1.0,0.0,0.0,100.0,0.0,62.8,0.0,0.0,0.0,0.0,47.8,0.0,0.0,0.0,2.123,47.8,-23.1,24.8,0.0
DeAndre Liggins,SG,28,TOT,2016-17,62,777,7.5,0.476,0.324,0.282,2.9,12.2,7.7,9.2,3.0,1.5,20.8,11.6,-0.4,0.9,0.5,0.031,-3.9,1.8,-2.1,0.0
DeAndre Liggins,SG,29,TOT,2017-18,58,724,6.0,0.467,0.5,0.047,1.1,10.6,5.9,8.4,2.5,1.6,15.6,7.9,-0.2,0.7,0.5,0.034,-3.4,1.2,-2.2,0.0
DeAndre' Bembry,SF,22,ATL,2016-17,38,371,8.8,0.481,0.184,0.163,4.2,13.1,8.7,11.5,1.1,1.2,13.2,14.2,-0.1,0.4,0.3,0.038,-4.4,0.1,-4.3,-0.2
DeAndre' Bembry,SF,23,ATL,2017-18,26,455,7.6,0.477,0.234,0.258,2.0,15.7,8.8,15.9,2.3,2.3,24.8,18.2,-0.9,0.5,-0.4,-0.04,-5.9,1.5,-4.4,-0.3
DeAndre' Bembry,SG,24,ATL,2018-19,82,1931,10.8,0.508,0.281,0.221,2.9,16.9,9.7,14.7,2.5,1.8,17.4,17.2,-0.9,1.7,0.9,0.022,-3.3,1.1,-2.2,-0.1
DeJuan Blair,PF,20,SAS,2009-10,82,1494,17.7,0.564,0.004,0.325,16.0,25.1,20.6,7.1,1.8,1.9,16.5,20.8,1.8,2.8,4.6,0.147,-0.7,1.4,0.7,1.0
DeJuan Blair,PF,21,SAS,2010-11,81,1734,17.1,0.524,0.003,0.235,14.8,22.9,18.9,7.1,2.8,1.7,14.9,20.1,1.5,3.2,4.8,0.132,-1.1,2.2,1.1,1.3
DeJuan Blair,PF,22,SAS,2011-12,64,1363,17.6,0.549,0.002,0.236,13.2,16.3,14.8,9.2,2.2,0.6,14.2,21.7,2.2,1.8,4.0,0.142,0.8,0.8,1.6,1.2
DeJuan Blair,PF,23,SAS,2012-13,61,851,14.6,0.543,0.004,0.258,9.5,21.1,15.6,8.3,2.2,0.9,14.0,19.0,0.7,1.5,2.2,0.126,-2.0,1.3,-0.8,0.3
DeJuan Blair,PF,24,DAL,2013-14,78,1214,17.3,0.557,0.005,0.308,13.3,21.6,17.5,8.9,2.5,1.4,14.7,19.6,1.8,1.5,3.4,0.133,-0.2,0.8,0.6,0.8
DeJuan Blair,PF,25,WAS,2014-15,29,180,7.7,0.469,0.0,0.105,10.3,24.5,17.5,2.6,2.0,0.4,17.9,18.3,-0.2,0.3,0.1,0.033,-6.4,-1.0,-7.4,-0.2
DeJuan Blair,C,26,WAS,2015-16,29,218,5.4,0.414,0.015,0.191,10.1,19.4,14.6,7.3,1.8,0.7,16.9,17.8,-0.3,0.3,-0.1,-0.015,-6.3,-0.1,-6.4,-0.2
DeMar DeRozan,SG,20,TOR,2009-10,77,1664,12.5,0.554,0.031,0.379,4.8,10.9,7.9,4.9,1.3,0.8,9.4,18.1,2.0,0.3,2.3,0.066,-0.9,-1.9,-2.8,-0.3
DeMar DeRozan,SG,21,TOR,2010-11,82,2851,14.5,0.53,0.045,0.348,3.0,10.2,6.5,8.6,1.5,0.8,9.8,23.2,2.8,0.5,3.2,0.055,-0.6,-1.9,-2.4,-0.3
DeMar DeRozan,SG,22,TOR,2011-12,63,2206,12.8,0.503,0.102,0.367,2.1,9.0,5.6,10.8,1.2,0.6,10.5,25.0,1.1,1.4,2.5,0.054,-1.4,-1.5,-2.8,-0.5
DeMar DeRozan,SG,23,TOR,2012-13,82,3013,14.7,0.523,0.097,0.347,1.9,10.9,6.3,12.0,1.3,0.6,9.6,24.2,3.1,1.6,4.7,0.075,-0.5,-1.4,-1.9,0.0
DeMar DeRozan,SG,24,TOR,2013-14,79,3017,18.4,0.532,0.149,0.448,2.0,11.3,6.6,18.9,1.5,0.7,9.5,28.0,5.8,3.0,8.8,0.141,1.4,-0.7,0.7,2.0
DeMar DeRozan,SG,25,TOR,2014-15,60,2100,17.4,0.51,0.089,0.438,2.3,12.9,7.6,17.0,1.8,0.4,10.4,28.4,2.6,1.4,4.0,0.09,-0.2,-1.4,-1.6,0.2
DeMar DeRozan,SG,26,TOR,2015-16,78,2804,21.5,0.55,0.101,0.474,2.7,11.5,7.1,20.8,1.5,0.6,9.5,29.8,7.5,2.4,9.9,0.169,2.7,-1.2,1.4,2.4
DeMar DeRozan,SG,27,TOR,2016-17,74,2620,24.0,0.552,0.08,0.419,3.0,13.6,8.3,20.6,1.5,0.4,9.0,34.3,6.7,2.4,9.0,0.166,2.4,-1.5,0.9,1.9
DeMar DeRozan,SG,28,TOR,2017-18,80,2711,21.0,0.555,0.203,0.396,2.5,10.4,6.5,25.0,1.5,0.6,9.5,29.6,6.8,2.8,9.6,0.17,2.7,-0.9,1.8,2.6
DeMar DeRozan,SG,29,SAS,2018-19,77,2688,19.6,0.542,0.034,0.336,2.2,16.4,9.4,27.6,1.6,1.1,11.7,27.9,3.6,2.6,6.3,0.112,0.4,0.5,0.9,2.0
DeMarcus Cousins,C,20,SAC,2010-11,81,2309,14.6,0.484,0.018,0.4,10.4,24.4,17.2,14.7,1.9,2.1,18.5,27.2,-1.9,2.9,1.1,0.022,-2.9,1.5,-1.4,0.4
DeMarcus Cousins,C,21,SAC,2011-12,64,1950,21.7,0.499,0.014,0.373,14.2,25.9,19.8,9.5,2.4,2.8,12.8,29.7,2.1,2.2,4.2,0.104,-0.4,0.0,-0.3,0.8
DeMarcus Cousins,C,22,SAC,2012-13,75,2289,20.2,0.524,0.021,0.408,10.9,27.0,18.7,15.3,2.4,1.9,15.5,28.1,2.0,2.3,4.4,0.092,0.0,1.0,1.0,1.7
DeMarcus Cousins,C,23,SAC,2013-14,71,2298,26.1,0.555,0.006,0.5,10.6,30.5,20.4,17.8,2.4,3.2,14.7,32.7,4.1,3.8,7.9,0.166,1.9,2.9,4.7,3.9
DeMarcus Cousins,C,24,SAC,2014-15,59,2013,25.2,0.545,0.008,0.508,10.8,30.6,21.1,20.4,2.3,4.0,16.3,34.1,2.8,3.2,6.0,0.144,1.4,3.3,4.7,3.4
DeMarcus Cousins,C,25,SAC,2015-16,65,2246,23.6,0.538,0.158,0.498,7.7,28.2,18.0,17.0,2.2,3.3,13.3,35.4,2.4,3.3,5.7,0.122,1.0,1.6,2.6,2.6
DeMarcus Cousins,C,26,TOT,2016-17,72,2465,25.8,0.562,0.253,0.468,7.0,29.2,18.2,25.8,2.0,3.4,13.5,36.5,3.9,3.8,7.6,0.149,3.9,2.6,6.6,5.3
DeMarcus Cousins,C,27,NOP,2017-18,48,1737,22.6,0.583,0.34,0.456,6.8,30.9,19.2,23.0,2.2,3.5,18.9,31.9,1.5,3.2,4.7,0.13,1.9,3.6,5.5,3.3
DeMarcus Cousins,C,28,GSW,2018-19,30,771,21.4,0.562,0.256,0.388,6.2,27.0,17.1,20.4,2.5,4.8,14.2,28.1,0.9,1.5,2.4,0.151,0.2,3.4,3.6,1.1
DeMarcus Nelson,PG,23,GSW,2008-09,13,171,6.5,0.44,0.056,0.259,3.8,11.4,7.6,11.3,2.6,0.8,20.0,18.8,-0.3,0.1,-0.3,-0.071,-5.6,-1.0,-6.6,-0.2
DeMarre Carroll,SF,23,MEM,2009-10,71,795,8.5,0.426,0.027,0.239,7.8,14.3,11.0,5.9,1.8,0.9,8.9,14.8,-0.1,0.6,0.5,0.031,-3.4,-0.7,-4.1,-0.4
DeMarre Carroll,PF,24,TOT,2010-11,12,50,8.7,0.388,0.0,0.167,4.7,14.5,9.6,10.7,1.0,1.6,0.0,11.6,0.0,0.0,0.1,0.066,-4.5,-1.3,-5.8,0.0
DeMarre Carroll,SF,25,TOT,2011-12,24,348,11.1,0.478,0.181,0.152,9.1,8.3,8.8,8.1,1.8,0.2,8.9,15.9,0.3,0.2,0.5,0.069,0.0,-1.3,-1.3,0.1
DeMarre Carroll,SF,26,UTA,2012-13,66,1111,15.5,0.535,0.216,0.302,9.1,10.8,9.9,8.7,2.8,1.7,8.5,16.4,2.0,1.1,3.1,0.134,1.4,0.7,2.0,1.1
DeMarre Carroll,SF,27,ATL,2013-14,73,2341,13.9,0.575,0.417,0.22,5.3,14.5,10.0,8.9,2.3,0.7,10.1,15.2,3.2,2.6,5.8,0.119,1.0,1.1,2.1,2.4
DeMarre Carroll,SF,28,ATL,2014-15,70,2189,15.9,0.603,0.466,0.277,5.3,13.8,9.7,8.3,2.2,0.7,9.3,16.9,4.3,2.8,7.0,0.154,2.4,0.5,2.9,2.7
DeMarre Carroll,SF,29,TOR,2015-16,26,786,11.9,0.49,0.437,0.185,4.6,13.1,8.9,5.5,2.9,0.6,8.8,18.5,0.2,1.0,1.2,0.074,0.0,0.3,0.2,0.4
DeMarre Carroll,SF,30,TOR,2016-17,72,1882,11.9,0.53,0.582,0.213,3.8,12.7,8.3,5.7,2.2,1.2,8.2,15.6,1.7,2.1,3.8,0.097,0.7,0.4,1.0,1.4
DeMarre Carroll,PF,31,BRK,2017-18,73,2180,14.3,0.55,0.498,0.313,5.1,18.4,11.7,10.5,1.3,1.0,10.3,19.8,2.3,1.8,4.1,0.091,0.4,-0.3,0.2,1.2
DeMarre Carroll,PF,32,BRK,2018-19,67,1703,12.1,0.546,0.539,0.421,4.2,17.3,10.8,7.2,0.9,0.5,9.7,18.6,1.5,1.6,3.1,0.088,-1.0,-0.7,-1.7,0.1
DeQuan Jones,SF,22,ORL,2012-13,63,803,8.4,0.485,0.161,0.234,2.4,12.4,7.4,3.0,1.2,2.1,11.1,15.3,-0.3,0.4,0.1,0.007,-5.1,-1.1,-6.1,-0.8
DeSagana Diop,C,24,DAL,2005-06,81,1510,11.5,0.512,0.013,0.468,11.8,17.9,14.9,2.2,1.6,7.4,16.2,6.9,1.3,2.7,4.1,0.13,-1.4,4.8,3.4,2.1
DeSagana Diop,C,25,DAL,2006-07,81,1480,10.6,0.503,0.007,0.57,13.8,21.6,17.8,2.8,1.4,5.8,25.0,7.9,0.7,3.1,3.8,0.123,-2.3,4.7,2.4,1.7
DeSagana Diop,C,26,TOT,2007-08,79,1295,12.5,0.536,0.0,0.389,14.6,20.3,17.5,4.6,1.1,5.1,21.6,9.6,1.0,2.0,3.0,0.113,-2.2,3.3,1.1,1.0
DeSagana Diop,C,26,DAL,2007-08,52,894,13.4,0.596,0.0,0.348,14.8,19.9,17.5,4.2,1.2,5.2,24.1,9.1,1.0,1.5,2.6,0.137,-1.1,3.8,2.7,1.1
DeSagana Diop,C,26,NJN,2007-08,27,401,10.4,0.435,0.0,0.462,14.1,21.1,17.6,5.3,0.8,4.9,17.0,10.8,0.0,0.5,0.5,0.058,-4.6,2.1,-2.4,0.0
DeSagana Diop,C,27,TOT,2008-09,75,1036,9.7,0.425,0.0,0.386,13.3,18.2,15.8,4.6,1.5,4.3,16.3,10.8,-0.2,1.6,1.4,0.065,-3.9,3.0,-0.9,0.3
DeSagana Diop,C,27,DAL,2008-09,34,452,8.9,0.396,0.0,0.5,11.5,18.4,15.0,3.9,1.4,4.1,13.5,8.3,0.1,0.6,0.7,0.07,-3.8,3.0,-0.8,0.1
DeSagana Diop,C,27,CHA,2008-09,41,584,10.3,0.441,0.0,0.327,14.7,18.1,16.4,5.2,1.6,4.4,17.8,12.7,-0.2,1.0,0.7,0.06,-4.0,3.0,-1.0,0.1
DeSagana Diop,C,28,CHA,2009-10,27,262,7.8,0.485,0.0,0.31,11.2,18.5,15.0,2.9,1.0,4.4,26.7,8.0,-0.1,0.5,0.4,0.072,-5.0,3.0,-2.0,0.0
DeSagana Diop,C,29,CHA,2010-11,16,181,5.4,0.347,0.0,0.458,8.0,18.9,13.4,5.7,1.2,6.7,27.6,10.3,-0.3,0.3,-0.1,-0.016,-7.4,4.2,-3.3,-0.1
DeSagana Diop,C,30,CHA,2011-12,27,325,6.8,0.347,0.0,0.143,11.2,19.0,15.0,11.0,1.0,3.0,29.9,9.0,-0.3,0.2,-0.2,-0.025,-5.8,1.7,-4.1,-0.2
DeSagana Diop,C,31,CHA,2012-13,22,226,6.6,0.292,0.037,0.037,4.9,21.4,12.9,8.5,1.2,5.7,22.6,7.1,-0.3,0.2,-0.1,-0.017,-7.1,3.0,-4.1,-0.1
DeShawn Stevenson,SG,24,ORL,2005-06,82,2648,10.9,0.507,0.019,0.31,2.8,8.3,5.6,10.1,1.2,0.5,12.2,18.1,1.2,1.3,2.4,0.044,-1.7,-0.8,-2.6,-0.4
DeShawn Stevenson,SG,25,WAS,2006-07,82,2419,12.9,0.542,0.243,0.287,2.5,7.9,5.1,14.3,1.4,0.6,12.3,17.6,2.7,0.3,3.1,0.061,0.2,-1.9,-1.7,0.2
DeShawn Stevenson,SG,26,WAS,2007-08,82,2564,12.6,0.529,0.529,0.253,1.6,9.3,5.4,15.5,1.4,0.5,10.5,17.4,3.2,0.9,4.1,0.077,1.3,-1.7,-0.4,1.1
DeShawn Stevenson,SG,27,WAS,2008-09,32,886,6.9,0.41,0.558,0.26,1.4,8.9,5.0,16.3,1.3,0.2,11.1,14.9,-0.6,0.0,-0.6,-0.032,-2.2,-2.5,-4.7,-0.6
DeShawn Stevenson,SG,28,TOT,2009-10,64,883,3.3,0.381,0.534,0.215,1.4,10.5,5.9,8.9,0.9,0.5,14.4,10.7,-0.9,0.5,-0.4,-0.022,-4.5,-0.5,-5.0,-0.7
DeShawn Stevenson,SG,29,DAL,2010-11,72,1158,9.8,0.549,0.755,0.13,2.1,8.4,5.4,10.0,1.0,0.3,11.2,15.9,0.8,1.0,1.8,0.074,0.6,-0.8,-0.3,0.5
DeShawn Stevenson,SF,30,NJN,2011-12,51,960,4.3,0.413,0.843,0.093,0.8,11.7,6.1,6.5,1.1,0.3,9.6,9.4,-0.3,0.1,-0.3,-0.014,-3.1,-1.4,-4.5,-0.6
DeShawn Stevenson,SG,31,ATL,2012-13,56,1158,8.1,0.522,0.798,0.088,1.8,10.1,6.0,6.5,1.3,0.4,7.8,11.8,0.5,0.9,1.5,0.061,-0.9,-0.6,-1.5,0.1
DeVaughn Akoon-Purcell,SG,25,DEN,2018-19,7,22,8.2,0.322,0.4,0.2,4.9,14.8,9.8,37.1,4.5,0.0,15.5,25.0,-0.1,0.0,0.0,-0.051,-4.4,0.8,-3.6,0.0
Deandre Ayton,C,20,PHO,2018-19,71,2183,20.5,0.608,0.005,0.217,11.1,26.1,18.5,9.6,1.3,2.6,11.7,21.2,4.1,1.7,5.8,0.128,-0.1,0.2,0.2,1.2
Dee Brown,PG,22,UTA,2006-07,49,450,8.6,0.411,0.286,0.378,2.2,8.6,5.4,26.2,2.6,1.3,21.3,14.5,-0.2,0.5,0.2,0.024,-3.4,-0.3,-3.7,-0.2
Dee Brown,PG,24,TOT,2008-09,19,261,6.6,0.449,0.49,0.102,3.1,10.1,6.5,19.8,2.0,0.0,24.9,11.8,-0.2,0.1,-0.1,-0.018,-3.2,-1.7,-4.9,-0.2
Dee Brown,PG,24,WAS,2008-09,17,233,7.8,0.452,0.455,0.068,3.4,10.9,7.1,20.6,2.3,0.0,23.6,11.6,-0.1,0.1,0.0,-0.006,-2.9,-1.3,-4.2,-0.1
Dee Brown,PG,24,PHO,2008-09,2,28,-2.9,0.425,0.8,0.4,0.0,4.0,2.1,13.1,0.0,0.0,33.8,14.0,-0.1,0.0,-0.1,-0.116,-6.0,-4.5,-10.5,-0.1
Dejounte Murray,PG,20,SAS,2016-17,38,322,9.6,0.503,0.198,0.259,2.2,12.4,7.4,22.6,1.3,1.5,22.7,23.5,-0.4,0.5,0.0,0.004,-4.6,-0.2,-4.8,-0.2
Dejounte Murray,PG,21,SAS,2017-18,81,1743,15.1,0.485,0.056,0.243,7.0,22.4,14.6,20.2,2.8,1.5,16.6,20.7,-0.2,3.4,3.2,0.087,-2.2,3.4,1.2,1.4
Delon Wright,PG,23,TOR,2015-16,27,229,17.8,0.54,0.163,0.438,4.1,14.3,9.3,22.5,1.8,1.1,14.4,22.1,0.3,0.2,0.6,0.124,-0.1,-0.6,-0.7,0.1
Delon Wright,PG,24,TOR,2016-17,27,446,15.0,0.535,0.259,0.474,4.1,8.1,6.1,18.2,3.1,2.1,15.1,16.6,0.5,0.6,1.1,0.117,-0.1,1.2,1.1,0.4
Delon Wright,PG,25,TOR,2017-18,69,1433,16.5,0.574,0.354,0.271,3.6,11.7,7.7,19.6,2.5,1.8,13.9,17.2,2.5,2.1,4.5,0.152,1.2,1.6,2.8,1.7
Delon Wright,PG,26,TOT,2018-19,75,1699,15.5,0.523,0.301,0.269,4.4,12.8,8.6,21.6,2.5,1.6,11.0,18.1,1.9,2.4,4.3,0.121,0.0,1.5,1.5,1.5
Delon Wright,PG,26,TOR,2018-19,49,897,14.5,0.527,0.307,0.208,4.8,10.1,7.5,16.8,2.5,1.4,10.4,17.1,1.0,1.3,2.3,0.123,-0.3,1.1,0.8,0.6
Delon Wright,PG,26,MEM,2018-19,26,802,16.6,0.519,0.294,0.336,4.0,15.9,9.9,26.9,2.6,1.8,11.6,19.2,0.9,1.1,2.0,0.119,0.3,1.9,2.2,0.8
Delonte West,PG,22,BOS,2005-06,71,2418,15.1,0.574,0.319,0.148,2.9,11.4,7.3,22.5,1.8,1.5,15.4,16.4,3.6,2.1,5.7,0.114,1.6,0.4,1.9,2.4
Delonte West,SG,23,BOS,2006-07,69,2219,14.0,0.526,0.248,0.275,1.7,9.7,5.6,23.5,1.7,1.2,14.8,19.3,1.9,1.8,3.7,0.081,0.2,-0.5,-0.3,1.0
Delonte West,PG,24,TOT,2007-08,61,1533,12.1,0.492,0.284,0.192,2.2,11.9,7.0,23.5,2.0,1.4,18.5,18.3,-0.2,1.5,1.3,0.041,-1.8,0.4,-1.4,0.2
Delonte West,PG,24,SEA,2007-08,35,727,9.8,0.447,0.224,0.156,2.0,12.4,7.2,23.7,2.1,1.0,19.8,19.8,-1.0,0.6,-0.4,-0.028,-3.4,0.2,-3.3,-0.2
Delonte West,PG,24,CLE,2007-08,26,806,14.1,0.541,0.351,0.231,2.5,11.5,6.9,23.3,1.9,1.9,17.1,16.8,0.8,0.9,1.7,0.104,-0.3,0.6,0.3,0.5
Delonte West,SG,25,CLE,2008-09,64,2152,14.1,0.559,0.365,0.173,1.8,9.2,5.6,16.6,2.4,0.5,12.0,16.7,3.0,3.4,6.4,0.142,1.1,1.2,2.3,2.3
Delonte West,SG,26,CLE,2009-10,60,1500,13.8,0.53,0.177,0.326,2.4,10.6,6.7,20.0,1.9,1.4,15.3,18.3,1.3,2.0,3.3,0.106,-1.1,0.8,-0.3,0.6
Delonte West,PG,27,BOS,2010-11,24,453,12.3,0.533,0.275,0.125,1.7,8.0,5.0,22.0,2.3,1.7,19.2,16.6,0.1,0.8,0.9,0.093,-1.8,1.3,-0.5,0.2
Delonte West,PG,28,DAL,2011-12,44,1060,15.3,0.539,0.211,0.194,1.4,9.3,5.4,22.2,2.9,0.8,16.3,20.4,0.8,1.4,2.2,0.098,-0.3,0.7,0.5,0.7
Demetris Nichols,SF,23,TOT,2007-08,14,44,-1.9,0.326,0.565,0.0,0.0,13.3,6.4,3.9,0.0,5.3,14.8,27.4,-0.3,0.0,-0.2,-0.234,-11.2,-3.5,-14.7,-0.1
Demetris Nichols,SF,23,CLE,2007-08,3,14,-20.8,0.125,0.375,0.0,0.0,8.4,4.1,0.0,0.0,0.0,20.0,32.4,-0.2,0.0,-0.2,-0.615,-23.3,-8.3,-31.6,-0.1
Demetris Nichols,SF,23,CHI,2007-08,11,30,7.0,0.433,0.667,0.0,0.0,15.6,7.5,5.7,0.0,7.8,11.8,25.1,-0.1,0.0,0.0,-0.056,-5.6,-1.2,-6.8,0.0
Demetris Nichols,SF,24,TOT,2008-09,4,14,8.8,0.354,0.222,0.222,0.0,16.2,7.8,12.2,0.0,5.2,0.0,31.0,0.0,0.0,0.0,-0.108,-9.7,-7.6,-17.3,-0.1
Demetris Nichols,SF,24,CHI,2008-09,2,5,-3.5,0.25,0.25,0.0,0.0,0.0,0.0,34.2,0.0,0.0,0.0,35.7,0.0,0.0,0.0,-0.283,-9.4,-12.3,-21.7,0.0
Demetris Nichols,SF,24,NYK,2008-09,2,9,15.7,0.425,0.2,0.4,0.0,25.2,12.2,0.0,0.0,8.1,0.0,28.4,0.0,0.0,0.0,-0.01,-9.9,-4.9,-14.9,0.0
Demetrius Jackson,PG,22,BOS,2016-17,5,17,30.8,0.753,0.25,1.5,13.2,13.0,13.1,28.2,0.0,0.0,0.0,17.3,0.1,0.0,0.1,0.386,9.2,-2.8,6.3,0.0
Demetrius Jackson,PG,23,TOT,2017-18,15,80,5.4,0.424,0.389,0.111,7.1,9.8,8.4,15.9,3.1,1.1,34.6,15.8,-0.2,0.1,-0.1,-0.047,-6.4,1.0,-5.5,-0.1
Demetrius Jackson,PG,24,PHI,2018-19,6,39,21.0,0.656,0.4,0.267,5.6,2.6,4.1,19.6,2.4,0.0,5.6,19.1,0.2,0.0,0.2,0.231,4.4,-3.4,1.0,0.0
Deng Adel,SF,21,CLE,2018-19,19,194,2.7,0.424,0.639,0.111,1.6,9.6,5.4,3.4,0.3,1.8,13.7,9.9,-0.2,0.0,-0.2,-0.054,-5.3,-2.0,-7.3,-0.3
Deng Gai,C,23,PHI,2005-06,2,5,0.0,,,,0.0,0.0,0.0,0.0,0.0,0.0,,0.0,0.0,0.0,0.0,-0.015,-6.3,-0.7,-7.0,0.0
Dennis Horner,PF,23,NJN,2011-12,8,22,6.6,0.434,0.25,1.0,10.3,16.3,13.2,0.0,0.0,0.0,14.8,14.1,0.0,0.0,0.0,-0.012,-6.8,-6.7,-13.6,-0.1
Dennis Schroder,PG,23,ATL,2016-17,79,2485,16.1,0.533,0.242,0.21,1.9,9.0,5.5,35.5,1.5,0.6,16.3,27.8,1.2,2.5,3.7,0.071,0.7,-1.4,-0.7,0.8
Dennis Schröder,PG,20,ATL,2013-14,49,641,5.8,0.442,0.223,0.229,0.9,9.9,5.4,22.0,1.3,0.0,22.8,19.0,-1.1,0.4,-0.7,-0.054,-6.2,-2.1,-8.3,-1.0
Dennis Schröder,PG,21,ATL,2014-15,77,1516,15.7,0.516,0.223,0.269,2.3,9.9,6.2,34.6,1.7,0.2,16.8,27.0,1.1,1.4,2.5,0.08,-0.4,-2.1,-2.4,-0.2
Dennis Schröder,PG,22,ATL,2015-16,80,1621,15.5,0.51,0.306,0.233,1.7,11.8,6.9,36.1,2.1,0.4,17.5,28.8,-0.2,2.3,2.2,0.064,-0.5,-0.9,-1.4,0.3
Dennis Schröder,PG,24,ATL,2017-18,67,2078,17.3,0.515,0.229,0.231,2.4,8.8,5.6,36.2,1.7,0.2,12.7,30.4,1.5,1.0,2.6,0.059,1.5,-2.2,-0.7,0.7
Dennis Schröder,PG,25,OKC,2018-19,79,2314,12.7,0.508,0.33,0.206,1.6,11.3,6.3,20.4,1.3,0.4,12.5,24.2,0.4,2.4,2.9,0.06,-1.6,-1.5,-3.1,-0.6
Dennis Smith,PG,20,DAL,2017-18,69,2049,12.8,0.473,0.331,0.188,2.6,11.8,7.0,29.5,1.7,0.8,14.9,28.9,-2.4,1.7,-0.7,-0.017,-1.5,-0.7,-2.2,-0.1
Dennis Smith,PG,21,TOT,2018-19,53,1508,12.3,0.502,0.32,0.24,2.2,8.7,5.5,27.3,2.1,1.1,17.6,24.8,-1.2,1.2,0.0,0.001,-1.7,-0.9,-2.5,-0.2
Dennis Smith,PG,21,DAL,2018-19,32,908,11.5,0.527,0.35,0.23,2.1,9.3,5.7,24.1,2.1,1.0,20.3,23.3,-0.7,0.9,0.2,0.01,-2.2,-0.3,-2.4,-0.1
Dennis Smith,PG,21,NYK,2018-19,21,600,13.5,0.473,0.283,0.253,2.4,7.9,5.1,32.2,2.2,1.3,14.2,27.0,-0.5,0.3,-0.2,-0.014,-0.9,-1.8,-2.7,-0.1
Denzel Valentine,SG,23,CHI,2016-17,57,976,7.3,0.492,0.722,0.063,1.2,15.6,8.3,9.3,1.5,0.6,14.2,15.4,-0.5,1.1,0.6,0.031,-2.4,-0.3,-2.7,-0.2
Denzel Valentine,SG,24,CHI,2017-18,77,2095,12.1,0.527,0.513,0.071,2.4,18.3,10.1,17.8,1.5,0.5,11.8,17.5,1.0,1.5,2.5,0.057,-0.4,-0.1,-0.5,0.8
Deonte Burton,SG,25,OKC,2018-19,32,240,7.0,0.47,0.329,0.146,1.7,10.7,6.0,5.0,1.2,2.8,9.3,16.3,-0.2,0.3,0.1,0.027,-5.6,-0.6,-6.3,-0.3
DerMarr Johnson,SG,25,DEN,2005-06,58,924,11.7,0.545,0.523,0.137,2.4,9.6,6.1,9.5,1.4,2.1,12.4,17.9,0.5,0.8,1.3,0.07,-0.4,-0.8,-1.2,0.2
DerMarr Johnson,SF,26,DEN,2006-07,39,419,6.1,0.414,0.571,0.136,2.7,12.5,7.7,6.0,1.9,2.1,14.2,19.5,-0.7,0.5,-0.3,-0.032,-4.6,-0.6,-5.3,-0.3
DerMarr Johnson,SF,27,SAS,2007-08,5,28,17.3,0.571,0.643,0.143,0.0,4.2,2.1,7.2,1.9,0.0,0.0,25.5,0.0,0.0,0.1,0.143,3.9,-4.3,-0.4,0.0
Derek Anderson,SG,31,TOT,2005-06,43,1047,10.8,0.496,0.442,0.366,2.4,13.3,8.0,15.7,1.2,0.5,13.3,18.2,0.5,1.1,1.6,0.074,-1.2,-0.4,-1.5,0.1
Derek Anderson,SG,31,HOU,2005-06,20,582,12.5,0.527,0.387,0.422,2.5,14.1,8.4,16.1,1.4,0.6,15.3,19.8,0.3,0.7,1.0,0.084,-1.0,0.2,-0.8,0.2
Derek Anderson,SG,31,MIA,2005-06,23,465,8.7,0.453,0.515,0.292,2.4,12.4,7.6,15.1,0.9,0.3,10.4,16.3,0.2,0.4,0.6,0.061,-1.4,-1.1,-2.5,-0.1
Derek Anderson,SF,32,CHA,2006-07,50,1190,13.7,0.586,0.517,0.361,2.8,8.6,5.6,17.6,2.3,0.5,14.1,15.1,2.0,0.9,2.9,0.117,1.5,-0.4,1.0,0.9
Derek Anderson,SG,33,CHA,2007-08,28,396,10.0,0.497,0.416,0.304,2.6,12.6,7.5,17.8,1.6,0.2,15.0,19.3,0.0,0.3,0.3,0.032,-1.9,-1.8,-3.7,-0.2
Derek Fisher,PG,31,GSW,2005-06,82,2589,14.8,0.536,0.333,0.33,1.5,7.7,4.5,22.6,2.5,0.2,13.3,20.2,3.4,2.4,5.8,0.107,1.0,-0.5,0.5,1.6
Derek Fisher,SG,32,UTA,2006-07,82,2287,11.4,0.51,0.231,0.455,1.6,6.3,4.0,18.1,1.9,0.2,12.9,18.2,2.4,1.5,3.9,0.083,-0.4,-1.3,-1.6,0.2
Derek Fisher,PG,33,LAL,2007-08,82,2249,13.8,0.556,0.355,0.242,1.2,6.9,4.2,15.9,1.9,0.1,9.5,18.6,3.7,2.0,5.7,0.121,1.1,-1.5,-0.3,1.0
Derek Fisher,PG,34,LAL,2008-09,82,2441,12.1,0.546,0.439,0.189,1.2,7.4,4.4,14.9,2.0,0.2,8.8,14.7,3.6,2.7,6.3,0.123,0.9,-0.3,0.6,1.6
Derek Fisher,PG,35,LAL,2009-10,82,2227,9.3,0.499,0.401,0.237,1.3,7.2,4.3,12.9,2.1,0.3,11.2,14.0,1.2,2.7,3.9,0.085,-1.2,0.4,-0.8,0.7
Derek Fisher,PG,36,LAL,2010-11,82,2297,8.9,0.486,0.301,0.195,0.7,6.6,3.7,14.0,2.3,0.3,10.9,12.8,1.2,2.5,3.7,0.078,-1.6,0.3,-1.2,0.4
Derek Fisher,PG,37,TOT,2011-12,63,1508,8.0,0.464,0.313,0.193,0.9,7.7,4.5,16.7,1.8,0.2,16.2,13.6,0.1,1.1,1.2,0.038,-2.3,-0.7,-3.0,-0.4
Derek Fisher,SG,38,TOT,2012-13,33,575,7.7,0.492,0.497,0.236,0.4,6.6,3.6,11.7,1.7,0.4,14.4,16.4,0.0,0.4,0.4,0.034,-2.1,-2.0,-4.1,-0.3
Derek Fisher,SG,39,OKC,2013-14,81,1428,10.1,0.542,0.634,0.197,1.0,8.3,4.8,11.6,2.5,0.2,11.1,13.7,1.4,1.7,3.1,0.103,0.0,-0.5,-0.5,0.5
Deron Williams,PG,21,UTA,2005-06,80,2307,12.4,0.5,0.272,0.168,1.8,8.4,5.1,28.6,1.4,0.6,14.4,20.3,1.5,1.3,2.8,0.059,0.1,-2.4,-2.3,-0.2
Deron Williams,PG,22,UTA,2006-07,80,2950,17.1,0.535,0.235,0.273,1.7,9.3,5.5,41.6,1.4,0.4,16.9,22.2,5.3,1.9,7.2,0.117,2.7,-2.0,0.8,2.1
Deron Williams,PG,23,UTA,2007-08,82,3059,20.8,0.595,0.188,0.368,1.4,8.3,4.9,43.6,1.5,0.6,17.7,23.1,8.9,2.3,11.3,0.177,4.3,-2.2,2.1,3.2
Deron Williams,PG,24,UTA,2008-09,68,2505,21.1,0.573,0.23,0.39,1.1,8.1,4.6,47.8,1.5,0.6,16.5,24.7,6.5,1.9,8.4,0.16,4.3,-2.5,1.8,2.4
Deron Williams,PG,25,UTA,2009-10,76,2802,20.6,0.574,0.246,0.397,2.2,10.4,6.4,44.5,1.8,0.5,16.9,23.8,7.4,3.0,10.3,0.177,4.3,-1.0,3.3,3.7
Deron Williams,PG,26,TOT,2010-11,65,2465,21.1,0.566,0.325,0.423,1.9,10.9,6.3,45.9,1.7,0.5,16.6,25.8,6.2,1.1,7.3,0.142,5.2,-2.4,2.8,3.0
Deron Williams,PG,27,NJN,2011-12,55,1999,20.3,0.527,0.356,0.317,1.3,9.6,5.3,46.6,1.8,0.8,16.7,30.1,3.7,0.4,4.1,0.099,4.9,-2.8,2.1,2.1
Deron Williams,PG,28,BRK,2012-13,78,2842,20.3,0.574,0.398,0.328,1.2,8.5,4.8,37.5,1.4,0.8,14.5,24.4,9.1,1.8,10.9,0.184,5.5,-2.0,3.5,3.9
Deron Williams,PG,29,BRK,2013-14,64,2059,17.6,0.564,0.374,0.302,0.9,8.9,4.9,32.8,2.4,0.5,15.0,21.8,3.8,1.5,5.4,0.125,2.7,-1.5,1.2,1.6
Deron Williams,PG,30,BRK,2014-15,68,2114,15.7,0.504,0.307,0.313,1.5,11.0,6.3,33.7,1.6,0.6,14.9,22.3,2.3,1.3,3.6,0.083,1.3,-1.2,0.1,1.1
Deron Williams,PG,31,DAL,2015-16,65,2106,14.6,0.53,0.364,0.266,1.0,8.9,5.0,29.3,1.5,0.6,14.8,22.0,2.2,1.4,3.7,0.083,0.9,-1.0,-0.1,1.0
Deron Williams,PG,32,TOT,2016-17,64,1657,14.0,0.541,0.39,0.182,0.9,9.4,5.1,35.9,1.0,0.4,17.6,22.1,1.5,0.9,2.4,0.069,0.2,-2.4,-2.3,-0.1
Derrick Brown,SF,22,CHA,2009-10,57,535,12.6,0.52,0.048,0.49,7.1,10.4,8.8,6.0,2.1,1.5,9.6,17.2,0.5,0.8,1.3,0.114,-2.5,0.3,-2.2,0.0
Derrick Brown,SF,23,TOT,2010-11,49,576,12.9,0.588,0.076,0.458,8.5,12.2,10.3,9.5,1.8,1.4,18.2,15.5,0.5,0.5,1.0,0.083,-1.4,0.1,-1.3,0.1
Derrick Brown,SF,24,CHA,2011-12,65,1443,14.7,0.556,0.059,0.345,7.3,11.6,9.4,8.5,1.8,0.6,10.5,16.8,2.0,0.3,2.3,0.076,-0.3,-1.2,-1.5,0.2
Derrick Byars,PF,27,SAS,2011-12,2,37,14.9,0.392,0.545,0.364,19.0,15.2,17.1,3.7,2.8,0.0,0.0,15.7,0.1,0.1,0.1,0.147,1.6,-1.1,0.6,0.0
Derrick Caracter,C,22,LAL,2010-11,41,215,10.0,0.532,0.0,0.348,10.3,12.2,11.3,5.1,1.0,3.5,20.0,20.2,0.0,0.3,0.3,0.057,-4.5,-0.3,-4.9,-0.2
Derrick Favors,PF,19,TOT,2010-11,78,1535,13.8,0.542,0.0,0.416,12.9,19.1,16.0,4.2,1.0,3.5,13.5,17.1,1.5,1.4,2.9,0.091,-2.1,0.0,-2.1,0.0
Derrick Favors,PF,20,UTA,2011-12,65,1376,17.1,0.537,0.0,0.436,13.0,22.5,17.7,5.0,1.4,3.8,16.3,20.7,1.4,1.6,3.0,0.105,-1.3,0.5,-0.8,0.4
Derrick Favors,PF,21,UTA,2012-13,77,1787,17.5,0.533,0.009,0.458,11.9,24.0,17.9,6.8,2.0,5.7,15.9,20.6,1.5,2.9,4.4,0.117,-1.7,2.7,1.1,1.4
Derrick Favors,PF,22,UTA,2013-14,73,2201,19.0,0.556,0.001,0.38,10.1,23.7,16.7,7.3,1.8,3.8,12.9,20.8,2.9,2.3,5.1,0.112,-0.8,1.4,0.7,1.5
Derrick Favors,PF,23,UTA,2014-15,74,2280,21.8,0.558,0.007,0.362,10.0,20.7,15.4,9.4,1.4,4.3,10.2,23.8,5.0,3.3,8.3,0.175,0.8,1.7,2.4,2.6
Derrick Favors,PF,24,UTA,2015-16,62,1983,21.6,0.551,0.005,0.313,10.0,19.6,14.8,8.9,2.0,3.9,10.1,23.9,3.8,3.4,7.1,0.173,0.4,2.3,2.7,2.3
Derrick Favors,PF,25,UTA,2016-17,50,1186,15.8,0.512,0.024,0.261,9.2,20.2,14.9,7.9,2.0,2.7,11.4,20.7,0.5,2.2,2.7,0.109,-2.4,2.3,-0.1,0.6
Derrick Favors,C,26,UTA,2017-18,77,2153,18.8,0.593,0.09,0.306,10.6,18.5,14.6,7.8,1.3,3.2,9.9,18.5,4.5,3.5,8.0,0.179,0.5,2.2,2.7,2.5
Derrick Favors,C,27,UTA,2018-19,76,1766,21.8,0.624,0.126,0.368,12.9,21.3,17.2,8.0,1.5,4.8,10.5,19.4,4.4,3.5,7.9,0.215,1.1,3.2,4.3,2.8
Derrick Jones,SF,19,PHO,2016-17,32,545,12.0,0.604,0.091,0.339,7.6,8.2,7.9,3.1,1.2,1.9,8.6,11.7,0.9,0.2,1.1,0.098,-0.5,-0.6,-1.1,0.1
Derrick Jones,SF,20,TOT,2017-18,20,245,10.1,0.48,0.34,0.453,9.6,7.8,8.7,5.1,0.8,4.4,9.9,12.8,0.1,0.2,0.4,0.075,-2.7,0.7,-2.0,0.0
Derrick Jones,SF,21,MIA,2018-19,60,1153,14.0,0.559,0.281,0.377,8.8,13.3,11.1,4.7,1.9,3.3,10.2,15.6,1.2,1.7,2.9,0.121,-1.3,1.5,0.2,0.6
Derrick Rose,PG,20,CHI,2008-09,81,3000,16.0,0.516,0.06,0.207,3.7,8.4,6.1,28.8,1.1,0.4,13.3,22.6,3.4,1.5,4.9,0.078,0.9,-1.5,-0.6,1.1
Derrick Rose,PG,21,CHI,2009-10,78,2871,18.6,0.532,0.044,0.246,2.6,8.7,5.7,30.3,1.0,0.7,12.5,27.2,3.5,2.5,6.0,0.1,1.7,-1.3,0.5,1.8
Derrick Rose,PG,22,CHI,2010-11,81,3026,23.5,0.55,0.241,0.348,3.2,9.4,6.4,38.7,1.5,1.3,13.1,32.2,8.3,4.8,13.1,0.208,5.8,0.1,5.9,6.0
Derrick Rose,PG,23,CHI,2011-12,39,1375,23.0,0.532,0.249,0.344,2.1,8.4,5.3,40.3,1.4,1.4,12.9,30.5,4.1,2.0,6.0,0.211,5.5,-0.6,4.9,2.4
Derrick Rose,PG,25,CHI,2013-14,10,311,9.7,0.446,0.287,0.195,3.3,8.3,5.9,26.2,0.9,0.2,16.0,31.5,-0.6,0.4,-0.2,-0.036,-2.8,-2.3,-5.1,-0.2
Derrick Rose,PG,26,CHI,2014-15,51,1530,15.9,0.493,0.325,0.224,2.6,8.7,5.7,30.7,1.2,0.8,14.9,31.7,0.0,1.2,1.2,0.038,1.1,-2.3,-1.3,0.3
Derrick Rose,PG,27,CHI,2015-16,66,2097,13.4,0.479,0.143,0.171,2.4,8.8,5.6,25.5,1.1,0.5,13.4,27.3,-0.8,1.2,0.4,0.009,-1.2,-2.1,-3.3,-0.7
Derrick Rose,PG,28,NYK,2016-17,64,2082,17.0,0.53,0.061,0.259,3.4,9.3,6.4,22.8,1.1,0.7,11.9,25.7,2.4,0.6,3.0,0.068,0.2,-2.2,-1.9,0.0
Derrick Rose,PG,29,TOT,2017-18,25,420,11.5,0.507,0.161,0.247,3.5,5.8,4.7,13.6,0.8,0.8,14.5,25.4,-0.2,0.1,-0.2,-0.018,-3.8,-3.9,-7.8,-0.6
Derrick Rose,PG,30,MIN,2018-19,51,1392,19.5,0.557,0.194,0.212,2.5,8.3,5.4,26.4,1.1,0.7,9.1,27.3,2.6,0.3,3.0,0.102,2.3,-2.9,-0.6,0.5
Derrick Walton,PG,22,MIA,2017-18,16,147,11.2,0.525,0.68,0.24,1.5,10.7,6.1,14.6,2.4,1.7,6.7,9.1,0.2,0.2,0.4,0.128,-1.5,1.0,-0.5,0.1
Derrick White,PG,23,SAS,2017-18,17,139,15.9,0.646,0.394,0.606,4.0,16.9,10.4,9.3,1.5,1.8,12.6,15.4,0.3,0.2,0.5,0.17,0.0,0.5,0.5,0.1
Derrick White,PG,24,SAS,2018-19,67,1728,14.8,0.555,0.262,0.227,2.2,13.3,7.8,21.0,1.9,2.3,14.0,17.7,1.7,1.9,3.6,0.101,-0.2,1.1,0.9,1.3
Derrick Williams,PF,20,MIN,2011-12,66,1418,12.9,0.499,0.277,0.392,6.0,18.4,12.2,4.5,1.1,1.6,11.7,20.7,0.6,1.2,1.8,0.059,-2.3,-0.8,-3.1,-0.4
Derrick Williams,PF,21,MIN,2012-13,78,1916,14.5,0.515,0.249,0.346,5.6,20.6,12.8,4.2,1.2,1.5,10.0,23.5,1.0,2.1,3.0,0.076,-2.1,-1.5,-3.7,-0.8
Derrick Williams,SF,22,TOT,2013-14,78,1820,11.5,0.524,0.205,0.537,4.3,15.8,10.0,4.7,1.3,0.9,11.3,16.2,1.3,1.3,2.6,0.068,-2.1,-0.5,-2.6,-0.3
Derrick Williams,PF,23,SAC,2014-15,74,1462,12.8,0.54,0.322,0.404,3.3,12.1,7.8,5.6,1.2,0.2,8.9,18.9,1.7,0.4,2.1,0.069,-0.5,-2.7,-3.2,-0.5
Derrick Williams,SF,24,NYK,2015-16,80,1435,17.2,0.55,0.265,0.453,3.6,18.7,11.3,8.9,1.0,0.5,8.3,23.3,2.4,1.2,3.6,0.12,-0.1,-2.4,-2.6,-0.2
Derrick Williams,PF,25,TOT,2016-17,50,804,10.6,0.537,0.398,0.365,2.6,15.1,8.9,5.1,0.9,0.7,9.0,17.2,0.4,0.6,1.1,0.064,-2.4,-1.8,-4.2,-0.4
Derrick Williams,PF,26,LAL,2017-18,2,9,-3.2,0.25,0.5,0.0,0.0,11.7,5.9,0.0,0.0,0.0,0.0,18.9,0.0,0.0,0.0,-0.191,-11.5,-6.6,-18.1,0.0
Derrick Zimmerman,PG,24,NJN,2005-06,2,32,5.5,0.667,0.0,0.0,3.6,11.2,7.3,34.2,0.0,0.0,57.1,10.3,0.0,0.0,0.0,0.004,-7.1,-2.6,-9.7,-0.1
Desmon Farmer,SG,25,SEA,2006-07,8,32,15.4,0.421,0.533,0.067,0.0,3.8,1.9,46.0,1.6,0.0,6.1,23.3,0.0,0.0,0.0,0.074,1.4,-7.8,-6.4,0.0
Desmon Farmer,SG,27,SAS,2008-09,3,54,0.4,0.437,0.857,0.143,0.0,13.1,6.6,5.4,0.0,0.0,21.2,16.9,-0.1,0.1,-0.1,-0.071,-6.2,-2.2,-8.4,-0.1
Desmond Mason,SF,28,NOK,2005-06,70,2102,9.2,0.46,0.009,0.438,3.5,13.6,8.4,5.4,1.1,0.7,12.1,20.8,-1.7,1.4,-0.2,-0.005,-4.5,-1.0,-5.5,-1.8
Desmond Mason,SF,29,NOK,2006-07,75,2575,10.8,0.493,0.0,0.359,5.4,10.1,7.7,7.6,1.1,0.7,15.6,21.9,-1.2,1.8,0.6,0.011,-3.0,-0.5,-3.5,-1.0
Desmond Mason,SF,30,MIL,2007-08,59,1702,12.3,0.519,0.0,0.363,5.0,13.1,8.8,11.3,1.2,1.4,13.0,16.8,1.0,0.5,1.5,0.041,-2.0,-0.6,-2.6,-0.2
Desmond Mason,SG,31,OKC,2008-09,39,1064,7.1,0.456,0.011,0.298,4.4,12.8,8.5,6.7,0.7,2.1,14.8,15.7,-1.0,0.7,-0.3,-0.012,-5.0,0.1,-4.9,-0.8
Desmond Mason,SF,32,SAC,2009-10,5,66,6.2,0.472,0.0,0.333,6.9,15.8,11.3,4.2,0.8,1.1,22.5,11.9,0.0,0.0,0.0,-0.007,-5.8,-0.6,-6.5,-0.1
Devean George,SF,28,LAL,2005-06,71,1542,11.3,0.484,0.376,0.202,6.3,14.6,10.5,6.9,2.3,1.7,10.4,15.3,0.7,2.0,2.6,0.082,-1.5,0.7,-0.8,0.5
Devean George,SF,29,DAL,2006-07,60,1283,9.7,0.487,0.405,0.13,5.5,14.3,10.0,4.0,1.9,1.4,11.5,16.1,0.1,1.9,2.1,0.078,-1.4,0.8,-0.6,0.4
Devean George,SF,30,DAL,2007-08,53,821,7.0,0.437,0.329,0.164,4.1,14.9,9.6,6.3,1.2,1.2,9.8,14.0,-0.3,1.0,0.7,0.039,-3.2,0.3,-2.9,-0.2
Devean George,SF,31,DAL,2008-09,43,708,7.0,0.485,0.535,0.155,4.1,8.5,6.3,3.0,1.7,1.1,10.1,10.9,0.1,0.6,0.6,0.042,-2.0,0.2,-1.8,0.0
Devean George,SF,32,GSW,2009-10,45,761,11.6,0.56,0.597,0.112,3.0,13.8,8.3,5.8,2.6,0.9,6.5,13.0,0.8,0.5,1.3,0.084,0.0,-0.6,-0.6,0.3
Devin Booker,SG,19,PHO,2015-16,76,2108,11.9,0.535,0.333,0.295,1.4,8.4,4.8,15.8,1.0,0.8,14.0,23.0,1.2,0.7,1.9,0.043,-0.6,-2.4,-3.1,-0.6
Devin Booker,SG,20,PHO,2016-17,78,2730,14.6,0.531,0.283,0.308,1.8,8.3,5.0,16.3,1.3,0.6,12.9,28.6,1.3,0.6,2.0,0.035,0.4,-2.7,-2.3,-0.2
Devin Booker,SG,21,PHO,2017-18,54,1865,18.1,0.561,0.364,0.312,1.5,12.7,7.0,24.4,1.2,0.6,13.9,31.7,1.9,0.6,2.4,0.063,2.9,-2.4,0.4,1.2
Devin Booker,SG,22,PHO,2018-19,64,2242,20.2,0.584,0.33,0.362,1.9,11.3,6.5,34.1,1.2,0.5,15.4,32.9,3.3,0.3,3.5,0.076,3.8,-3.0,0.8,1.6
Devin Brown,SG,27,UTA,2005-06,81,1711,10.3,0.493,0.224,0.402,5.1,9.6,7.3,10.7,1.4,0.7,13.8,19.5,0.4,1.1,1.4,0.041,-1.9,-1.7,-3.7,-0.7
Devin Brown,SG,28,NOK,2006-07,58,1662,14.3,0.538,0.409,0.279,3.7,13.9,8.7,14.8,1.4,0.4,12.7,19.6,2.1,1.5,3.5,0.102,1.3,-0.3,1.0,1.2
Devin Brown,SG,29,CLE,2007-08,78,1762,11.3,0.494,0.275,0.267,4.1,13.2,8.5,16.1,1.6,0.3,14.3,17.8,0.6,1.7,2.4,0.064,-1.8,-0.4,-2.2,-0.1
Devin Brown,SG,30,NOH,2008-09,63,869,9.7,0.459,0.31,0.319,4.3,12.2,8.3,10.2,2.0,0.5,13.1,22.8,-0.8,1.0,0.1,0.007,-3.8,-1.3,-5.0,-0.7
Devin Brown,SG,31,TOT,2009-10,50,1060,10.0,0.5,0.454,0.238,3.2,10.6,6.8,9.1,1.6,0.4,13.5,19.8,-0.2,0.6,0.4,0.017,-1.6,-1.4,-3.0,-0.3
Devin Ebanks,SG,21,LAL,2010-11,20,118,19.4,0.507,0.098,0.451,14.9,11.1,13.0,2.8,1.8,3.2,8.9,25.9,0.2,0.2,0.4,0.144,-1.8,-2.5,-4.3,-0.1
Devin Ebanks,SG,22,LAL,2011-12,24,396,8.3,0.465,0.101,0.393,7.7,7.6,7.6,4.6,1.5,1.1,14.7,14.2,0.0,0.3,0.3,0.033,-3.2,-0.2,-3.4,-0.1
Devin Ebanks,SF,23,LAL,2012-13,19,197,6.3,0.411,0.301,0.192,5.7,16.9,11.5,7.8,0.8,0.4,12.2,20.4,-0.2,0.1,-0.1,-0.025,-5.4,-2.2,-7.6,-0.3
Devin Green,SG,23,LAL,2005-06,27,135,4.7,0.336,0.071,0.75,8.7,12.2,10.5,7.3,1.2,0.0,11.8,14.3,-0.2,0.1,-0.1,-0.018,-6.1,-1.6,-7.7,-0.2
Devin Harris,PG,22,DAL,2005-06,56,1275,17.4,0.544,0.052,0.583,2.5,9.2,5.9,23.4,2.3,1.0,14.2,21.7,2.3,1.4,3.7,0.139,1.0,-0.4,0.6,0.8
Devin Harris,PG,23,DAL,2006-07,80,2081,16.0,0.574,0.084,0.44,2.7,8.5,5.7,22.9,2.5,0.8,17.1,19.1,3.7,2.9,6.5,0.151,1.0,0.9,1.9,2.1
Devin Harris,PG,24,TOT,2007-08,64,2022,17.5,0.573,0.241,0.434,1.6,8.2,5.0,31.1,2.4,0.4,16.3,22.6,3.6,1.9,5.6,0.132,2.2,-1.2,1.0,1.6
Devin Harris,PG,24,DAL,2007-08,39,1184,18.0,0.592,0.181,0.506,1.7,7.0,4.4,28.6,2.5,0.1,16.4,22.3,2.6,1.3,3.9,0.158,2.5,-0.9,1.7,1.1
Devin Harris,PG,24,NJN,2007-08,25,838,16.7,0.548,0.317,0.343,1.5,9.8,5.7,34.7,2.1,0.7,16.2,23.0,1.1,0.6,1.7,0.096,1.7,-1.6,0.1,0.5
Devin Harris,PG,25,NJN,2008-09,69,2494,21.6,0.563,0.212,0.582,1.4,9.7,5.5,34.4,2.4,0.4,14.0,28.4,5.9,1.7,7.5,0.145,3.9,-1.5,2.5,2.8
Devin Harris,PG,26,NJN,2009-10,64,2221,16.2,0.512,0.245,0.437,1.2,9.7,5.3,34.6,1.9,0.6,14.7,25.5,1.5,1.2,2.7,0.057,1.5,-2.0,-0.5,0.8
Devin Harris,PG,27,TOT,2010-11,71,2254,17.2,0.545,0.221,0.494,0.9,8.2,4.5,38.2,1.7,0.2,17.3,24.6,3.2,1.0,4.2,0.089,1.6,-2.9,-1.3,0.4
Devin Harris,PG,28,UTA,2011-12,63,1741,16.0,0.564,0.393,0.386,0.8,6.7,3.7,28.3,1.9,0.6,16.1,19.5,3.3,0.8,4.2,0.115,2.7,-2.4,0.3,1.0
Devin Harris,SG,29,ATL,2012-13,58,1421,14.6,0.565,0.519,0.348,0.5,8.7,4.7,21.7,2.3,0.7,14.7,19.5,1.8,1.5,3.3,0.111,0.9,-0.9,-0.1,0.7
Devin Harris,PG,30,DAL,2013-14,40,818,14.6,0.517,0.398,0.453,1.1,10.8,6.0,31.0,1.8,0.2,16.2,20.2,1.2,0.4,1.6,0.094,0.5,-2.1,-1.6,0.1
Devin Harris,PG,31,DAL,2014-15,76,1685,14.8,0.559,0.508,0.309,0.8,8.0,4.4,20.4,2.3,0.7,12.5,18.0,2.9,1.3,4.2,0.12,1.9,-0.8,1.2,1.3
Devin Harris,PG,32,DAL,2015-16,64,1280,13.1,0.559,0.422,0.374,1.5,10.3,5.9,14.5,2.4,0.8,13.2,17.9,1.2,1.3,2.5,0.095,-0.1,0.4,0.3,0.7
Devin Harris,PG,33,DAL,2016-17,65,1087,13.8,0.549,0.519,0.378,1.1,13.0,6.8,20.0,2.1,0.6,12.5,19.7,1.1,1.1,2.2,0.096,-0.1,-0.3,-0.4,0.4
Devin Harris,PG,34,TOT,2017-18,71,1340,13.0,0.563,0.5,0.374,1.0,9.8,5.3,16.9,1.8,0.8,12.6,20.2,1.6,0.9,2.5,0.089,-0.1,-1.9,-2.0,0.0
Devin Harris,PG,35,DAL,2018-19,68,1071,10.7,0.527,0.576,0.386,1.2,9.9,5.6,16.7,1.6,1.3,12.1,18.5,0.6,0.9,1.5,0.068,-1.3,-0.9,-2.2,-0.1
Devin Robinson,SF,22,WAS,2017-18,1,13,10.5,0.333,0.0,0.0,17.4,26.0,21.7,0.0,3.8,0.0,0.0,10.2,0.0,0.0,0.0,0.098,-5.7,-2.6,-8.2,0.0
Devin Robinson,SF,23,WAS,2018-19,7,95,20.6,0.616,0.063,0.438,6.7,16.2,11.4,9.5,2.0,5.3,5.0,17.9,0.2,0.1,0.3,0.175,-0.2,1.2,1.0,0.1
Devonte' Graham,PG,23,CHO,2018-19,46,676,10.3,0.459,0.56,0.213,1.6,8.6,5.0,24.8,1.7,0.3,11.3,17.0,0.2,0.3,0.5,0.035,-1.6,-2.7,-4.3,-0.4
Devyn Marble,SG,22,ORL,2014-15,16,208,5.9,0.362,0.5,0.364,2.7,14.4,8.4,11.5,2.2,0.8,15.0,13.1,-0.3,0.2,-0.1,-0.031,-4.7,0.2,-4.5,-0.1
Devyn Marble,SG,23,ORL,2015-16,28,249,5.2,0.368,0.451,0.338,2.6,14.4,8.5,6.6,2.6,0.3,7.9,15.7,-0.4,0.3,-0.1,-0.026,-4.8,-0.6,-5.5,-0.2
Dewayne Dedmon,C,24,TOT,2013-14,31,390,10.7,0.5,0.0,0.386,10.7,25.8,18.1,1.9,0.9,4.5,15.6,13.1,0.1,0.5,0.6,0.07,-6.0,0.0,-6.0,-0.4
Dewayne Dedmon,C,25,ORL,2014-15,59,845,13.3,0.568,0.006,0.395,15.5,24.1,19.7,1.6,1.0,4.8,21.1,13.0,0.7,1.0,1.7,0.099,-3.6,0.3,-3.3,-0.3
Dewayne Dedmon,C,26,ORL,2015-16,58,705,17.0,0.606,0.0,0.429,10.4,25.7,17.9,2.7,1.6,5.4,13.2,15.2,1.2,1.1,2.4,0.162,-2.6,1.3,-1.3,0.1
Dewayne Dedmon,C,27,SAS,2016-17,76,1330,16.0,0.645,0.0,0.359,11.2,30.6,21.1,4.8,1.4,3.7,16.9,12.3,2.3,3.0,5.2,0.189,-1.6,3.2,1.7,1.2
Dewayne Dedmon,C,28,ATL,2017-18,62,1542,15.8,0.599,0.296,0.18,7.2,28.1,17.7,9.2,1.3,2.8,14.3,17.0,1.8,1.9,3.7,0.114,-1.0,1.6,0.5,1.0
Dewayne Dedmon,C,29,ATL,2018-19,64,1609,16.0,0.602,0.413,0.215,6.7,25.0,15.7,8.1,2.0,3.8,12.7,16.7,2.1,1.9,4.0,0.119,-0.4,1.7,1.3,1.3
Dexter Pittman,C,22,MIA,2010-11,2,11,-6.4,0.333,0.0,0.0,11.5,20.4,16.2,0.0,0.0,0.0,40.0,21.3,-0.1,0.0,-0.1,-0.246,-15.7,-5.5,-21.2,-0.1
Dexter Pittman,C,23,MIA,2011-12,35,301,10.4,0.498,0.0,0.298,11.1,16.8,14.1,4.9,1.4,2.2,13.8,19.0,0.1,0.5,0.6,0.101,-3.4,-0.6,-4.0,-0.2
Dexter Pittman,C,24,TOT,2012-13,11,32,1.6,0.325,0.0,0.273,27.2,18.5,22.7,0.0,0.0,0.0,19.6,22.4,-0.1,0.0,-0.1,-0.107,-9.7,-8.2,-17.9,-0.1
Dexter Pittman,C,25,ATL,2013-14,2,3,13.1,0.0,0.0,2.0,100.0,0.0,57.9,0.0,0.0,0.0,0.0,28.5,0.0,0.0,0.0,-0.18,-5.4,-17.3,-22.7,0.0
Deyonta Davis,C,20,MEM,2016-17,36,238,10.6,0.528,0.0,0.383,9.3,19.8,14.4,1.3,0.7,6.8,12.7,12.0,0.1,0.4,0.5,0.097,-5.4,1.8,-3.7,-0.1
Deyonta Davis,C,21,MEM,2017-18,62,943,16.6,0.621,0.0,0.215,9.0,22.0,15.3,7.1,0.8,3.9,9.9,15.3,1.9,0.8,2.7,0.138,-1.3,0.4,-0.9,0.3
Deyonta Davis,C,22,ATL,2018-19,9,118,15.6,0.682,0.045,0.455,8.7,23.7,16.0,5.8,1.2,3.7,10.2,10.1,0.3,0.1,0.4,0.145,-1.7,1.0,-0.7,0.0
Diamond Stone,C,19,LAC,2016-17,7,24,-1.2,0.339,0.0,0.308,4.8,22.7,14.0,0.0,0.0,3.4,11.9,31.3,-0.1,0.0,-0.1,-0.211,-17.3,-6.8,-24.1,-0.1
Diante Garrett,PG,24,PHO,2012-13,19,149,9.0,0.375,0.306,0.204,3.7,7.8,5.7,31.3,3.4,0.0,23.1,20.7,-0.3,0.1,-0.2,-0.073,-4.7,-1.5,-6.2,-0.2
Diante Garrett,PG,25,UTA,2013-14,71,1048,7.1,0.459,0.362,0.045,1.2,9.8,5.3,17.6,2.1,0.4,21.7,15.1,-1.1,0.3,-0.8,-0.036,-4.0,-1.2,-5.2,-0.8
Didier Ilunga-Mbenga,C,25,DAL,2005-06,43,237,13.4,0.538,0.017,0.333,9.8,18.4,14.2,1.4,1.4,8.1,18.9,16.7,0.0,0.4,0.5,0.092,-4.2,2.0,-2.2,0.0
Didier Ilunga-Mbenga,C,26,DAL,2006-07,21,79,7.2,0.435,0.0,0.5,4.7,11.9,8.4,10.9,2.0,4.8,20.4,14.5,-0.1,0.1,0.1,0.055,-5.1,3.4,-1.6,0.0
Didier Ilunga-Mbenga,C,27,TOT,2007-08,42,326,9.4,0.465,0.0,0.143,9.4,14.7,12.1,4.3,1.1,5.8,11.8,13.5,0.0,0.4,0.4,0.066,-4.3,1.7,-2.6,0.0
Didier Ilunga-Mbenga,C,27,GSW,2007-08,16,130,6.7,0.398,0.0,0.087,10.3,15.4,12.8,3.9,1.1,5.6,14.3,9.0,0.0,0.1,0.1,0.048,-4.7,2.3,-2.4,0.0
Didier Ilunga-Mbenga,C,27,LAL,2007-08,26,196,11.2,0.489,0.0,0.164,8.9,14.1,11.6,4.6,1.0,5.9,10.9,16.5,0.0,0.3,0.3,0.078,-4.1,1.3,-2.7,0.0
Didier Ilunga-Mbenga,C,28,LAL,2008-09,23,181,13.9,0.504,0.018,0.14,5.7,13.6,9.7,7.2,2.8,10.2,17.7,17.8,-0.1,0.4,0.3,0.091,-4.8,6.0,1.2,0.1
Didier Ilunga-Mbenga,C,29,LAL,2009-10,49,355,11.6,0.471,0.0,0.184,10.2,17.2,13.7,3.4,0.7,6.2,11.9,16.0,0.0,0.6,0.6,0.084,-5.1,1.7,-3.4,-0.1
Didier Ilunga-Mbenga,C,30,NOH,2010-11,41,330,9.7,0.518,0.0,0.367,12.8,18.9,15.9,2.7,1.0,6.8,27.0,11.3,0.0,0.6,0.5,0.076,-4.9,3.6,-1.3,0.1
Dijon Thompson,SG,22,PHO,2005-06,10,43,22.0,0.541,0.44,0.08,10.6,17.7,14.2,3.9,3.5,1.6,7.2,29.1,0.1,0.1,0.1,0.146,1.5,-2.5,-1.1,0.0
Dijon Thompson,SF,23,ATL,2006-07,6,50,11.6,0.482,0.133,0.4,7.1,12.2,9.6,6.8,0.0,0.0,5.4,17.1,0.1,0.0,0.1,0.064,-2.7,-4.3,-7.0,-0.1
Dikembe Mutombo,C,39,HOU,2005-06,64,955,12.7,0.626,0.0,0.958,12.5,24.9,18.8,0.7,1.0,4.9,20.6,8.5,1.3,1.8,3.1,0.156,-4.2,1.8,-2.4,-0.1
Dikembe Mutombo,C,40,HOU,2006-07,75,1289,14.4,0.601,0.0,0.569,14.7,28.7,21.8,1.5,0.9,4.5,16.6,8.3,2.1,3.0,5.2,0.192,-3.4,2.8,-0.5,0.5
Dikembe Mutombo,C,41,HOU,2007-08,39,619,14.5,0.591,0.0,0.563,12.6,23.5,18.1,1.2,0.9,5.7,14.6,8.6,0.9,1.4,2.3,0.178,-3.5,3.1,-0.4,0.3
Dikembe Mutombo,C,42,HOU,2008-09,9,96,10.8,0.472,0.0,0.692,15.2,24.5,20.0,0.0,0.0,8.3,26.1,11.1,0.0,0.2,0.2,0.088,-7.7,1.0,-6.7,-0.1
Dillon Brooks,SF,22,MEM,2017-18,82,2350,9.8,0.531,0.342,0.215,2.4,10.5,6.3,9.3,1.6,0.7,12.8,18.5,0.1,1.1,1.2,0.024,-1.8,-1.3,-3.1,-0.7
Dillon Brooks,SF,23,MEM,2018-19,18,330,7.6,0.499,0.328,0.246,3.0,7.6,5.3,7.6,1.5,1.1,12.3,20.9,-0.3,0.3,0.0,-0.004,-4.2,-1.9,-6.1,-0.3
Dion Waiters,SG,21,CLE,2012-13,61,1756,13.7,0.492,0.249,0.261,1.4,8.8,4.9,18.4,1.7,0.7,11.8,26.1,0.3,0.6,0.9,0.026,-0.5,-2.7,-3.2,-0.5
Dion Waiters,SG,22,CLE,2013-14,70,2072,14.0,0.508,0.252,0.237,1.7,9.0,5.3,18.2,1.6,0.7,12.3,26.9,0.3,1.3,1.6,0.037,-0.2,-1.8,-2.1,0.0
Dion Waiters,SG,23,TOT,2014-15,80,2208,10.9,0.46,0.26,0.182,2.1,7.4,4.8,11.9,2.1,0.8,10.0,22.5,-0.6,1.7,1.1,0.025,-2.1,-1.5,-3.6,-0.9
Dion Waiters,SG,24,OKC,2015-16,78,2152,9.4,0.492,0.34,0.222,1.9,8.0,5.1,10.0,1.9,0.5,13.4,17.7,0.3,1.8,2.1,0.046,-1.5,-0.6,-2.1,-0.1
Dion Waiters,SG,25,MIA,2016-17,46,1384,14.5,0.507,0.324,0.192,1.4,10.9,6.1,23.8,1.5,1.1,12.5,26.3,0.2,1.5,1.6,0.057,-0.1,-0.8,-0.9,0.4
Dion Waiters,SG,26,MIA,2017-18,30,918,10.5,0.487,0.415,0.168,1.0,8.5,4.7,19.8,1.3,0.8,13.7,25.0,-0.7,0.8,0.1,0.004,-2.1,-2.0,-4.0,-0.5
Dion Waiters,SG,27,MIA,2018-19,44,1138,11.4,0.53,0.605,0.092,0.7,10.2,5.4,16.4,1.2,0.7,11.4,21.1,0.1,1.1,1.2,0.052,-0.3,-1.6,-1.9,0.0
Dionte Christmas,SF,27,PHO,2013-14,31,198,11.1,0.489,0.5,0.387,7.4,14.1,10.8,5.8,0.5,1.1,7.6,17.4,0.2,0.1,0.3,0.083,-1.1,-2.5,-3.6,-0.1
Dirk Nowitzki,PF,27,DAL,2005-06,81,3089,28.1,0.589,0.173,0.382,4.6,23.4,14.2,14.7,1.0,2.1,7.9,30.0,13.5,4.3,17.7,0.275,5.8,-0.1,5.7,6.0
Dirk Nowitzki,PF,28,DAL,2006-07,78,2820,27.6,0.605,0.129,0.411,5.3,23.9,14.8,17.8,1.0,1.7,9.5,28.9,11.8,4.5,16.3,0.278,5.4,1.3,6.7,6.2
Dirk Nowitzki,PF,29,DAL,2007-08,77,2769,24.6,0.585,0.167,0.414,4.1,22.8,13.8,17.8,1.0,1.9,9.3,28.8,8.9,4.0,12.9,0.223,4.2,0.9,5.2,5.0
Dirk Nowitzki,PF,30,DAL,2008-09,81,3050,23.1,0.564,0.105,0.337,3.3,22.1,12.8,12.1,1.0,1.5,7.8,30.3,7.5,3.4,10.9,0.171,1.9,-0.7,1.2,2.4
Dirk Nowitzki,PF,31,DAL,2009-10,81,3039,22.9,0.578,0.081,0.392,3.1,20.1,11.7,13.0,1.2,2.0,7.8,28.8,8.4,3.9,12.3,0.194,2.3,0.3,2.6,3.5
Dirk Nowitzki,PF,32,DAL,2010-11,73,2504,23.4,0.612,0.142,0.376,2.4,20.8,12.0,14.2,0.8,1.4,9.1,28.2,7.8,3.3,11.1,0.213,3.2,0.6,3.8,3.7
Dirk Nowitzki,PF,33,DAL,2011-12,62,2079,21.7,0.564,0.205,0.343,2.5,19.9,11.3,12.6,1.1,1.2,9.0,29.2,5.0,2.6,7.6,0.175,2.3,-0.5,1.8,2.0
Dirk Nowitzki,PF,34,DAL,2012-13,53,1661,19.8,0.564,0.216,0.265,2.5,21.5,12.2,13.5,1.2,1.7,7.9,24.2,3.3,1.8,5.0,0.145,1.7,0.0,1.7,1.5
Dirk Nowitzki,PF,35,DAL,2013-14,80,2628,23.6,0.603,0.258,0.295,1.8,20.0,10.9,14.2,1.4,1.4,7.5,26.9,8.6,2.3,10.9,0.199,4.1,-0.8,3.3,3.5
Dirk Nowitzki,PF,36,DAL,2014-15,77,2282,19.2,0.56,0.258,0.272,2.1,19.9,11.0,10.4,0.9,1.2,6.5,24.9,5.2,2.0,7.2,0.152,1.7,-1.0,0.7,1.5
Dirk Nowitzki,PF,37,DAL,2015-16,75,2364,19.0,0.555,0.308,0.252,2.4,20.3,11.4,10.1,1.1,1.8,6.4,25.5,4.2,2.6,6.8,0.138,1.2,-0.3,0.9,1.7
Dirk Nowitzki,PF,38,DAL,2016-17,54,1424,17.0,0.529,0.308,0.165,1.8,28.3,14.4,10.6,1.1,2.4,6.6,25.8,0.6,1.9,2.5,0.084,-1.6,0.3,-1.3,0.2
Dirk Nowitzki,C,39,DAL,2017-18,77,1900,16.7,0.575,0.445,0.142,1.2,25.2,12.8,10.4,1.1,2.1,6.0,20.5,2.6,2.2,4.8,0.121,0.1,0.3,0.3,1.1
Dirk Nowitzki,PF,40,DAL,2018-19,51,795,9.6,0.469,0.545,0.133,0.7,20.5,10.6,6.9,0.5,1.9,4.3,22.5,-0.5,0.8,0.3,0.016,-3.8,-2.1,-5.9,-0.8
Domantas Sabonis,PF,20,OKC,2016-17,81,1632,6.9,0.469,0.331,0.139,3.1,16.4,9.8,7.2,1.2,1.6,14.0,15.4,-1.0,1.8,0.8,0.022,-4.7,-0.1,-4.8,-1.2
Domantas Sabonis,C,21,IND,2017-18,74,1810,17.5,0.567,0.056,0.339,10.4,25.2,17.8,12.7,1.1,1.6,15.3,22.1,2.5,2.2,4.7,0.126,-0.8,0.5,-0.3,0.8
Domantas Sabonis,C,22,IND,2018-19,74,1838,21.9,0.63,0.024,0.416,11.5,29.8,20.8,18.2,1.3,1.5,16.2,23.5,4.3,3.3,7.6,0.197,1.5,2.2,3.7,2.6
Dominic McGuire,SG,22,WAS,2007-08,70,695,6.6,0.397,0.058,0.311,8.7,14.9,11.7,8.3,1.5,3.1,25.5,10.4,-0.6,0.6,0.0,-0.003,-4.8,1.8,-3.1,-0.2
Dominic McGuire,SF,23,WAS,2008-09,79,2072,10.8,0.483,0.012,0.315,6.2,18.4,12.1,13.8,1.6,2.9,20.0,10.1,0.5,1.3,1.7,0.04,-2.7,2.2,-0.5,0.8
Dominic McGuire,SF,24,TOT,2009-10,51,307,3.8,0.345,0.0,0.135,8.5,21.3,14.8,5.1,0.8,1.0,23.6,10.6,-0.5,0.3,-0.2,-0.038,-7.1,0.2,-6.9,-0.4
Dominic McGuire,SF,25,CHA,2010-11,52,760,10.4,0.437,0.011,0.214,10.0,21.8,15.9,9.0,0.7,3.5,11.2,13.8,0.1,0.9,0.9,0.059,-4.0,1.5,-2.5,-0.1
Dominic McGuire,PF,26,GSW,2011-12,64,1127,11.8,0.486,0.019,0.252,7.4,17.4,12.4,14.0,2.0,2.5,19.4,11.8,0.6,0.9,1.5,0.062,-2.4,2.0,-0.4,0.4
Dominic McGuire,SF,27,TOT,2012-13,26,387,7.7,0.422,0.0,0.179,5.7,18.4,12.0,7.5,1.8,2.3,16.6,8.7,-0.1,0.4,0.3,0.035,-4.2,2.2,-1.9,0.0
Dominique Jones,SG,22,DAL,2010-11,18,135,10.6,0.4,0.089,0.378,5.4,15.9,10.8,20.8,1.9,1.7,16.0,21.7,-0.2,0.2,0.0,0.007,-5.1,1.7,-3.4,0.0
Dominique Jones,SG,23,DAL,2011-12,33,268,11.8,0.493,0.11,0.507,3.8,14.6,9.2,24.6,2.0,1.5,23.9,20.3,-0.1,0.4,0.2,0.044,-3.9,1.0,-2.9,-0.1
Dominique Jones,PG,24,DAL,2012-13,29,338,12.4,0.438,0.083,0.486,6.0,8.7,7.4,36.2,2.1,0.5,22.3,23.0,-0.2,0.2,0.0,0.001,-2.9,-1.4,-4.2,-0.2
Donald Sloan,PG,24,TOT,2011-12,33,669,8.9,0.433,0.126,0.152,3.0,8.6,5.7,26.5,1.0,0.3,18.8,17.6,-0.4,0.1,-0.3,-0.024,-3.5,-2.4,-6.0,-0.7
Donald Sloan,SG,25,TOT,2012-13,23,263,9.6,0.455,0.244,0.321,1.3,11.5,6.2,22.0,1.0,0.0,13.6,17.5,0.0,0.0,0.1,0.017,-3.1,-3.2,-6.3,-0.3
Donald Sloan,SG,26,IND,2013-14,48,392,8.5,0.437,0.359,0.171,1.2,11.0,6.3,20.1,1.3,0.2,14.9,17.2,-0.3,0.6,0.3,0.039,-4.1,-0.7,-4.8,-0.3
Donald Sloan,PG,27,IND,2014-15,53,1107,13.1,0.503,0.369,0.217,1.2,13.0,7.1,27.5,1.1,0.0,14.3,18.6,0.9,1.1,2.0,0.085,-0.4,-1.0,-1.4,0.2
Donald Sloan,PG,28,BRK,2015-16,61,1318,13.9,0.536,0.283,0.297,1.4,13.5,7.4,30.0,1.2,0.2,16.8,16.1,1.7,0.3,2.0,0.071,-0.3,-2.1,-2.4,-0.1
Donatas Motiejunas,PF,26,NOP,2016-17,34,479,9.1,0.47,0.341,0.355,5.7,16.6,11.1,9.7,1.8,1.9,16.3,17.6,-0.5,0.6,0.2,0.016,-4.2,1.1,-3.1,-0.1
Donatas Motiejūnas,PF,22,HOU,2012-13,44,538,12.2,0.531,0.39,0.239,7.7,11.9,9.8,9.5,0.6,1.4,13.6,22.1,0.4,0.3,0.7,0.061,-0.7,-2.2,-2.9,-0.1
Donatas Motiejūnas,PF,23,HOU,2013-14,62,952,10.7,0.504,0.284,0.324,7.4,18.2,13.1,5.5,1.0,1.6,12.7,17.8,0.3,1.0,1.4,0.069,-2.7,-0.8,-3.5,-0.4
Donatas Motiejūnas,PF,24,HOU,2014-15,71,2037,14.4,0.553,0.19,0.237,7.4,15.4,11.4,10.8,1.4,1.3,13.7,19.1,2.4,2.3,4.7,0.11,-0.6,0.5,-0.1,1.0
Donatas Motiejūnas,PF,25,HOU,2015-16,37,547,11.3,0.504,0.278,0.259,7.4,14.6,11.0,12.2,1.5,0.8,16.2,21.4,0.0,0.3,0.3,0.026,-2.5,-1.9,-4.3,-0.3
Donatas Motiejūnas,PF,28,SAS,2018-19,3,13,-0.5,0.436,0.0,0.333,16.9,8.3,12.6,11.9,0.0,6.5,30.4,33.5,-0.1,0.0,-0.1,-0.246,-11.2,-0.3,-11.5,0.0
Donell Taylor,SG,23,WAS,2005-06,51,465,10.1,0.452,0.125,0.316,3.9,9.5,6.6,15.2,3.4,0.7,18.0,18.1,-0.3,0.5,0.2,0.017,-3.5,0.3,-3.2,-0.1
Donell Taylor,SG,24,WAS,2006-07,47,369,10.3,0.422,0.121,0.15,4.2,12.5,8.3,19.6,2.4,0.6,14.3,20.8,-0.4,0.2,-0.2,-0.022,-3.7,-1.5,-5.2,-0.3
Donovan Mitchell,SG,21,UTA,2017-18,79,2638,16.7,0.541,0.404,0.218,2.3,10.4,6.4,19.4,2.2,0.9,12.6,29.1,1.4,3.8,5.2,0.095,1.3,-0.2,1.1,2.1
Donovan Mitchell,SG,22,UTA,2018-19,77,2598,17.2,0.537,0.339,0.259,2.5,10.5,6.6,21.2,2.0,0.9,11.3,31.6,1.3,3.7,5.0,0.092,0.8,-0.2,0.6,1.7
Donta Smith,SG,22,ATL,2005-06,23,127,12.7,0.589,0.148,0.444,2.8,10.7,6.6,11.4,3.3,0.0,11.0,13.0,0.2,0.1,0.3,0.104,-0.7,-1.2,-1.9,0.0
Donte DiVincenzo,SG,22,MIL,2018-19,27,411,9.1,0.507,0.669,0.097,4.2,11.4,8.0,9.7,1.5,1.2,12.8,15.1,0.0,0.6,0.6,0.069,-1.9,0.1,-1.8,0.0
Donte Grantham,SF,23,OKC,2018-19,3,2,-38.1,0.0,1.0,0.0,0.0,0.0,0.0,0.0,0.0,0.0,0.0,40.7,0.0,0.0,0.0,-0.946,-25.2,-13.6,-38.9,0.0
Dontell Jefferson,SG,25,CHA,2008-09,6,84,12.7,0.559,0.091,0.409,1.5,16.1,8.8,18.2,2.6,1.0,18.8,18.0,0.0,0.1,0.2,0.089,-3.1,1.1,-2.0,0.0
Donté Greene,SF,20,SAC,2008-09,55,725,5.2,0.416,0.424,0.144,3.0,10.9,6.9,6.4,1.1,1.4,12.8,17.8,-1.2,0.1,-1.1,-0.074,-5.1,-2.7,-7.8,-1.1
Donté Greene,SF,21,SAC,2009-10,76,1630,11.6,0.526,0.331,0.253,3.7,12.9,8.2,6.8,1.3,2.4,13.1,19.2,0.3,1.2,1.5,0.044,-1.8,-0.6,-2.4,-0.2
Donté Greene,SF,22,SAC,2010-11,69,1127,9.7,0.482,0.399,0.168,4.8,10.2,7.4,6.5,1.6,1.3,12.6,18.2,-0.2,0.8,0.5,0.022,-2.2,-1.2,-3.4,-0.4
Donté Greene,PF,23,SAC,2011-12,53,777,11.8,0.491,0.395,0.207,2.6,16.9,9.4,6.8,1.2,2.7,9.9,18.0,0.3,0.3,0.7,0.041,-2.3,-1.3,-3.6,-0.3
Donyell Marshall,PF,32,CLE,2005-06,81,2077,13.4,0.517,0.589,0.183,5.9,22.3,14.0,4.8,1.5,1.5,11.0,18.2,1.4,2.8,4.2,0.097,-0.4,-0.3,-0.7,0.7
Donyell Marshall,PF,33,CLE,2006-07,81,1360,15.3,0.536,0.55,0.162,7.2,20.8,13.8,5.7,1.5,2.5,11.3,19.8,1.3,2.6,3.8,0.135,-0.2,0.4,0.2,0.8
Donyell Marshall,PF,34,TOT,2007-08,26,340,9.8,0.455,0.541,0.224,7.8,17.2,12.4,4.4,0.9,3.6,12.2,16.0,-0.1,0.4,0.3,0.042,-3.3,-0.2,-3.5,-0.1
Donyell Marshall,PF,34,CLE,2007-08,11,156,8.4,0.427,0.523,0.205,6.4,15.8,11.0,4.9,0.7,4.5,11.1,15.7,-0.1,0.2,0.1,0.039,-4.3,0.2,-4.1,-0.1
Donyell Marshall,PF,34,SEA,2007-08,15,184,10.9,0.477,0.556,0.241,8.9,18.3,13.6,4.0,1.1,2.7,13.1,16.2,0.0,0.2,0.2,0.045,-2.5,-0.6,-3.0,0.0
Donyell Marshall,PF,35,PHI,2008-09,25,189,18.9,0.621,0.753,0.082,3.8,21.7,12.7,13.6,1.1,2.1,7.3,19.7,0.6,0.2,0.8,0.201,4.4,-1.1,3.3,0.3
Dorell Wright,SF,20,MIA,2005-06,20,132,13.2,0.574,0.14,0.395,1.9,25.6,14.3,9.8,1.2,0.6,21.7,22.6,0.0,0.2,0.2,0.064,-4.8,-0.8,-5.6,-0.1
Dorell Wright,SF,21,MIA,2006-07,66,1292,12.7,0.489,0.093,0.236,3.7,20.7,12.4,12.1,1.7,2.8,13.9,17.1,-0.1,2.0,1.9,0.072,-3.7,2.1,-1.6,0.1
Dorell Wright,SF,22,MIA,2007-08,44,1104,14.4,0.537,0.038,0.235,5.1,19.0,11.9,9.4,1.4,3.0,8.2,15.1,1.2,1.1,2.2,0.096,-2.3,1.4,-0.8,0.3
Dorell Wright,SF,23,MIA,2008-09,6,73,3.7,0.398,0.0,0.3,3.3,29.8,16.4,4.2,1.5,0.0,20.9,18.4,-0.2,0.1,-0.1,-0.086,-10.8,-1.3,-12.1,-0.2
Dorell Wright,SF,24,MIA,2009-10,72,1496,14.5,0.567,0.375,0.165,4.0,14.4,9.2,9.8,1.9,1.7,10.6,15.8,2.1,2.2,4.3,0.137,0.2,1.3,1.5,1.3
Dorell Wright,SF,25,GSW,2010-11,82,3147,15.0,0.539,0.45,0.199,3.1,12.6,7.8,11.6,2.0,1.5,9.6,19.3,3.9,1.8,5.8,0.088,1.5,-0.4,1.1,2.5
Dorell Wright,SF,26,GSW,2011-12,61,1650,15.0,0.553,0.555,0.186,4.1,14.9,9.6,8.8,1.8,1.2,8.2,17.3,2.6,0.8,3.4,0.099,1.8,-0.9,0.9,1.2
Dorell Wright,SF,27,PHI,2012-13,79,1783,16.0,0.551,0.603,0.235,2.6,17.0,9.6,13.1,1.8,1.5,8.8,18.7,2.8,2.1,4.9,0.132,1.5,-0.2,1.3,1.5
Dorell Wright,SF,28,POR,2013-14,68,984,11.9,0.524,0.68,0.232,3.2,17.5,10.5,9.4,1.2,1.1,10.6,16.2,0.9,1.0,1.9,0.091,-0.1,-0.3,-0.4,0.4
Dorell Wright,SF,29,POR,2014-15,48,592,13.4,0.525,0.568,0.221,2.6,17.2,10.0,10.2,1.7,1.3,7.9,17.1,0.7,0.8,1.6,0.128,0.1,0.6,0.7,0.4
Dorian Finney-Smith,PF,23,DAL,2016-17,81,1642,7.7,0.486,0.574,0.183,3.7,12.4,7.9,6.0,1.6,1.4,11.1,11.6,-0.1,1.5,1.4,0.041,-2.8,1.3,-1.4,0.2
Dorian Finney-Smith,PF,24,DAL,2017-18,21,448,7.6,0.482,0.554,0.124,5.3,13.6,9.3,8.4,1.1,0.8,14.1,15.1,-0.2,0.3,0.1,0.015,-2.8,-0.3,-3.1,-0.1
Dorian Finney-Smith,SF,25,DAL,2018-19,81,1985,11.0,0.53,0.481,0.195,7.5,13.4,10.5,6.9,1.7,1.5,11.4,14.0,1.2,2.0,3.3,0.079,-1.0,1.1,0.2,1.1
Doron Lamb,SG,21,TOT,2012-13,47,577,4.8,0.433,0.227,0.209,1.5,7.4,4.4,8.2,1.2,0.0,12.7,15.7,-0.6,0.2,-0.4,-0.032,-5.2,-2.3,-7.5,-0.8
Doron Lamb,SG,22,ORL,2013-14,53,695,7.5,0.543,0.563,0.225,1.3,6.7,4.0,9.3,0.8,0.1,13.3,13.3,0.3,0.2,0.5,0.036,-2.2,-2.4,-4.6,-0.4
Doug Christie,SG,35,DAL,2005-06,7,185,6.8,0.416,0.038,0.462,1.3,7.0,4.2,10.9,2.7,0.4,16.1,9.4,-0.1,0.2,0.1,0.035,-2.9,1.3,-1.6,0.0
Doug Christie,SG,36,LAC,2006-07,7,82,4.1,0.355,0.353,0.176,4.4,11.6,8.0,14.6,1.9,0.9,21.4,13.1,-0.1,0.1,-0.1,-0.031,-5.3,0.0,-5.3,-0.1
Doug McDermott,SF,23,CHI,2014-15,36,321,6.1,0.48,0.383,0.14,2.1,12.2,7.3,3.0,0.6,0.2,13.0,18.3,-0.3,0.2,0.0,-0.005,-4.8,-3.3,-8.0,-0.5
Doug McDermott,SF,24,CHI,2015-16,81,1861,10.9,0.561,0.402,0.13,2.1,8.8,5.5,5.0,0.4,0.2,7.2,17.3,2.1,0.7,2.8,0.073,-0.3,-2.8,-3.1,-0.5
Doug McDermott,SF,25,TOT,2016-17,66,1508,10.7,0.554,0.419,0.169,1.4,11.5,6.4,5.9,0.4,0.3,6.6,16.4,1.6,1.0,2.6,0.083,-1.2,-2.3,-3.5,-0.6
Doug McDermott,SF,26,TOT,2017-18,81,1768,10.4,0.579,0.425,0.159,2.5,10.2,6.3,6.5,0.5,0.8,9.3,15.0,1.7,0.6,2.3,0.063,-0.7,-1.7,-2.4,-0.2
Doug McDermott,SF,27,IND,2018-19,77,1340,11.6,0.617,0.488,0.187,1.4,7.5,4.5,7.1,0.7,0.5,8.4,16.3,1.8,1.1,2.9,0.103,0.0,-2.1,-2.1,0.0
Dragan Bender,PF,19,PHO,2016-17,43,574,5.3,0.44,0.627,0.068,4.2,15.6,9.7,5.5,0.8,3.1,16.2,14.4,-0.7,0.3,-0.3,-0.029,-4.0,-0.3,-4.3,-0.3
Dragan Bender,PF,20,PHO,2017-18,82,2069,7.1,0.524,0.665,0.105,2.0,16.8,9.3,8.9,0.5,2.1,18.1,12.7,-0.7,0.8,0.1,0.001,-2.7,0.0,-2.7,-0.4
Dragan Bender,PF,21,PHO,2018-19,46,826,9.5,0.521,0.513,0.274,4.5,20.3,12.3,9.4,1.0,2.2,14.4,13.4,0.0,0.4,0.5,0.027,-3.1,-0.3,-3.4,-0.3
Draymond Green,SF,22,GSW,2012-13,79,1061,7.1,0.404,0.261,0.214,6.2,20.3,13.5,7.0,2.0,1.8,15.4,14.0,-0.9,1.6,0.6,0.028,-4.8,1.7,-3.1,-0.3
Draymond Green,SF,23,GSW,2013-14,82,1797,12.7,0.498,0.359,0.268,5.3,19.3,12.4,11.9,2.8,3.0,15.1,14.8,0.7,3.8,4.5,0.119,-1.6,4.4,2.8,2.2
Draymond Green,PF,24,GSW,2014-15,79,2490,16.4,0.54,0.43,0.261,5.1,22.4,14.0,16.1,2.4,2.9,13.5,17.2,3.3,5.2,8.5,0.163,1.0,4.0,5.0,4.4
Draymond Green,PF,25,GSW,2015-16,81,2808,19.3,0.587,0.315,0.402,5.5,23.0,14.7,29.0,2.0,3.0,21.2,18.8,6.0,5.1,11.1,0.19,2.0,3.9,5.8,5.5
Draymond Green,PF,26,GSW,2016-17,76,2471,16.5,0.522,0.405,0.328,4.7,20.9,13.3,27.6,3.0,3.4,19.8,16.2,2.8,5.4,8.2,0.16,0.5,5.0,5.4,4.6
Draymond Green,PF,27,GSW,2017-18,70,2287,16.1,0.556,0.414,0.279,3.9,21.1,13.1,29.0,2.0,3.1,22.5,17.2,2.6,3.4,6.1,0.127,0.4,2.7,3.2,3.0
Draymond Green,PF,28,GSW,2018-19,66,2065,12.9,0.526,0.391,0.216,3.2,20.8,12.4,26.8,2.2,2.8,26.8,13.1,1.1,3.2,4.3,0.1,-1.4,3.4,2.0,2.1
Drew Eubanks,PF,21,SAS,2018-19,23,113,15.1,0.646,0.0,0.5,5.8,26.8,16.4,8.3,0.9,3.7,20.1,15.5,0.1,0.2,0.3,0.12,-3.6,1.3,-2.3,0.0
Drew Gooden,PF,24,CLE,2005-06,79,2174,17.6,0.552,0.005,0.396,12.8,23.5,18.1,4.4,1.3,1.7,12.2,18.6,3.6,2.9,6.6,0.145,-0.9,0.1,-0.8,0.7
Drew Gooden,PF,25,CLE,2006-07,80,2238,16.5,0.508,0.008,0.254,13.3,22.3,17.7,6.7,1.7,1.0,11.7,20.0,2.4,4.1,6.5,0.139,-1.2,1.2,0.0,1.1
Drew Gooden,PF,26,TOT,2007-08,69,2122,13.8,0.495,0.008,0.291,9.1,23.0,15.8,6.5,1.2,2.0,12.8,20.3,0.5,2.8,3.3,0.074,-3.4,0.3,-3.1,-0.6
Drew Gooden,PF,26,CLE,2007-08,51,1564,12.5,0.487,0.006,0.289,8.3,23.0,15.4,5.4,1.2,1.5,13.4,19.7,-0.1,2.1,2.0,0.06,-4.2,0.0,-4.2,-0.9
Drew Gooden,PF,26,CHI,2007-08,18,558,17.4,0.514,0.014,0.295,11.3,22.8,16.9,9.7,1.2,3.2,11.2,21.9,0.6,0.8,1.3,0.114,-1.2,1.1,0.0,0.3
Drew Gooden,PF,27,TOT,2008-09,51,1264,16.3,0.526,0.008,0.308,10.4,22.6,16.6,6.3,1.2,1.0,11.7,23.5,1.1,1.6,2.7,0.102,-2.2,-1.3,-3.5,-0.5
Drew Gooden,PF,27,CHI,2008-09,31,918,15.3,0.514,0.009,0.276,10.3,22.8,16.6,7.7,1.5,1.1,12.6,21.9,0.6,1.1,1.7,0.09,-1.8,-0.3,-2.1,0.0
Drew Gooden,PF,27,SAC,2008-09,1,26,18.7,0.607,0.0,0.222,13.4,45.2,29.2,13.8,0.0,0.0,23.3,22.2,0.0,0.0,0.0,0.082,-3.4,-2.1,-5.6,0.0
Drew Gooden,PF,27,SAS,2008-09,19,320,18.8,0.55,0.007,0.393,10.6,20.2,15.5,1.7,0.7,0.9,8.6,28.2,0.5,0.5,0.9,0.139,-3.3,-4.2,-7.5,-0.4
Drew Gooden,C,28,TOT,2009-10,70,1755,16.9,0.547,0.013,0.359,13.7,21.9,17.8,4.4,1.2,2.5,13.4,21.0,2.3,2.2,4.4,0.121,-1.6,-0.3,-1.9,0.0
Drew Gooden,PF,29,MIL,2010-11,35,860,15.9,0.487,0.055,0.282,9.6,22.9,16.1,10.3,1.3,1.6,10.2,24.6,0.3,1.5,1.8,0.101,-2.3,0.8,-1.5,0.1
Drew Gooden,C,30,MIL,2011-12,56,1469,18.8,0.512,0.084,0.317,9.5,18.0,13.6,16.5,1.6,1.7,12.7,25.7,2.0,1.5,3.6,0.116,0.7,0.3,1.0,1.1
Drew Gooden,C,31,MIL,2012-13,16,151,7.7,0.382,0.082,0.262,8.9,13.3,11.0,6.1,1.7,2.9,11.7,22.2,-0.3,0.2,-0.1,-0.034,-6.5,-0.7,-7.2,-0.2
Drew Gooden,C,32,WAS,2013-14,22,395,18.4,0.591,0.119,0.189,10.7,23.0,16.7,6.3,1.3,1.5,9.9,19.7,0.9,0.6,1.4,0.173,-0.2,-0.8,-0.9,0.1
Drew Gooden,PF,33,WAS,2014-15,51,864,11.9,0.469,0.214,0.159,9.6,19.3,14.5,8.6,1.2,0.8,8.7,17.0,0.5,1.2,1.7,0.094,-1.8,0.2,-1.6,0.1
Drew Gooden,PF,34,WAS,2015-16,30,305,7.5,0.376,0.398,0.136,10.1,21.3,15.6,6.0,1.3,2.9,10.6,17.5,-0.4,0.4,0.0,-0.005,-5.1,0.1,-5.0,-0.2
Drew Gordon,PF,24,PHI,2014-15,9,71,3.7,0.428,0.158,0.105,10.2,17.7,13.7,4.8,0.7,0.0,28.7,17.1,-0.2,0.1,-0.1,-0.093,-9.0,-2.3,-11.3,-0.2
Duje Dukan,SF,24,SAC,2015-16,1,24,4.2,0.3,0.5,0.0,9.1,9.0,9.0,5.6,2.0,0.0,0.0,17.7,0.0,0.0,0.0,-0.057,-3.9,-2.8,-6.7,0.0
Duncan Robinson,PF,24,MIA,2018-19,15,161,7.6,0.514,0.761,0.13,1.3,11.2,6.3,4.4,1.5,0.0,7.6,14.0,0.0,0.2,0.2,0.051,-2.6,-1.6,-4.2,-0.1
Dusty Hannahs,SG,25,MEM,2018-19,2,26,4.5,0.311,0.417,0.167,0.0,4.4,2.2,28.8,1.9,0.0,7.2,23.9,-0.1,0.0,-0.1,-0.125,-7.2,-5.1,-12.2,-0.1
Dwayne Bacon,SG,22,CHO,2017-18,53,713,5.8,0.431,0.224,0.13,0.6,18.5,9.4,7.5,1.1,0.2,10.2,13.7,-0.7,0.6,-0.1,-0.007,-5.4,-0.3,-5.7,-0.7
Dwayne Bacon,SG,23,CHO,2018-19,43,759,11.7,0.57,0.339,0.179,1.1,11.7,6.3,9.2,0.8,0.6,6.1,16.8,0.9,0.3,1.2,0.073,-1.2,-2.4,-3.5,-0.3
Dwayne Jones,PF,22,BOS,2005-06,14,87,9.2,0.445,0.0,1.3,14.4,28.7,21.7,3.3,0.6,2.6,16.0,9.9,0.0,0.1,0.1,0.081,-4.8,-0.3,-5.1,-0.1
Dwayne Jones,PF,23,CLE,2006-07,4,18,-0.5,0.412,0.0,6.0,6.3,33.1,19.4,0.0,0.0,0.0,35.5,14.2,-0.1,0.0,0.0,-0.068,-13.3,-4.0,-17.3,-0.1
Dwayne Jones,PF,24,CLE,2007-08,56,472,11.1,0.538,0.021,1.234,16.2,17.7,16.9,3.1,1.1,4.2,19.0,8.6,0.5,0.7,1.2,0.121,-2.9,1.6,-1.2,0.1
Dwayne Jones,PF,25,CHA,2008-09,6,52,8.0,0.622,0.0,0.857,14.4,14.2,14.3,0.0,0.0,1.6,29.3,12.4,0.0,0.0,0.1,0.051,-5.5,-3.7,-9.1,-0.1
Dwayne Jones,PF,26,PHO,2009-10,2,7,1.4,,,,0.0,30.5,16.1,0.0,0.0,0.0,,0.0,0.0,0.0,0.0,0.045,-7.4,-0.8,-8.2,0.0
Dwight Buycks,PG,24,TOR,2013-14,14,146,7.2,0.414,0.354,0.188,3.2,15.2,9.2,10.6,2.9,0.0,16.1,19.3,-0.2,0.2,0.0,-0.009,-4.8,0.2,-4.5,-0.1
Dwight Buycks,PG,25,LAL,2014-15,6,123,13.1,0.586,0.275,0.25,1.7,9.3,5.4,18.4,1.2,0.0,21.3,20.4,0.1,0.0,0.1,0.027,-1.6,-3.3,-4.9,-0.1
Dwight Buycks,PG,28,DET,2017-18,29,427,12.8,0.498,0.227,0.207,3.0,7.7,5.3,22.4,2.2,0.4,15.3,26.4,-0.2,0.4,0.2,0.027,-2.5,-1.8,-4.3,-0.2
Dwight Howard,PF,20,ORL,2005-06,82,3021,19.3,0.565,0.002,0.679,12.1,29.2,20.9,7.2,1.2,3.0,15.9,21.3,4.2,4.4,8.6,0.137,-0.2,1.4,1.2,2.5
Dwight Howard,C,21,ORL,2006-07,82,3023,21.1,0.619,0.002,0.763,11.8,28.9,20.5,9.5,1.2,4.2,21.4,22.7,3.9,5.8,9.7,0.154,0.5,3.1,3.6,4.3
Dwight Howard,C,22,ORL,2007-08,82,3088,22.9,0.619,0.004,0.921,10.9,31.6,21.7,6.1,1.2,4.2,16.1,24.2,6.4,6.4,12.9,0.2,-0.2,2.5,2.2,3.3
Dwight Howard,C,23,ORL,2008-09,79,2821,25.4,0.6,0.002,0.867,13.8,29.5,21.8,7.3,1.4,5.9,15.1,26.1,6.2,7.6,13.8,0.234,0.1,4.3,4.4,4.6
Dwight Howard,C,24,ORL,2009-10,82,2843,24.0,0.63,0.008,0.978,12.0,31.3,22.0,8.7,1.4,6.0,18.7,23.9,6.1,7.1,13.2,0.223,0.4,5.0,5.5,5.4
Dwight Howard,C,25,ORL,2010-11,78,2935,26.1,0.616,0.007,0.877,12.6,30.6,21.8,6.8,1.9,4.9,16.2,27.2,6.7,7.7,14.4,0.235,0.9,3.9,4.8,5.0
Dwight Howard,C,26,ORL,2011-12,54,2070,24.2,0.569,0.01,0.788,11.0,33.1,21.9,9.8,2.1,4.4,15.2,26.1,3.3,4.4,7.7,0.179,0.1,3.7,3.8,3.0
Dwight Howard,C,27,LAL,2012-13,76,2722,19.4,0.573,0.007,0.887,10.4,27.4,19.1,6.6,1.6,4.9,16.6,22.2,2.8,4.8,7.6,0.134,-1.5,2.8,1.3,2.3
Dwight Howard,C,28,HOU,2013-14,71,2396,21.3,0.6,0.009,0.798,11.4,27.9,20.1,9.3,1.2,4.0,17.5,24.0,4.0,4.1,8.0,0.161,-0.3,2.2,1.9,2.4
Dwight Howard,C,29,HOU,2014-15,41,1223,19.2,0.596,0.005,0.641,10.0,28.9,19.5,7.3,1.1,3.4,17.5,23.3,1.4,2.2,3.6,0.14,-2.4,1.2,-1.2,0.3
Dwight Howard,C,30,HOU,2015-16,71,2280,18.9,0.604,0.01,0.79,11.4,29.1,20.2,7.0,1.5,4.1,17.0,18.4,3.5,3.1,6.6,0.138,-1.1,1.8,0.6,1.5
Dwight Howard,C,31,ATL,2016-17,74,2199,20.8,0.627,0.003,0.692,15.0,31.7,23.5,7.8,1.4,3.6,17.5,19.2,3.8,4.5,8.3,0.181,-0.5,2.8,2.3,2.4
Dwight Howard,C,32,CHO,2017-18,81,2463,20.5,0.577,0.008,0.639,11.0,33.8,22.2,7.1,1.0,4.4,15.1,24.2,2.9,3.9,6.8,0.132,-2.0,1.7,-0.3,1.1
Dwight Howard,C,33,WAS,2018-19,9,230,17.4,0.638,0.0,0.696,11.1,28.3,19.6,2.6,1.4,1.5,15.1,19.6,0.4,0.2,0.6,0.124,-2.9,-2.3,-5.2,-0.2
Dwight Powell,PF,23,TOT,2014-15,29,236,13.8,0.552,0.164,0.493,8.3,14.9,11.6,5.5,1.9,2.1,11.9,17.5,0.3,0.3,0.6,0.122,-1.0,0.1,-0.9,0.1
Dwight Powell,PF,24,DAL,2015-16,69,992,16.8,0.557,0.054,0.48,9.3,20.9,15.1,7.2,1.8,2.0,10.0,18.4,1.8,1.3,3.1,0.151,-1.3,1.0,-0.3,0.4
Dwight Powell,C,25,DAL,2016-17,77,1333,17.6,0.588,0.196,0.374,7.7,19.5,13.3,6.1,2.4,2.6,7.2,16.7,2.7,1.9,4.6,0.165,-0.5,1.9,1.4,1.2
Dwight Powell,C,26,DAL,2017-18,79,1672,18.8,0.656,0.195,0.43,8.7,21.3,14.7,8.5,2.0,1.7,10.3,15.5,4.6,2.1,6.6,0.191,1.1,1.6,2.7,2.0
Dwight Powell,C,27,DAL,2018-19,77,1662,20.4,0.682,0.261,0.523,9.1,17.3,13.2,10.7,1.3,2.6,10.1,17.2,5.6,1.9,7.5,0.215,2.8,1.2,4.0,2.5
Dwyane Wade,SG,24,MIA,2005-06,75,2892,27.6,0.577,0.054,0.568,4.5,12.6,8.7,33.0,2.6,1.5,13.2,32.5,10.2,4.2,14.4,0.239,5.9,1.6,7.5,7.0
Dwyane Wade,SG,25,MIA,2006-07,51,1931,28.9,0.583,0.082,0.556,3.2,11.2,7.3,40.5,3.0,2.5,15.3,34.7,5.9,2.9,8.8,0.219,6.5,1.9,8.4,5.1
Dwyane Wade,SG,26,MIA,2007-08,51,1954,21.5,0.549,0.082,0.498,2.7,10.5,6.6,37.5,2.4,1.5,16.4,33.1,1.8,1.5,3.3,0.082,3.0,0.0,3.0,2.5
Dwyane Wade,SG,27,MIA,2008-09,79,3048,30.4,0.574,0.16,0.443,3.5,12.2,7.8,40.3,3.0,2.8,11.6,36.2,10.3,4.4,14.7,0.232,8.7,2.0,10.7,9.7
Dwyane Wade,SG,28,MIA,2009-10,77,2792,28.0,0.562,0.161,0.465,4.5,11.1,7.8,36.4,2.7,2.4,12.2,34.9,8.5,4.6,13.0,0.224,7.4,2.0,9.4,8.0
Dwyane Wade,SG,29,MIA,2010-11,76,2823,25.6,0.581,0.149,0.471,5.5,14.4,10.2,23.5,2.1,2.4,12.4,31.6,8.1,4.7,12.8,0.218,4.4,1.5,5.9,5.7
Dwyane Wade,SG,30,MIA,2011-12,49,1625,26.3,0.559,0.067,0.355,5.6,11.6,8.7,27.3,2.7,3.1,11.8,31.3,4.8,2.9,7.7,0.227,4.5,1.8,6.3,3.4
Dwyane Wade,SG,31,MIA,2012-13,69,2391,24.0,0.571,0.06,0.389,4.7,12.6,8.9,26.6,2.8,1.9,13.2,29.5,6.1,3.5,9.6,0.192,2.8,1.1,3.9,3.5
Dwyane Wade,SG,32,MIA,2013-14,54,1775,22.0,0.588,0.042,0.339,4.4,12.3,8.5,25.5,2.3,1.4,15.5,27.9,3.5,2.0,5.5,0.149,1.9,0.3,2.3,1.9
Dwyane Wade,SG,33,MIA,2014-15,62,1971,21.4,0.534,0.094,0.341,3.6,9.6,6.7,32.1,2.0,0.9,14.4,34.7,2.1,1.4,3.5,0.086,2.4,-1.2,1.2,1.6
Dwyane Wade,SG,34,MIA,2015-16,74,2258,20.3,0.517,0.037,0.343,4.3,10.7,7.6,27.4,1.8,1.4,13.0,31.6,2.4,2.6,4.9,0.105,0.9,-0.1,0.8,1.6
Dwyane Wade,SG,35,CHI,2016-17,60,1792,18.5,0.508,0.152,0.294,3.8,12.6,8.1,22.3,2.4,1.8,11.3,29.6,0.9,2.5,3.4,0.09,0.4,0.6,1.0,1.3
Dwyane Wade,SG,36,TOT,2017-18,67,1536,15.0,0.5,0.163,0.277,3.7,14.6,9.2,23.5,2.0,2.6,15.5,26.2,-0.4,1.6,1.1,0.036,-2.4,0.3,-2.1,0.0
Dwyane Wade,SG,37,MIA,2018-19,72,1885,15.8,0.51,0.272,0.243,3.9,12.2,8.0,26.5,1.5,1.8,13.5,27.9,0.1,2.3,2.4,0.061,-0.4,0.0,-0.5,0.7
Dāvis Bertāns,PF,25,SAS,2017-18,77,1086,14.1,0.588,0.689,0.134,1.8,13.9,7.8,10.3,1.2,2.1,8.5,17.4,1.6,1.4,3.1,0.135,1.2,-0.3,1.0,0.8
Dāvis Bertāns,PF,26,SAS,2018-19,76,1632,13.0,0.632,0.746,0.132,1.6,16.0,8.8,8.2,1.0,1.7,8.2,14.1,2.6,1.5,4.0,0.118,1.6,-0.4,1.2,1.3
Džanan Musa,SG,19,BRK,2018-19,9,39,5.8,0.415,0.455,0.091,2.7,10.7,6.7,8.6,2.4,0.0,14.9,29.0,-0.2,0.0,-0.1,-0.152,-7.6,-2.8,-10.4,-0.1
E'Twaun Moore,PG,22,BOS,2011-12,38,331,8.8,0.474,0.398,0.062,1.5,9.9,5.9,17.0,1.8,0.7,15.3,19.9,-0.3,0.5,0.2,0.031,-3.0,-0.5,-3.5,-0.1
E'Twaun Moore,SG,23,ORL,2012-13,75,1682,10.7,0.471,0.329,0.099,3.2,8.0,5.6,19.1,1.6,1.1,14.4,19.7,-0.4,0.7,0.2,0.006,-1.8,-1.4,-3.2,-0.5
E'Twaun Moore,SG,24,ORL,2013-14,79,1506,11.1,0.513,0.353,0.149,2.2,8.1,5.1,11.8,2.0,0.7,10.2,16.4,0.6,1.1,1.7,0.055,-1.5,-0.8,-2.3,-0.1
E'Twaun Moore,SG,25,CHI,2014-15,56,504,10.3,0.504,0.273,0.144,2.7,7.1,5.0,10.4,2.1,0.9,8.7,14.4,0.3,0.5,0.8,0.08,-1.8,-0.6,-2.5,-0.1
E'Twaun Moore,SG,26,CHI,2015-16,59,1263,11.4,0.548,0.267,0.09,1.6,9.3,5.5,12.1,1.5,1.0,11.6,15.9,0.9,1.0,1.8,0.07,-1.1,-0.7,-1.8,0.1
E'Twaun Moore,SG,27,NOP,2016-17,73,1820,12.1,0.537,0.336,0.12,1.9,6.9,4.4,13.8,1.3,1.4,8.7,17.4,1.2,1.5,2.7,0.07,-0.9,-0.5,-1.3,0.3
E'Twaun Moore,SG,28,NOP,2017-18,82,2586,12.1,0.593,0.362,0.082,2.5,7.3,5.0,10.1,1.5,0.4,10.6,16.1,2.8,1.6,4.4,0.081,0.6,-0.8,-0.2,1.2
E'Twaun Moore,SG,29,NOP,2018-19,53,1463,11.5,0.567,0.331,0.111,2.5,6.4,4.5,9.5,1.3,0.4,9.6,17.3,1.2,0.5,1.7,0.055,-0.2,-1.9,-2.2,-0.1
Earl Barron,C,24,MIA,2005-06,8,45,-2.8,0.366,0.0,0.25,5.5,20.1,13.1,0.0,0.0,0.0,22.0,23.4,-0.2,0.0,-0.2,-0.167,-13.9,-6.4,-20.4,-0.2
Earl Barron,C,25,MIA,2006-07,28,203,6.6,0.357,0.012,0.217,11.3,12.5,11.9,4.0,1.6,1.6,10.8,23.8,-0.5,0.2,-0.3,-0.062,-8.1,-2.3,-10.4,-0.4
Earl Barron,C,26,MIA,2007-08,46,889,9.4,0.446,0.04,0.266,8.9,17.9,13.3,5.8,1.1,0.7,11.6,22.0,-1.0,0.6,-0.4,-0.019,-5.5,-2.2,-7.7,-1.3
Earl Barron,C,28,NYK,2009-10,7,232,14.7,0.508,0.0,0.426,14.9,22.9,18.9,5.2,0.9,1.3,12.0,17.9,0.3,0.2,0.4,0.091,-2.5,-1.4,-3.8,-0.1
Earl Barron,C,29,TOT,2010-11,21,305,6.2,0.361,0.0,0.242,12.1,17.2,14.6,5.8,1.4,1.5,12.7,18.9,-0.6,0.3,-0.2,-0.039,-6.3,-0.3,-6.6,-0.3
Earl Barron,C,30,GSW,2011-12,2,9,4.7,0.5,0.0,0.0,12.6,0.0,6.3,0.0,0.0,0.0,0.0,20.5,0.0,0.0,0.0,0.054,-2.0,-8.3,-10.3,0.0
Earl Barron,C,31,TOT,2012-13,12,159,8.9,0.361,0.0,0.137,15.4,28.1,21.6,5.0,1.6,3.0,16.9,18.8,-0.3,0.3,0.0,-0.003,-7.6,1.0,-6.6,-0.2
Earl Barron,C,33,PHO,2014-15,16,143,5.0,0.361,0.103,0.308,10.6,10.8,10.7,4.9,1.4,1.1,10.1,15.1,-0.1,0.1,0.0,-0.011,-5.0,-0.9,-5.9,-0.1
Earl Boykins,PG,29,DEN,2005-06,60,1542,15.7,0.513,0.271,0.263,1.6,4.5,3.1,25.0,1.6,0.2,10.1,23.8,2.0,0.9,2.9,0.09,1.1,-3.2,-2.1,0.0
Earl Boykins,PG,30,TOT,2006-07,66,2031,16.2,0.548,0.311,0.319,2.8,5.1,4.0,22.7,1.4,0.1,12.0,21.6,4.1,0.4,4.5,0.105,1.9,-3.1,-1.2,0.4
Earl Boykins,PG,30,DEN,2006-07,31,877,17.7,0.542,0.291,0.347,3.0,5.1,4.0,24.2,1.4,0.2,10.7,23.8,2.0,0.5,2.5,0.134,2.3,-2.8,-0.5,0.3
Earl Boykins,PG,30,MIL,2006-07,35,1154,15.1,0.554,0.33,0.292,2.6,5.2,3.9,21.5,1.4,0.0,13.4,19.9,2.1,-0.1,2.0,0.083,1.6,-3.3,-1.7,0.1
Earl Boykins,PG,31,CHA,2007-08,36,577,10.0,0.467,0.256,0.343,1.8,5.0,3.4,26.0,1.2,0.0,17.2,19.0,-0.1,0.1,0.0,0.001,-3.2,-3.9,-7.1,-0.7
Earl Boykins,PG,33,WAS,2009-10,67,1117,12.9,0.498,0.149,0.221,1.7,6.1,3.9,25.3,1.1,0.2,13.5,20.7,0.6,0.3,1.0,0.042,-1.4,-3.3,-4.7,-0.8
Earl Boykins,PG,34,MIL,2010-11,57,862,17.6,0.526,0.202,0.233,2.0,5.6,3.7,30.9,2.4,0.3,11.8,23.9,1.1,1.1,2.3,0.125,0.8,-1.8,-1.0,0.2
Earl Boykins,PG,35,HOU,2011-12,8,111,10.3,0.458,0.25,0.417,0.0,11.6,5.7,23.0,0.5,0.0,14.1,20.3,0.0,0.0,0.1,0.029,-3.2,-3.1,-6.3,-0.1
Earl Clark,PF,22,PHO,2009-10,51,383,8.5,0.42,0.033,0.238,5.6,12.3,9.1,7.8,0.9,2.4,12.1,21.9,-0.5,0.2,-0.3,-0.033,-5.8,-1.1,-6.9,-0.5
Earl Clark,SF,23,TOT,2010-11,42,464,10.1,0.456,0.032,0.297,9.5,15.7,12.7,3.1,0.9,3.0,13.5,20.5,-0.4,0.7,0.3,0.03,-5.9,-0.1,-6.0,-0.5
Earl Clark,PF,24,ORL,2011-12,45,559,8.1,0.405,0.0,0.209,7.1,18.6,12.8,5.2,1.2,4.5,14.1,14.8,-0.5,0.8,0.3,0.027,-6.2,2.4,-3.8,-0.3
Earl Clark,PF,25,LAL,2012-13,59,1363,12.4,0.51,0.269,0.197,6.8,19.1,13.1,7.4,1.3,2.3,12.9,15.7,0.7,1.5,2.3,0.08,-2.0,1.0,-0.9,0.4
Earl Clark,PF,26,TOT,2013-14,54,768,9.1,0.466,0.467,0.13,3.2,18.2,10.5,3.7,1.1,2.8,10.1,17.9,-0.4,0.8,0.3,0.02,-3.9,-0.9,-4.8,-0.5
Earl Clark,PF,27,BRK,2014-15,10,93,6.7,0.425,0.467,0.133,1.2,26.5,13.9,5.0,1.7,3.5,15.9,18.5,-0.2,0.1,-0.1,-0.037,-6.6,0.5,-6.1,-0.1
Earl Watson,PG,26,TOT,2005-06,70,1578,14.6,0.558,0.534,0.218,1.8,10.1,5.9,29.0,2.2,0.5,19.6,19.7,1.7,1.0,2.7,0.081,1.7,-1.8,-0.1,0.8
Earl Watson,PG,26,DEN,2005-06,46,975,12.8,0.563,0.61,0.209,2.1,8.2,5.2,25.3,1.9,0.5,19.6,17.6,0.8,0.8,1.6,0.08,1.1,-1.6,-0.5,0.4
Earl Watson,PG,26,SEA,2005-06,24,603,17.3,0.552,0.441,0.229,1.4,13.2,7.2,34.9,2.7,0.4,19.6,23.1,0.9,0.1,1.1,0.084,2.9,-2.2,0.7,0.4
Earl Watson,PG,27,SEA,2006-07,77,2152,13.5,0.483,0.408,0.214,1.9,8.5,5.2,31.4,2.4,0.8,18.2,19.4,0.9,1.1,2.0,0.044,0.2,-1.4,-1.3,0.4
Earl Watson,PG,28,SEA,2007-08,78,2269,14.6,0.517,0.177,0.194,2.1,8.7,5.4,36.6,1.5,0.3,17.8,18.8,1.7,1.1,2.9,0.061,0.2,-1.8,-1.6,0.3
Earl Watson,PG,29,OKC,2008-09,68,1776,9.5,0.448,0.188,0.234,2.3,9.7,5.9,33.4,1.4,0.5,23.8,16.3,-1.2,1.1,-0.2,-0.005,-3.4,-1.7,-5.0,-1.4
Earl Watson,PG,30,IND,2009-10,79,2322,10.9,0.517,0.351,0.323,2.5,8.8,5.6,25.6,2.2,0.5,22.6,14.7,0.3,2.3,2.6,0.055,-1.6,0.2,-1.5,0.3
Earl Watson,PG,31,UTA,2010-11,80,1567,10.2,0.5,0.349,0.267,4.0,10.1,7.0,25.7,2.1,0.9,25.3,13.4,0.2,0.8,1.0,0.03,-1.7,-0.9,-2.6,-0.3
Earl Watson,PG,32,UTA,2011-12,50,1033,9.5,0.413,0.325,0.288,3.3,10.2,6.7,28.9,2.7,1.7,32.0,11.5,-0.6,0.9,0.4,0.018,-2.5,1.0,-1.5,0.1
Earl Watson,PG,33,UTA,2012-13,48,829,7.7,0.366,0.233,0.208,3.2,9.1,6.1,31.8,2.5,0.8,34.5,11.0,-0.6,0.7,0.0,0.001,-4.1,-0.4,-4.5,-0.5
Earl Watson,PG,34,POR,2013-14,24,161,2.1,0.47,0.636,0.364,3.4,6.6,5.0,22.0,1.6,0.4,57.1,8.1,-0.2,0.1,-0.1,-0.018,-5.1,-0.5,-5.6,-0.1
Ed Davis,PF,21,TOR,2010-11,65,1602,15.8,0.583,0.0,0.343,12.1,22.3,17.1,3.8,1.3,3.2,10.1,13.3,2.9,1.1,4.0,0.119,-0.1,0.5,0.3,0.9
Ed Davis,PF,22,TOR,2011-12,66,1534,14.2,0.544,0.003,0.316,10.4,23.0,16.7,6.5,1.4,3.4,14.9,13.8,1.6,2.3,3.9,0.121,-1.7,2.6,0.9,1.1
Ed Davis,C,23,TOT,2012-13,81,1631,17.8,0.561,0.0,0.346,10.9,22.8,16.7,6.7,1.2,4.2,10.2,17.6,2.9,2.4,5.4,0.159,-0.8,1.6,0.8,1.1
Ed Davis,PF,24,MEM,2013-14,63,956,15.9,0.542,0.0,0.307,11.4,20.9,16.1,4.5,0.9,3.7,10.8,17.8,1.2,1.4,2.6,0.129,-1.9,0.5,-1.3,0.2
Ed Davis,PF,25,LAL,2014-15,79,1840,20.0,0.594,0.0,0.403,13.3,23.1,18.0,8.3,1.4,4.3,9.5,14.8,4.6,1.6,6.3,0.164,1.1,1.9,3.0,2.3
Ed Davis,PF,26,POR,2015-16,81,1684,18.7,0.616,0.0,0.605,14.4,24.2,19.3,7.7,1.7,3.3,13.0,12.7,4.4,2.3,6.7,0.192,0.8,2.5,3.3,2.3
Ed Davis,PF,27,POR,2016-17,46,789,11.5,0.563,0.0,0.57,13.4,20.9,17.1,4.6,0.9,2.2,17.2,12.0,1.0,0.7,1.7,0.104,-2.2,0.1,-2.1,0.0
Ed Davis,C,28,POR,2017-18,78,1471,15.5,0.607,0.003,0.38,13.7,28.8,21.3,3.9,1.1,2.9,16.2,12.1,2.5,2.5,5.0,0.164,-1.8,1.8,0.0,0.7
Ed Davis,C,29,BRK,2018-19,81,1446,17.3,0.632,0.007,0.536,15.8,34.6,25.2,6.0,1.2,1.8,14.6,12.7,3.3,2.5,5.7,0.191,-1.4,1.7,0.4,0.9
Eddie Basden,SF,22,CHI,2005-06,19,141,10.3,0.471,0.189,0.27,5.7,17.0,11.4,8.8,3.3,1.1,17.9,16.1,-0.1,0.3,0.2,0.065,-4.0,2.7,-1.4,0.0
Eddie Gill,PG,27,IND,2005-06,41,122,9.9,0.408,0.511,0.511,0.0,13.8,7.1,15.8,4.8,0.6,14.0,24.5,-0.2,0.3,0.1,0.02,-3.9,1.3,-2.5,0.0
Eddie Gill,PG,29,TOT,2007-08,14,154,10.9,0.543,0.484,0.29,0.8,15.8,8.3,22.1,2.4,1.0,20.5,13.0,0.1,0.2,0.2,0.077,-2.5,0.0,-2.6,0.0
Eddie Gill,PG,29,NJN,2007-08,13,149,11.9,0.576,0.483,0.31,0.8,16.4,8.6,22.0,2.5,1.0,19.5,12.6,0.1,0.2,0.3,0.101,-1.9,0.3,-1.6,0.0
Eddie Gill,PG,29,SEA,2007-08,1,5,-18.9,0.0,0.5,0.0,0.0,0.0,0.0,25.4,0.0,0.0,33.3,26.0,-0.1,0.0,-0.1,-0.634,-21.7,-9.2,-30.9,0.0
Eddie Gill,PG,30,MIL,2008-09,6,43,15.5,0.778,0.333,0.0,0.0,11.5,5.5,41.2,3.6,1.9,35.7,14.6,0.1,0.1,0.1,0.155,-0.5,-0.9,-1.4,0.0
Eddie Griffin,C,23,MIN,2005-06,70,1359,12.2,0.397,0.222,0.2,9.7,24.3,17.2,4.7,0.5,8.2,9.7,15.6,-1.0,2.6,1.5,0.055,-5.2,3.2,-2.0,0.0
Eddie Griffin,PF,24,MIN,2006-07,13,92,5.2,0.308,0.037,0.185,9.3,22.8,16.3,6.5,0.0,5.9,17.0,17.8,-0.3,0.1,-0.2,-0.088,-9.7,1.0,-8.7,-0.2
Eddie House,PG,27,PHO,2005-06,81,1421,15.2,0.512,0.416,0.054,1.2,8.9,5.2,16.4,1.5,0.6,8.9,26.9,0.5,1.1,1.6,0.054,0.3,-2.7,-2.4,-0.1
Eddie House,SG,28,NJN,2006-07,56,946,15.0,0.536,0.416,0.086,1.8,9.7,5.7,13.1,1.5,0.3,5.8,22.8,1.1,0.8,1.9,0.094,0.7,-2.8,-2.1,0.0
Eddie House,PG,29,BOS,2007-08,78,1480,13.0,0.534,0.561,0.068,1.6,11.2,6.7,16.9,2.1,0.6,12.2,19.6,1.1,2.8,3.9,0.127,0.5,0.3,0.8,1.1
Eddie House,PG,30,BOS,2008-09,81,1479,15.4,0.592,0.607,0.095,0.9,11.5,6.5,10.3,2.2,0.4,8.6,20.1,2.5,2.4,4.9,0.158,2.4,-0.4,2.0,1.5
Eddie House,PG,31,TOT,2009-10,68,1217,10.5,0.495,0.499,0.114,1.3,9.3,5.3,11.0,1.7,0.5,9.0,20.0,0.0,1.1,1.1,0.042,-1.4,-1.8,-3.2,-0.4
Eddie House,SG,32,MIA,2010-11,56,978,11.9,0.535,0.545,0.125,1.2,9.5,5.6,10.0,1.7,0.2,7.9,17.6,1.0,1.2,2.2,0.108,0.2,-1.4,-1.2,0.2
Eddie Jones,SG,34,MEM,2005-06,75,2437,14.7,0.542,0.518,0.298,1.8,12.0,6.9,12.7,3.0,0.9,10.2,18.1,3.0,4.2,7.2,0.141,1.5,1.5,3.0,3.1
Eddie Jones,SG,35,TOT,2006-07,64,1594,12.3,0.542,0.526,0.178,2.3,11.6,7.1,10.9,2.2,0.5,9.4,14.7,1.7,1.4,3.1,0.094,0.7,0.0,0.7,1.1
Eddie Jones,SG,35,MEM,2006-07,29,561,8.6,0.485,0.49,0.225,3.0,10.0,6.5,9.1,2.0,0.3,12.2,15.2,0.0,0.1,0.2,0.013,-1.1,-1.5,-2.5,-0.1
Eddie Jones,SG,35,MIA,2006-07,35,1033,14.3,0.574,0.546,0.151,2.0,12.5,7.4,11.9,2.4,0.6,7.7,14.4,1.7,1.3,3.0,0.138,1.6,0.8,2.4,1.1
Eddie Jones,SG,36,DAL,2007-08,47,922,7.6,0.473,0.644,0.078,2.3,13.8,8.3,10.8,1.5,0.6,13.5,10.9,0.1,1.0,1.1,0.058,-1.3,1.1,-0.3,0.4
Eddy Curry,C,23,NYK,2005-06,72,1865,17.0,0.604,0.0,0.814,9.4,18.9,14.1,1.9,0.8,2.5,18.1,24.1,2.3,1.0,3.3,0.084,-1.6,-2.6,-4.2,-1.0
Eddy Curry,C,24,NYK,2006-07,81,2849,17.0,0.603,0.001,0.649,8.2,15.5,11.9,4.6,0.6,1.1,18.4,25.5,3.1,1.6,4.7,0.079,-0.8,-2.1,-2.9,-0.6
Eddy Curry,C,25,NYK,2007-08,59,1530,15.0,0.578,0.0,0.551,8.0,12.6,10.2,3.8,0.5,1.5,15.7,23.5,1.3,0.4,1.7,0.053,-1.9,-2.6,-4.5,-1.0
Eddy Curry,C,26,NYK,2008-09,3,12,2.8,0.753,0.0,1.5,0.0,37.7,18.2,0.0,0.0,0.0,37.6,19.3,0.0,0.0,0.0,-0.064,-11.5,-5.8,-17.3,0.0
Eddy Curry,C,27,NYK,2009-10,7,62,-1.9,0.456,0.0,0.81,7.2,16.8,11.9,0.0,0.0,1.2,31.3,30.2,-0.4,0.0,-0.3,-0.258,-15.7,-7.3,-23.0,-0.3
Eddy Curry,C,29,MIA,2011-12,14,83,3.6,0.508,0.0,0.308,6.0,11.1,8.6,1.9,0.0,2.0,25.3,22.1,-0.2,0.1,-0.1,-0.046,-8.2,-3.1,-11.3,-0.2
Eddy Curry,C,30,DAL,2012-13,2,25,-0.2,0.461,0.0,0.5,9.1,8.7,8.9,0.0,0.0,0.0,23.5,23.3,-0.1,0.0,-0.1,-0.146,-9.6,-6.5,-16.1,-0.1
Edmond Sumner,PG,22,IND,2017-18,1,2,39.8,1.0,0.0,0.0,0.0,56.1,28.2,0.0,0.0,0.0,0.0,22.3,0.0,0.0,0.0,0.425,4.6,-9.9,-5.3,0.0
Edmond Sumner,PG,23,IND,2018-19,23,210,7.6,0.443,0.422,0.375,4.9,7.8,6.3,6.3,2.8,2.1,11.8,17.6,-0.2,0.3,0.1,0.02,-4.1,0.5,-3.6,-0.1
Eduardo Nájera,PF,29,DEN,2005-06,64,1449,10.9,0.494,0.04,0.379,10.4,15.7,13.1,5.2,1.9,1.8,13.3,12.5,1.0,1.8,2.7,0.09,-1.9,1.6,-0.3,0.6
Eduardo Nájera,PF,30,DEN,2006-07,75,1658,13.5,0.609,0.034,0.347,9.0,12.0,10.5,5.7,2.2,1.1,12.1,12.0,2.9,1.8,4.8,0.138,0.4,1.4,1.8,1.6
Eduardo Nájera,PF,31,DEN,2007-08,78,1664,12.1,0.57,0.399,0.242,7.5,14.3,11.0,7.8,2.0,1.7,12.7,11.9,2.1,2.0,4.1,0.118,0.2,1.3,1.4,1.4
Eduardo Nájera,PF,32,NJN,2008-09,27,319,7.7,0.472,0.338,0.297,6.3,18.9,12.5,9.4,1.7,1.0,17.7,14.9,-0.2,0.3,0.1,0.01,-3.7,-0.1,-3.8,-0.1
Eduardo Nájera,PF,33,TOT,2009-10,46,685,8.4,0.501,0.438,0.164,5.7,13.7,9.6,6.5,2.0,1.5,13.8,12.2,0.1,0.8,0.8,0.058,-2.1,0.9,-1.3,0.1
Eduardo Nájera,PF,34,CHA,2010-11,31,372,5.5,0.449,0.472,0.153,4.5,9.8,7.2,8.2,1.6,1.3,14.5,11.3,-0.1,0.3,0.2,0.02,-3.2,0.1,-3.1,-0.1
Eduardo Nájera,PF,35,CHA,2011-12,22,270,9.3,0.441,0.453,0.063,4.5,17.2,10.6,7.4,3.7,1.1,9.6,12.4,-0.1,0.3,0.2,0.035,-2.8,1.0,-1.8,0.0
Edwin Ubiles,SF,25,WAS,2011-12,4,52,7.3,0.362,0.278,0.167,4.3,17.5,10.9,2.9,1.0,1.5,4.9,17.5,-0.1,0.0,0.0,-0.026,-6.0,-2.8,-8.8,-0.1
Edy Tavares,C,23,ATL,2015-16,11,73,14.4,0.555,0.0,0.421,10.7,20.5,15.7,6.3,0.7,6.5,18.2,16.9,0.0,0.1,0.2,0.106,-4.9,2.5,-2.3,0.0
Edy Tavares,C,24,TOT,2016-17,2,28,21.3,0.633,0.0,0.6,16.3,26.8,21.6,5.1,0.0,17.3,24.0,13.2,0.0,0.1,0.1,0.15,-3.8,7.7,3.9,0.0
Ekpe Udoh,C,23,GSW,2010-11,58,1030,9.7,0.472,0.0,0.288,8.6,11.4,10.0,5.4,1.1,6.4,16.1,12.8,0.0,0.7,0.7,0.032,-4.1,2.2,-2.0,0.0
Ekpe Udoh,C,24,TOT,2011-12,61,1290,12.5,0.493,0.007,0.386,8.6,13.5,11.0,6.4,1.6,6.0,13.3,14.0,0.9,1.2,2.1,0.077,-2.6,2.8,0.2,0.7
Ekpe Udoh,C,25,MIL,2012-13,76,1312,12.0,0.503,0.004,0.442,8.9,11.7,10.3,4.7,1.5,4.7,11.8,12.1,1.1,1.5,2.7,0.098,-2.8,2.4,-0.5,0.5
Ekpe Udoh,PF,26,MIL,2013-14,42,804,7.6,0.44,0.0,0.329,8.4,12.8,10.5,5.7,1.0,4.4,18.8,11.4,-0.4,0.4,0.0,0.0,-4.7,1.2,-3.5,-0.3
Ekpe Udoh,PF,27,LAC,2014-15,33,128,11.6,0.519,0.0,0.375,6.3,16.4,11.4,8.5,3.2,4.5,20.0,12.3,0.0,0.2,0.3,0.101,-3.4,4.2,0.7,0.1
Ekpe Udoh,C,30,UTA,2017-18,63,810,15.2,0.56,0.008,0.467,9.6,11.4,10.5,9.1,2.7,7.7,12.1,9.1,1.3,1.8,3.2,0.187,-1.1,6.8,5.7,1.6
Ekpe Udoh,C,31,UTA,2018-19,51,320,20.9,0.698,0.0,0.417,9.3,20.9,15.2,12.8,1.5,7.7,13.2,13.1,0.9,0.7,1.6,0.238,-0.1,5.7,5.6,0.6
Elfrid Payton,PG,20,ORL,2014-15,82,2489,13.8,0.456,0.059,0.302,4.8,11.2,7.9,32.6,2.9,0.7,20.2,18.3,0.0,2.3,2.3,0.044,-1.5,0.8,-0.7,0.8
Elfrid Payton,PG,21,ORL,2015-16,73,2145,13.9,0.478,0.126,0.26,3.9,9.6,6.7,32.8,2.1,0.8,17.9,20.4,0.5,1.7,2.2,0.05,-0.9,-0.5,-1.3,0.4
Elfrid Payton,PG,22,ORL,2016-17,82,2412,17.2,0.52,0.16,0.231,3.9,13.9,8.7,35.7,1.8,1.3,15.0,21.6,2.4,2.0,4.4,0.088,0.7,0.2,0.9,1.7
Elfrid Payton,PG,23,TOT,2017-18,63,1808,16.5,0.538,0.138,0.252,3.8,12.8,8.2,34.9,2.2,1.0,18.5,21.9,1.4,1.4,2.8,0.075,0.1,0.0,0.1,1.0
Elfrid Payton,PG,24,NOP,2018-19,42,1250,14.0,0.502,0.255,0.18,4.1,14.0,9.1,33.5,1.6,1.1,20.1,18.3,0.6,0.9,1.5,0.058,-0.7,-0.1,-0.9,0.4
Elias Harris,SF,24,LAL,2013-14,2,11,7.6,0.0,0.0,0.0,9.7,0.0,4.9,11.4,4.4,0.0,0.0,4.0,0.0,0.0,0.0,0.018,-3.7,2.7,-0.9,0.0
Elijah Millsap,SG,27,UTA,2014-15,47,924,7.9,0.45,0.378,0.361,3.5,15.2,9.4,9.7,3.2,1.4,19.5,17.0,-1.0,1.4,0.4,0.02,-3.5,1.9,-1.6,0.1
Elijah Millsap,SG,28,UTA,2015-16,20,173,6.5,0.384,0.308,0.462,4.1,19.5,11.8,16.2,2.1,1.5,16.1,14.9,-0.2,0.3,0.1,0.033,-4.6,1.8,-2.8,0.0
Elijah Millsap,SG,29,PHO,2016-17,2,23,-3.4,0.19,0.286,0.286,13.8,14.6,14.2,5.6,0.0,0.0,20.2,18.0,-0.1,0.0,-0.1,-0.233,-10.0,-3.3,-13.2,-0.1
Elliot Williams,SG,22,POR,2011-12,24,149,18.8,0.537,0.365,0.243,5.4,9.6,7.4,8.0,2.1,1.6,5.8,26.7,0.2,0.1,0.3,0.105,1.9,-3.3,-1.4,0.0
Elliot Williams,SG,24,PHI,2013-14,67,1157,8.7,0.519,0.371,0.353,2.7,9.7,6.1,9.4,1.5,0.2,14.9,16.7,0.0,0.3,0.3,0.014,-3.2,-2.6,-5.7,-1.1
Elliot Williams,SG,25,TOT,2014-15,13,119,8.7,0.477,0.486,0.108,0.0,7.7,3.8,15.5,1.8,0.0,9.4,16.4,0.0,0.1,0.1,0.039,-1.7,-2.9,-4.6,-0.1
Elliot Williams,PG,26,MEM,2015-16,5,45,3.3,0.34,0.4,0.4,2.4,7.9,5.1,12.4,0.0,0.0,7.8,12.7,0.0,0.0,0.0,-0.046,-5.2,-3.5,-8.7,-0.1
Elton Brand,PF,26,LAC,2005-06,79,3099,26.5,0.58,0.002,0.396,9.3,19.9,14.8,13.1,1.4,4.9,9.3,27.7,9.3,5.5,14.8,0.229,3.6,2.6,6.3,6.5
Elton Brand,PF,27,LAC,2006-07,80,3077,23.1,0.581,0.001,0.381,10.5,18.3,14.5,14.7,1.3,4.5,12.5,24.3,7.2,4.3,11.5,0.18,2.7,2.3,5.1,5.5
Elton Brand,PF,28,LAC,2007-08,8,274,18.0,0.523,0.0,0.412,8.8,18.2,13.5,11.2,0.6,4.1,11.2,25.5,0.2,0.3,0.5,0.08,-1.8,0.3,-1.5,0.0
Elton Brand,PF,29,PHI,2008-09,29,920,14.6,0.484,0.0,0.296,9.9,23.2,16.5,6.9,1.0,3.9,14.2,23.8,-0.4,1.3,0.9,0.047,-3.7,0.9,-2.8,-0.2
Elton Brand,PF,30,PHI,2009-10,76,2297,15.7,0.518,0.001,0.272,9.0,14.7,11.8,7.9,1.9,2.7,12.0,21.7,1.6,1.9,3.5,0.073,-1.2,0.2,-1.1,0.5
Elton Brand,PF,31,PHI,2010-11,81,2809,18.5,0.553,0.001,0.278,9.7,18.0,13.9,7.1,1.7,2.9,8.4,19.7,5.1,4.4,9.4,0.161,0.5,1.9,2.4,3.1
Elton Brand,C,32,PHI,2011-12,60,1732,18.0,0.521,0.002,0.2,9.2,18.3,13.7,9.2,1.8,4.2,9.3,18.9,2.5,3.6,6.1,0.168,-0.5,3.4,2.9,2.2
Elton Brand,C,33,DAL,2012-13,72,1527,15.2,0.499,0.002,0.195,9.7,21.5,15.7,7.1,1.7,4.6,9.9,17.2,1.2,2.2,3.4,0.107,-2.1,2.5,0.4,0.9
Elton Brand,C,34,ATL,2013-14,73,1414,14.0,0.561,0.006,0.283,8.0,21.5,14.8,8.1,1.4,4.9,13.8,13.9,1.4,2.1,3.6,0.121,-2.7,3.1,0.5,0.9
Elton Brand,C,35,ATL,2014-15,36,486,9.4,0.457,0.011,0.242,6.8,16.4,11.8,6.4,1.8,4.3,14.6,11.6,-0.1,0.8,0.7,0.07,-4.5,3.1,-1.4,0.1
Elton Brand,C,36,PHI,2015-16,17,225,11.4,0.461,0.014,0.125,4.2,27.0,15.2,13.1,2.0,2.7,12.6,16.9,-0.1,0.3,0.2,0.036,-5.5,1.5,-4.0,-0.1
Emanuel Terry,PF,22,TOT,2018-19,3,23,19.7,0.571,0.0,0.571,14.1,19.6,16.8,12.2,6.2,0.0,18.6,20.1,0.0,0.0,0.1,0.117,-0.7,2.3,1.6,0.0
Emanuel Terry,PF,22,PHO,2018-19,2,20,19.9,0.654,0.0,0.333,10.9,22.5,16.6,8.0,7.2,0.0,22.5,19.1,0.0,0.0,0.1,0.127,-1.3,2.9,1.6,0.0
Emanuel Terry,PF,22,MIA,2018-19,1,3,18.4,0.266,0.0,2.0,35.4,0.0,17.7,40.5,0.0,0.0,0.0,26.8,0.0,0.0,0.0,0.045,2.8,-1.3,1.5,0.0
Emeka Okafor,PF,23,CHA,2005-06,26,874,14.9,0.464,0.0,0.396,11.7,23.7,17.3,6.0,1.3,4.4,12.5,21.5,-0.2,1.1,1.0,0.054,-3.5,1.6,-1.9,0.0
Emeka Okafor,C,24,CHA,2006-07,67,2329,20.1,0.554,0.0,0.399,12.7,26.2,19.2,6.0,1.3,5.7,11.3,19.1,3.5,3.6,7.1,0.147,-0.5,2.8,2.4,2.6
Emeka Okafor,C,25,CHA,2007-08,82,2718,17.4,0.553,0.0,0.435,10.7,26.4,18.5,4.5,1.2,3.9,13.8,20.0,2.2,3.6,5.8,0.103,-2.3,0.9,-1.3,0.4
Emeka Okafor,C,26,CHA,2008-09,82,2691,18.0,0.581,0.0,0.478,12.7,25.2,19.0,3.5,1.0,4.2,13.4,18.9,3.7,4.6,8.2,0.147,-1.4,1.4,0.0,1.4
Emeka Okafor,C,27,NOH,2009-10,82,2370,16.5,0.547,0.0,0.418,12.2,24.7,18.4,3.5,1.2,4.1,12.5,17.1,2.6,2.8,5.5,0.111,-2.1,1.2,-0.9,0.7
Emeka Okafor,C,28,NOH,2010-11,72,2287,16.0,0.584,0.002,0.492,12.2,24.3,18.2,3.0,0.9,4.6,15.7,15.8,2.7,3.8,6.5,0.136,-1.5,2.4,0.8,1.6
Emeka Okafor,C,29,NOH,2011-12,27,781,15.1,0.539,0.0,0.346,10.8,21.4,16.2,5.3,1.1,2.8,13.0,17.2,0.8,0.9,1.7,0.103,-1.5,0.8,-0.6,0.3
Emeka Okafor,C,30,WAS,2012-13,79,2052,15.8,0.496,0.0,0.278,10.7,26.8,18.7,7.9,1.1,3.0,12.2,19.5,0.7,3.7,4.5,0.104,-3.2,2.0,-1.1,0.5
Emeka Okafor,C,35,NOP,2017-18,26,353,16.4,0.545,0.0,0.232,14.9,21.7,18.4,3.1,1.1,5.6,11.0,14.4,0.5,0.5,1.0,0.14,-2.6,1.3,-1.3,0.1
Emmanuel Mudiay,PG,19,DEN,2015-16,68,2068,9.9,0.437,0.256,0.231,1.7,10.9,6.2,29.0,1.6,1.4,17.9,25.7,-3.3,1.2,-2.1,-0.049,-3.1,-1.2,-4.3,-1.2
Emmanuel Mudiay,PG,20,DEN,2016-17,55,1406,10.9,0.483,0.323,0.303,2.3,11.6,7.0,21.8,1.4,0.7,16.5,22.6,-0.4,0.5,0.2,0.006,-2.0,-1.7,-3.7,-0.6
Emmanuel Mudiay,PG,21,TOT,2017-18,64,1245,11.5,0.474,0.281,0.245,2.3,11.3,6.8,24.5,1.6,0.8,16.2,24.4,-0.8,0.7,0.0,-0.002,-2.6,-2.1,-4.7,-0.9
Emmanuel Mudiay,PG,22,NYK,2018-19,59,1607,14.6,0.531,0.284,0.251,2.1,10.9,6.4,24.2,1.3,1.0,14.6,25.6,0.1,0.7,0.8,0.023,-0.5,-1.9,-2.4,-0.2
Enes Kanter,C,19,UTA,2011-12,66,874,14.5,0.539,0.004,0.445,13.9,22.7,18.3,1.4,1.1,2.1,16.1,17.3,0.9,0.8,1.7,0.095,-2.6,-2.1,-4.7,-0.6
Enes Kanter,C,20,UTA,2012-13,70,1078,17.6,0.588,0.003,0.309,14.5,18.6,16.5,5.0,1.4,2.3,19.0,22.4,1.2,1.0,2.3,0.101,-0.9,-1.2,-2.1,0.0
Enes Kanter,C,21,UTA,2013-14,80,2138,15.6,0.523,0.001,0.239,11.6,20.9,16.1,6.4,0.7,1.5,13.3,23.3,1.3,0.9,2.2,0.05,-2.1,-1.8,-3.9,-1.0
Enes Kanter,C,22,TOT,2014-15,75,2135,20.3,0.564,0.048,0.252,14.6,20.5,17.6,4.8,0.9,1.1,12.3,24.7,4.3,2.1,6.4,0.145,0.2,-2.3,-2.1,-0.1
Enes Kanter,C,23,OKC,2015-16,82,1721,24.0,0.626,0.029,0.349,16.7,24.9,21.0,3.1,0.7,1.5,12.2,23.4,6.0,2.1,8.1,0.226,1.3,-3.1,-1.7,0.1
Enes Kanter,C,24,OKC,2016-17,72,1533,23.7,0.599,0.052,0.387,14.1,20.8,17.4,7.9,1.0,2.0,12.5,27.3,4.0,1.8,5.8,0.183,0.6,-1.9,-1.2,0.3
Enes Kanter,C,25,NYK,2017-18,71,1830,24.0,0.63,0.003,0.258,16.6,30.6,23.6,9.4,1.0,1.7,13.3,21.8,5.5,2.1,7.6,0.198,2.4,0.1,2.5,2.1
Enes Kanter,C,26,TOT,2018-19,67,1640,22.3,0.594,0.05,0.288,16.4,26.1,21.1,12.1,0.9,1.3,13.3,23.1,3.9,1.6,5.4,0.159,1.5,-0.2,1.3,1.4
Enes Kanter,C,26,NYK,2018-19,44,1128,21.8,0.585,0.047,0.276,15.5,27.5,21.4,13.1,0.8,1.3,13.1,22.9,2.4,0.9,3.4,0.143,1.0,-0.2,0.8,0.8
Enes Kanter,C,26,POR,2018-19,23,512,23.5,0.614,0.056,0.316,18.3,22.8,20.6,9.9,1.3,1.4,13.7,23.4,1.5,0.6,2.1,0.196,2.5,-0.3,2.3,0.6
Eric Bledsoe,PG,21,LAC,2010-11,81,1841,10.8,0.499,0.239,0.274,4.4,9.8,7.1,24.2,2.6,1.1,26.3,17.9,-1.3,1.6,0.3,0.008,-2.6,0.6,-2.0,0.0
Eric Bledsoe,PG,22,LAC,2011-12,40,464,11.2,0.454,0.238,0.349,5.6,11.1,8.3,21.6,3.6,2.5,24.4,19.1,-0.4,0.6,0.2,0.022,-3.0,2.0,-0.9,0.1
Eric Bledsoe,PG,23,LAC,2012-13,76,1553,17.5,0.513,0.137,0.236,6.1,11.1,8.6,23.5,3.7,3.0,17.9,22.5,1.1,2.6,3.7,0.115,0.0,2.7,2.7,1.9
Eric Bledsoe,PG,24,PHO,2013-14,43,1416,19.6,0.578,0.252,0.426,2.1,13.8,8.0,27.0,2.4,0.8,17.8,24.9,2.6,1.6,4.1,0.14,2.3,0.6,2.9,1.8
Eric Bledsoe,PG,25,PHO,2014-15,81,2800,18.4,0.555,0.26,0.422,2.8,13.9,8.3,27.9,2.3,1.2,18.1,23.7,4.1,2.9,7.0,0.119,1.7,0.9,2.6,3.3
Eric Bledsoe,PG,26,PHO,2015-16,31,1059,20.0,0.557,0.262,0.35,1.8,11.2,6.4,31.8,2.9,1.5,16.2,27.2,1.6,1.0,2.5,0.116,2.7,0.1,2.8,1.3
Eric Bledsoe,PG,27,PHO,2016-17,66,2176,20.5,0.563,0.3,0.443,2.5,13.8,8.0,31.1,2.0,1.2,15.3,28.1,4.0,1.4,5.3,0.118,3.7,-0.4,3.3,2.9
Eric Bledsoe,PG,28,TOT,2017-18,74,2322,19.7,0.582,0.364,0.321,2.6,11.7,7.1,25.7,3.2,1.5,16.1,26.1,3.1,2.5,5.6,0.116,2.5,-0.3,2.1,2.4
Eric Bledsoe,PG,29,MIL,2018-19,78,2272,19.3,0.577,0.388,0.243,3.9,11.8,8.1,27.4,2.4,1.1,13.3,22.9,4.4,3.7,8.2,0.173,2.5,1.0,3.5,3.2
Eric Dawson,C,27,SAS,2011-12,4,39,14.6,0.582,0.0,0.167,15.0,14.4,14.7,0.0,1.3,3.7,18.9,18.6,0.0,0.1,0.1,0.106,-3.3,-2.6,-5.9,0.0
Eric Gordon,SG,20,LAC,2008-09,78,2677,14.9,0.593,0.374,0.388,1.9,6.9,4.3,13.6,1.5,1.0,13.5,20.7,3.9,0.7,4.6,0.082,1.4,-1.9,-0.4,1.1
Eric Gordon,SG,21,LAC,2009-10,62,2229,14.1,0.571,0.409,0.381,1.3,7.1,4.2,13.8,1.6,0.5,13.6,21.5,2.3,0.9,3.2,0.069,1.3,-1.7,-0.5,0.9
Eric Gordon,SG,22,LAC,2010-11,56,2112,18.5,0.566,0.307,0.367,2.5,6.6,4.5,20.7,1.7,0.7,12.0,26.5,4.2,1.1,5.3,0.12,3.3,-2.0,1.3,1.7
Eric Gordon,PG,23,NOH,2011-12,9,310,19.2,0.549,0.286,0.464,0.8,8.7,4.8,19.3,2.3,1.1,12.5,29.4,0.5,0.3,0.7,0.115,2.2,-1.8,0.3,0.2
Eric Gordon,SG,24,NOH,2012-13,42,1264,15.4,0.523,0.296,0.38,0.9,6.4,3.6,19.3,1.9,0.5,14.6,29.4,0.8,0.3,1.1,0.042,0.8,-3.3,-2.6,-0.2
Eric Gordon,SG,25,NOP,2013-14,64,2057,14.9,0.54,0.316,0.273,1.7,7.7,4.7,16.6,1.9,0.5,12.8,23.2,2.0,0.5,2.5,0.058,1.2,-2.5,-1.2,0.4
Eric Gordon,SG,26,NOP,2014-15,61,2018,12.7,0.544,0.454,0.192,1.6,7.4,4.5,17.6,1.3,0.5,14.0,19.8,2.2,0.7,2.9,0.069,1.4,-2.0,-0.6,0.7
Eric Gordon,SG,27,NOP,2015-16,45,1481,13.5,0.565,0.533,0.226,0.7,6.9,3.7,12.7,1.4,0.8,10.7,20.3,1.7,0.4,2.1,0.069,1.6,-2.2,-0.6,0.5
Eric Gordon,SG,28,HOU,2016-17,75,2323,13.2,0.557,0.651,0.172,1.4,8.1,4.7,12.3,1.0,1.4,10.0,22.1,2.5,1.4,3.8,0.079,1.0,-2.4,-1.4,0.4
Eric Gordon,SG,29,HOU,2017-18,69,2154,15.2,0.578,0.627,0.248,1.3,7.5,4.4,11.7,1.0,1.1,10.8,24.7,2.9,1.8,4.7,0.105,1.4,-2.4,-1.0,0.5
Eric Gordon,SG,30,HOU,2018-19,68,2158,12.2,0.549,0.64,0.162,0.9,6.9,3.8,9.4,0.9,1.1,8.2,22.0,1.7,1.0,2.6,0.059,0.0,-2.9,-2.9,-0.5
Eric Maynor,PG,22,TOT,2009-10,81,1269,11.8,0.478,0.193,0.196,2.0,9.6,5.9,31.5,1.6,0.6,17.5,17.1,0.5,1.4,1.9,0.071,-2.0,-1.4,-3.3,-0.4
Eric Maynor,PG,23,OKC,2010-11,82,1200,11.7,0.485,0.288,0.177,2.5,9.1,5.9,30.3,1.5,0.4,17.7,16.5,0.7,0.8,1.5,0.061,-1.2,-2.1,-3.4,-0.4
Eric Maynor,PG,24,OKC,2011-12,9,137,9.1,0.466,0.436,0.103,2.7,7.8,5.4,24.1,1.9,0.0,21.3,17.1,0.0,0.1,0.1,0.037,-1.8,-2.2,-4.0,-0.1
Eric Maynor,PG,25,TOT,2012-13,64,963,9.3,0.472,0.342,0.221,1.1,4.4,2.8,28.7,1.2,0.1,20.4,18.4,-0.1,0.3,0.2,0.008,-3.0,-4.4,-7.4,-1.3
Eric Maynor,PG,26,TOT,2013-14,31,327,6.2,0.387,0.366,0.109,3.1,10.6,6.7,23.0,1.4,0.7,21.5,18.2,-0.6,0.2,-0.4,-0.058,-5.8,-1.9,-7.6,-0.5
Eric Moreland,PF,23,SAC,2014-15,3,2,40.8,1.0,0.0,0.0,0.0,54.8,28.4,0.0,0.0,0.0,0.0,22.0,0.0,0.0,0.0,0.431,5.8,-10.2,-4.5,0.0
Eric Moreland,PF,24,SAC,2015-16,8,48,7.4,0.515,0.0,0.667,6.8,17.9,12.4,2.7,0.0,6.7,27.9,9.5,0.0,0.0,0.0,0.012,-6.5,1.9,-4.5,0.0
Eric Moreland,PF,26,DET,2017-18,67,805,13.9,0.531,0.0,0.238,10.9,27.6,19.1,13.3,1.9,5.6,23.8,9.7,0.7,1.6,2.3,0.135,-3.1,5.8,2.6,0.9
Eric Moreland,PF,27,TOT,2018-19,5,43,6.7,0.5,0.143,0.0,10.3,39.6,25.2,11.8,1.1,1.9,41.7,12.0,-0.1,0.1,0.0,0.032,-7.4,2.6,-4.8,0.0
Eric Moreland,PF,27,PHO,2018-19,1,5,3.9,,,,0.0,67.5,33.2,0.0,0.0,0.0,,0.0,0.0,0.0,0.0,0.077,-14.0,-3.9,-18.0,0.0
Eric Moreland,PF,27,TOR,2018-19,4,38,7.1,0.5,0.143,0.0,11.7,35.9,24.1,13.3,1.3,2.2,41.7,13.6,-0.1,0.1,0.0,0.026,-6.6,3.5,-3.1,0.0
Eric Piatkowski,SG,35,CHI,2005-06,29,228,6.2,0.467,0.541,0.082,2.0,9.5,5.8,8.8,1.4,0.3,14.8,14.7,-0.2,0.2,0.1,0.018,-3.5,-0.4,-3.9,-0.1
Eric Piatkowski,SG,36,PHO,2006-07,11,73,7.7,0.522,0.72,0.08,3.4,10.6,7.2,7.5,0.0,1.0,16.2,19.0,0.0,0.0,0.0,0.007,-1.7,-2.7,-4.4,0.0
Eric Piatkowski,SF,37,PHO,2007-08,16,113,8.3,0.561,0.788,0.121,1.1,10.2,6.0,11.8,0.0,0.6,14.7,16.1,0.1,0.0,0.1,0.045,-0.6,-3.2,-3.8,-0.1
Eric Snow,PG,32,CLE,2005-06,82,2351,8.1,0.444,0.025,0.233,1.9,8.1,5.0,22.2,1.7,0.6,20.9,10.9,0.0,2.0,2.1,0.042,-3.1,0.5,-2.6,-0.3
Eric Snow,PG,33,CLE,2006-07,82,1929,8.6,0.458,0.012,0.349,2.1,9.5,5.7,25.2,1.5,0.6,22.9,11.4,0.2,2.6,2.8,0.069,-3.8,0.8,-3.0,-0.5
Eric Snow,PG,34,CLE,2007-08,22,305,3.1,0.231,0.053,0.579,1.4,6.2,3.7,19.1,1.7,1.0,17.3,8.6,-0.4,0.3,-0.1,-0.021,-7.2,-0.2,-7.4,-0.4
Eric Williams,SF,33,TOR,2005-06,28,352,6.8,0.496,0.24,0.507,3.3,14.5,8.7,6.3,1.0,0.4,14.1,14.0,0.0,0.0,0.1,0.011,-3.4,-1.9,-5.3,-0.3
Eric Williams,SF,34,TOT,2006-07,21,121,11.4,0.508,0.404,0.298,2.9,13.5,8.5,9.8,1.3,0.0,11.6,23.3,0.0,0.2,0.1,0.057,-2.1,-2.3,-4.4,-0.1
Eric Williams,SF,34,SAS,2006-07,16,88,14.8,0.566,0.5,0.206,1.4,17.2,9.6,11.6,1.2,0.0,11.9,22.7,0.1,0.1,0.2,0.12,-0.3,-1.5,-1.8,0.0
Eric Williams,SF,34,CHA,2006-07,5,33,2.4,0.373,0.154,0.538,7.0,3.7,5.4,4.9,1.6,0.0,11.1,24.9,-0.1,0.0,-0.1,-0.111,-7.0,-4.2,-11.2,-0.1
Erick Dampier,C,30,DAL,2005-06,82,1934,13.9,0.531,0.0,0.62,17.3,22.4,19.9,4.0,0.8,4.2,20.7,13.4,1.9,2.9,4.8,0.119,-0.8,1.7,1.0,1.4
Erick Dampier,C,31,DAL,2006-07,76,1915,14.9,0.642,0.0,0.572,14.0,21.5,17.8,3.5,0.7,3.3,20.4,12.8,3.3,3.1,6.4,0.16,0.0,2.0,2.0,1.9
Erick Dampier,C,32,DAL,2007-08,72,1755,15.3,0.645,0.0,0.527,14.1,21.2,17.8,5.4,0.7,4.4,19.0,11.2,3.3,2.8,6.0,0.165,0.4,3.1,3.4,2.4
Erick Dampier,C,33,DAL,2008-09,80,1836,15.7,0.664,0.0,0.504,13.6,21.6,17.7,6.1,0.7,3.8,17.8,10.4,3.9,2.3,6.1,0.161,0.4,2.5,2.9,2.3
Erick Dampier,C,34,DAL,2009-10,55,1280,14.0,0.637,0.014,0.474,11.6,24.1,17.9,3.5,0.6,4.5,19.2,11.4,1.8,2.0,3.7,0.14,-1.7,2.4,0.7,0.9
Erick Dampier,C,35,MIA,2010-11,51,815,9.7,0.591,0.011,0.494,8.2,17.1,12.9,3.8,0.9,4.5,22.8,8.1,0.5,1.4,1.9,0.109,-2.8,3.0,0.3,0.5
Erick Dampier,C,36,ATL,2011-12,15,83,5.5,0.125,0.0,0.0,14.3,21.0,17.7,6.5,0.6,3.7,27.3,6.2,-0.1,0.1,0.1,0.035,-6.3,3.4,-2.8,0.0
Erick Green,PG,23,DEN,2014-15,43,410,8.9,0.436,0.29,0.074,1.8,6.6,4.1,15.1,1.5,0.0,7.7,19.1,-0.1,0.1,0.0,0.0,-2.7,-2.7,-5.4,-0.3
Erick Green,PG,24,TOT,2015-16,9,42,12.4,0.468,0.385,0.154,8.4,8.2,8.3,11.0,1.3,0.0,0.0,15.2,0.1,0.0,0.1,0.121,0.1,-2.2,-2.0,0.0
Erik McCree,SF,24,UTA,2017-18,4,8,-8.9,0.0,0.5,0.0,0.0,14.0,7.1,0.0,6.3,0.0,33.3,16.9,-0.1,0.0,-0.1,-0.334,-17.2,2.5,-14.7,0.0
Erik Murphy,C,23,CHI,2013-14,24,62,0.2,0.231,0.231,0.0,3.7,10.8,7.3,4.9,0.0,5.0,13.3,11.2,-0.2,0.1,-0.1,-0.055,-9.8,1.8,-8.1,-0.1
Ersan Ilyasova,PF,29,TOT,2016-17,82,2142,14.6,0.546,0.452,0.233,5.9,18.8,12.4,11.0,1.3,0.9,10.6,22.2,1.8,2.3,4.1,0.091,0.3,-0.8,-0.5,0.8
Ersan İlyasova,PF,19,MIL,2006-07,66,973,12.1,0.5,0.408,0.245,6.9,16.0,11.4,7.8,1.4,1.4,11.3,21.0,0.5,0.5,1.0,0.051,-1.1,-2.3,-3.4,-0.4
Ersan İlyasova,PF,22,MIL,2009-10,81,1898,15.7,0.526,0.331,0.217,9.0,22.6,15.5,7.5,1.5,1.0,8.2,20.8,2.5,3.3,5.8,0.146,0.3,0.5,0.8,1.3
Ersan İlyasova,PF,23,MIL,2010-11,60,1505,14.3,0.516,0.239,0.205,7.9,20.7,14.1,6.6,1.8,1.3,10.2,19.1,1.1,2.7,3.8,0.121,-1.4,1.2,-0.2,0.7
Ersan İlyasova,PF,24,MIL,2011-12,60,1655,20.5,0.577,0.188,0.307,12.7,22.8,17.6,7.0,1.3,2.0,10.1,20.1,4.4,2.0,6.4,0.185,2.2,-0.2,2.0,1.7
Ersan İlyasova,PF,25,MIL,2012-13,73,2012,18.3,0.552,0.267,0.196,7.9,20.3,13.9,9.6,1.7,1.3,7.9,20.5,4.1,2.5,6.7,0.159,1.7,0.1,1.8,1.9
Ersan İlyasova,PF,26,MIL,2013-14,55,1478,13.8,0.486,0.226,0.225,8.0,18.8,13.3,8.4,1.6,0.4,8.7,21.3,0.9,0.8,1.6,0.053,-1.1,-2.1,-3.2,-0.5
Ersan İlyasova,PF,27,MIL,2014-15,58,1319,16.8,0.554,0.341,0.192,7.0,17.0,12.0,7.4,1.4,1.2,6.9,22.1,2.3,1.7,4.0,0.146,1.2,-1.4,-0.2,0.6
Ersan İlyasova,PF,28,TOT,2015-16,74,1881,14.2,0.526,0.392,0.233,8.1,15.6,11.7,5.6,1.4,1.4,8.9,18.6,2.4,2.0,4.4,0.113,0.4,-0.3,0.1,1.0
Ersan İlyasova,PF,30,TOT,2017-18,69,1729,14.9,0.558,0.413,0.22,7.6,18.0,12.9,7.9,1.7,1.3,9.7,18.7,2.2,1.9,4.0,0.112,0.2,-0.1,0.1,0.9
Ersan İlyasova,PF,31,MIL,2018-19,67,1231,11.6,0.548,0.42,0.194,8.2,16.2,12.5,5.5,1.2,1.4,10.4,15.7,1.2,1.9,3.0,0.119,-1.5,0.1,-1.3,0.2
Ervin Johnson,C,38,MIL,2005-06,18,81,3.1,0.419,0.0,0.118,7.2,28.4,17.6,3.7,0.6,2.0,21.9,12.9,-0.1,0.1,0.0,-0.01,-8.1,-0.2,-8.3,-0.1
Esteban Batista,PF,22,ATL,2005-06,57,495,7.1,0.489,0.013,0.663,14.4,20.7,17.5,2.1,1.6,1.7,26.9,13.0,-0.2,0.3,0.1,0.011,-4.9,-1.7,-6.6,-0.6
Esteban Batista,PF,23,ATL,2006-07,13,81,12.5,0.524,0.0,0.438,10.3,34.6,22.3,8.1,2.0,0.0,17.3,13.1,0.0,0.1,0.2,0.101,-3.8,-0.1,-4.0,0.0
Etan Thomas,C,27,WAS,2005-06,71,1121,13.6,0.56,0.0,0.508,10.0,19.3,14.5,2.0,0.9,4.7,14.5,14.0,1.2,1.3,2.5,0.107,-2.9,0.5,-2.4,-0.1
Etan Thomas,C,28,WAS,2006-07,65,1246,15.6,0.585,0.0,0.498,12.2,22.9,17.4,3.6,0.9,5.5,17.4,14.4,1.5,1.2,2.7,0.105,-2.0,0.9,-1.1,0.3
Etan Thomas,C,30,WAS,2008-09,26,306,10.1,0.525,0.0,0.348,9.3,16.2,12.7,3.0,0.5,4.8,19.1,14.0,0.0,0.1,0.1,0.018,-4.7,-0.5,-5.2,-0.3
Etan Thomas,C,31,OKC,2009-10,23,321,6.9,0.483,0.0,0.324,6.6,16.0,11.4,0.5,0.6,3.7,18.8,13.4,-0.2,0.4,0.2,0.028,-6.5,-0.2,-6.7,-0.4
Etan Thomas,C,32,ATL,2010-11,13,82,15.1,0.58,0.0,0.714,8.9,24.8,16.9,3.9,0.7,3.7,15.3,18.9,0.1,0.1,0.2,0.13,-4.3,-0.7,-5.1,-0.1
Eugene Jeter,PG,27,SAC,2010-11,62,858,11.1,0.46,0.116,0.158,1.2,8.3,4.6,28.4,1.7,0.2,15.5,16.5,0.2,0.5,0.7,0.037,-3.0,-2.4,-5.4,-0.7
Evan Fournier,SG,20,DEN,2012-13,38,428,13.8,0.597,0.355,0.257,1.6,7.4,4.6,15.5,2.2,0.2,15.9,20.4,0.7,0.3,1.0,0.115,1.0,-2.0,-0.9,0.1
Evan Fournier,SG,21,DEN,2013-14,76,1503,10.3,0.533,0.436,0.226,2.4,12.1,7.3,11.6,1.1,0.3,14.3,19.7,0.6,0.8,1.4,0.043,-0.9,-1.6,-2.5,-0.2
Evan Fournier,SG,22,ORL,2014-15,58,1661,12.4,0.546,0.391,0.256,1.9,8.7,5.2,11.5,1.2,0.1,11.4,19.7,1.5,0.6,2.1,0.059,0.2,-2.3,-2.1,-0.1
Evan Fournier,SF,23,ORL,2015-16,79,2566,14.6,0.587,0.42,0.256,1.4,8.4,4.9,12.8,1.9,0.1,11.4,20.1,4.0,1.7,5.7,0.106,2.1,-1.5,0.7,1.7
Evan Fournier,SG,24,ORL,2016-17,68,2234,13.9,0.555,0.387,0.298,2.1,8.3,5.1,14.8,1.5,0.1,11.8,23.5,1.7,1.1,2.8,0.059,0.8,-2.2,-1.3,0.4
Evan Fournier,SF,25,ORL,2017-18,57,1837,15.5,0.577,0.418,0.216,1.4,9.5,5.4,14.8,1.3,0.7,9.8,23.3,2.4,0.9,3.3,0.087,1.6,-2.1,-0.4,0.7
Evan Fournier,SG,26,ORL,2018-19,81,2553,12.3,0.536,0.421,0.159,1.6,9.4,5.4,17.6,1.4,0.4,11.9,22.1,0.8,2.5,3.2,0.061,-0.4,-1.1,-1.5,0.3
Evan Turner,SG,22,PHI,2010-11,78,1797,10.8,0.484,0.083,0.236,2.7,16.9,9.8,13.4,1.4,0.6,12.0,17.0,0.0,2.2,2.3,0.06,-3.1,0.7,-2.4,-0.2
Evan Turner,SF,23,PHI,2011-12,65,1713,12.6,0.478,0.083,0.183,1.7,22.8,12.2,16.9,1.2,0.9,14.1,20.3,-0.6,3.0,2.4,0.068,-3.3,1.5,-1.8,0.1
Evan Turner,SF,24,PHI,2012-13,82,2892,12.1,0.478,0.151,0.198,2.1,18.5,10.1,19.7,1.3,0.5,14.0,21.2,-0.7,2.9,2.1,0.035,-2.4,0.3,-2.1,-0.1
Evan Turner,SF,25,TOT,2013-14,81,2457,12.4,0.498,0.153,0.257,2.7,15.7,9.0,17.8,1.3,0.2,14.3,23.2,-0.5,1.8,1.4,0.027,-2.4,-1.3,-3.7,-1.0
Evan Turner,SG,26,BOS,2014-15,82,2260,12.8,0.482,0.16,0.189,1.9,18.5,10.1,30.0,1.8,0.7,19.7,19.5,-0.3,2.8,2.5,0.054,-2.2,1.3,-1.0,0.6
Evan Turner,SG,27,BOS,2015-16,81,2271,13.6,0.513,0.11,0.238,2.3,16.5,9.3,23.9,1.7,1.0,16.9,18.8,1.0,3.0,4.0,0.085,-1.9,1.3,-0.7,0.8
Evan Turner,SF,28,POR,2016-17,65,1658,11.4,0.491,0.214,0.187,2.4,14.2,8.3,18.4,1.6,1.2,14.3,18.5,0.0,1.2,1.2,0.035,-2.5,-0.1,-2.6,-0.3
Evan Turner,SF,29,POR,2017-18,79,2034,9.9,0.52,0.229,0.185,1.6,11.4,6.5,12.4,1.1,1.2,13.7,15.6,0.5,2.1,2.6,0.061,-2.4,0.6,-1.8,0.1
Evan Turner,PG,30,POR,2018-19,73,1605,11.6,0.504,0.117,0.239,2.5,18.9,10.9,23.6,1.0,0.9,18.9,15.9,0.5,1.5,2.0,0.06,-2.5,0.7,-1.8,0.1
Fab Melo,C,22,BOS,2012-13,6,36,4.9,0.451,0.0,0.667,0.0,9.6,4.9,0.0,2.9,4.4,11.4,11.5,0.0,0.1,0.0,0.021,-7.5,1.7,-5.8,0.0
Fabricio Oberto,C,30,SAS,2005-06,59,490,9.3,0.491,0.022,0.29,14.1,15.5,14.8,8.3,1.0,1.6,21.1,12.9,0.2,0.9,1.1,0.105,-2.6,1.9,-0.7,0.2
Fabricio Oberto,PF,31,SAS,2006-07,79,1365,11.9,0.575,0.0,0.181,12.1,20.2,16.3,7.8,1.0,1.3,18.5,12.9,1.6,2.5,4.1,0.144,-1.3,2.2,0.9,1.0
Fabricio Oberto,PF,32,SAS,2007-08,82,1644,13.8,0.615,0.003,0.206,11.1,19.6,15.4,9.1,1.2,0.9,13.6,10.9,3.2,2.9,6.1,0.178,-0.2,2.8,2.5,1.9
Fabricio Oberto,C,33,SAS,2008-09,54,677,10.6,0.595,0.01,0.337,11.6,13.4,12.5,12.9,0.6,1.2,24.1,11.3,0.8,0.8,1.7,0.119,-1.7,1.6,-0.1,0.3
Fabricio Oberto,C,34,WAS,2009-10,57,650,5.7,0.654,0.0,0.304,5.9,12.8,9.3,11.1,0.9,1.1,36.2,6.9,0.2,0.4,0.6,0.047,-2.9,0.9,-2.1,0.0
Fabricio Oberto,C,35,POR,2010-11,5,45,0.8,0.595,0.0,0.4,7.8,11.4,9.5,0.0,0.0,0.0,33.8,9.2,0.0,0.0,0.0,-0.012,-6.4,-3.6,-10.0,-0.1
Festus Ezeli,C,23,GSW,2012-13,78,1120,9.3,0.467,0.0,0.479,14.3,16.4,15.4,2.7,1.0,5.2,23.5,10.7,0.0,1.5,1.5,0.066,-4.0,2.6,-1.4,0.2
Festus Ezeli,C,25,GSW,2014-15,46,504,16.2,0.58,0.0,0.561,13.3,19.7,16.6,2.5,0.7,6.2,15.6,17.7,0.8,0.9,1.7,0.159,-3.0,1.2,-1.8,0.0
Festus Ezeli,C,26,GSW,2015-16,46,770,17.7,0.559,0.0,0.579,13.5,21.9,18.0,5.8,1.1,4.8,11.7,18.2,1.4,1.3,2.7,0.171,-1.5,1.4,-0.1,0.4
Francisco Elson,C,29,DEN,2005-06,72,1579,10.1,0.556,0.018,0.261,7.4,17.6,12.5,4.4,1.7,2.1,17.0,10.8,0.8,2.0,2.9,0.087,-2.5,1.9,-0.6,0.6
Francisco Elson,C,30,SAS,2006-07,70,1332,11.2,0.552,0.007,0.284,7.7,22.2,15.2,6.4,1.2,3.3,21.3,14.4,0.2,2.9,3.1,0.111,-3.7,3.4,-0.3,0.6
Francisco Elson,C,31,TOT,2007-08,63,813,6.9,0.416,0.004,0.157,7.1,21.0,14.2,4.6,1.0,1.8,15.7,17.0,-1.3,1.2,0.0,-0.001,-7.2,0.7,-6.5,-0.9
Francisco Elson,C,31,SAS,2007-08,41,534,8.5,0.454,0.0,0.162,7.4,22.2,14.9,4.8,0.9,2.0,15.9,16.9,-0.5,1.0,0.5,0.043,-6.6,1.3,-5.3,-0.4
Francisco Elson,C,31,SEA,2007-08,22,279,3.8,0.352,0.011,0.148,6.7,18.7,12.7,4.2,1.1,1.5,15.4,17.2,-0.7,0.2,-0.5,-0.085,-8.3,-0.5,-8.8,-0.5
Francisco Elson,C,32,MIL,2008-09,59,977,10.3,0.537,0.024,0.231,11.6,16.3,13.8,4.8,1.9,3.1,20.5,10.8,0.5,1.3,1.8,0.089,-2.5,2.7,0.1,0.5
Francisco Elson,C,33,TOT,2009-10,12,66,5.5,0.349,0.0,0.333,10.0,14.5,12.1,4.3,0.8,0.0,5.5,12.5,0.0,0.1,0.0,0.022,-6.0,-0.8,-6.8,-0.1
Francisco Elson,C,34,UTA,2010-11,62,610,8.9,0.529,0.0,0.274,6.9,16.0,11.4,7.9,1.8,1.9,20.2,11.9,0.1,0.5,0.6,0.046,-3.5,0.4,-3.1,-0.2
Francisco Elson,C,35,PHI,2011-12,5,16,6.3,0.333,0.0,0.0,0.0,7.0,3.5,8.8,3.3,4.7,25.0,11.7,0.0,0.0,0.0,-0.026,-8.6,4.3,-4.3,0.0
Francisco García,SF,24,SAC,2005-06,67,1301,10.3,0.51,0.422,0.311,3.5,13.0,8.3,11.2,1.6,2.6,16.9,15.7,0.0,1.6,1.6,0.06,-2.4,1.0,-1.3,0.2
Francisco García,SF,25,SAC,2006-07,79,1410,11.7,0.551,0.392,0.3,4.3,12.9,8.5,9.8,1.6,2.3,14.0,15.9,1.1,1.2,2.4,0.08,-0.9,0.3,-0.6,0.5
Francisco García,SF,26,SAC,2007-08,79,2096,15.1,0.576,0.384,0.277,3.0,11.7,7.4,10.2,2.3,1.8,13.2,20.7,2.4,1.8,4.2,0.097,1.1,-0.5,0.6,1.4
Francisco García,SF,27,SAC,2008-09,65,1975,14.1,0.554,0.332,0.268,3.3,9.6,6.4,12.6,2.1,2.5,13.1,19.4,1.7,0.7,2.4,0.058,0.3,-0.4,-0.1,0.9
Francisco García,SG,28,SAC,2009-10,25,575,12.4,0.55,0.335,0.097,2.2,11.1,6.6,12.1,0.9,2.4,10.3,15.7,0.6,0.3,1.0,0.081,-0.7,-0.4,-1.1,0.1
Francisco García,SF,29,SAC,2010-11,58,1386,13.5,0.551,0.472,0.16,1.9,9.2,5.5,8.0,1.9,2.6,8.1,17.3,1.9,1.1,3.0,0.104,0.6,0.0,0.7,0.9
Francisco García,SF,30,SAC,2011-12,49,798,10.7,0.483,0.572,0.131,1.4,12.7,6.8,5.8,2.3,3.4,8.3,14.4,0.3,0.5,0.8,0.048,-1.6,0.4,-1.2,0.2
Francisco García,SG,31,TOT,2012-13,58,1029,11.0,0.519,0.597,0.07,0.9,9.4,5.1,9.2,2.3,2.9,9.4,14.7,0.6,0.6,1.3,0.059,-0.5,0.1,-0.4,0.4
Francisco García,SF,32,HOU,2013-14,55,1083,9.3,0.521,0.656,0.065,2.3,9.8,6.3,8.6,1.2,2.3,9.0,13.5,0.8,0.9,1.8,0.078,-0.3,0.1,-0.2,0.5
Francisco García,SF,33,HOU,2014-15,14,200,3.6,0.347,0.714,0.063,1.7,7.7,4.7,11.0,2.2,1.9,13.4,16.2,-0.4,0.2,-0.2,-0.044,-5.0,-0.2,-5.3,-0.2
Frank Jackson,PG,20,NOP,2018-19,61,1169,9.4,0.517,0.378,0.163,2.2,9.5,5.9,8.0,1.0,0.1,9.1,18.5,0.1,0.4,0.4,0.018,-2.2,-2.8,-5.0,-0.9
Frank Kaminsky,C,22,CHO,2015-16,81,1708,12.5,0.513,0.385,0.282,4.4,17.2,10.7,9.0,1.1,2.0,8.9,17.1,1.2,2.1,3.3,0.093,-1.6,0.4,-1.2,0.3
Frank Kaminsky,C,23,CHO,2016-17,75,1954,13.0,0.502,0.441,0.195,3.2,15.8,9.5,13.5,1.2,1.5,8.0,21.8,0.4,1.9,2.3,0.056,-0.8,-0.8,-1.5,0.2
Frank Kaminsky,PF,24,CHO,2017-18,79,1835,14.4,0.545,0.383,0.271,2.7,14.5,8.5,11.0,1.0,0.9,7.6,20.5,2.3,1.3,3.6,0.094,0.3,-1.2,-0.9,0.5
Frank Kaminsky,C,25,CHO,2018-19,47,755,16.8,0.587,0.466,0.359,5.5,18.1,11.7,12.9,0.8,1.4,10.6,22.1,1.3,0.5,1.8,0.114,1.1,-1.9,-0.9,0.2
Frank Mason,PG,23,SAC,2017-18,52,984,13.0,0.48,0.226,0.303,3.3,12.1,7.5,22.7,1.7,1.0,13.1,22.6,0.0,0.6,0.5,0.027,-2.0,-1.4,-3.4,-0.4
Frank Mason,PG,24,SAC,2018-19,38,435,12.4,0.502,0.379,0.337,1.4,9.0,5.1,26.3,1.7,0.8,15.6,21.8,0.0,0.3,0.3,0.033,-2.0,-2.5,-4.5,-0.3
Frank Ntilikina,PG,19,NYK,2017-18,78,1706,7.0,0.437,0.314,0.136,2.4,9.1,5.8,20.0,1.9,0.9,19.8,16.9,-2.0,1.1,-0.9,-0.026,-3.5,-0.5,-3.9,-0.8
Frank Ntilikina,PG,20,NYK,2018-19,43,904,6.0,0.417,0.408,0.106,1.4,8.9,5.0,19.5,1.6,1.3,15.9,16.6,-1.3,0.4,-0.8,-0.045,-4.5,-1.2,-5.7,-0.8
Fred Jones,SG,26,IND,2005-06,68,1837,11.0,0.517,0.335,0.286,1.2,9.3,5.3,14.5,1.6,0.8,14.5,18.7,0.4,2.2,2.6,0.069,-1.4,0.3,-1.1,0.4
Fred Jones,SG,27,TOT,2006-07,63,1319,10.0,0.501,0.355,0.316,2.1,8.4,5.2,12.8,1.9,0.9,14.0,16.9,0.2,1.0,1.2,0.044,-1.6,-0.3,-1.9,0.0
Fred Jones,SG,27,TOR,2006-07,39,870,9.9,0.516,0.406,0.353,2.1,9.0,5.5,9.6,1.8,1.1,14.8,18.0,0.0,0.8,0.8,0.043,-1.6,0.0,-1.6,0.1
Fred Jones,SG,27,POR,2006-07,24,449,10.3,0.466,0.241,0.232,1.9,7.3,4.6,18.9,2.2,0.7,12.1,14.7,0.2,0.2,0.4,0.044,-1.5,-1.0,-2.4,0.0
Fred Jones,SG,28,NYK,2007-08,70,1757,10.9,0.546,0.444,0.292,1.9,9.4,5.5,14.7,1.4,0.8,13.8,14.4,1.7,0.6,2.2,0.061,-0.3,-0.9,-1.2,0.4
Fred Jones,SF,29,LAC,2008-09,52,1495,10.4,0.536,0.464,0.256,1.7,8.2,4.9,19.1,1.8,0.5,15.8,12.8,1.1,0.5,1.6,0.052,-1.1,-1.0,-2.1,0.0
Fred VanVleet,PG,22,TOR,2016-17,37,294,10.5,0.443,0.261,0.198,1.5,14.6,8.1,17.5,2.8,0.9,11.1,20.6,-0.1,0.4,0.2,0.04,-3.2,0.0,-3.2,-0.1
Fred VanVleet,PG,23,TOR,2017-18,76,1520,15.9,0.556,0.479,0.185,1.9,11.5,6.8,22.8,2.2,1.0,11.2,19.1,2.7,2.0,4.7,0.149,1.9,0.1,1.9,1.5
Fred VanVleet,PG,24,TOR,2018-19,64,1760,13.7,0.539,0.493,0.192,1.3,8.7,5.1,23.9,1.6,0.9,11.2,17.9,2.4,1.9,4.3,0.117,0.7,-0.7,0.0,0.9
Furkan Aldemir,PF,23,PHI,2014-15,41,540,12.0,0.517,0.064,0.346,14.9,20.7,17.7,8.3,1.6,2.4,15.9,8.6,0.7,0.7,1.4,0.122,-2.7,2.0,-0.7,0.2
Furkan Korkmaz,SG,20,PHI,2017-18,14,80,3.4,0.386,0.607,0.143,2.8,11.7,7.4,6.7,1.2,1.0,6.3,16.9,-0.1,0.1,0.0,-0.006,-5.0,-1.8,-6.9,-0.1
Furkan Korkmaz,SG,21,PHI,2018-19,48,679,11.5,0.528,0.588,0.18,2.6,13.8,8.3,10.7,2.0,0.2,8.6,17.9,0.4,0.7,1.1,0.079,-0.8,-1.5,-2.2,0.0
Gabe Pruitt,PG,21,BOS,2007-08,15,95,8.3,0.401,0.308,0.051,1.3,8.3,5.0,22.5,2.8,0.0,11.1,22.0,-0.1,0.2,0.1,0.028,-4.1,-0.8,-4.8,-0.1
Gabe Pruitt,SG,22,BOS,2008-09,47,366,7.6,0.422,0.475,0.208,3.1,10.8,7.1,15.5,2.2,0.7,14.7,16.5,-0.2,0.6,0.4,0.047,-3.2,0.5,-2.7,-0.1
Gal Mekel,PG,25,DAL,2013-14,31,292,5.4,0.4,0.233,0.14,2.0,8.6,5.3,30.1,0.7,0.3,25.4,19.0,-0.5,0.1,-0.4,-0.073,-5.7,-3.4,-9.2,-0.5
Gal Mekel,PG,26,NOP,2014-15,4,43,0.5,0.15,0.15,0.0,0.0,2.6,1.3,42.2,2.4,0.0,9.1,23.3,-0.2,0.0,-0.2,-0.238,-10.3,-6.3,-16.6,-0.2
Gani Lawal,PF,22,PHO,2010-11,1,2,-9.1,,,,0.0,0.0,0.0,0.0,0.0,0.0,,0.0,0.0,0.0,0.0,-0.009,-5.4,0.5,-4.9,0.0
Garret Siler,C,24,PHO,2010-11,21,101,13.5,0.553,0.0,0.71,18.3,13.7,16.0,4.7,0.5,2.9,19.7,22.6,0.1,0.1,0.1,0.054,-2.4,-1.8,-4.2,-0.1
Garrett Temple,SG,23,TOT,2009-10,27,334,10.5,0.553,0.366,0.495,2.1,8.8,5.4,9.6,2.0,1.3,18.0,20.3,0.0,0.4,0.4,0.057,-2.3,-0.6,-2.9,-0.1
Garrett Temple,PG,24,TOT,2010-11,24,230,4.7,0.378,0.544,0.25,0.5,11.6,6.0,21.9,2.6,2.1,23.4,20.1,-0.7,0.3,-0.4,-0.085,-6.1,0.3,-5.8,-0.2
Garrett Temple,SG,26,WAS,2012-13,51,1156,8.8,0.478,0.31,0.143,2.8,9.1,5.9,15.5,2.3,1.2,18.2,13.2,-0.3,1.5,1.2,0.049,-2.9,1.7,-1.2,0.2
Garrett Temple,SG,27,WAS,2013-14,75,638,7.8,0.431,0.206,0.305,3.8,8.7,6.2,15.8,2.8,1.4,20.8,14.3,-0.5,0.9,0.3,0.025,-4.6,1.0,-3.7,-0.3
Garrett Temple,SG,28,WAS,2014-15,52,735,10.9,0.534,0.518,0.282,3.8,9.9,6.9,11.0,2.9,1.0,15.1,13.9,0.4,1.1,1.5,0.1,-0.6,1.4,0.8,0.5
Garrett Temple,SF,29,WAS,2015-16,80,1951,9.3,0.52,0.511,0.248,2.0,10.3,6.1,10.0,1.7,0.7,10.3,14.0,1.0,1.7,2.7,0.066,-1.0,0.1,-1.0,0.5
Garrett Temple,SG,30,SAC,2016-17,65,1728,11.2,0.545,0.509,0.171,2.2,10.1,6.2,14.4,2.5,1.5,14.4,14.2,0.9,1.3,2.2,0.061,-0.3,0.6,0.3,1.0
Garrett Temple,SG,31,SAC,2017-18,65,1615,10.2,0.536,0.477,0.164,1.5,9.6,5.4,11.3,1.8,1.6,13.4,16.4,0.3,0.9,1.2,0.035,-1.3,-0.6,-1.8,0.1
Garrett Temple,SG,32,TOT,2018-19,75,2040,8.5,0.543,0.535,0.217,1.5,10.2,5.8,7.4,1.8,1.4,11.5,13.2,0.3,2.0,2.2,0.052,-1.7,0.6,-1.2,0.4
Garrett Temple,SG,32,MEM,2018-19,49,1530,8.6,0.551,0.543,0.196,1.3,10.0,5.6,6.7,1.6,1.5,11.4,13.9,0.1,1.5,1.6,0.05,-1.9,0.5,-1.4,0.2
Garrett Temple,SG,32,LAC,2018-19,26,510,8.0,0.514,0.509,0.292,2.1,10.9,6.7,9.4,2.4,0.8,11.8,11.2,0.2,0.5,0.6,0.061,-1.3,0.8,-0.4,0.2
Gary Clark,PF,24,HOU,2018-19,51,641,9.2,0.48,0.914,0.046,4.1,16.2,10.0,3.8,1.5,3.5,4.3,10.9,0.3,0.7,1.0,0.071,-2.4,0.6,-1.8,0.0
Gary Forbes,SF,25,DEN,2010-11,63,791,11.7,0.524,0.212,0.319,4.2,12.5,8.5,9.7,1.5,0.6,12.9,20.1,0.3,0.7,0.9,0.055,-1.9,-1.1,-3.0,-0.2
Gary Forbes,SG,26,TOR,2011-12,48,713,13.3,0.513,0.306,0.336,4.5,12.2,8.4,13.7,1.8,0.5,14.8,24.1,0.1,0.7,0.8,0.053,-0.8,-1.3,-2.2,0.0
Gary Harris,SG,20,DEN,2014-15,55,719,4.9,0.395,0.475,0.217,3.0,6.7,4.8,5.9,2.7,0.8,13.8,16.6,-1.2,0.5,-0.7,-0.046,-4.2,-0.1,-4.3,-0.4
Gary Harris,SG,21,DEN,2015-16,76,2439,12.7,0.566,0.388,0.174,2.4,7.7,5.0,9.5,2.0,0.6,10.6,16.5,2.8,1.2,4.0,0.079,0.9,-0.7,0.2,1.3
Gary Harris,SG,22,DEN,2016-17,57,1782,16.5,0.611,0.4,0.21,3.0,8.0,5.5,13.6,1.9,0.3,9.8,18.4,3.9,0.7,4.6,0.124,3.1,-1.6,1.5,1.6
Gary Harris,SG,23,DEN,2017-18,67,2304,16.5,0.597,0.434,0.178,1.8,6.8,4.3,13.0,2.6,0.5,10.8,20.7,3.9,1.5,5.5,0.114,2.4,-1.5,0.9,1.7
Gary Harris,SG,24,DEN,2018-19,57,1639,12.2,0.526,0.38,0.226,2.7,7.9,5.3,11.0,1.6,1.0,8.9,20.0,1.1,1.5,2.6,0.076,-0.7,-1.0,-1.8,0.1
Gary Neal,SG,26,SAS,2010-11,80,1685,13.1,0.578,0.487,0.165,1.5,11.8,6.8,9.1,0.8,0.2,10.3,20.6,2.1,1.4,3.5,0.099,0.9,-1.9,-1.1,0.4
Gary Neal,SG,27,SAS,2011-12,56,1206,14.2,0.542,0.407,0.132,1.2,9.9,5.6,15.1,1.2,0.1,10.5,21.7,1.6,0.9,2.5,0.101,1.3,-1.8,-0.5,0.5
Gary Neal,SG,28,SAS,2012-13,68,1484,11.5,0.512,0.42,0.124,1.1,9.6,5.6,13.5,1.0,0.1,9.9,21.7,0.4,1.5,1.9,0.06,-0.8,-1.8,-2.6,-0.2
Gary Neal,SG,29,TOT,2013-14,52,1114,12.5,0.53,0.382,0.223,1.0,8.3,4.6,13.0,0.8,0.0,11.0,23.8,0.6,0.3,1.0,0.041,-0.6,-4.0,-4.6,-0.7
Gary Neal,SG,30,TOT,2014-15,54,1193,11.1,0.483,0.326,0.268,1.3,11.0,6.0,14.5,1.0,0.1,10.4,23.8,-0.2,0.8,0.6,0.023,-1.7,-2.6,-4.3,-0.7
Gary Neal,SG,31,WAS,2015-16,40,807,13.5,0.558,0.308,0.169,1.5,10.2,5.8,9.2,1.2,0.1,7.7,20.5,0.9,0.5,1.4,0.085,-0.5,-2.3,-2.8,-0.2
Gary Neal,SG,32,ATL,2016-17,2,18,-4.3,0.228,0.286,0.571,0.0,6.0,3.1,7.1,0.0,0.0,0.0,21.2,-0.1,0.0,-0.1,-0.189,-11.8,-4.9,-16.6,-0.1
Gary Payton,PG,37,MIA,2005-06,81,2305,10.7,0.52,0.42,0.23,1.8,9.7,5.9,16.7,1.6,0.3,14.5,14.1,1.8,2.3,4.1,0.085,-0.3,0.1,-0.2,1.0
Gary Payton,PG,38,MIA,2006-07,68,1503,9.0,0.458,0.336,0.156,1.4,8.7,5.2,20.9,1.5,0.2,14.4,14.4,0.1,1.2,1.3,0.042,-2.5,-1.0,-3.5,-0.6
Gary Payton,PG,24,MIL,2016-17,6,99,4.5,0.413,0.409,0.227,0.0,14.0,7.1,18.1,1.5,3.6,29.2,15.8,-0.3,0.1,-0.2,-0.074,-7.3,0.6,-6.7,-0.1
Gary Payton,PG,25,TOT,2017-18,23,221,9.8,0.443,0.338,0.122,6.5,15.5,11.0,13.7,1.5,1.1,8.2,16.8,0.0,0.2,0.2,0.041,-2.7,-0.9,-3.6,-0.1
Gary Payton,PG,26,WAS,2018-19,3,16,36.9,0.688,0.25,0.0,6.7,6.9,6.8,45.1,8.9,5.3,11.1,23.8,0.1,0.0,0.1,0.358,9.8,5.2,14.9,0.1
Gary Trent,SG,20,POR,2018-19,15,111,3.6,0.377,0.42,0.14,1.0,9.4,5.3,6.2,0.4,1.4,7.0,21.7,-0.3,0.1,-0.2,-0.092,-6.7,-3.6,-10.3,-0.2
George Hill,PG,22,SAS,2008-09,77,1270,11.6,0.502,0.196,0.392,2.9,11.9,7.4,16.6,1.9,1.2,14.5,19.5,0.2,2.0,2.1,0.08,-2.8,1.0,-1.8,0.1
George Hill,PG,23,SAS,2009-10,78,2276,14.7,0.572,0.255,0.321,2.2,8.2,5.3,15.5,1.6,0.8,10.7,19.0,4.1,2.6,6.7,0.142,1.3,0.2,1.5,2.0
George Hill,PG,24,SAS,2010-11,76,2148,14.6,0.588,0.322,0.427,1.3,9.2,5.4,13.6,1.6,0.7,11.6,18.2,4.0,2.1,6.1,0.136,1.1,-0.1,1.1,1.7
George Hill,PG,25,IND,2011-12,50,1274,15.7,0.557,0.387,0.308,2.8,10.5,6.7,18.8,1.7,1.1,10.8,17.2,2.8,1.3,4.0,0.152,2.6,-0.3,2.3,1.4
George Hill,PG,26,IND,2012-13,76,2620,16.6,0.558,0.405,0.245,2.0,9.9,6.0,23.4,1.6,0.7,10.7,18.8,5.9,3.8,9.7,0.177,2.8,0.3,3.1,3.4
George Hill,PG,27,IND,2013-14,76,2434,13.4,0.563,0.422,0.286,2.6,10.1,6.5,17.2,1.6,0.7,11.7,14.8,3.8,4.0,7.8,0.154,1.0,1.4,2.4,2.7
George Hill,PG,28,IND,2014-15,43,1267,21.5,0.579,0.361,0.267,2.2,13.3,7.8,31.4,1.8,0.9,10.3,23.8,3.7,1.6,5.4,0.203,5.4,0.2,5.6,2.4
George Hill,PG,29,IND,2015-16,74,2524,13.2,0.555,0.425,0.203,2.5,10.3,6.5,15.5,1.6,0.5,11.1,15.8,3.4,2.8,6.2,0.118,1.1,0.5,1.5,2.2
George Hill,PG,30,UTA,2016-17,49,1544,19.3,0.599,0.384,0.323,1.8,10.5,6.2,22.8,1.7,0.6,10.9,23.5,4.0,1.9,5.9,0.182,3.9,-0.2,3.6,2.2
George Hill,PG,31,TOT,2017-18,67,1812,13.3,0.58,0.4,0.273,2.6,8.9,5.7,15.0,1.7,1.3,13.3,16.3,2.3,0.9,3.2,0.085,0.3,-0.9,-0.6,0.6
George Hill,PG,32,TOT,2018-19,60,1302,12.1,0.554,0.407,0.226,3.2,8.3,5.9,14.0,1.9,0.5,11.0,15.1,1.5,1.3,2.8,0.103,-0.6,-0.4,-1.0,0.3
George Hill,PG,32,CLE,2018-19,13,344,13.5,0.604,0.262,0.187,3.7,5.1,4.4,16.2,1.7,0.3,14.7,17.3,0.5,0.0,0.5,0.066,0.3,-2.6,-2.3,0.0
George Hill,PG,32,MIL,2018-19,47,958,11.6,0.534,0.465,0.242,3.0,9.4,6.4,13.3,1.9,0.6,9.4,14.4,1.0,1.4,2.3,0.117,-0.9,0.4,-0.5,0.4
George King,SF,25,PHO,2018-19,1,6,1.9,,,,0.0,18.8,9.2,0.0,0.0,0.0,,0.0,0.0,0.0,0.0,-0.001,-8.8,-1.8,-10.6,0.0
Georges Niang,PF,23,IND,2016-17,23,93,0.1,0.285,0.333,0.056,2.4,17.9,10.3,7.5,1.6,0.0,11.9,20.2,-0.4,0.1,-0.3,-0.168,-9.9,-2.2,-12.0,-0.2
Georges Niang,PF,24,UTA,2017-18,9,32,9.2,0.379,0.364,0.182,10.8,21.1,16.0,14.0,3.1,0.0,20.2,20.9,-0.1,0.1,0.0,-0.029,-5.5,1.4,-4.0,0.0
Georges Niang,PF,25,UTA,2018-19,59,516,13.0,0.613,0.58,0.133,2.4,15.7,9.1,10.1,0.9,0.9,10.7,17.8,0.7,0.7,1.3,0.123,-0.2,-0.8,-1.1,0.1
Georgios Papagiannis,C,19,SAC,2016-17,22,355,12.7,0.573,0.02,0.137,7.9,20.0,14.0,9.0,0.4,4.4,18.2,16.9,0.1,0.3,0.4,0.057,-3.5,0.8,-2.7,-0.1
Georgios Papagiannis,C,20,TOT,2017-18,17,122,12.2,0.429,0.0,0.0,11.6,23.4,17.2,11.2,1.6,4.7,16.0,18.4,-0.1,0.1,0.0,0.005,-5.5,1.8,-3.7,-0.1
Gerald Fitch,PG,23,MIA,2005-06,18,239,10.2,0.424,0.292,0.258,3.6,10.9,7.4,21.5,1.5,1.6,13.1,22.0,-0.1,0.3,0.1,0.026,-2.8,-0.8,-3.6,-0.1
Gerald Green,SG,20,BOS,2005-06,32,374,13.1,0.541,0.145,0.268,3.3,9.9,6.7,8.5,1.8,0.8,12.5,21.7,0.2,0.3,0.5,0.064,-2.3,-2.3,-4.5,-0.2
Gerald Green,SF,21,BOS,2006-07,81,1780,12.0,0.521,0.349,0.215,4.5,9.6,7.0,8.5,1.2,1.0,12.9,23.7,0.4,1.2,1.6,0.042,-0.7,-2.3,-3.1,-0.5
Gerald Green,SF,22,TOT,2007-08,30,362,8.7,0.453,0.258,0.272,4.1,16.9,10.2,12.5,1.2,0.9,15.9,25.1,-0.5,0.2,-0.4,-0.048,-4.5,-2.4,-6.9,-0.4
Gerald Green,SF,22,MIN,2007-08,29,358,7.9,0.443,0.264,0.277,3.5,17.0,10.0,12.6,1.2,0.9,16.2,24.9,-0.6,0.2,-0.4,-0.058,-4.9,-2.2,-7.1,-0.5
Gerald Green,SF,22,HOU,2007-08,1,4,76.3,1.0,0.0,0.0,57.3,0.0,28.2,0.0,0.0,0.0,0.0,34.3,0.1,0.0,0.1,0.826,31.9,-14.1,17.7,0.0
Gerald Green,SG,23,DAL,2008-09,38,376,11.4,0.513,0.256,0.178,4.3,12.1,8.2,6.9,1.4,1.0,14.5,27.7,-0.3,0.3,0.0,-0.002,-3.4,-3.0,-6.4,-0.4
Gerald Green,SF,26,NJN,2011-12,31,781,15.8,0.574,0.344,0.203,2.2,14.2,8.0,8.5,1.9,1.7,13.6,23.6,0.8,0.4,1.2,0.072,0.2,-1.8,-1.6,0.1
Gerald Green,SF,27,IND,2012-13,60,1080,9.9,0.465,0.443,0.153,3.3,11.1,7.3,7.9,0.9,1.6,10.5,21.3,-0.3,1.5,1.3,0.056,-2.6,-0.9,-3.5,-0.4
Gerald Green,SG,28,PHO,2013-14,82,2330,16.5,0.585,0.507,0.229,2.3,10.9,6.6,8.6,1.5,1.4,11.6,23.6,4.2,1.9,6.1,0.126,2.4,-1.4,1.0,1.8
Gerald Green,SG,29,PHO,2014-15,74,1446,15.4,0.532,0.497,0.154,2.5,11.7,7.0,10.9,1.4,0.6,11.1,28.4,1.0,1.0,1.9,0.065,0.8,-3.3,-2.4,-0.2
Gerald Green,SG,30,MIA,2015-16,69,1557,10.1,0.491,0.443,0.157,1.9,9.7,5.9,5.6,1.3,0.9,6.8,19.8,0.3,1.4,1.7,0.052,-1.2,-1.8,-3.0,-0.4
Gerald Green,SF,31,BOS,2016-17,47,538,11.9,0.524,0.478,0.177,3.3,13.9,8.7,9.8,0.8,1.1,9.1,22.7,0.1,0.4,0.6,0.05,-2.0,-2.8,-4.7,-0.4
Gerald Green,SG,32,HOU,2017-18,41,929,14.1,0.566,0.722,0.145,1.8,14.2,8.1,4.3,1.3,1.4,6.6,22.4,1.0,1.0,2.1,0.107,0.5,-2.4,-1.9,0.0
Gerald Green,SG,33,HOU,2018-19,73,1473,11.4,0.555,0.763,0.118,2.2,11.7,6.8,4.1,1.1,1.6,8.3,19.5,0.9,1.0,1.9,0.061,-0.8,-2.6,-3.4,-0.5
Gerald Henderson,SG,22,CHA,2009-10,43,355,9.7,0.453,0.183,0.452,5.2,13.3,9.3,6.0,1.5,2.1,10.1,18.2,-0.1,0.5,0.4,0.056,-4.7,-0.1,-4.7,-0.2
Gerald Henderson,SG,23,CHA,2010-11,68,1661,13.2,0.509,0.063,0.286,3.5,11.6,7.5,10.7,1.6,1.6,9.1,19.9,0.9,1.4,2.4,0.068,-1.9,-0.3,-2.3,-0.1
Gerald Henderson,SG,24,CHA,2011-12,55,1831,14.0,0.511,0.065,0.282,3.9,10.5,7.0,13.5,1.4,0.8,11.0,23.0,0.8,0.2,1.0,0.026,-0.7,-1.9,-2.6,-0.3
Gerald Henderson,SG,25,CHA,2012-13,68,2133,16.4,0.531,0.117,0.366,2.9,10.8,6.7,15.6,1.7,1.3,9.8,23.5,2.9,0.3,3.3,0.073,0.5,-2.1,-1.6,0.2
Gerald Henderson,SG,26,CHA,2013-14,77,2461,13.1,0.507,0.124,0.332,1.4,12.9,7.1,13.9,1.1,1.0,9.6,22.1,0.8,2.8,3.6,0.071,-1.7,0.0,-1.7,0.2
Gerald Henderson,SG,27,CHO,2014-15,80,2315,13.2,0.514,0.161,0.256,1.7,11.6,6.5,15.6,1.1,0.7,10.5,20.7,1.3,2.3,3.6,0.074,-1.2,-0.4,-1.5,0.3
Gerald Henderson,SG,28,POR,2015-16,72,1431,12.9,0.526,0.257,0.276,2.3,13.7,8.0,8.2,1.4,1.0,10.3,20.2,1.0,1.0,2.0,0.068,-1.9,-1.4,-3.3,-0.5
Gerald Henderson,SG,29,PHI,2016-17,72,1667,10.8,0.529,0.313,0.298,2.2,10.0,6.1,10.5,1.2,0.7,9.0,17.9,1.0,1.0,2.0,0.059,-1.8,-1.3,-3.1,-0.5
Gerald Wallace,SF,23,CHA,2005-06,55,1895,21.3,0.578,0.085,0.52,7.1,18.9,12.6,8.8,3.7,4.7,12.0,19.3,3.0,3.4,6.4,0.163,1.1,4.7,5.8,3.7
Gerald Wallace,SF,24,CHA,2006-07,72,2640,19.8,0.568,0.126,0.47,6.2,17.4,11.6,12.5,2.8,2.0,12.2,22.5,4.2,3.5,7.7,0.141,1.8,2.0,3.9,3.9
Gerald Wallace,PF,25,CHA,2007-08,62,2376,17.5,0.547,0.243,0.471,2.8,15.3,9.0,15.9,2.9,1.9,14.1,24.6,1.8,2.8,4.6,0.094,0.9,1.4,2.3,2.6
Gerald Wallace,SF,26,CHA,2008-09,71,2669,18.6,0.585,0.162,0.56,5.2,20.3,12.8,12.4,2.5,2.1,12.8,20.5,4.9,4.6,9.5,0.172,1.2,2.9,4.1,4.1
Gerald Wallace,SF,27,CHA,2009-10,76,3119,18.3,0.586,0.148,0.577,5.9,23.2,14.7,9.0,2.0,2.2,13.1,20.3,5.3,6.2,11.5,0.177,0.6,2.9,3.5,4.3
Gerald Wallace,SF,28,TOT,2010-11,71,2693,16.2,0.548,0.219,0.439,4.9,21.0,12.8,10.9,2.1,1.9,13.0,20.3,2.6,3.6,6.2,0.111,0.0,1.7,1.7,2.5
Gerald Wallace,SF,29,TOT,2011-12,58,2076,15.9,0.547,0.237,0.356,4.8,17.2,10.8,13.2,2.2,1.3,13.2,18.6,3.0,1.8,4.8,0.112,0.8,1.1,1.9,2.1
Gerald Wallace,SF,30,BRK,2012-13,69,2076,11.6,0.49,0.356,0.415,3.9,14.3,9.1,13.3,2.5,1.7,16.9,14.5,0.6,2.5,3.1,0.072,-0.7,2.6,1.9,2.0
Gerald Wallace,SF,31,BOS,2013-14,58,1416,10.0,0.543,0.278,0.439,2.8,14.5,8.5,14.9,2.7,0.8,26.1,11.6,-0.3,1.6,1.3,0.043,-2.5,2.2,-0.3,0.6
Gerald Wallace,SF,32,BOS,2014-15,32,286,6.2,0.431,0.088,0.441,6.4,15.5,10.9,5.1,2.6,1.1,30.7,9.0,-0.3,0.4,0.1,0.014,-5.8,2.6,-3.2,-0.1
Gian Clavell,SG,24,DAL,2017-18,7,64,7.4,0.53,0.833,0.111,1.7,10.8,6.1,6.7,1.6,0.0,9.6,14.8,0.0,0.0,0.1,0.042,-1.7,-1.9,-3.6,0.0
Giannis Antetokounmpo,SF,19,MIL,2013-14,77,1897,10.8,0.518,0.282,0.483,4.6,16.3,10.2,12.1,1.7,2.6,19.4,15.0,0.1,1.1,1.2,0.031,-2.5,0.7,-1.8,0.1
Giannis Antetokounmpo,SG,20,MIL,2014-15,81,2541,14.8,0.552,0.056,0.445,4.5,19.7,12.2,13.1,1.5,2.8,15.6,19.6,2.2,4.0,6.2,0.117,-1.7,2.1,0.5,1.6
Giannis Antetokounmpo,PG,21,MIL,2015-16,80,2823,18.8,0.566,0.108,0.404,4.6,20.0,12.4,20.0,1.7,3.4,14.8,22.3,4.2,2.9,7.1,0.121,1.0,1.5,2.4,3.2
Giannis Antetokounmpo,SF,22,MIL,2016-17,80,2845,26.1,0.599,0.143,0.486,5.9,22.6,14.3,26.6,2.3,4.7,13.3,28.3,7.9,4.5,12.4,0.21,4.1,3.5,7.6,6.9
Giannis Antetokounmpo,PF,23,MIL,2017-18,75,2756,27.3,0.598,0.1,0.457,6.7,25.3,16.0,23.7,2.0,3.3,11.7,31.2,8.3,3.6,11.9,0.207,3.9,1.9,5.8,5.4
Giannis Antetokounmpo,PF,24,MIL,2018-19,72,2358,30.9,0.644,0.163,0.55,7.3,30.0,19.3,30.3,1.8,3.9,14.8,32.3,8.9,5.5,14.4,0.292,5.7,5.0,10.8,7.6
Gilbert Arenas,PG,24,WAS,2005-06,80,3384,23.8,0.581,0.324,0.479,2.0,7.8,4.8,27.0,2.5,0.6,12.8,30.5,11.0,2.6,13.6,0.193,6.9,-1.4,5.5,6.4
Gilbert Arenas,PG,25,WAS,2006-07,74,2942,24.0,0.565,0.377,0.464,2.3,11.1,6.6,27.2,2.4,0.3,11.2,31.4,9.3,1.5,10.8,0.177,7.0,-2.0,5.0,5.2
Gilbert Arenas,PG,26,WAS,2007-08,13,425,18.2,0.529,0.398,0.49,1.6,12.8,7.0,27.4,2.9,0.2,17.1,31.1,0.2,0.4,0.6,0.07,2.3,-1.6,0.7,0.3
Gilbert Arenas,PG,27,WAS,2008-09,2,63,18.9,0.433,0.304,0.696,1.8,15.3,8.4,47.8,0.0,1.3,3.2,22.4,0.2,0.0,0.2,0.115,2.5,-4.1,-1.7,0.0
Gilbert Arenas,PG,28,WAS,2009-10,32,1169,18.7,0.511,0.294,0.336,1.6,11.6,6.5,36.3,1.8,0.6,14.2,31.9,0.9,0.9,1.8,0.072,3.8,-1.3,2.5,1.3
Gilbert Arenas,PG,29,TOT,2010-11,70,1796,10.8,0.471,0.446,0.208,1.4,10.7,6.1,25.3,2.1,0.9,18.1,24.7,-1.6,2.2,0.5,0.014,-1.2,-0.2,-1.5,0.2
Gilbert Arenas,PG,30,MEM,2011-12,17,211,9.9,0.526,0.609,0.156,1.1,9.0,5.0,13.4,2.8,0.4,14.9,17.3,0.1,0.3,0.4,0.088,-0.2,-0.7,-0.9,0.1
Glen Davis,C,22,BOS,2007-08,69,940,11.3,0.545,0.0,0.679,12.8,13.5,13.2,4.6,1.7,1.7,18.5,17.4,0.6,1.9,2.5,0.128,-2.7,1.1,-1.6,0.1
Glen Davis,C,23,BOS,2008-09,76,1637,10.7,0.502,0.011,0.396,9.4,12.8,11.2,6.5,1.7,0.9,11.8,17.1,1.0,2.7,3.7,0.108,-2.1,1.1,-1.0,0.4
Glen Davis,PF,24,BOS,2009-10,54,933,11.5,0.5,0.014,0.495,13.7,13.3,13.5,5.9,1.2,1.2,13.5,19.7,0.5,1.2,1.6,0.084,-2.5,-0.5,-3.0,-0.2
Glen Davis,C,25,BOS,2010-11,78,2298,12.8,0.499,0.019,0.331,5.7,16.4,11.4,6.6,1.8,1.0,8.5,20.9,0.6,4.3,4.9,0.102,-2.8,1.4,-1.4,0.3
Glen Davis,PF,26,ORL,2011-12,61,1427,13.2,0.466,0.026,0.313,8.5,18.4,13.4,5.9,1.6,1.0,11.0,22.4,0.0,1.7,1.7,0.057,-3.8,-0.4,-4.2,-0.8
Glen Davis,PF,27,ORL,2012-13,34,1064,15.0,0.483,0.004,0.245,5.8,20.3,13.1,11.3,1.6,1.5,10.8,25.4,-0.1,0.9,0.8,0.035,-2.8,-0.2,-3.0,-0.3
Glen Davis,PF,28,TOT,2013-14,68,1662,13.1,0.491,0.019,0.231,7.4,16.4,11.9,7.8,1.8,1.4,10.4,19.9,0.2,1.8,2.0,0.058,-2.8,0.3,-2.5,-0.2
Glen Davis,PF,29,LAC,2014-15,74,904,10.8,0.495,0.016,0.373,5.5,15.4,10.5,6.3,2.3,1.9,11.6,16.7,0.2,1.1,1.4,0.072,-3.5,1.0,-2.5,-0.1
Glen Rice,SG,23,WAS,2013-14,11,109,6.6,0.399,0.459,0.189,4.2,17.3,10.6,9.3,2.8,0.8,18.3,20.3,-0.3,0.2,-0.1,-0.043,-5.9,0.0,-5.8,-0.1
Glen Rice,SG,24,WAS,2014-15,5,43,-3.6,0.312,0.467,0.4,5.4,5.1,5.2,6.5,0.0,0.0,10.2,20.7,-0.1,0.0,-0.1,-0.121,-7.0,-4.1,-11.1,-0.1
Glenn Robinson,SG,21,TOT,2014-15,35,261,8.5,0.471,0.284,0.358,6.1,10.6,8.3,7.0,1.2,0.3,12.4,14.9,0.0,0.1,0.1,0.012,-3.9,-2.4,-6.3,-0.3
Glenn Robinson,SF,22,IND,2015-16,45,508,11.4,0.508,0.245,0.258,2.6,12.0,7.3,7.7,1.7,1.4,9.7,16.1,0.2,0.6,0.8,0.078,-3.0,0.0,-3.0,-0.1
Glenn Robinson,SF,23,IND,2016-17,69,1427,11.5,0.564,0.37,0.225,4.5,14.7,9.7,4.7,1.4,1.2,9.1,12.8,1.3,1.2,2.5,0.085,-1.2,-0.2,-1.3,0.2
Glenn Robinson,SF,24,IND,2017-18,23,338,10.8,0.529,0.4,0.129,3.7,8.6,6.2,6.8,1.9,0.3,5.3,12.5,0.4,0.3,0.6,0.088,-0.9,-0.9,-1.8,0.0
Glenn Robinson,SF,25,DET,2018-19,47,610,8.7,0.511,0.352,0.227,2.9,10.0,6.4,5.1,1.1,1.1,8.5,15.0,0.1,0.6,0.7,0.054,-3.5,-0.8,-4.2,-0.3
Goran Dragic,PG,30,MIA,2016-17,73,2459,19.8,0.575,0.257,0.335,2.8,9.9,6.3,29.0,1.8,0.4,14.1,27.1,5.0,2.6,7.5,0.147,3.4,-0.7,2.7,2.9
Goran Dragić,PG,22,PHO,2008-09,55,728,9.8,0.487,0.241,0.29,5.5,10.8,8.3,20.8,2.0,0.3,22.4,19.7,-0.3,0.4,0.1,0.005,-2.1,-1.2,-3.3,-0.2
Goran Dragić,PG,23,PHO,2009-10,80,1442,14.8,0.566,0.383,0.324,3.2,9.8,6.7,24.1,1.7,0.4,18.3,21.1,2.0,0.8,2.8,0.094,1.6,-1.2,0.4,0.9
Goran Dragić,PG,24,TOT,2010-11,70,1234,13.2,0.524,0.351,0.302,3.3,9.9,6.6,25.6,2.1,0.6,19.0,22.4,0.2,0.8,1.0,0.04,-0.3,-1.2,-1.5,0.2
Goran Dragić,PG,25,HOU,2011-12,66,1752,18.0,0.567,0.337,0.317,3.5,7.7,5.6,32.5,2.5,0.4,18.7,21.8,3.6,1.5,5.1,0.139,3.0,-1.0,2.1,1.8
Goran Dragić,PG,26,PHO,2012-13,77,2581,17.5,0.54,0.305,0.36,2.6,8.0,5.2,35.7,2.5,0.8,16.8,21.7,4.1,1.6,5.7,0.106,2.6,-1.2,1.4,2.2
Goran Dragić,SG,27,PHO,2013-14,76,2668,21.4,0.604,0.274,0.381,2.9,7.4,5.2,28.1,2.0,0.6,14.3,24.5,8.4,2.0,10.3,0.186,4.9,-1.1,3.9,4.0
Goran Dragić,SG,28,TOT,2014-15,78,2640,17.4,0.577,0.258,0.234,3.5,8.2,5.9,22.8,1.5,0.5,13.5,21.8,5.4,1.4,6.8,0.123,2.5,-1.4,1.1,2.1
Goran Dragić,PG,29,MIA,2015-16,72,2363,15.5,0.537,0.234,0.189,2.7,10.4,6.6,28.7,1.5,0.6,16.3,21.9,2.4,2.3,4.7,0.096,1.3,-0.6,0.7,1.6
Goran Dragić,PG,31,MIA,2017-18,75,2378,16.6,0.543,0.279,0.252,2.5,12.0,7.2,25.4,1.3,0.4,12.2,25.7,2.9,2.3,5.3,0.106,1.0,-1.1,-0.1,1.2
Goran Dragić,PG,32,MIA,2018-19,36,991,13.9,0.517,0.379,0.233,2.1,9.8,6.0,27.3,1.5,0.5,12.9,23.7,0.6,1.0,1.6,0.079,0.1,-1.3,-1.2,0.2
Gordan Giriček,SG,28,UTA,2005-06,37,956,8.7,0.482,0.154,0.149,1.9,7.0,4.4,12.8,0.9,0.3,13.4,22.8,-0.6,0.4,-0.2,-0.01,-3.0,-3.3,-6.3,-1.0
Gordan Giriček,SG,29,UTA,2006-07,61,1188,11.3,0.566,0.32,0.228,2.5,10.7,6.6,8.5,1.2,0.3,13.2,18.2,1.1,0.8,1.9,0.076,-0.4,-1.7,-2.0,0.0
Gordan Giriček,SG,30,TOT,2007-08,56,831,9.8,0.518,0.328,0.086,2.4,10.8,6.7,11.0,1.5,0.4,14.2,19.7,-0.1,0.6,0.5,0.029,-1.9,-1.6,-3.5,-0.3
Gordan Giriček,SG,30,UTA,2007-08,22,279,7.0,0.464,0.333,0.01,2.7,10.9,6.8,8.4,2.4,0.3,17.0,19.8,-0.4,0.3,-0.1,-0.022,-3.7,-1.0,-4.7,-0.2
Gordan Giriček,SG,30,PHI,2007-08,12,110,6.7,0.416,0.366,0.195,1.1,14.2,7.6,15.3,1.4,0.7,15.2,21.5,-0.2,0.1,-0.1,-0.028,-4.9,-1.7,-6.6,-0.1
Gordan Giriček,SG,30,PHO,2007-08,22,442,12.3,0.58,0.314,0.107,2.5,9.9,6.5,11.7,0.9,0.3,12.1,19.2,0.5,0.2,0.7,0.076,0.0,-2.0,-2.0,0.0
Gordon Hayward,SF,20,UTA,2010-11,72,1218,10.7,0.578,0.253,0.331,4.0,9.8,6.9,10.2,1.3,1.3,17.3,15.3,0.8,0.4,1.2,0.048,-1.4,-1.4,-2.8,-0.2
Gordon Hayward,SF,21,UTA,2011-12,66,2015,15.5,0.568,0.271,0.396,3.3,9.9,6.6,15.9,1.4,1.6,13.7,17.8,3.8,1.0,4.9,0.116,2.0,-0.1,1.9,2.0
Gordon Hayward,SF,22,UTA,2012-13,72,2104,16.8,0.564,0.318,0.38,2.8,9.8,6.3,16.7,1.5,1.4,11.7,22.1,4.2,1.2,5.4,0.123,2.4,-1.2,1.3,1.7
Gordon Hayward,SF,23,UTA,2013-14,77,2800,16.2,0.52,0.271,0.369,2.5,14.0,8.0,24.1,2.1,1.1,15.0,23.1,2.2,1.5,3.6,0.062,1.0,0.0,1.0,2.1
Gordon Hayward,SF,24,UTA,2014-15,76,2618,20.2,0.567,0.304,0.425,2.4,14.0,8.2,21.7,2.2,0.9,13.8,26.2,5.8,2.9,8.7,0.159,3.3,0.1,3.4,3.6
Gordon Hayward,SF,25,UTA,2015-16,80,2893,18.3,0.559,0.341,0.397,2.5,13.5,8.0,18.2,1.7,0.8,12.5,25.7,5.5,3.4,8.9,0.147,2.6,-0.1,2.5,3.3
Gordon Hayward,SF,26,UTA,2016-17,73,2516,22.2,0.595,0.324,0.371,2.3,15.4,9.0,18.2,1.5,0.6,9.4,27.6,7.1,3.3,10.4,0.199,4.2,0.0,4.2,4.0
Gordon Hayward,SF,27,BOS,2017-18,1,5,7.3,0.5,0.5,0.0,0.0,21.6,10.9,0.0,0.0,0.0,0.0,17.9,0.0,0.0,0.0,0.056,-5.9,-6.1,-12.0,0.0
Gordon Hayward,PF,28,BOS,2018-19,72,1863,15.6,0.575,0.364,0.294,2.9,15.5,9.2,18.4,1.6,1.1,12.8,19.0,2.6,2.3,4.9,0.126,0.1,0.4,0.5,1.2
Gorgui Dieng,C,24,MIN,2013-14,60,818,16.5,0.534,0.004,0.41,13.4,26.9,20.0,7.2,1.8,4.6,16.8,16.8,0.7,1.5,2.2,0.129,-2.4,3.1,0.7,0.5
Gorgui Dieng,C,25,MIN,2014-15,73,2193,17.2,0.573,0.012,0.477,11.3,20.8,15.9,10.5,1.6,4.5,16.9,15.0,3.4,1.5,4.9,0.108,0.1,2.4,2.5,2.5
Gorgui Dieng,C,26,MIN,2015-16,82,2220,17.1,0.601,0.035,0.428,8.3,22.1,15.3,10.1,2.1,3.5,16.9,16.7,3.4,2.5,5.9,0.127,0.0,2.4,2.4,2.5
Gorgui Dieng,PF,27,MIN,2016-17,82,2653,14.2,0.555,0.065,0.253,8.1,20.5,14.2,8.6,1.7,3.1,12.7,14.0,3.2,2.5,5.7,0.103,-0.5,2.2,1.8,2.5
Gorgui Dieng,C,28,MIN,2017-18,79,1333,14.7,0.543,0.157,0.263,9.1,22.2,15.6,7.5,1.7,2.6,12.0,16.3,1.6,1.4,2.9,0.105,-1.0,0.6,-0.4,0.5
Gorgui Dieng,C,29,MIN,2018-19,76,1031,18.1,0.572,0.149,0.281,8.3,24.1,16.1,10.3,2.2,3.4,11.9,19.6,1.5,1.3,2.8,0.132,-0.9,1.4,0.5,0.7
Grant Hill,SF,33,ORL,2005-06,21,613,19.0,0.552,0.033,0.42,3.1,12.7,8.1,14.6,2.1,0.8,10.8,24.9,1.1,0.6,1.7,0.13,0.7,-0.7,0.0,0.3
Grant Hill,SG,34,ORL,2006-07,65,2009,16.3,0.582,0.018,0.491,3.3,11.0,7.3,12.3,1.6,1.0,15.2,21.8,2.9,2.3,5.1,0.123,0.0,0.1,0.1,1.1
Grant Hill,SF,35,PHO,2007-08,70,2222,15.7,0.576,0.146,0.275,4.1,13.1,9.0,13.1,1.5,1.6,10.7,18.0,3.8,2.1,5.9,0.127,0.9,0.9,1.9,2.2
Grant Hill,SF,36,PHO,2008-09,82,2445,15.2,0.584,0.102,0.301,3.2,15.7,9.7,11.0,1.8,1.6,13.0,17.5,3.5,1.9,5.3,0.104,0.3,0.7,1.0,1.8
Grant Hill,SF,37,PHO,2009-10,81,2430,14.0,0.561,0.114,0.357,3.6,16.3,10.3,11.2,1.2,1.0,11.7,16.8,3.7,1.8,5.5,0.109,0.3,0.9,1.1,1.9
Grant Hill,SF,38,PHO,2010-11,80,2409,14.7,0.563,0.138,0.312,3.7,12.5,8.1,13.0,1.4,1.1,12.5,20.1,3.1,1.3,4.4,0.087,0.3,0.2,0.5,1.5
Grant Hill,SF,39,PHO,2011-12,49,1378,12.3,0.5,0.118,0.242,2.4,11.5,7.0,12.1,1.5,1.5,11.5,18.6,0.6,0.9,1.6,0.055,-1.2,0.7,-0.5,0.5
Grant Hill,SF,40,LAC,2012-13,29,437,4.8,0.428,0.112,0.245,1.7,11.5,6.7,8.3,1.3,1.3,18.7,14.0,-0.5,0.4,-0.1,-0.014,-5.5,0.2,-5.3,-0.4
Grant Jerrett,PF,21,TOT,2014-15,8,51,1.5,0.303,0.577,0.038,4.4,15.2,9.9,9.6,2.1,3.1,10.2,25.4,-0.2,0.1,-0.1,-0.128,-6.8,-1.5,-8.4,-0.1
Grayson Allen,SG,23,UTA,2018-19,38,416,7.5,0.516,0.556,0.337,0.8,5.1,3.0,8.9,0.7,1.1,13.9,24.4,-0.4,0.4,0.0,0.002,-3.7,-3.1,-6.8,-0.5
Greg Buckner,SG,29,DEN,2005-06,73,1758,11.4,0.556,0.583,0.132,2.1,11.7,6.9,10.8,2.5,0.9,10.5,12.6,1.7,2.0,3.8,0.103,0.6,1.1,1.7,1.6
Greg Buckner,SG,30,DAL,2006-07,76,1372,7.8,0.486,0.344,0.114,3.1,10.6,6.9,7.6,1.8,0.4,11.3,12.0,0.4,1.7,2.2,0.076,-1.5,1.0,-0.4,0.5
Greg Buckner,SG,31,MIN,2007-08,31,520,7.2,0.489,0.427,0.188,2.2,12.7,7.2,10.8,2.1,0.3,18.6,13.5,-0.2,0.3,0.1,0.008,-2.9,-0.3,-3.2,-0.2
Greg Buckner,SF,32,MEM,2008-09,63,878,6.3,0.456,0.321,0.157,4.4,13.9,9.1,9.9,1.8,0.7,18.3,11.1,-0.4,0.7,0.3,0.019,-3.6,0.4,-3.2,-0.3
Greg Monroe,C,20,DET,2010-11,80,2222,18.0,0.575,0.002,0.424,13.0,20.4,16.5,7.5,2.3,1.6,11.0,15.4,4.7,1.9,6.6,0.143,1.4,1.0,2.5,2.5
Greg Monroe,C,21,DET,2011-12,66,2082,22.0,0.563,0.001,0.348,13.3,23.6,18.3,14.0,2.1,1.7,15.2,23.6,4.3,2.7,7.0,0.161,2.4,1.4,3.8,3.1
Greg Monroe,C,22,DET,2012-13,81,2687,19.5,0.527,0.004,0.371,9.9,23.6,16.7,18.6,2.1,1.6,16.0,24.8,2.7,3.2,5.9,0.105,0.6,1.8,2.4,3.0
Greg Monroe,PF,23,DET,2013-14,82,2690,18.1,0.531,0.001,0.362,9.9,21.6,15.4,10.3,1.7,1.4,12.4,21.4,3.7,2.3,5.9,0.106,0.0,0.4,0.3,1.6
Greg Monroe,PF,24,DET,2014-15,69,2137,21.2,0.549,0.0,0.394,11.2,25.1,17.9,11.7,1.9,1.3,13.0,23.9,4.0,2.8,6.8,0.153,0.6,1.3,1.9,2.1
Greg Monroe,C,25,MIL,2015-16,79,2314,21.8,0.562,0.001,0.327,10.9,23.4,17.2,13.2,1.6,2.5,10.7,23.5,5.0,2.4,7.5,0.155,1.3,0.2,1.5,2.1
Greg Monroe,C,26,MIL,2016-17,81,1823,21.1,0.572,0.006,0.329,10.8,23.1,17.0,17.3,2.6,1.8,14.4,24.3,3.0,2.6,5.6,0.147,0.5,1.5,2.0,1.9
Greg Monroe,C,27,TOT,2017-18,51,1040,21.2,0.598,0.0,0.308,11.4,25.2,18.3,18.7,2.1,1.8,17.7,22.4,1.8,1.6,3.4,0.155,0.1,2.3,2.4,1.2
Greg Monroe,C,28,TOT,2018-19,43,480,16.0,0.521,0.026,0.381,15.4,22.9,19.3,8.1,1.4,1.4,12.7,22.6,0.4,0.7,1.1,0.108,-2.9,-0.7,-3.6,-0.2
Greg Monroe,C,28,TOR,2018-19,38,423,13.5,0.487,0.025,0.379,15.7,23.8,19.9,5.4,1.5,1.6,14.2,22.2,-0.1,0.7,0.6,0.071,-4.7,-0.6,-5.3,-0.4
Greg Monroe,C,28,BOS,2018-19,2,5,60.2,0.6,0.0,0.0,63.9,0.0,32.0,73.4,0.0,0.0,0.0,43.1,0.1,0.0,0.1,0.534,38.2,6.8,44.9,0.1
Greg Monroe,C,28,PHI,2018-19,3,52,31.7,0.736,0.043,0.478,8.4,17.8,13.2,23.5,0.9,0.0,3.5,23.2,0.4,0.0,0.4,0.37,7.7,-2.0,5.7,0.1
Greg Oden,C,21,POR,2008-09,61,1314,18.1,0.599,0.0,0.644,15.7,24.5,20.0,3.9,1.1,4.2,16.2,19.3,2.6,2.0,4.6,0.167,-0.2,0.9,0.8,0.9
Greg Oden,C,22,POR,2009-10,21,502,23.1,0.647,0.0,0.421,15.6,28.3,21.9,6.7,0.9,7.7,17.8,20.7,1.3,1.0,2.2,0.214,0.6,3.6,4.1,0.8
Greg Oden,C,26,MIA,2013-14,23,212,12.4,0.567,0.0,0.469,14.2,17.7,16.0,0.7,1.7,5.3,16.9,16.0,0.2,0.3,0.5,0.119,-3.3,-0.3,-3.6,-0.1
Greg Ostertag,C,32,UTA,2005-06,60,807,11.6,0.503,0.0,0.387,12.2,21.7,16.9,11.7,0.4,6.8,24.1,11.0,0.2,1.1,1.3,0.076,-3.2,3.5,0.3,0.5
Greg Smith,C,21,HOU,2011-12,8,69,12.3,0.636,0.0,0.0,8.3,25.5,16.8,2.2,1.5,5.4,8.3,7.9,0.1,0.1,0.2,0.165,-2.5,2.6,0.1,0.0
Greg Smith,C,22,HOU,2012-13,70,1110,16.1,0.636,0.004,0.474,11.5,21.2,16.4,3.5,0.8,2.7,11.0,14.7,2.8,1.2,4.0,0.172,-0.4,-0.1,-0.5,0.4
Greg Smith,C,23,HOU,2013-14,11,100,13.7,0.629,0.0,0.179,13.0,16.8,15.0,0.0,0.5,1.5,14.2,15.4,0.2,0.1,0.2,0.119,-2.8,-4.7,-7.5,-0.1
Greg Smith,PF,24,DAL,2014-15,42,363,10.2,0.605,0.0,0.796,7.8,16.1,11.9,3.4,1.0,2.5,14.3,9.5,0.5,0.3,0.8,0.108,-2.0,1.0,-1.0,0.1
Greg Smith,PF,25,MIN,2015-16,18,192,7.9,0.545,0.0,0.531,7.4,17.9,12.7,4.6,1.1,0.4,15.1,10.8,0.1,0.1,0.2,0.045,-3.0,-1.2,-4.3,-0.1
Greg Stiemsma,C,26,BOS,2011-12,55,766,13.6,0.579,0.0,0.339,7.7,19.0,13.6,5.6,2.6,8.5,19.2,10.8,0.6,2.2,2.7,0.17,-3.0,7.5,4.5,1.2
Greg Stiemsma,C,27,MIN,2012-13,76,1209,10.5,0.498,0.0,0.248,5.6,19.5,12.3,3.9,1.9,5.8,16.1,13.6,-0.3,2.0,1.7,0.069,-5.1,3.7,-1.4,0.2
Greg Stiemsma,C,28,NOP,2013-14,55,1007,9.7,0.584,0.008,0.262,8.2,18.0,13.0,5.0,1.8,4.7,24.4,8.1,0.5,1.0,1.5,0.072,-2.3,2.9,0.6,0.7
Greg Stiemsma,C,29,TOR,2014-15,17,66,7.8,0.717,0.0,0.5,15.7,10.5,13.1,6.6,1.6,0.0,41.8,11.5,0.0,0.0,0.1,0.05,-1.1,-0.6,-1.7,0.0
Greivis Vasquez,PG,30,BRK,2016-17,3,39,4.1,0.376,0.375,0.375,0.0,5.4,2.7,17.5,1.2,1.9,9.7,11.3,0.0,0.0,0.0,-0.006,-5.7,-1.8,-7.5,-0.1
Greivis Vásquez,SG,24,MEM,2010-11,70,860,9.4,0.493,0.369,0.189,1.7,8.6,5.1,25.3,1.3,0.4,21.7,16.9,-0.1,0.7,0.5,0.03,-2.3,-2.2,-4.6,-0.6
Greivis Vásquez,SG,25,NOH,2011-12,66,1706,14.2,0.513,0.258,0.224,1.6,10.3,6.0,35.7,1.9,0.4,20.5,20.0,1.0,1.3,2.3,0.064,-0.1,-1.5,-1.6,0.2
Greivis Vásquez,PG,26,NOH,2012-13,78,2685,16.3,0.502,0.24,0.152,1.9,13.3,7.5,44.9,1.3,0.2,18.6,23.0,3.0,0.7,3.8,0.067,2.0,-2.0,0.1,1.4
Greivis Vásquez,SG,27,TOT,2013-14,79,1779,14.1,0.537,0.439,0.164,1.3,10.0,5.6,30.4,0.9,0.2,15.4,21.1,2.4,1.2,3.6,0.097,1.2,-2.6,-1.4,0.3
Greivis Vásquez,PG,28,TOR,2014-15,82,1991,12.6,0.514,0.484,0.091,1.3,11.2,6.3,23.9,1.2,0.4,13.6,19.8,1.9,0.9,2.8,0.066,1.0,-2.1,-1.1,0.4
Greivis Vásquez,PG,29,MIL,2015-16,23,460,7.4,0.435,0.529,0.188,1.3,10.3,5.8,28.5,1.1,0.0,21.1,18.5,-0.4,0.1,-0.3,-0.033,-3.0,-3.9,-6.9,-0.6
Guerschon Yabusele,PF,22,BOS,2017-18,33,235,12.3,0.559,0.607,0.361,8.0,16.1,12.1,10.0,0.9,1.8,14.5,15.7,0.3,0.3,0.6,0.122,-1.0,0.2,-0.7,0.1
Guerschon Yabusele,PF,23,BOS,2018-19,41,251,12.4,0.542,0.364,0.286,9.8,12.8,11.3,8.2,1.5,2.5,14.8,17.5,0.2,0.3,0.5,0.09,-2.1,-0.1,-2.1,0.0
Guillermo Díaz,SG,22,LAC,2007-08,6,18,9.9,0.403,0.25,1.25,12.7,0.0,6.4,8.5,0.0,0.0,0.0,15.9,0.0,0.0,0.0,0.033,-1.7,-4.3,-5.9,0.0
Gustavo Ayón,PF,26,NOH,2011-12,54,1088,16.7,0.552,0.004,0.241,9.6,19.3,14.5,11.5,2.6,3.5,13.7,14.5,1.5,1.7,3.2,0.142,-0.1,3.6,3.4,1.5
Gustavo Ayón,C,27,TOT,2012-13,55,734,12.8,0.54,0.0,0.299,9.0,21.3,15.1,14.7,1.5,1.8,19.9,14.5,0.4,0.8,1.2,0.077,-2.6,1.3,-1.2,0.1
Gustavo Ayón,C,28,ATL,2013-14,26,429,12.9,0.505,0.0,0.196,11.4,22.3,16.9,10.0,3.0,1.8,20.7,14.8,0.0,0.7,0.7,0.078,-3.2,3.0,-0.2,0.2
Ha Seung-Jin,C,20,POR,2005-06,27,212,6.9,0.572,0.0,0.548,7.8,20.2,13.9,0.8,0.8,2.9,26.7,11.7,-0.1,0.1,0.0,0.003,-6.0,-1.5,-7.5,-0.3
Hakim Warrick,PF,23,MEM,2005-06,68,724,11.0,0.499,0.0,0.504,7.3,16.8,12.1,7.5,1.1,2.3,16.7,22.5,-0.3,1.1,0.8,0.053,-5.3,-0.3,-5.5,-0.6
Hakim Warrick,PF,24,MEM,2006-07,82,2152,15.9,0.592,0.011,0.545,7.2,16.1,11.7,6.0,1.0,1.1,15.4,21.9,3.2,0.5,3.7,0.082,-0.7,-2.0,-2.8,-0.4
Hakim Warrick,PF,25,MEM,2007-08,75,1754,16.2,0.555,0.074,0.398,7.8,15.0,11.4,5.2,1.0,1.2,10.0,21.6,2.5,0.8,3.3,0.09,-0.9,-2.1,-3.1,-0.5
Hakim Warrick,PF,26,MEM,2008-09,82,2029,16.9,0.554,0.033,0.54,7.7,17.0,12.3,5.9,1.3,1.6,10.3,22.0,3.0,1.7,4.7,0.111,-1.1,-1.4,-2.4,-0.2
Hakim Warrick,PF,27,TOT,2009-10,76,1557,15.6,0.547,0.013,0.498,9.0,13.9,11.4,5.6,0.8,0.9,10.7,21.8,2.2,1.8,4.0,0.124,-1.6,-1.1,-2.8,-0.3
Hakim Warrick,PF,28,PHO,2010-11,80,1416,16.5,0.581,0.025,0.659,7.2,17.0,12.1,7.6,1.1,0.5,12.1,20.9,2.6,0.8,3.4,0.116,-0.8,-1.2,-1.9,0.0
Hakim Warrick,PF,29,PHO,2011-12,35,503,13.1,0.503,0.056,0.55,7.0,13.5,10.3,9.3,0.8,0.4,13.9,23.4,0.3,0.2,0.5,0.05,-2.4,-1.8,-4.2,-0.3
Hakim Warrick,PF,30,TOT,2012-13,28,489,11.5,0.476,0.018,0.533,4.8,16.4,10.4,8.9,1.4,1.0,12.5,21.7,-0.1,0.1,0.0,-0.001,-4.4,-2.5,-6.9,-0.6
Hamady N'Diaye,C,24,WAS,2010-11,16,80,5.3,0.681,0.0,2.4,2.8,7.4,5.0,0.0,1.3,4.8,22.6,7.3,0.0,0.0,0.1,0.046,-4.8,0.2,-4.6,-0.1
Hamady N'Diaye,C,25,WAS,2011-12,3,3,-13.1,0.0,0.0,0.0,0.0,0.0,0.0,0.0,0.0,0.0,0.0,14.9,0.0,0.0,0.0,-0.369,-15.6,-4.8,-20.4,0.0
Hamady N'Diaye,C,27,SAC,2013-14,14,74,2.9,0.318,0.0,0.111,7.5,20.1,13.7,5.6,0.0,4.4,24.1,7.4,-0.1,0.1,0.0,-0.008,-6.7,2.1,-4.6,0.0
Hamed Haddadi,C,23,MEM,2008-09,19,120,19.7,0.543,0.0,0.968,16.1,32.2,24.0,11.1,0.4,8.1,16.9,20.7,0.2,0.2,0.4,0.142,-2.6,2.7,0.1,0.1
Hamed Haddadi,C,24,MEM,2009-10,36,240,7.2,0.441,0.048,0.306,12.6,23.9,18.2,5.9,0.2,4.4,22.1,16.5,-0.2,0.2,0.0,-0.002,-5.7,0.1,-5.6,-0.2
Hamed Haddadi,C,25,MEM,2010-11,31,168,19.7,0.55,0.017,0.397,16.9,31.6,24.2,4.8,0.6,6.3,13.9,21.2,0.3,0.3,0.6,0.164,-2.4,0.3,-2.0,0.0
Hamed Haddadi,C,26,MEM,2011-12,35,206,16.3,0.589,0.021,0.542,15.6,24.9,20.1,6.1,0.3,10.3,26.1,17.7,0.1,0.4,0.6,0.131,-3.5,4.1,0.6,0.1
Hamed Haddadi,C,27,TOT,2012-13,30,322,10.2,0.447,0.0,0.329,15.0,24.7,19.8,5.7,1.0,6.4,24.8,17.4,-0.4,0.5,0.1,0.01,-6.2,2.5,-3.7,-0.1
Hamidou Diallo,SG,20,OKC,2018-19,51,526,10.1,0.497,0.145,0.358,7.2,12.0,9.5,4.4,1.9,1.6,10.7,16.6,0.1,0.7,0.8,0.069,-4.3,-0.3,-4.7,-0.4
Harrison Barnes,SF,20,GSW,2012-13,81,2058,11.0,0.526,0.231,0.303,2.9,14.5,8.9,7.3,1.3,0.5,12.4,17.7,0.9,1.9,2.8,0.065,-2.1,-0.3,-2.4,-0.2
Harrison Barnes,SF,21,GSW,2013-14,78,2204,9.8,0.486,0.28,0.267,3.3,11.9,7.7,7.6,1.5,0.7,10.0,16.8,0.4,2.8,3.2,0.07,-2.3,0.9,-1.4,0.3
Harrison Barnes,SF,22,GSW,2014-15,82,2318,13.4,0.573,0.328,0.229,5.6,15.1,10.5,6.9,1.3,0.6,9.0,14.9,3.7,3.0,6.7,0.139,0.5,0.6,1.1,1.8
Harrison Barnes,SF,23,GSW,2015-16,66,2042,12.3,0.559,0.338,0.212,4.3,12.4,8.6,7.8,1.0,0.4,7.6,15.9,3.1,1.9,4.9,0.116,0.4,-0.6,-0.2,0.9
Harrison Barnes,PF,24,DAL,2016-17,79,2803,16.3,0.541,0.173,0.22,3.7,13.1,8.2,7.7,1.2,0.5,6.8,25.3,2.5,2.1,4.6,0.078,-0.7,-1.2,-1.9,0.1
Harrison Barnes,PF,25,DAL,2017-18,77,2634,15.8,0.539,0.276,0.259,3.1,17.1,9.9,9.9,0.9,0.5,8.1,25.2,2.0,1.9,3.8,0.07,-0.7,-1.4,-2.1,-0.1
Harrison Barnes,PF,26,TOT,2018-19,77,2533,12.8,0.55,0.429,0.271,2.4,12.7,7.5,6.7,0.9,0.4,7.9,20.9,2.0,1.6,3.6,0.068,-0.6,-1.8,-2.3,-0.2
Harrison Barnes,PF,26,DAL,2018-19,49,1584,13.1,0.538,0.434,0.276,2.4,11.5,7.0,6.3,1.0,0.6,7.8,23.7,0.8,1.1,1.9,0.059,-0.9,-2.1,-3.0,-0.4
Harrison Barnes,SF,26,SAC,2018-19,28,949,12.3,0.578,0.419,0.258,2.2,14.8,8.4,7.5,0.8,0.2,8.0,16.3,1.1,0.5,1.7,0.084,-0.1,-1.2,-1.2,0.2
Harry Giles,PF,20,SAC,2018-19,58,820,14.4,0.526,0.017,0.261,8.1,20.1,14.0,15.2,1.8,2.3,15.8,23.2,0.0,1.0,1.0,0.056,-3.0,0.9,-2.1,0.0
Hasheem Thabeet,C,22,MEM,2009-10,68,883,12.9,0.605,0.0,0.71,11.2,20.9,16.1,1.7,0.9,7.7,20.0,10.7,0.8,1.2,2.0,0.109,-2.8,2.4,-0.4,0.4
Hasheem Thabeet,C,23,TOT,2010-11,47,373,4.7,0.478,0.0,0.875,7.6,16.5,12.0,1.4,1.3,3.5,23.5,8.7,-0.2,0.5,0.3,0.043,-5.2,1.3,-3.9,-0.2
Hasheem Thabeet,C,24,TOT,2011-12,20,139,12.4,0.587,0.0,0.952,13.1,22.2,17.6,0.0,0.4,5.5,21.2,12.4,0.1,0.2,0.3,0.102,-5.1,-2.1,-7.2,-0.2
Hasheem Thabeet,C,25,OKC,2012-13,66,770,11.6,0.619,0.0,0.5,11.1,17.5,14.5,2.0,2.0,5.9,24.1,10.1,0.7,1.5,2.2,0.134,-2.1,3.0,0.8,0.5
Hasheem Thabeet,C,26,OKC,2013-14,23,192,2.6,0.536,0.0,0.217,5.6,17.4,11.7,0.7,1.0,3.8,35.7,9.0,-0.2,0.3,0.0,0.012,-6.8,1.0,-5.8,-0.2
Hassan Adams,SG,22,NJN,2006-07,61,495,13.0,0.577,0.007,0.267,8.4,9.9,9.2,4.5,1.8,0.6,12.7,16.3,0.5,0.5,1.0,0.095,-2.4,-1.2,-3.6,-0.2
Hassan Adams,SG,24,TOR,2008-09,12,52,0.4,0.352,0.0,0.462,2.3,13.4,7.9,2.8,1.0,1.5,20.4,17.4,-0.2,0.0,-0.2,-0.144,-10.6,-1.3,-12.0,-0.1
Hassan Whiteside,C,21,SAC,2010-11,1,2,-17.9,,,,0.0,0.0,0.0,0.0,0.0,0.0,,0.0,0.0,0.0,0.0,0.007,-6.5,0.0,-6.5,0.0
Hassan Whiteside,C,22,SAC,2011-12,18,109,16.2,0.449,0.0,0.444,15.4,24.3,19.6,0.0,1.4,10.0,13.4,14.8,0.0,0.2,0.2,0.073,-6.4,-0.3,-6.7,-0.1
Hassan Whiteside,C,25,MIA,2014-15,48,1142,26.2,0.619,0.0,0.403,15.6,34.7,25.4,1.0,1.2,9.2,11.3,21.1,2.8,2.4,5.3,0.221,-1.6,0.7,-0.9,0.3
Hassan Whiteside,C,26,MIA,2015-16,73,2125,25.7,0.629,0.0,0.482,13.1,32.4,23.1,2.4,1.1,9.7,14.2,20.7,5.0,5.3,10.3,0.233,-0.9,3.4,2.5,2.4
Hassan Whiteside,C,27,MIA,2016-17,77,2513,22.6,0.579,0.0,0.368,12.8,35.3,24.0,3.8,1.1,5.0,12.0,22.7,4.2,5.3,9.5,0.181,-2.0,1.5,-0.5,0.9
Hassan Whiteside,C,28,MIA,2017-18,54,1364,24.1,0.573,0.003,0.315,14.3,36.6,25.4,6.9,1.4,5.9,12.3,24.7,2.3,3.0,5.3,0.187,-2.1,2.3,0.2,0.8
Hassan Whiteside,C,29,MIA,2018-19,72,1674,23.5,0.564,0.024,0.357,16.3,35.6,25.9,5.6,1.3,7.3,11.0,22.6,2.3,4.0,6.3,0.18,-2.2,3.0,0.8,1.2
Haywood Highsmith,SF,22,PHI,2018-19,5,40,4.5,0.414,0.5,0.2,0.0,12.9,6.6,6.6,1.2,0.0,8.4,12.4,0.0,0.0,0.0,-0.023,-5.5,-1.8,-7.3,-0.1
Hedo Türkoğlu,SF,26,ORL,2005-06,78,2615,16.7,0.578,0.323,0.338,3.4,12.1,7.9,14.3,1.5,0.6,11.4,20.6,5.8,1.9,7.6,0.14,3.0,-0.7,2.3,2.8
Hedo Türkoğlu,SF,27,ORL,2006-07,73,2268,14.2,0.528,0.341,0.266,3.2,12.5,8.0,17.9,1.6,0.6,13.5,21.7,2.3,2.6,4.9,0.105,1.3,-0.2,1.1,1.8
Hedo Türkoğlu,SF,28,ORL,2007-08,82,3026,17.8,0.576,0.34,0.321,3.3,14.2,9.0,22.9,1.3,0.6,15.0,24.8,5.6,3.5,9.0,0.143,2.9,0.5,3.3,4.1
Hedo Türkoğlu,SF,29,ORL,2008-09,77,2815,14.8,0.541,0.367,0.38,1.8,14.2,8.2,22.5,1.2,0.5,14.6,23.0,3.0,4.4,7.3,0.125,0.9,1.2,2.1,2.9
Hedo Türkoğlu,SF,30,TOR,2009-10,74,2272,13.3,0.54,0.429,0.335,2.2,15.2,8.9,19.5,1.2,1.1,13.9,18.1,2.6,0.8,3.4,0.071,1.5,-0.5,1.0,1.7
Hedo Türkoğlu,SF,31,TOT,2010-11,81,2540,13.4,0.555,0.429,0.216,2.1,14.0,8.2,21.5,1.5,1.0,14.3,16.7,3.4,3.4,6.8,0.129,1.1,1.5,2.7,3.0
Hedo Türkoğlu,SF,32,ORL,2011-12,53,1653,11.7,0.528,0.512,0.188,1.7,12.4,7.0,24.1,1.5,0.8,20.6,19.5,0.6,1.5,2.1,0.06,0.0,0.1,0.1,0.9
Hedo Türkoğlu,SF,33,ORL,2012-13,11,189,3.4,0.288,0.453,0.113,2.4,13.2,7.8,17.2,1.9,0.4,17.7,16.3,-0.6,0.1,-0.5,-0.116,-6.6,-0.6,-7.3,-0.3
Hedo Türkoğlu,SF,34,LAC,2013-14,38,392,11.3,0.492,0.459,0.165,3.2,21.4,12.6,11.9,2.4,2.0,12.0,15.0,0.1,0.7,0.8,0.095,-1.9,2.1,0.2,0.2
Hedo Türkoğlu,SF,35,LAC,2014-15,62,705,10.5,0.602,0.739,0.059,0.8,14.7,7.9,7.5,1.4,0.8,13.1,14.2,0.6,0.6,1.2,0.081,-0.1,-0.8,-0.9,0.2
Henry Ellenson,PF,20,DET,2016-17,19,146,7.5,0.444,0.547,0.125,5.8,25.6,15.3,7.2,0.3,0.6,17.2,24.7,-0.4,0.2,-0.2,-0.071,-5.8,-2.4,-8.2,-0.2
Henry Ellenson,PF,21,DET,2017-18,38,329,10.5,0.476,0.411,0.199,3.3,24.3,13.6,9.4,0.8,0.0,10.2,23.8,-0.2,0.4,0.1,0.02,-4.3,-2.6,-6.8,-0.4
Henry Ellenson,PF,22,TOT,2018-19,19,259,13.1,0.538,0.4,0.263,2.0,25.5,13.4,9.6,1.3,0.7,7.8,19.0,0.2,0.2,0.4,0.077,-2.5,-1.6,-4.0,-0.1
Henry Ellenson,PF,22,DET,2018-19,2,25,14.8,0.551,0.4,0.2,0.0,40.9,19.7,6.2,0.0,0.0,0.0,18.8,0.0,0.0,0.1,0.149,-3.7,-2.9,-6.6,0.0
Henry Ellenson,PF,22,NYK,2018-19,17,234,12.9,0.536,0.4,0.271,2.2,23.8,12.7,10.0,1.4,0.7,8.6,19.0,0.1,0.2,0.3,0.07,-2.3,-1.4,-3.8,-0.1
Henry Sims,C,22,NOH,2012-13,2,5,29.2,0.667,0.0,0.0,46.8,0.0,23.8,0.0,0.0,0.0,25.0,37.2,0.0,0.0,0.0,0.061,4.1,-13.2,-9.1,0.0
Henry Sims,C,23,TOT,2013-14,46,875,16.1,0.535,0.004,0.442,12.5,17.2,14.8,9.5,1.6,1.9,11.1,18.0,1.4,0.7,2.1,0.115,-1.0,-0.3,-1.3,0.2
Henry Sims,C,24,PHI,2014-15,73,1399,14.5,0.521,0.044,0.273,8.9,19.4,13.9,10.7,1.4,1.7,15.0,20.6,0.5,1.5,2.1,0.072,-3.3,-0.1,-3.4,-0.5
Henry Sims,C,25,BRK,2015-16,14,263,13.9,0.504,0.0,0.39,8.8,22.2,15.4,5.1,1.7,4.3,11.7,17.3,0.2,0.3,0.4,0.079,-3.5,0.9,-2.6,0.0
Henry Walker,SF,21,BOS,2008-09,29,216,10.9,0.646,0.017,0.397,4.7,11.3,8.2,9.9,1.5,0.7,20.9,18.6,0.2,0.3,0.5,0.117,-2.0,0.0,-2.0,0.0
Henry Walker,SG,22,TOT,2009-10,35,768,14.6,0.649,0.5,0.211,2.2,11.0,6.5,8.3,1.5,0.3,9.9,16.6,1.6,0.3,1.9,0.121,1.9,-1.8,0.1,0.4
Henry Walker,SG,23,NYK,2010-11,61,784,11.3,0.583,0.648,0.186,2.3,15.6,8.9,6.6,1.3,0.6,12.7,16.6,0.7,0.4,1.1,0.069,-0.3,-2.5,-2.8,-0.2
Henry Walker,SG,24,NYK,2011-12,32,620,8.2,0.526,0.661,0.117,1.7,13.4,7.5,9.4,1.6,0.9,16.3,15.5,0.1,0.8,0.9,0.067,-1.3,0.1,-1.3,0.1
Henry Walker,SF,27,MIA,2014-15,24,628,8.0,0.497,0.786,0.107,1.4,14.0,7.8,7.2,2.0,1.2,12.0,15.0,-0.1,0.6,0.5,0.039,-0.9,-0.1,-1.0,0.2
Hilton Armstrong,C,22,NOK,2006-07,56,634,12.2,0.57,0.0,0.536,10.3,17.0,13.6,2.5,1.0,3.3,18.5,13.6,0.5,0.7,1.2,0.091,-3.1,0.5,-2.6,-0.1
Hilton Armstrong,C,23,NOH,2007-08,65,732,7.7,0.498,0.0,0.473,10.1,16.0,13.0,4.4,1.1,3.6,24.8,15.1,-0.5,1.0,0.5,0.032,-5.1,1.8,-3.3,-0.2
Hilton Armstrong,C,24,NOH,2008-09,70,1092,10.7,0.585,0.008,0.398,9.0,12.6,10.8,4.4,1.3,3.5,21.7,16.3,0.2,1.3,1.5,0.068,-3.4,1.1,-2.3,-0.1
Hilton Armstrong,PF,25,TOT,2009-10,33,335,6.9,0.381,0.013,0.405,9.2,19.2,14.1,8.8,2.3,2.7,19.1,15.5,-0.5,0.4,-0.1,-0.017,-6.1,2.0,-4.0,-0.2
Hilton Armstrong,C,26,TOT,2010-11,53,488,8.8,0.508,0.053,0.434,9.5,21.6,15.4,4.2,1.9,3.3,23.6,10.9,-0.1,0.6,0.5,0.045,-4.7,1.5,-3.1,-0.1
Hilton Armstrong,C,29,GSW,2013-14,15,97,17.0,0.48,0.0,0.842,21.8,31.0,26.5,7.1,2.1,3.1,18.7,14.5,0.1,0.2,0.3,0.162,-2.5,3.1,0.6,0.1
Hollis Thompson,SF,22,PHI,2013-14,77,1742,9.5,0.57,0.449,0.196,4.4,11.2,7.7,6.1,1.5,0.5,12.9,11.3,1.4,0.6,2.0,0.055,-1.8,-1.2,-3.0,-0.4
Hollis Thompson,SG,23,PHI,2014-15,71,1776,10.9,0.538,0.529,0.164,3.1,9.3,6.0,8.4,1.6,1.2,10.2,15.9,1.3,1.3,2.6,0.07,-1.1,-0.9,-2.1,0.0
Hollis Thompson,SG,24,PHI,2015-16,77,2154,9.2,0.525,0.576,0.141,2.6,11.4,6.9,7.4,0.8,0.8,9.5,16.2,0.7,0.5,1.2,0.026,-1.1,-2.0,-3.1,-0.6
Hollis Thompson,SG,25,TOT,2016-17,40,752,7.9,0.482,0.475,0.145,2.8,13.5,8.1,6.8,1.3,0.6,4.9,13.0,0.1,0.6,0.7,0.047,-2.8,-0.5,-3.3,-0.2
Howard Eisley,PG,33,TOT,2005-06,32,394,9.2,0.445,0.408,0.233,0.9,8.7,4.9,25.6,1.4,0.4,15.6,15.4,0.0,0.3,0.3,0.037,-2.8,-2.2,-5.0,-0.3
Howard Eisley,PG,33,LAC,2005-06,13,112,7.2,0.265,0.235,0.0,1.1,12.9,7.3,31.0,1.4,0.0,15.0,8.3,0.0,0.1,0.1,0.04,-4.7,-0.9,-5.6,-0.1
Howard Eisley,PG,33,DEN,2005-06,19,282,10.0,0.476,0.442,0.279,0.8,7.0,3.9,23.4,1.4,0.5,15.7,18.2,0.0,0.2,0.2,0.036,-2.0,-2.8,-4.8,-0.2
Ian Clark,SG,22,UTA,2013-14,23,172,9.2,0.485,0.463,0.104,1.9,11.1,6.4,14.7,2.4,0.9,16.7,22.4,-0.2,0.1,-0.1,-0.025,-2.6,-2.1,-4.7,-0.1
Ian Clark,SG,23,TOT,2014-15,30,192,8.8,0.483,0.545,0.164,2.4,7.1,4.8,9.7,2.4,1.2,13.2,16.0,0.0,0.2,0.2,0.05,-2.0,-0.8,-2.8,0.0
Ian Clark,SG,24,GSW,2015-16,66,578,11.5,0.544,0.416,0.168,2.6,9.7,6.3,15.3,1.4,1.7,16.5,19.5,0.3,0.6,0.9,0.075,-1.8,-1.3,-3.0,-0.2
Ian Clark,SG,25,GSW,2016-17,77,1137,13.1,0.575,0.376,0.134,2.3,9.0,5.8,11.2,1.7,0.6,10.7,19.5,1.0,1.3,2.3,0.099,-0.6,-1.4,-2.0,0.0
Ian Clark,SG,26,NOP,2017-18,74,1455,9.4,0.529,0.394,0.119,0.8,8.4,4.7,10.4,1.1,0.5,9.9,17.2,0.3,0.8,1.1,0.037,-2.0,-2.0,-3.9,-0.7
Ian Clark,SG,27,NOP,2018-19,60,973,8.3,0.502,0.527,0.097,1.4,8.0,4.7,12.9,1.1,0.7,12.7,19.3,-0.4,0.3,-0.1,-0.003,-2.2,-2.9,-5.1,-0.8
Ian Mahinmi,C,21,SAS,2007-08,6,23,35.3,0.658,0.0,0.75,0.0,25.3,12.8,9.0,0.0,13.2,11.1,37.4,0.1,0.1,0.2,0.372,-0.9,3.3,2.3,0.0
Ian Mahinmi,C,23,SAS,2009-10,26,165,21.6,0.667,0.0,0.855,9.4,27.2,18.5,2.1,1.0,3.5,16.5,25.2,0.4,0.3,0.7,0.206,-2.3,-1.6,-3.9,-0.1
Ian Mahinmi,C,24,DAL,2010-11,56,488,13.7,0.645,0.02,0.837,10.7,17.8,14.4,2.5,1.5,2.3,15.7,15.3,1.0,0.8,1.8,0.177,-1.3,0.8,-0.6,0.2
Ian Mahinmi,C,25,DAL,2011-12,61,1139,13.5,0.585,0.004,0.618,10.7,17.7,14.3,1.7,1.8,2.2,14.2,14.4,1.7,1.7,3.4,0.144,-1.9,0.8,-1.2,0.2
Ian Mahinmi,C,26,IND,2012-13,80,1322,10.6,0.497,0.006,0.52,9.9,16.2,13.1,3.3,1.6,3.7,18.5,17.1,-0.4,2.6,2.3,0.083,-4.7,2.0,-2.7,-0.2
Ian Mahinmi,C,27,IND,2013-14,77,1248,10.2,0.538,0.005,0.767,10.1,12.9,11.6,2.9,1.7,4.4,18.7,11.4,0.7,2.7,3.3,0.129,-3.3,3.6,0.3,0.7
Ian Mahinmi,C,28,IND,2014-15,61,1146,10.8,0.516,0.0,0.481,10.2,24.0,17.2,4.4,1.3,3.1,18.7,12.5,0.1,2.0,2.1,0.09,-3.8,2.6,-1.2,0.2
Ian Mahinmi,C,29,IND,2015-16,71,1816,16.6,0.603,0.0,0.502,8.3,22.1,15.3,8.9,1.8,3.3,15.5,15.7,2.9,3.3,6.2,0.163,-0.9,3.3,2.4,2.0
Ian Mahinmi,C,30,WAS,2016-17,31,555,14.1,0.601,0.0,0.676,9.6,20.8,15.2,4.7,2.9,3.6,19.1,14.0,0.5,0.9,1.4,0.123,-2.1,2.9,0.8,0.4
Ian Mahinmi,C,31,WAS,2017-18,77,1145,12.2,0.601,0.008,0.516,13.4,17.4,15.4,6.6,1.6,3.2,24.7,15.6,0.8,1.4,2.2,0.093,-2.3,1.6,-0.7,0.4
Ian Mahinmi,C,32,WAS,2018-19,34,498,12.0,0.531,0.154,0.587,10.3,17.7,13.9,6.5,2.4,2.7,13.8,12.9,0.5,0.5,1.0,0.092,-2.3,1.3,-1.0,0.1
Ike Anigbogu,C,19,IND,2017-18,11,30,21.6,0.558,0.0,0.667,19.0,15.0,16.9,0.0,1.7,8.9,14.7,20.3,0.1,0.0,0.1,0.165,-4.1,-1.2,-5.4,0.0
Ike Anigbogu,C,20,IND,2018-19,3,6,-6.0,0.0,0.0,0.0,18.9,36.2,27.7,19.4,0.0,14.8,25.0,29.1,-0.1,0.0,-0.1,-0.48,-22.5,8.5,-14.0,0.0
Ike Diogu,PF,22,GSW,2005-06,69,1031,15.8,0.596,0.0,0.503,10.0,14.9,12.4,4.9,0.7,2.2,16.1,21.0,1.7,1.0,2.6,0.123,-2.0,-1.1,-3.1,-0.3
Ike Diogu,PF,23,TOT,2006-07,59,760,14.9,0.559,0.0,0.526,11.0,19.5,15.2,5.7,0.5,2.6,17.0,22.9,0.7,0.8,1.5,0.094,-3.3,-1.5,-4.9,-0.5
Ike Diogu,PF,23,GSW,2006-07,17,222,18.4,0.601,0.0,0.53,10.2,21.2,15.6,3.6,0.7,3.8,15.0,23.1,0.4,0.2,0.6,0.137,-2.9,-1.8,-4.7,-0.2
Ike Diogu,PF,23,IND,2006-07,42,538,13.5,0.539,0.0,0.525,11.4,18.8,15.0,6.5,0.5,2.1,17.9,22.8,0.3,0.6,0.9,0.076,-3.5,-1.4,-4.9,-0.4
Ike Diogu,PF,24,IND,2007-08,30,305,17.2,0.543,0.0,0.351,13.3,17.1,15.2,5.7,1.1,0.7,11.4,24.8,0.4,0.3,0.7,0.115,-2.1,-3.0,-5.0,-0.2
Ike Diogu,PF,25,TOT,2008-09,29,215,20.3,0.611,0.027,0.716,14.4,16.6,15.5,2.7,0.7,1.1,11.0,23.2,0.6,0.1,0.7,0.158,-0.4,-5.2,-5.6,-0.2
Ike Diogu,PF,25,POR,2008-09,19,73,11.4,0.486,0.0,1.053,20.1,8.6,14.4,0.0,0.8,2.2,17.8,21.8,0.0,0.1,0.1,0.057,-4.6,-5.2,-9.7,-0.1
Ike Diogu,PF,25,SAC,2008-09,10,142,24.9,0.662,0.036,0.6,11.4,20.7,16.0,4.1,0.7,0.5,7.9,23.8,0.6,0.0,0.6,0.21,1.8,-5.2,-3.4,-0.1
Ike Diogu,PF,27,LAC,2010-11,36,470,13.7,0.59,0.0,0.419,10.3,18.3,14.3,0.7,0.3,0.5,11.2,18.7,0.7,0.3,1.0,0.104,-2.9,-4.7,-7.6,-0.7
Ike Diogu,PF,28,SAS,2011-12,2,14,-2.9,0.347,0.0,1.0,0.0,8.0,4.1,0.0,0.0,0.0,25.8,12.6,0.0,0.0,0.0,-0.116,-10.0,-2.6,-12.5,0.0
Iman Shumpert,PG,21,NYK,2011-12,59,1705,10.8,0.484,0.294,0.204,2.8,9.9,6.3,15.6,3.1,0.4,16.0,18.2,-0.1,2.5,2.4,0.068,-1.3,1.4,0.1,0.9
Iman Shumpert,SG,22,NYK,2012-13,45,996,11.7,0.516,0.462,0.171,3.5,12.8,8.0,11.6,2.3,0.6,11.1,15.6,1.0,1.0,1.9,0.094,0.2,0.4,0.6,0.7
Iman Shumpert,SG,23,NYK,2013-14,74,1962,9.6,0.48,0.471,0.147,4.7,14.0,9.2,9.8,2.5,0.6,13.3,14.1,0.4,1.6,2.0,0.048,-0.8,0.7,-0.1,0.9
Iman Shumpert,SG,24,TOT,2014-15,62,1545,11.4,0.497,0.416,0.136,4.1,12.6,8.3,14.2,2.7,0.8,15.4,17.4,0.1,1.4,1.5,0.047,-0.7,0.3,-0.4,0.6
Iman Shumpert,SG,25,CLE,2015-16,54,1316,8.4,0.475,0.479,0.167,2.8,14.6,8.7,9.8,2.1,1.2,14.8,13.2,-0.1,1.8,1.7,0.063,-2.1,1.9,-0.2,0.6
Iman Shumpert,SG,26,CLE,2016-17,76,1937,9.0,0.536,0.534,0.184,2.3,9.9,6.2,7.8,1.6,1.1,12.9,14.0,0.7,1.4,2.0,0.05,-1.3,0.0,-1.3,0.3
Iman Shumpert,SG,27,CLE,2017-18,14,276,6.4,0.48,0.448,0.259,2.9,13.6,8.3,8.1,1.6,1.2,19.9,12.9,-0.2,0.2,0.0,-0.006,-3.9,-0.1,-4.0,-0.1
Iman Shumpert,SG,28,TOT,2018-19,62,1481,9.1,0.499,0.612,0.101,1.9,11.4,6.5,9.9,1.9,1.4,9.7,14.5,0.1,1.2,1.4,0.045,-1.5,0.1,-1.4,0.2
Iman Shumpert,SG,28,SAC,2018-19,42,1099,10.1,0.511,0.58,0.118,1.7,10.6,6.0,10.7,2.0,1.6,9.4,15.2,0.3,0.9,1.2,0.054,-0.8,0.3,-0.5,0.4
Iman Shumpert,SG,28,HOU,2018-19,20,382,6.3,0.456,0.724,0.041,2.3,13.6,7.8,7.6,1.5,0.9,10.7,12.7,-0.2,0.3,0.2,0.019,-3.4,-0.5,-3.8,-0.2
Ime Udoka,SF,28,NYK,2005-06,8,114,6.1,0.413,0.125,0.25,3.2,15.1,9.1,8.4,0.5,0.0,7.0,11.4,0.0,0.0,0.0,0.001,-3.8,-1.6,-5.4,-0.1
Ime Udoka,SF,29,POR,2006-07,75,2144,12.1,0.569,0.426,0.173,5.4,10.9,8.1,8.6,1.8,0.6,11.7,13.7,2.9,1.0,3.9,0.088,1.6,0.1,1.7,2.0
Ime Udoka,PF,30,SAS,2007-08,73,1316,11.5,0.528,0.44,0.155,3.3,17.0,10.2,7.7,2.3,1.0,12.6,16.7,0.2,2.6,2.8,0.102,-1.8,1.9,0.2,0.7
Ime Udoka,SF,31,SAS,2008-09,67,1035,9.5,0.47,0.436,0.16,3.3,18.1,10.8,7.9,1.9,0.9,11.0,16.2,-0.5,1.7,1.3,0.058,-3.3,1.2,-2.1,0.0
Ime Udoka,SG,32,SAC,2009-10,69,944,9.6,0.47,0.378,0.237,6.1,17.2,11.6,8.8,1.8,0.5,13.6,14.4,0.0,0.8,0.8,0.041,-2.5,-0.2,-2.7,-0.2
Ime Udoka,SF,33,SAS,2010-11,20,130,5.3,0.285,0.381,0.381,4.6,12.2,8.5,13.2,3.2,0.5,16.9,10.4,-0.2,0.2,0.0,0.008,-4.5,2.5,-2.0,0.0
Ira Newble,SG,31,CLE,2005-06,36,353,4.0,0.375,0.228,0.281,7.0,11.9,9.4,3.7,0.8,2.2,15.8,10.0,-0.3,0.3,0.1,0.009,-5.1,0.6,-4.5,-0.2
Ira Newble,SF,32,CLE,2006-07,15,129,14.9,0.556,0.405,0.27,11.4,15.7,13.5,2.5,2.5,0.0,6.8,15.6,0.3,0.2,0.5,0.179,0.4,-0.9,-0.5,0.0
Ira Newble,SG,33,TOT,2007-08,49,698,9.7,0.507,0.282,0.149,7.5,13.1,10.2,4.0,2.1,0.9,15.5,14.2,0.1,0.8,0.9,0.061,-3.1,-0.2,-3.3,-0.2
Ira Newble,SG,33,CLE,2007-08,41,650,10.0,0.522,0.285,0.165,7.0,13.2,10.0,3.4,2.2,0.8,15.5,14.0,0.1,0.8,0.9,0.067,-3.0,-0.1,-3.1,-0.2
Ira Newble,SF,33,SEA,2007-08,2,17,0.5,0.286,0.286,0.0,0.0,0.0,0.0,8.8,0.0,0.0,0.0,17.8,0.0,0.0,-0.1,-0.144,-8.2,-6.7,-15.0,-0.1
Ira Newble,SF,33,LAL,2007-08,6,31,10.0,0.389,0.222,0.0,22.4,17.2,19.7,13.4,1.6,2.3,25.0,17.1,0.0,0.0,0.0,0.037,-2.3,1.3,-1.0,0.0
Isaac Bonga,PG,19,LAL,2018-19,22,120,6.0,0.24,0.242,0.455,7.9,13.5,10.8,14.9,3.5,2.7,13.2,15.7,-0.3,0.2,-0.1,-0.059,-7.3,3.0,-4.3,-0.1
Isaac Humphries,C,21,ATL,2018-19,5,56,3.4,0.357,0.524,0.0,7.4,13.4,10.3,0.0,0.8,0.0,0.0,15.2,-0.1,0.0,-0.1,-0.047,-6.5,-6.3,-12.8,-0.2
Isaiah Briscoe,PG,22,ORL,2018-19,39,559,6.7,0.455,0.246,0.188,0.9,13.4,7.1,21.0,1.0,0.3,17.2,14.1,-0.3,0.5,0.3,0.023,-5.0,-0.6,-5.6,-0.5
Isaiah Canaan,PG,22,HOU,2013-14,22,252,9.5,0.506,0.632,0.333,3.3,7.1,5.3,13.2,1.6,1.2,17.4,21.0,0.0,0.2,0.2,0.031,-1.4,-2.1,-3.4,-0.1
Isaiah Canaan,PG,23,TOT,2014-15,47,938,12.4,0.534,0.651,0.159,2.1,8.3,5.1,18.7,1.5,0.3,13.3,21.6,0.8,0.7,1.4,0.072,0.7,-2.9,-2.2,-0.1
Isaiah Canaan,SG,24,PHI,2015-16,77,1966,11.1,0.528,0.672,0.249,1.1,8.8,4.8,11.3,1.4,0.5,10.2,19.9,0.9,0.5,1.4,0.035,0.2,-2.9,-2.7,-0.4
Isaiah Canaan,SG,25,CHI,2016-17,39,592,8.1,0.483,0.543,0.191,1.1,8.1,4.6,9.0,1.9,0.1,10.1,15.4,0.0,0.6,0.5,0.042,-2.3,-1.1,-3.4,-0.2
Isaiah Canaan,PG,26,TOT,2017-18,20,422,13.5,0.539,0.482,0.372,1.5,10.0,5.7,26.7,1.8,0.2,15.4,18.9,0.5,0.1,0.6,0.072,0.1,-2.5,-2.4,0.0
Isaiah Canaan,PG,27,TOT,2018-19,30,629,8.0,0.518,0.585,0.146,1.0,9.2,5.1,18.2,1.1,0.3,16.7,14.2,0.0,0.1,0.1,0.008,-2.4,-2.7,-5.1,-0.5
Isaiah Canaan,PG,27,PHO,2018-19,19,503,7.3,0.515,0.558,0.155,1.1,9.8,5.4,17.0,1.1,0.0,17.4,14.2,-0.1,0.0,-0.1,-0.007,-2.7,-2.5,-5.2,-0.4
Isaiah Canaan,PG,27,MIN,2018-19,7,95,12.3,0.536,0.655,0.138,0.0,5.7,2.8,26.9,1.0,0.9,11.5,15.4,0.1,0.0,0.2,0.079,-0.4,-4.6,-5.0,-0.1
Isaiah Canaan,PG,27,MIL,2018-19,4,31,5.2,0.5,0.833,0.0,3.5,9.3,6.6,11.6,0.0,2.7,25.0,10.8,0.0,0.0,0.0,0.03,-4.2,-0.1,-4.3,0.0
Isaiah Hartenstein,PF,20,HOU,2018-19,28,221,10.0,0.562,0.146,0.341,10.3,13.3,11.8,9.4,1.6,4.6,21.6,11.8,0.2,0.3,0.5,0.101,-3.0,2.4,-0.6,0.1
Isaiah Hicks,PF,23,NYK,2017-18,18,240,6.8,0.501,0.125,0.25,4.6,14.3,9.5,9.5,0.4,1.4,16.7,17.4,-0.1,0.1,0.0,-0.003,-4.3,-1.4,-5.6,-0.2
Isaiah Hicks,PF,24,NYK,2018-19,3,32,17.4,0.588,0.0,0.625,6.4,16.7,11.4,9.4,1.5,7.9,8.9,15.0,0.1,0.0,0.1,0.153,-2.6,3.2,0.6,0.0
Isaiah Taylor,PG,22,HOU,2016-17,4,52,0.3,0.19,0.286,0.286,2.1,4.2,3.1,7.1,0.9,1.6,0.0,6.4,-0.1,0.0,0.0,-0.028,-6.4,-0.1,-6.5,-0.1
Isaiah Taylor,PG,23,ATL,2017-18,67,1167,10.9,0.492,0.205,0.362,2.1,6.9,4.5,27.0,1.4,0.7,15.7,20.1,0.2,0.5,0.6,0.027,-2.9,-2.5,-5.4,-1.0
Isaiah Thomas,PG,22,SAC,2011-12,65,1656,17.6,0.574,0.384,0.324,3.0,8.4,5.6,25.6,1.6,0.4,13.9,19.8,4.2,0.0,4.3,0.124,3.2,-2.7,0.5,1.1
Isaiah Thomas,PG,23,SAC,2012-13,79,2122,17.5,0.574,0.386,0.345,1.5,7.3,4.4,24.6,1.6,0.1,12.7,23.0,5.2,-0.1,5.0,0.114,3.5,-3.7,-0.2,1.0
Isaiah Thomas,PG,24,SAC,2013-14,72,2497,20.5,0.574,0.332,0.371,2.1,7.5,4.7,32.2,1.9,0.3,14.3,26.3,6.4,1.3,7.7,0.149,5.0,-2.1,2.9,3.1
Isaiah Thomas,PG,25,TOT,2014-15,67,1726,20.6,0.579,0.434,0.437,2.1,7.7,4.9,27.2,1.6,0.2,13.1,27.8,5.0,1.1,6.1,0.169,4.6,-2.8,1.8,1.6
Isaiah Thomas,PG,26,BOS,2015-16,82,2644,21.5,0.562,0.336,0.394,1.8,8.0,4.9,32.7,1.7,0.3,11.9,29.6,7.2,2.5,9.7,0.177,5.0,-2.0,3.0,3.3
Isaiah Thomas,PG,27,BOS,2016-17,76,2569,26.5,0.625,0.439,0.441,1.9,7.0,4.4,32.5,1.4,0.4,10.7,34.0,10.9,1.6,12.5,0.234,8.7,-3.3,5.4,4.8
Isaiah Thomas,PG,28,TOT,2017-18,32,862,12.6,0.508,0.447,0.311,2.2,6.3,4.2,27.1,0.8,0.3,16.6,28.8,-0.1,0.3,0.2,0.009,-0.9,-4.3,-5.2,-0.7
Isaiah Thomas,SG,29,DEN,2018-19,12,181,7.0,0.437,0.434,0.273,3.0,4.8,3.9,18.6,1.4,0.5,14.0,30.4,-0.4,0.1,-0.3,-0.077,-4.5,-4.2,-8.7,-0.3
Isaiah Whitehead,PG,21,BRK,2016-17,73,1643,7.6,0.487,0.293,0.222,2.1,9.7,5.9,17.7,1.2,1.7,20.3,18.2,-1.7,0.9,-0.8,-0.023,-4.3,-0.6,-4.9,-1.2
Isaiah Whitehead,PG,22,BRK,2017-18,16,180,11.5,0.53,0.209,0.221,2.3,13.1,7.7,19.6,2.2,0.8,20.3,28.5,-0.3,0.2,-0.1,-0.035,-4.3,-1.3,-5.6,-0.2
Ish Smith,PG,22,TOT,2010-11,43,442,7.6,0.406,0.087,0.183,1.8,10.3,6.1,25.5,2.1,0.3,21.5,15.9,-0.5,0.4,-0.1,-0.016,-5.1,-1.1,-6.1,-0.5
Ish Smith,PG,23,TOT,2011-12,26,234,14.1,0.422,0.111,0.123,3.4,13.9,8.6,29.2,3.4,0.7,13.2,19.6,0.0,0.3,0.3,0.062,-2.4,0.7,-1.7,0.0
Ish Smith,PG,24,TOT,2012-13,52,516,8.5,0.379,0.17,0.044,2.6,10.7,6.6,25.0,2.1,1.3,18.6,17.4,-0.8,0.4,-0.4,-0.04,-5.4,-0.8,-6.2,-0.5
Ish Smith,PG,25,PHO,2013-14,70,1006,11.7,0.438,0.082,0.139,3.5,10.9,7.2,26.0,2.4,1.0,17.9,15.9,0.0,1.0,1.0,0.048,-2.7,0.5,-2.3,-0.1
Ish Smith,PG,26,TOT,2014-15,55,832,12.3,0.431,0.163,0.155,1.9,11.4,6.5,40.7,2.2,0.6,16.6,24.6,-0.9,0.8,-0.1,-0.006,-2.4,-1.7,-4.1,-0.4
Ish Smith,PG,27,TOT,2015-16,77,2239,14.9,0.465,0.176,0.182,2.0,13.3,7.5,38.3,1.9,0.8,14.4,23.9,0.0,1.3,1.3,0.027,-0.6,-1.1,-1.7,0.1
Ish Smith,PG,28,DET,2016-17,81,1955,14.7,0.477,0.14,0.136,1.1,12.4,6.6,32.5,1.6,1.4,12.4,20.5,0.9,2.2,3.1,0.076,-1.2,0.4,-0.8,0.6
Ish Smith,PG,29,DET,2017-18,82,2043,15.4,0.525,0.126,0.145,1.4,10.9,6.1,28.4,1.6,0.9,11.2,20.8,2.4,2.0,4.4,0.102,-0.6,-0.6,-1.2,0.4
Ish Smith,PG,30,DET,2018-19,56,1251,11.8,0.485,0.276,0.127,1.9,11.1,6.3,25.4,1.1,0.7,10.6,19.9,0.5,1.1,1.7,0.064,-1.7,-1.1,-2.8,-0.2
Ivan Johnson,PF,27,ATL,2011-12,56,934,14.3,0.558,0.022,0.364,8.2,20.1,14.2,5.7,2.4,1.5,17.8,19.5,0.5,1.7,2.2,0.113,-2.9,1.0,-1.9,0.0
Ivan Johnson,PF,28,ATL,2012-13,69,1035,15.7,0.546,0.037,0.368,8.5,20.7,14.7,7.4,2.8,1.0,14.7,21.7,0.6,1.7,2.3,0.106,-2.7,0.6,-2.1,0.0
Ivan McFarlin,PF,24,PHI,2006-07,11,41,12.2,0.466,0.077,0.538,20.6,11.7,16.1,4.0,0.0,0.0,5.9,19.2,0.1,0.0,0.1,0.102,-0.7,-4.8,-5.5,0.0
Ivan Rabb,PF,20,MEM,2017-18,36,516,16.6,0.599,0.0,0.237,11.6,24.1,17.7,10.4,1.2,2.4,17.3,17.7,0.7,0.5,1.2,0.109,-1.7,0.3,-1.5,0.1
Ivan Rabb,PF,21,MEM,2018-19,49,721,16.1,0.586,0.071,0.325,10.7,21.5,16.0,12.0,1.2,1.8,12.6,17.2,1.2,0.9,2.1,0.137,-1.3,0.7,-0.6,0.2
Ivica Zubac,C,19,LAL,2016-17,38,609,17.0,0.547,0.013,0.206,7.1,21.9,14.3,8.1,1.1,4.4,10.4,20.3,0.6,0.5,1.1,0.086,-2.7,0.3,-2.5,-0.1
Ivica Zubac,C,20,LAL,2017-18,43,410,15.3,0.557,0.008,0.418,11.8,20.1,16.0,8.8,0.9,3.0,15.3,17.6,0.5,0.5,1.0,0.118,-2.7,0.5,-2.2,0.0
Ivica Zubac,C,21,TOT,2018-19,59,1040,18.9,0.604,0.0,0.332,11.9,24.2,18.2,9.1,0.6,4.0,13.9,20.3,1.9,1.3,3.2,0.148,-1.2,1.0,-0.3,0.5
Ivica Zubac,C,21,LAL,2018-19,33,516,19.5,0.633,0.0,0.342,11.0,21.2,16.2,7.3,0.4,4.3,12.9,20.5,1.1,0.6,1.8,0.165,-1.3,0.4,-0.9,0.1
Ivica Zubac,C,21,LAC,2018-19,26,524,18.3,0.574,0.0,0.323,12.7,27.2,20.2,10.9,0.9,3.6,14.8,20.1,0.7,0.7,1.4,0.132,-1.2,1.5,0.3,0.3
J.J. Barea,PG,22,DAL,2006-07,33,191,9.6,0.44,0.269,0.308,4.5,11.1,7.9,20.4,0.3,0.4,13.7,25.0,-0.1,0.2,0.1,0.015,-2.8,-2.6,-5.4,-0.2
J.J. Barea,PG,23,DAL,2007-08,44,460,11.7,0.515,0.318,0.206,1.0,10.5,5.9,20.6,1.6,0.2,15.9,22.3,0.0,0.5,0.5,0.052,-1.5,-1.8,-3.2,-0.1
J.J. Barea,SG,24,DAL,2008-09,79,1600,13.4,0.516,0.276,0.167,2.6,10.0,6.4,26.4,1.2,0.2,14.9,20.2,1.2,1.0,2.2,0.066,-0.1,-1.7,-1.9,0.1
J.J. Barea,PG,25,DAL,2009-10,78,1546,12.8,0.526,0.298,0.171,1.3,9.5,5.4,26.1,1.2,0.3,15.3,19.9,1.0,1.2,2.2,0.069,-0.6,-1.8,-2.4,-0.1
J.J. Barea,PG,26,DAL,2010-11,81,1669,14.8,0.535,0.291,0.242,2.1,8.8,5.6,31.2,0.9,0.0,15.9,23.9,1.9,1.4,3.2,0.093,0.6,-1.7,-1.1,0.4
J.J. Barea,PG,27,MIN,2011-12,41,1032,14.9,0.502,0.342,0.234,1.5,10.8,6.1,39.0,1.0,0.0,18.3,24.3,0.8,0.4,1.2,0.056,1.1,-2.4,-1.3,0.2
J.J. Barea,PG,28,MIN,2012-13,74,1713,14.1,0.51,0.369,0.177,2.2,11.9,6.9,30.6,1.0,0.0,15.1,25.1,0.8,1.0,1.9,0.053,1.1,-2.1,-1.0,0.4
J.J. Barea,PG,29,MIN,2013-14,79,1471,11.6,0.471,0.352,0.152,1.2,10.5,5.7,32.7,0.9,0.0,15.2,23.9,-0.1,0.9,0.7,0.024,-0.9,-2.7,-3.6,-0.6
J.J. Barea,PG,30,DAL,2014-15,77,1362,15.1,0.502,0.312,0.175,1.8,9.0,5.4,29.6,1.2,0.1,10.8,21.2,2.1,0.6,2.7,0.096,1.0,-2.5,-1.5,0.2
J.J. Barea,PG,31,DAL,2015-16,74,1667,15.4,0.536,0.366,0.135,1.7,8.3,5.0,31.5,0.8,0.1,13.0,23.8,2.1,0.7,2.8,0.082,1.6,-2.8,-1.2,0.3
J.J. Barea,PG,32,DAL,2016-17,35,771,17.2,0.521,0.431,0.149,1.3,11.9,6.3,44.2,0.9,0.1,14.7,26.2,0.8,0.5,1.3,0.08,2.0,-2.6,-0.5,0.3
J.J. Barea,PG,33,DAL,2017-18,69,1603,17.8,0.545,0.454,0.148,1.0,13.4,7.0,45.1,1.1,0.2,16.3,24.9,2.3,1.0,3.3,0.098,2.4,-2.3,0.1,0.8
J.J. Barea,PG,34,DAL,2018-19,38,752,16.3,0.495,0.332,0.203,1.9,11.6,6.8,47.5,1.4,0.1,14.7,28.1,0.4,0.6,1.0,0.064,1.1,-2.2,-1.1,0.2
J.J. Hickson,C,20,CLE,2008-09,62,705,12.5,0.548,0.0,0.345,9.1,18.4,13.9,2.1,1.1,3.4,16.8,18.0,0.2,1.3,1.5,0.101,-4.7,0.2,-4.5,-0.4
J.J. Hickson,PF,21,CLE,2009-10,81,1691,15.2,0.58,0.002,0.312,8.2,19.5,14.1,3.9,1.1,1.8,13.4,18.9,1.8,2.5,4.3,0.123,-2.3,-0.3,-2.6,-0.2
J.J. Hickson,C,22,CLE,2010-11,80,2256,15.6,0.503,0.005,0.392,10.8,25.0,17.7,7.5,1.1,1.8,13.6,25.5,-0.2,1.7,1.5,0.032,-3.2,-1.1,-4.3,-1.3
J.J. Hickson,PF,23,TOT,2011-12,54,1244,14.9,0.501,0.005,0.342,11.7,19.0,15.2,5.9,1.2,2.1,13.4,18.7,0.9,0.8,1.7,0.066,-2.0,-0.5,-2.4,-0.1
J.J. Hickson,C,24,POR,2012-13,80,2323,19.7,0.591,0.003,0.36,13.2,28.5,20.7,6.6,1.1,1.7,14.4,19.9,4.6,2.3,6.9,0.142,-0.2,0.0,-0.3,1.0
J.J. Hickson,PF,25,DEN,2013-14,69,1859,16.2,0.521,0.012,0.443,11.9,24.8,18.3,8.4,1.2,2.0,14.1,20.8,1.3,2.1,3.3,0.086,-1.7,0.8,-0.8,0.6
J.J. Hickson,C,26,DEN,2014-15,73,1411,14.3,0.504,0.004,0.438,11.1,24.0,17.3,6.5,1.3,1.9,14.9,19.7,0.5,1.4,1.8,0.062,-3.1,0.4,-2.7,-0.3
J.J. Hickson,C,27,TOT,2015-16,35,436,16.8,0.514,0.006,0.665,9.8,24.1,16.8,8.7,1.7,2.6,11.1,22.6,0.3,0.5,0.8,0.088,-2.9,-0.1,-3.0,-0.1
J.J. O'Brien,SF,23,UTA,2015-16,2,6,1.3,0.0,0.0,0.0,0.0,19.4,9.7,0.0,8.8,0.0,0.0,7.7,0.0,0.0,0.0,-0.028,-10.2,5.5,-4.7,0.0
J.J. Redick,PG,22,ORL,2006-07,42,622,13.0,0.569,0.503,0.308,2.0,8.1,5.2,9.7,1.0,0.0,8.7,18.1,1.2,0.5,1.7,0.134,1.3,-2.6,-1.4,0.1
J.J. Redick,SG,23,ORL,2007-08,34,276,12.7,0.569,0.398,0.315,0.4,8.8,4.8,9.7,0.7,0.0,10.9,22.9,0.3,0.2,0.5,0.091,-0.9,-3.4,-4.3,-0.2
J.J. Redick,SG,24,ORL,2008-09,64,1111,9.9,0.562,0.599,0.311,0.8,10.0,5.5,10.3,1.0,0.1,13.7,16.4,0.8,1.5,2.3,0.098,-1.0,-0.3,-1.3,0.2
J.J. Redick,SG,25,ORL,2009-10,82,1808,15.0,0.606,0.495,0.401,1.1,8.5,5.0,13.9,0.8,0.2,8.8,18.3,4.7,1.8,6.5,0.173,2.5,-1.1,1.4,1.5
J.J. Redick,SG,26,ORL,2010-11,59,1513,12.8,0.589,0.49,0.286,0.5,8.1,4.4,11.0,1.0,0.2,9.5,17.0,2.7,1.8,4.5,0.142,1.1,-0.4,0.6,1.0
J.J. Redick,SG,27,ORL,2011-12,65,1765,15.1,0.575,0.459,0.269,1.2,8.8,4.9,16.2,0.8,0.3,9.4,19.2,4.2,1.0,5.2,0.142,2.2,-1.9,0.3,1.0
J.J. Redick,SG,28,TOT,2012-13,78,2379,14.7,0.571,0.513,0.216,0.8,7.3,4.0,20.0,0.8,0.3,12.5,20.8,4.0,0.5,4.5,0.091,2.1,-3.2,-1.1,0.6
J.J. Redick,SG,29,LAC,2013-14,35,987,16.6,0.598,0.465,0.266,1.0,7.1,4.2,12.6,1.4,0.2,8.6,21.8,2.3,0.7,3.0,0.147,2.9,-2.1,0.8,0.7
J.J. Redick,SG,30,LAC,2014-15,78,2409,16.2,0.622,0.488,0.216,1.0,6.6,3.9,9.0,0.8,0.3,8.5,21.0,5.8,0.9,6.7,0.134,3.4,-2.7,0.7,1.6
J.J. Redick,SG,31,LAC,2015-16,75,2097,17.5,0.632,0.478,0.233,0.5,6.6,3.6,8.6,1.0,0.2,7.4,22.6,5.3,1.4,6.7,0.154,3.5,-2.7,0.8,1.5
J.J. Redick,SG,32,LAC,2016-17,78,2198,14.8,0.599,0.526,0.227,0.6,7.9,4.4,7.8,1.2,0.5,9.1,22.0,3.3,1.5,4.8,0.105,2.0,-2.1,-0.1,1.1
J.J. Redick,SG,33,PHI,2017-18,70,2116,15.9,0.614,0.523,0.248,0.5,8.3,4.5,15.1,0.8,0.2,9.6,21.7,4.8,1.8,6.6,0.15,2.6,-2.6,0.0,1.1
J.J. Redick,SG,34,PHI,2018-19,76,2379,15.1,0.602,0.589,0.248,0.9,7.2,4.1,12.9,0.6,0.6,8.1,21.9,4.6,1.2,5.9,0.118,2.7,-3.3,-0.7,0.8
J.P. Macura,SG,23,CHO,2018-19,2,17,5.7,0.333,0.444,0.0,0.0,19.4,9.5,18.0,0.0,0.0,0.0,22.8,0.0,0.0,0.0,-0.11,-6.2,-4.3,-10.5,0.0
J.R. Giddens,SF,23,BOS,2008-09,6,8,26.0,0.667,0.0,0.0,31.9,14.5,22.8,0.0,6.6,0.0,25.0,23.3,0.0,0.0,0.0,0.201,1.4,-2.1,-0.7,0.0
J.R. Giddens,SF,24,TOT,2009-10,32,239,9.2,0.492,0.167,0.383,7.7,17.2,12.5,8.2,1.9,0.6,19.5,16.7,-0.1,0.3,0.1,0.021,-4.4,-0.2,-4.7,-0.2
J.R. Smith,SG,20,NOK,2005-06,55,989,12.7,0.515,0.383,0.276,2.2,11.3,6.6,10.3,2.0,0.3,11.6,21.9,0.4,0.8,1.2,0.06,-0.5,-1.6,-2.1,0.0
J.R. Smith,SG,21,DEN,2006-07,63,1471,15.6,0.585,0.593,0.196,2.3,8.5,5.5,10.2,1.6,0.4,10.8,22.8,2.5,1.1,3.7,0.12,3.0,-2.4,0.6,1.0
J.R. Smith,SG,22,DEN,2007-08,74,1421,18.1,0.603,0.579,0.264,3.3,8.1,5.8,14.7,2.1,0.6,13.0,25.8,2.5,1.3,3.7,0.126,3.9,-2.7,1.2,1.2
J.R. Smith,SG,23,DEN,2008-09,81,2245,16.8,0.576,0.477,0.286,2.3,12.8,7.7,17.3,1.8,0.5,12.3,24.2,3.6,2.2,5.8,0.124,3.0,-1.3,1.7,2.1
J.R. Smith,SG,24,DEN,2009-10,75,2082,15.0,0.515,0.452,0.195,1.6,11.3,6.5,15.0,2.4,0.7,11.0,26.9,0.6,2.1,2.7,0.062,1.1,-1.4,-0.3,0.9
J.R. Smith,SF,25,DEN,2010-11,79,1968,16.4,0.55,0.406,0.282,2.7,15.8,9.4,14.2,2.3,0.6,10.2,22.2,2.6,2.3,5.0,0.121,1.8,0.1,1.9,1.9
J.R. Smith,SG,26,NYK,2011-12,35,967,15.2,0.508,0.477,0.136,3.4,12.9,8.1,15.2,2.9,0.5,9.7,22.0,1.0,1.5,2.5,0.122,1.8,0.5,2.3,1.0
J.R. Smith,SG,27,NYK,2012-13,80,2678,17.6,0.522,0.349,0.249,2.7,16.3,9.3,14.5,2.0,0.8,8.8,26.5,4.0,2.7,6.7,0.12,1.8,-0.5,1.3,2.2
J.R. Smith,SF,28,NYK,2013-14,74,2421,14.0,0.527,0.503,0.145,1.7,13.1,7.2,15.1,1.4,0.7,9.6,21.6,2.5,1.2,3.7,0.073,1.8,-1.6,0.1,1.3
J.R. Smith,SG,29,TOT,2014-15,70,2080,13.6,0.538,0.564,0.095,1.7,10.4,6.0,15.6,2.1,0.8,11.0,19.3,2.2,1.5,3.7,0.085,1.7,-1.0,0.7,1.4
J.R. Smith,SG,30,CLE,2015-16,77,2362,12.4,0.542,0.6,0.084,2.1,8.3,5.2,8.5,1.8,0.7,6.3,18.0,3.0,2.5,5.5,0.111,1.8,-0.4,1.3,2.0
J.R. Smith,SG,31,CLE,2016-17,41,1187,8.1,0.484,0.761,0.042,1.6,8.6,5.2,7.3,1.7,0.7,6.7,14.6,0.1,0.8,0.8,0.034,-0.5,-0.7,-1.3,0.2
J.R. Smith,SG,32,CLE,2017-18,80,2244,8.4,0.534,0.64,0.094,1.5,10.1,5.9,8.6,1.5,0.4,11.6,13.8,0.6,0.9,1.4,0.031,-0.6,-1.0,-1.7,0.2
J.R. Smith,SG,33,CLE,2018-19,11,222,7.8,0.444,0.494,0.127,0.0,9.4,4.5,13.8,2.5,1.2,11.7,18.6,-0.3,0.1,-0.2,-0.038,-3.5,-1.7,-5.2,-0.2
JaJuan Johnson,PF,22,BOS,2011-12,36,298,11.4,0.456,0.0,0.074,8.3,14.4,11.5,3.6,0.9,3.6,10.1,22.4,-0.3,0.5,0.2,0.032,-5.9,-0.4,-6.3,-0.3
JaKarr Sampson,SF,21,PHI,2014-15,74,1131,9.4,0.498,0.367,0.272,3.2,12.9,7.8,12.0,1.7,1.9,16.4,17.9,-0.5,1.1,0.6,0.025,-4.0,-0.4,-4.4,-0.7
JaKarr Sampson,SF,22,TOT,2015-16,73,1160,8.3,0.504,0.199,0.385,4.2,14.0,9.0,6.2,1.0,2.2,15.9,16.6,-0.5,0.6,0.1,0.006,-4.6,-0.8,-5.4,-1.0
JaKarr Sampson,SF,24,SAC,2017-18,22,344,13.9,0.585,0.123,0.198,6.7,19.7,12.9,3.9,1.2,6.1,8.3,12.5,0.4,0.4,0.8,0.114,-2.6,1.9,-0.7,0.1
JaKarr Sampson,SF,25,CHI,2018-19,4,127,22.5,0.633,0.259,0.389,4.2,23.4,13.7,5.3,1.5,2.0,5.9,23.1,0.3,0.1,0.5,0.173,0.6,-2.0,-1.5,0.0
JaMychal Green,PF,24,TOT,2014-15,24,164,14.9,0.603,0.128,0.213,13.3,18.0,15.7,4.0,1.6,2.4,21.4,18.3,0.1,0.3,0.4,0.119,-2.0,-0.1,-2.1,0.0
JaMychal Green,PF,25,MEM,2015-16,78,1446,14.6,0.52,0.091,0.277,10.5,19.3,14.7,7.7,1.6,2.1,13.0,19.8,1.2,1.4,2.6,0.086,-1.6,-0.3,-1.9,0.0
JaMychal Green,PF,26,MEM,2016-17,77,2101,13.5,0.601,0.29,0.334,8.8,21.1,14.8,6.3,1.2,1.5,14.1,14.4,3.2,2.6,5.8,0.132,-0.4,1.1,0.7,1.4
JaMychal Green,PF,27,MEM,2017-18,55,1542,14.0,0.53,0.26,0.227,10.8,24.4,17.4,8.3,1.0,1.5,12.4,17.8,1.3,1.3,2.6,0.079,-1.2,-0.4,-1.5,0.2
JaMychal Green,PF,28,TOT,2018-19,65,1371,14.7,0.587,0.37,0.212,8.3,24.3,16.4,5.8,1.6,2.3,14.3,19.4,0.9,1.9,2.9,0.101,-1.5,0.0,-1.5,0.2
JaMychal Green,PF,28,MEM,2018-19,41,900,14.9,0.58,0.308,0.256,8.8,22.8,15.7,6.5,1.8,2.7,15.6,20.4,0.4,1.4,1.8,0.094,-2.1,0.6,-1.4,0.1
JaMychal Green,PF,28,LAC,2018-19,24,471,14.3,0.6,0.488,0.128,7.4,27.3,17.7,4.3,1.2,1.3,11.7,17.6,0.5,0.6,1.1,0.113,-0.4,-1.3,-1.7,0.0
JaVale McGee,C,21,WAS,2008-09,75,1143,17.0,0.534,0.0,0.419,12.0,18.4,15.1,3.4,1.5,5.4,11.7,20.7,1.1,0.9,2.0,0.084,-2.5,-0.6,-3.1,-0.3
JaVale McGee,C,22,WAS,2009-10,60,968,17.0,0.539,0.003,0.378,10.3,18.7,14.5,2.4,0.9,8.0,12.5,19.1,0.8,1.3,2.1,0.105,-3.2,1.7,-1.5,0.1
JaVale McGee,C,23,WAS,2010-11,79,2193,17.4,0.566,0.005,0.381,11.2,22.2,16.5,2.8,1.0,6.7,12.6,16.3,2.7,2.5,5.3,0.115,-1.8,1.7,-0.1,1.0
JaVale McGee,C,24,TOT,2011-12,61,1535,19.9,0.552,0.0,0.303,12.1,23.3,17.7,3.5,1.2,6.6,12.2,20.7,1.9,2.2,4.1,0.127,-1.4,1.2,-0.1,0.7
JaVale McGee,C,25,DEN,2012-13,79,1433,20.7,0.589,0.002,0.353,12.6,17.1,14.9,2.7,1.1,8.5,12.9,21.1,2.7,2.2,4.9,0.163,-0.5,2.0,1.5,1.2
JaVale McGee,C,26,DEN,2013-14,5,79,10.2,0.455,0.0,0.026,13.6,9.6,11.6,4.4,0.6,6.5,17.2,25.0,-0.1,0.1,-0.1,-0.039,-5.8,-0.1,-5.9,-0.1
JaVale McGee,C,27,TOT,2014-15,23,256,14.4,0.567,0.0,0.418,7.3,18.9,12.9,2.0,0.4,6.1,16.1,18.9,0.1,0.3,0.4,0.071,-5.3,-0.3,-5.6,-0.2
JaVale McGee,C,28,DAL,2015-16,34,370,19.9,0.574,0.007,0.269,15.8,23.7,19.7,1.5,0.7,5.9,12.3,21.1,0.6,0.5,1.1,0.146,-2.9,-0.6,-3.5,-0.1
JaVale McGee,C,29,GSW,2016-17,77,739,25.2,0.642,0.009,0.348,15.9,20.1,18.1,3.8,1.2,7.1,9.8,23.8,2.0,1.5,3.5,0.225,0.2,0.5,0.8,0.5
JaVale McGee,C,30,GSW,2017-18,65,615,22.3,0.641,0.027,0.237,11.5,18.7,15.4,8.0,1.6,7.3,10.0,19.2,1.7,1.1,2.7,0.212,0.4,2.1,2.6,0.7
JaVale McGee,C,31,LAL,2018-19,75,1671,21.8,0.634,0.019,0.237,12.3,22.5,17.5,4.8,1.3,7.3,13.2,20.2,3.0,2.9,5.9,0.171,-0.9,2.8,1.9,1.7
Jabari Bird,SG,23,BOS,2017-18,13,115,12.1,0.615,0.269,0.5,5.8,12.2,9.0,10.5,1.3,0.7,20.1,15.4,0.1,0.2,0.2,0.098,-2.3,0.1,-2.1,0.0
Jabari Brown,SG,22,LAL,2014-15,19,568,11.0,0.547,0.365,0.5,0.6,6.7,3.5,11.0,1.1,0.3,13.4,18.8,0.4,0.0,0.4,0.033,-0.8,-3.0,-3.8,-0.3
Jabari Parker,PF,19,MIL,2014-15,25,738,14.5,0.527,0.061,0.251,7.8,13.5,10.7,9.5,2.1,0.6,13.9,20.7,0.4,1.0,1.3,0.088,-1.4,0.2,-1.2,0.1
Jabari Parker,PF,20,MIL,2015-16,76,2408,14.8,0.535,0.039,0.254,5.9,12.8,9.4,8.9,1.5,1.0,10.4,20.9,2.4,1.2,3.6,0.072,-0.9,-1.5,-2.4,-0.2
Jabari Parker,PF,21,MIL,2016-17,51,1728,19.1,0.563,0.219,0.268,5.4,15.7,10.6,14.3,1.5,1.1,9.3,26.5,2.6,1.5,4.0,0.112,1.5,-1.3,0.2,1.0
Jabari Parker,PF,22,MIL,2017-18,31,743,17.1,0.55,0.244,0.163,6.6,17.1,11.9,13.1,1.7,1.2,11.2,24.4,0.6,0.6,1.2,0.08,-0.2,-1.6,-1.8,0.0
Jabari Parker,PF,23,TOT,2018-19,64,1724,15.5,0.56,0.26,0.246,4.9,21.8,13.3,14.1,1.3,1.5,15.4,24.6,0.1,1.3,1.4,0.039,-1.5,-0.5,-2.1,0.0
Jabari Parker,PF,23,CHI,2018-19,39,1042,14.6,0.543,0.246,0.233,4.2,21.1,12.6,13.2,1.1,1.2,14.1,25.0,-0.2,0.7,0.5,0.024,-2.0,-1.0,-3.0,-0.3
Jabari Parker,PF,23,WAS,2018-19,25,682,17.0,0.587,0.284,0.267,5.9,23.0,14.3,15.4,1.6,2.0,17.4,24.0,0.3,0.6,0.9,0.063,-0.8,0.1,-0.7,0.2
Jack Cooley,C,23,UTA,2014-15,16,87,11.4,0.432,0.0,0.955,13.3,19.8,16.6,1.8,3.7,2.8,8.8,18.0,0.0,0.2,0.2,0.092,-4.4,0.4,-4.0,0.0
Jack Cooley,PF,26,SAC,2017-18,7,87,19.7,0.566,0.0,0.704,17.6,21.9,19.6,10.5,0.6,0.0,7.8,19.8,0.3,0.0,0.3,0.182,0.9,-2.5,-1.6,0.0
Jackie Butler,C,20,NYK,2005-06,55,740,14.8,0.587,0.0,0.358,10.9,19.3,15.0,6.1,1.2,3.4,19.9,19.0,0.7,0.6,1.2,0.078,-1.6,0.0,-1.6,0.1
Jackie Butler,C,21,SAS,2006-07,11,103,9.6,0.52,0.0,0.286,7.3,18.0,12.9,8.1,1.0,0.0,20.2,22.8,-0.1,0.2,0.1,0.047,-5.4,-0.7,-6.1,-0.1
Jackson Vroman,PF,24,NOK,2005-06,41,406,5.9,0.428,0.0,0.667,9.4,16.0,12.6,4.2,1.6,2.2,19.7,12.2,-0.3,0.4,0.1,0.014,-5.1,1.1,-3.9,-0.2
Jacob Evans,SG,21,GSW,2018-19,30,204,3.5,0.374,0.283,0.019,3.3,9.5,6.5,13.7,1.2,1.2,17.1,13.5,-0.3,0.2,-0.1,-0.03,-5.9,-0.9,-6.9,-0.3
Jacob Pullen,PG,28,PHI,2017-18,3,6,-2.3,0.5,0.5,0.0,0.0,0.0,0.0,0.0,0.0,0.0,33.3,21.3,0.0,0.0,0.0,-0.21,-10.5,-4.7,-15.2,0.0
Jacob Wiley,PF,23,BRK,2017-18,5,33,8.2,0.41,0.5,0.5,6.4,29.2,17.7,8.0,1.5,0.0,0.0,6.4,0.0,0.0,0.1,0.094,-3.9,0.9,-3.0,0.0
Jacque Vaughn,SG,30,NJN,2005-06,80,1234,7.5,0.488,0.024,0.331,1.5,7.2,4.3,16.2,1.8,0.1,15.6,12.7,0.0,1.5,1.5,0.06,-4.6,0.0,-4.6,-0.8
Jacque Vaughn,PG,31,SAS,2006-07,64,760,10.9,0.491,0.012,0.389,1.3,9.2,5.4,25.9,1.7,0.2,17.0,14.7,0.6,1.2,1.7,0.107,-3.2,-0.1,-3.2,-0.2
Jacque Vaughn,PG,32,SAS,2007-08,74,1139,9.2,0.481,0.035,0.283,1.4,6.2,3.8,21.9,1.1,0.1,14.5,15.6,0.3,1.4,1.6,0.069,-3.9,-0.9,-4.8,-0.8
Jacque Vaughn,PG,33,SAS,2008-09,30,292,7.6,0.392,0.013,0.24,1.7,7.3,4.5,27.6,1.1,0.0,15.3,16.2,-0.2,0.3,0.1,0.02,-5.8,-1.7,-7.5,-0.4
Jae Crowder,SF,22,DAL,2012-13,78,1353,10.2,0.491,0.523,0.199,2.9,12.3,7.7,10.0,2.4,1.0,10.9,15.1,0.2,1.3,1.5,0.055,-0.9,0.4,-0.5,0.5
Jae Crowder,SF,23,DAL,2013-14,78,1254,11.9,0.551,0.51,0.206,4.3,13.5,8.9,6.7,2.4,1.4,11.3,13.2,1.2,1.1,2.3,0.089,0.0,0.6,0.6,0.8
Jae Crowder,SF,24,TOT,2014-15,82,1647,13.9,0.517,0.382,0.259,4.7,14.9,9.7,8.6,2.2,1.2,7.5,17.5,1.9,2.0,3.9,0.113,-0.1,0.6,0.6,1.1
Jae Crowder,SF,25,BOS,2015-16,73,2308,15.8,0.565,0.446,0.294,3.2,14.2,8.6,8.9,2.7,1.2,8.3,18.5,3.8,3.5,7.3,0.152,1.5,1.3,2.8,2.8
Jae Crowder,SF,26,BOS,2016-17,72,2335,14.9,0.613,0.547,0.301,2.3,17.3,9.9,10.1,1.6,0.8,8.9,17.0,4.1,2.5,6.7,0.137,1.4,0.2,1.6,2.1
Jae Crowder,SF,27,TOT,2017-18,80,2090,10.4,0.525,0.508,0.221,3.2,11.5,7.4,6.9,1.5,0.9,9.1,17.3,1.0,1.6,2.6,0.06,-0.8,-0.9,-1.7,0.1
Jae Crowder,SF,28,UTA,2018-19,80,2166,12.1,0.538,0.655,0.247,3.1,15.9,9.6,8.9,1.4,1.1,8.8,19.1,1.3,3.1,4.4,0.097,0.0,0.4,0.4,1.3
Jahlil Okafor,C,20,PHI,2015-16,53,1591,17.1,0.536,0.008,0.248,8.1,17.8,12.8,8.2,0.7,2.9,12.5,27.3,0.3,0.9,1.2,0.037,-2.6,-1.5,-4.1,-0.8
Jahlil Okafor,C,21,PHI,2016-17,50,1134,14.8,0.546,0.0,0.335,7.8,15.5,11.7,9.0,0.9,3.4,14.4,24.1,0.1,1.1,1.2,0.05,-3.4,0.1,-3.3,-0.4
Jahlil Okafor,C,22,TOT,2017-18,28,353,15.3,0.584,0.029,0.21,6.3,19.4,12.8,5.9,0.4,3.9,12.2,21.0,0.3,0.3,0.6,0.083,-3.7,-0.8,-4.5,-0.2
Jahlil Okafor,C,23,NOP,2018-19,59,935,17.9,0.603,0.014,0.246,9.2,21.4,15.4,6.3,0.7,3.5,11.5,19.9,1.4,0.8,2.2,0.115,-1.7,-0.5,-2.3,-0.1
Jake Layman,SF,22,POR,2016-17,35,249,4.9,0.404,0.573,0.191,2.7,8.0,5.3,6.2,1.8,1.0,10.2,19.0,-0.4,0.1,-0.3,-0.054,-4.7,-2.7,-7.4,-0.3
Jake Layman,SF,23,POR,2017-18,35,160,4.9,0.352,0.426,0.064,2.8,8.1,5.5,9.4,1.9,2.0,9.4,14.6,-0.3,0.2,-0.1,-0.021,-5.3,0.4,-5.0,-0.1
Jake Layman,SF,24,POR,2018-19,71,1327,13.5,0.594,0.427,0.167,4.6,12.6,8.7,5.6,1.1,1.8,9.2,15.9,1.9,1.2,3.1,0.111,0.4,-0.6,-0.3,0.6
Jake Tsakalidis,C,26,MEM,2005-06,51,732,17.3,0.632,0.0,0.527,13.1,22.0,17.6,3.2,1.1,3.5,16.1,16.1,1.5,1.4,2.8,0.186,-1.5,0.6,-0.9,0.2
Jake Tsakalidis,C,27,TOT,2006-07,36,390,8.4,0.471,0.0,0.542,12.7,18.7,15.7,1.9,1.1,2.3,21.2,13.2,-0.1,0.4,0.3,0.031,-5.1,-0.6,-5.7,-0.4
Jake Tsakalidis,C,27,MEM,2006-07,23,258,6.5,0.446,0.0,0.48,11.1,18.5,14.8,1.2,1.4,3.2,25.7,14.3,-0.4,0.2,-0.2,-0.039,-6.4,-0.9,-7.2,-0.3
Jake Tsakalidis,C,27,HOU,2006-07,13,132,12.0,0.524,0.0,0.682,15.8,19.1,17.4,3.4,0.4,0.6,9.5,11.1,0.3,0.2,0.5,0.169,-2.5,-0.2,-2.7,0.0
Jake Voskuhl,C,28,CHA,2005-06,51,818,11.0,0.47,0.011,0.23,8.3,18.3,13.0,7.9,1.6,2.2,10.3,17.4,0.2,0.9,1.0,0.061,-3.3,0.7,-2.7,-0.1
Jake Voskuhl,C,29,CHA,2006-07,73,1043,10.9,0.523,0.0,0.443,9.3,20.1,14.5,6.8,1.5,1.8,15.5,15.7,0.5,1.1,1.7,0.077,-3.1,0.5,-2.6,-0.2
Jake Voskuhl,C,30,MIL,2007-08,44,386,8.7,0.528,0.0,0.363,8.8,21.3,14.8,5.1,1.2,4.3,23.8,14.2,-0.1,0.3,0.2,0.025,-5.3,0.6,-4.7,-0.3
Jake Voskuhl,C,31,TOR,2008-09,38,240,0.4,0.342,0.0,0.311,10.4,18.4,14.4,4.6,0.7,1.3,24.9,13.1,-0.5,0.2,-0.3,-0.064,-7.7,-0.2,-7.9,-0.4
Jakob Poeltl,C,21,TOR,2016-17,54,626,12.2,0.589,0.0,0.496,14.1,15.7,14.9,2.7,1.4,2.8,17.2,12.1,0.9,0.7,1.6,0.125,-1.2,0.5,-0.7,0.2
Jakob Pöltl,C,22,TOR,2017-18,82,1524,17.5,0.662,0.005,0.263,12.4,16.4,14.4,5.4,1.3,5.2,16.6,14.8,3.1,2.4,5.6,0.175,0.4,2.9,3.3,2.0
Jakob Pöltl,C,23,SAS,2018-19,77,1273,19.4,0.64,0.0,0.317,15.4,19.7,17.6,10.0,1.1,4.5,12.7,13.1,3.5,1.6,5.1,0.193,1.5,2.7,4.2,2.0
Jalen Brunson,PG,22,DAL,2018-19,73,1591,12.8,0.549,0.32,0.212,1.7,9.6,5.7,22.6,1.1,0.2,12.5,19.1,1.5,1.0,2.6,0.077,-0.8,-1.6,-2.5,-0.2
Jalen Jones,SF,24,TOT,2017-18,16,181,10.3,0.485,0.382,0.279,7.7,15.7,11.6,3.5,1.4,0.5,8.4,20.9,0.0,0.2,0.1,0.027,-3.5,-2.9,-6.4,-0.2
Jalen Jones,SF,25,CLE,2018-19,16,214,11.7,0.548,0.452,0.435,5.5,12.5,8.8,4.8,2.1,0.8,9.8,16.7,0.2,0.1,0.3,0.056,-1.2,-2.2,-3.4,-0.1
Jalen Rose,SF,33,TOT,2005-06,72,1983,13.9,0.538,0.251,0.464,1.7,11.6,6.5,15.5,0.8,0.5,12.2,21.8,2.5,0.0,2.5,0.06,0.1,-2.6,-2.5,-0.3
Jalen Rose,SF,33,TOR,2005-06,46,1236,13.5,0.514,0.258,0.487,1.4,11.8,6.4,15.0,0.9,0.6,10.7,22.7,1.2,0.0,1.2,0.045,-0.4,-2.9,-3.3,-0.4
Jalen Rose,SG,33,NYK,2005-06,26,747,14.5,0.582,0.238,0.423,2.1,11.4,6.7,16.2,0.7,0.3,15.0,20.2,1.3,0.0,1.3,0.085,1.1,-2.3,-1.2,0.1
Jalen Rose,SF,34,PHO,2006-07,29,246,13.4,0.592,0.547,0.14,1.5,9.0,5.4,9.3,1.0,0.6,9.0,18.3,0.4,0.2,0.6,0.111,1.1,-2.2,-1.1,0.1
Jamaal Franklin,SG,22,MEM,2013-14,21,161,4.7,0.489,0.282,0.051,2.9,14.0,8.5,5.4,1.3,1.0,21.6,14.6,-0.2,0.2,0.0,-0.002,-5.1,-0.2,-5.4,-0.1
Jamaal Franklin,SG,23,DEN,2014-15,3,13,4.9,0.75,1.0,0.0,8.0,8.6,8.3,32.8,0.0,6.0,60.0,16.6,0.0,0.0,0.0,-0.063,-4.8,-0.3,-5.1,0.0
Jamaal Magloire,C,27,MIL,2005-06,82,2465,11.1,0.494,0.0,0.541,10.4,27.4,18.8,3.6,0.6,2.6,17.9,17.2,-0.8,2.9,2.0,0.039,-4.7,0.4,-4.3,-1.4
Jamaal Magloire,C,28,POR,2006-07,81,1703,11.5,0.527,0.0,0.613,10.8,25.4,18.0,2.9,0.7,3.1,20.5,17.4,-0.4,1.5,1.1,0.032,-4.3,-0.4,-4.7,-1.1
Jamaal Magloire,C,29,TOT,2007-08,31,286,1.4,0.377,0.0,0.8,7.7,28.3,18.0,3.7,0.2,2.7,28.7,16.8,-1.0,0.3,-0.6,-0.109,-11.5,-0.7,-12.2,-0.7
Jamaal Magloire,C,29,NJN,2007-08,24,259,1.7,0.351,0.0,0.633,8.0,28.2,18.1,4.1,0.0,3.0,26.9,15.1,-0.8,0.3,-0.5,-0.096,-10.9,-0.3,-11.2,-0.6
Jamaal Magloire,C,29,DAL,2007-08,7,27,-1.9,0.512,0.0,2.167,4.4,29.0,17.1,0.0,2.0,0.0,37.4,32.3,-0.2,0.0,-0.1,-0.234,-16.8,-5.3,-22.0,-0.1
Jamaal Magloire,C,30,MIA,2008-09,55,709,10.6,0.505,0.0,0.458,13.7,23.8,18.7,4.6,0.8,2.9,16.9,12.5,0.4,0.9,1.3,0.089,-4.1,0.6,-3.4,-0.3
Jamaal Magloire,C,31,MIA,2009-10,36,359,9.4,0.47,0.0,1.054,13.5,26.0,19.8,0.4,1.3,2.5,17.2,13.0,-0.1,0.7,0.6,0.078,-6.1,-0.9,-7.0,-0.5
Jamaal Magloire,C,32,MIA,2010-11,18,158,12.7,0.585,0.0,0.818,13.6,31.2,22.9,2.8,1.3,1.0,14.3,10.3,0.3,0.3,0.6,0.172,-2.5,-0.1,-2.7,0.0
Jamaal Magloire,C,33,TOR,2011-12,34,374,2.7,0.36,0.0,0.6,7.9,27.3,17.7,2.4,0.6,2.2,27.9,9.9,-0.7,0.5,-0.2,-0.021,-8.2,0.9,-7.3,-0.5
Jamaal Tinsley,PG,27,IND,2005-06,42,1122,12.1,0.458,0.181,0.236,3.7,9.8,6.8,33.3,2.3,0.4,20.4,22.2,-0.8,1.5,0.7,0.031,-1.8,0.5,-1.3,0.2
Jamaal Tinsley,PG,28,IND,2006-07,72,2243,15.2,0.465,0.217,0.269,3.0,9.5,6.2,38.5,2.7,0.8,16.7,23.8,0.2,2.6,2.8,0.06,0.4,-0.2,0.3,1.3
Jamaal Tinsley,PG,29,IND,2007-08,39,1293,12.8,0.458,0.305,0.216,2.0,10.0,5.9,38.8,2.5,0.6,20.4,21.3,-0.6,1.3,0.8,0.028,-1.3,-0.7,-2.0,0.0
Jamaal Tinsley,PG,31,MEM,2009-10,38,589,7.8,0.438,0.279,0.193,2.2,10.9,6.5,25.4,2.9,0.6,29.3,16.0,-0.8,0.5,-0.3,-0.027,-3.9,-0.2,-4.1,-0.3
Jamaal Tinsley,PG,33,UTA,2011-12,37,507,10.9,0.461,0.262,0.121,1.3,8.9,5.1,36.3,1.8,1.3,25.9,17.8,-0.2,0.3,0.1,0.006,-2.6,-2.2,-4.8,-0.4
Jamaal Tinsley,PG,34,UTA,2012-13,66,1221,10.6,0.467,0.543,0.111,1.6,9.5,5.5,34.1,2.8,0.9,30.2,13.1,-0.2,1.0,0.9,0.035,-2.0,-1.0,-3.0,-0.3
Jamaal Tinsley,PG,35,UTA,2013-14,8,110,1.9,0.225,0.75,0.0,2.0,9.7,5.8,29.5,1.0,0.0,31.0,12.1,-0.3,0.0,-0.3,-0.122,-6.6,-3.1,-9.7,-0.2
Jamal Crawford,SG,25,NYK,2005-06,79,2555,15.5,0.544,0.333,0.406,1.7,10.2,5.9,20.9,1.8,0.5,14.4,21.5,3.7,0.8,4.5,0.084,2.1,-1.4,0.7,1.7
Jamal Crawford,SG,26,NYK,2006-07,59,2198,14.5,0.517,0.363,0.307,2.4,7.8,5.1,20.9,1.4,0.3,13.9,24.1,2.3,0.9,3.1,0.069,1.4,-2.0,-0.6,0.7
Jamal Crawford,SG,27,NYK,2007-08,80,3190,16.0,0.528,0.355,0.274,1.3,6.3,3.7,22.0,1.3,0.4,11.0,24.6,4.6,0.4,5.0,0.076,2.5,-2.7,-0.2,1.5
Jamal Crawford,PG,28,TOT,2008-09,65,2479,15.1,0.545,0.386,0.337,1.0,7.5,4.2,18.1,1.1,0.4,11.2,22.8,3.3,0.0,3.3,0.065,1.7,-3.4,-1.7,0.2
Jamal Crawford,SG,28,NYK,2008-09,11,392,15.7,0.571,0.456,0.272,0.5,4.3,2.4,20.0,1.1,0.0,12.1,23.9,0.6,0.1,0.7,0.083,1.7,-4.0,-2.3,0.0
Jamal Crawford,PG,28,GSW,2008-09,54,2087,15.0,0.541,0.372,0.349,1.1,8.1,4.6,17.8,1.1,0.4,11.0,22.6,2.7,-0.1,2.7,0.061,1.7,-3.2,-1.6,0.2
Jamal Crawford,SG,29,ATL,2009-10,79,2460,18.4,0.573,0.386,0.285,1.6,8.0,4.8,16.1,1.3,0.4,9.9,25.8,5.6,1.7,7.3,0.143,3.5,-2.7,0.8,1.8
Jamal Crawford,SG,30,ATL,2010-11,76,2297,14.2,0.545,0.399,0.297,1.2,5.6,3.4,17.7,1.3,0.5,12.8,23.4,1.9,1.4,3.4,0.071,0.7,-2.7,-2.0,0.0
Jamal Crawford,PG,31,POR,2011-12,60,1613,15.7,0.506,0.353,0.28,1.1,7.5,4.3,20.5,1.8,0.7,11.8,26.6,1.6,0.7,2.3,0.069,0.9,-2.6,-1.7,0.1
Jamal Crawford,SG,32,LAC,2012-13,76,2230,16.8,0.558,0.39,0.244,1.2,5.6,3.4,14.4,1.9,0.5,11.5,26.0,3.7,1.7,5.4,0.116,2.0,-2.6,-0.6,0.8
Jamal Crawford,SG,33,LAC,2013-14,69,2094,17.3,0.556,0.441,0.318,1.9,6.4,4.2,17.4,1.4,0.4,10.5,27.2,3.8,1.5,5.3,0.122,2.7,-2.6,0.2,1.2
Jamal Crawford,SG,34,LAC,2014-15,64,1703,16.6,0.532,0.434,0.3,1.2,6.9,4.1,14.9,1.8,0.7,8.8,27.6,2.5,1.2,3.6,0.102,1.7,-2.7,-1.0,0.4
Jamal Crawford,SG,35,LAC,2015-16,79,2126,14.0,0.529,0.366,0.289,1.0,6.3,3.7,14.0,1.2,0.4,9.6,24.9,1.8,1.5,3.3,0.076,-0.2,-2.4,-2.6,-0.3
Jamal Crawford,SG,36,LAC,2016-17,82,2157,12.0,0.525,0.37,0.233,0.9,5.7,3.3,15.2,1.4,0.5,12.3,22.7,0.5,1.4,1.9,0.043,-1.0,-2.1,-3.0,-0.6
Jamal Crawford,SG,37,MIN,2017-18,80,1653,13.0,0.519,0.423,0.152,1.4,5.5,3.5,16.9,1.2,0.5,10.7,23.7,0.9,0.3,1.3,0.037,0.0,-4.0,-3.9,-0.8
Jamal Crawford,SG,38,PHO,2018-19,64,1211,11.7,0.522,0.461,0.251,0.7,7.2,3.9,27.7,1.3,0.8,16.9,20.8,0.1,0.0,0.2,0.006,-2.0,-4.1,-6.0,-1.2
Jamal Murray,SG,19,DEN,2016-17,82,1764,11.9,0.518,0.471,0.164,2.6,10.7,6.7,14.0,1.4,1.1,12.6,21.6,0.6,0.7,1.3,0.037,-0.5,-2.1,-2.6,-0.3
Jamal Murray,PG,20,DEN,2017-18,81,2565,16.1,0.576,0.411,0.238,3.6,9.4,6.5,16.4,1.5,0.9,12.8,22.8,4.3,1.2,5.5,0.103,1.8,-2.0,-0.2,1.2
Jamal Murray,PG,21,DEN,2018-19,75,2447,16.0,0.538,0.353,0.19,2.9,11.2,7.0,22.4,1.3,1.0,11.1,24.9,2.8,2.3,5.1,0.1,1.1,-1.0,0.1,1.3
Jamal Sampson,PF,22,SAC,2005-06,12,39,24.4,0.635,0.0,0.286,15.2,38.6,27.0,20.8,0.0,7.5,0.0,9.3,0.2,0.1,0.2,0.293,1.5,5.1,6.5,0.1
Jamal Sampson,C,23,DEN,2006-07,22,125,11.3,0.595,0.071,1.0,13.7,29.3,21.6,5.5,0.8,4.0,33.2,10.3,0.0,0.2,0.2,0.083,-4.1,2.1,-1.9,0.0
Jamario Moon,SF,27,TOR,2007-08,78,2166,15.0,0.54,0.212,0.148,5.0,21.6,13.2,6.2,2.0,4.0,7.7,14.4,2.1,3.6,5.7,0.126,-0.8,3.5,2.8,2.6
Jamario Moon,SF,28,TOT,2008-09,80,2068,13.3,0.567,0.386,0.169,3.3,17.5,10.4,7.0,2.2,2.3,7.8,12.4,2.4,2.5,4.9,0.114,-0.4,2.0,1.6,1.9
Jamario Moon,SF,28,TOR,2008-09,54,1379,14.2,0.569,0.347,0.205,4.1,16.9,10.6,7.7,2.5,2.5,8.2,12.6,1.7,1.7,3.4,0.119,0.2,2.6,2.8,1.7
Jamario Moon,SF,28,MIA,2008-09,26,689,11.6,0.562,0.465,0.096,1.7,18.6,10.1,5.5,1.6,1.9,6.8,12.0,0.6,0.8,1.5,0.103,-1.6,1.0,-0.7,0.2
Jamario Moon,SF,29,CLE,2009-10,61,1052,12.6,0.555,0.405,0.182,3.1,17.8,10.8,6.9,1.7,2.2,7.9,12.8,1.2,1.7,2.9,0.131,-1.1,1.6,0.6,0.7
Jamario Moon,SF,30,TOT,2010-11,59,1042,10.1,0.499,0.496,0.069,2.5,16.0,9.1,7.8,1.4,2.4,7.9,12.0,0.4,0.7,1.1,0.05,-2.3,0.5,-1.9,0.0
Jamario Moon,SF,31,CHA,2011-12,8,123,3.4,0.362,0.417,0.083,1.8,19.3,10.3,6.4,0.4,3.0,24.3,12.3,-0.3,0.0,-0.3,-0.1,-8.3,-0.3,-8.6,-0.2
Jameel Warney,PF,24,DAL,2017-18,3,27,22.5,0.599,0.0,0.417,15.9,21.3,18.5,0.0,0.0,0.0,6.6,25.6,0.1,0.0,0.1,0.157,-3.1,-9.1,-12.2,-0.1
Jameer Nelson,PG,23,ORL,2005-06,62,1784,19.5,0.567,0.229,0.252,2.8,9.5,6.2,31.5,2.1,0.4,15.6,25.1,3.5,1.4,4.9,0.132,3.6,-1.4,2.2,1.9
Jameer Nelson,PG,24,ORL,2006-07,77,2331,13.9,0.514,0.222,0.253,2.7,9.6,6.2,25.0,1.7,0.2,15.9,23.0,1.6,2.4,4.0,0.082,0.5,-0.9,-0.4,0.9
Jameer Nelson,PG,25,ORL,2007-08,69,1961,15.5,0.564,0.255,0.25,1.7,12.1,7.1,31.1,1.7,0.1,17.4,19.0,3.4,2.2,5.6,0.136,1.1,0.0,1.1,1.5
Jameer Nelson,PG,26,ORL,2008-09,42,1309,20.6,0.612,0.341,0.183,1.8,10.5,6.2,32.1,2.0,0.2,12.6,23.2,3.9,2.1,6.0,0.22,4.8,0.4,5.1,2.4
Jameer Nelson,PG,27,ORL,2009-10,65,1860,15.5,0.54,0.32,0.164,1.7,10.1,6.0,32.1,1.3,0.1,15.5,22.3,2.8,2.2,5.0,0.13,1.6,-0.6,1.0,1.4
Jameer Nelson,PG,28,ORL,2010-11,76,2319,15.4,0.548,0.354,0.193,1.9,9.3,5.7,33.7,1.7,0.1,17.6,22.0,3.4,3.2,6.6,0.136,1.8,-0.2,1.6,2.1
Jameer Nelson,PG,29,ORL,2011-12,57,1706,14.6,0.524,0.381,0.145,1.9,10.4,6.1,34.0,1.2,0.2,17.3,21.4,2.3,1.2,3.5,0.099,1.4,-1.5,-0.2,0.8
Jameer Nelson,PG,30,ORL,2012-13,56,1977,14.4,0.498,0.455,0.131,1.3,10.6,6.0,33.3,1.9,0.2,15.7,22.5,1.1,1.0,2.1,0.05,1.6,-1.7,-0.1,0.9
Jameer Nelson,PG,31,ORL,2013-14,68,2179,13.9,0.515,0.523,0.15,1.5,10.5,6.0,35.1,1.2,0.2,17.3,20.1,1.6,1.2,2.8,0.062,1.1,-2.2,-1.1,0.5
Jameer Nelson,PG,32,TOT,2014-15,63,1407,12.1,0.503,0.512,0.071,2.5,8.9,5.7,27.8,1.7,0.3,17.3,19.5,0.6,0.8,1.4,0.047,0.6,-1.6,-1.0,0.4
Jameer Nelson,PG,33,DEN,2015-16,39,1036,9.5,0.464,0.469,0.114,2.0,10.4,6.2,27.3,1.2,0.4,17.0,16.4,0.1,0.4,0.5,0.024,-1.2,-1.9,-3.1,-0.3
Jameer Nelson,PG,34,DEN,2016-17,75,2045,11.5,0.544,0.452,0.104,1.5,8.8,5.2,26.0,1.3,0.3,16.8,15.8,2.3,0.5,2.8,0.066,0.4,-2.3,-2.0,0.0
Jameer Nelson,PG,35,TOT,2017-18,50,1013,8.1,0.489,0.508,0.082,1.4,9.5,5.6,22.8,1.3,0.3,21.0,13.7,-0.1,0.7,0.6,0.028,-2.6,-1.5,-4.0,-0.5
Jamel Artis,SG,25,ORL,2017-18,15,279,6.9,0.457,0.367,0.152,1.6,13.5,7.5,9.3,0.4,0.9,8.7,14.5,-0.1,0.1,0.0,-0.006,-4.3,-1.5,-5.9,-0.3
James Anderson,SF,21,SAS,2010-11,26,286,8.5,0.529,0.568,0.222,0.8,8.3,4.7,9.2,0.5,1.5,12.8,16.4,0.1,0.2,0.3,0.051,-1.9,-1.5,-3.4,-0.1
James Anderson,SG,22,SAS,2011-12,51,603,8.8,0.483,0.391,0.299,3.1,11.8,7.5,9.6,0.7,0.2,13.2,17.2,0.1,0.4,0.5,0.04,-2.2,-1.4,-3.6,-0.2
James Anderson,SG,23,TOT,2012-13,39,401,13.9,0.539,0.476,0.222,5.2,15.0,10.2,15.8,1.9,0.9,15.3,18.0,0.4,0.4,0.9,0.106,-0.1,0.0,-0.1,0.2
James Anderson,SG,24,PHI,2013-14,80,2309,10.9,0.53,0.49,0.148,2.7,11.7,7.0,9.9,1.6,1.0,12.2,15.9,0.9,0.9,1.9,0.039,-1.2,-1.3,-2.5,-0.3
James Anderson,SG,26,SAC,2015-16,51,721,6.0,0.469,0.483,0.163,2.0,10.9,6.5,7.7,1.4,1.6,18.0,13.7,-0.6,0.4,-0.3,-0.017,-3.9,-0.3,-4.2,-0.4
James Augustine,PF,22,ORL,2006-07,2,7,16.6,0.333,0.0,0.0,18.0,34.4,26.4,48.9,0.0,0.0,0.0,19.9,0.0,0.0,0.0,0.168,3.3,1.8,5.0,0.0
James Augustine,PF,23,ORL,2007-08,25,149,10.8,0.533,0.0,0.235,12.9,10.4,11.6,2.1,1.7,1.0,13.8,13.4,0.1,0.2,0.3,0.098,-2.2,-0.3,-2.6,0.0
James Ennis,SF,24,MIA,2014-15,62,1051,11.5,0.541,0.385,0.381,6.0,14.0,10.1,7.2,1.3,1.4,11.9,14.6,1.2,0.8,1.9,0.088,-0.9,-0.5,-1.5,0.1
James Ennis,SF,25,TOT,2015-16,22,329,17.8,0.621,0.513,0.301,6.9,7.4,7.1,10.1,2.4,1.3,12.9,19.8,0.7,0.2,0.9,0.133,3.4,-1.0,2.4,0.4
James Ennis,SF,26,MEM,2016-17,64,1501,10.6,0.581,0.427,0.343,5.1,14.9,9.9,6.5,1.6,1.2,13.8,13.0,1.4,1.7,3.1,0.101,-1.0,1.0,0.0,0.8
James Ennis,SF,27,TOT,2017-18,72,1604,11.6,0.588,0.398,0.302,5.1,11.0,8.0,6.6,1.5,1.0,11.4,13.7,2.0,1.1,3.1,0.092,-0.6,-0.5,-1.1,0.4
James Ennis,SF,28,TOT,2018-19,58,1230,11.0,0.59,0.531,0.276,5.3,10.9,8.1,4.7,1.6,1.6,9.3,12.7,1.6,1.0,2.6,0.103,-0.5,-0.2,-0.7,0.4
James Ennis,SF,28,HOU,2018-19,40,949,11.3,0.622,0.569,0.275,4.2,9.5,6.8,4.1,2.0,1.4,8.9,11.9,1.4,0.8,2.2,0.112,-0.1,0.2,0.1,0.5
James Ennis,SF,28,PHI,2018-19,18,281,9.9,0.51,0.434,0.277,8.9,15.4,12.2,6.7,0.5,2.0,10.6,15.5,0.2,0.2,0.4,0.071,-2.0,-1.2,-3.2,-0.1
James Harden,SG,20,OKC,2009-10,76,1738,14.0,0.551,0.429,0.415,3.2,12.7,8.1,12.3,2.4,0.9,13.4,20.4,2.0,2.5,4.5,0.124,0.7,0.3,1.0,1.3
James Harden,SG,21,OKC,2010-11,82,2189,16.4,0.598,0.474,0.501,2.3,11.0,6.8,12.8,2.2,0.8,11.3,19.5,5.0,2.1,7.1,0.156,2.9,-0.6,2.3,2.4
James Harden,SG,22,OKC,2011-12,62,1946,21.1,0.66,0.464,0.587,1.9,12.2,7.4,19.3,1.6,0.6,14.8,21.6,7.5,1.8,9.3,0.23,5.6,-1.1,4.5,3.2
James Harden,SG,23,HOU,2012-13,78,2985,23.0,0.6,0.364,0.592,2.4,11.9,7.2,25.7,2.4,1.0,14.9,29.0,9.8,3.0,12.8,0.206,5.4,0.1,5.5,5.7
James Harden,SG,24,HOU,2013-14,73,2777,23.5,0.618,0.401,0.552,2.6,10.7,6.9,27.3,2.1,0.8,15.0,27.8,10.1,2.7,12.8,0.221,6.2,-0.5,5.7,5.4
James Harden,SG,25,HOU,2014-15,81,2981,26.7,0.605,0.378,0.561,2.8,14.2,8.5,34.6,2.6,1.6,14.9,31.3,12.2,4.2,16.4,0.265,7.4,1.0,8.4,7.8
James Harden,SG,26,HOU,2015-16,82,3125,25.3,0.598,0.406,0.518,2.2,15.6,8.8,35.4,2.2,1.4,15.9,32.5,10.7,2.6,13.3,0.204,7.1,-0.4,6.7,6.9
James Harden,PG,27,HOU,2016-17,81,2947,27.4,0.613,0.493,0.575,3.5,20.9,12.2,50.7,2.0,1.0,19.5,34.2,11.5,3.6,15.0,0.245,8.7,1.5,10.1,9.0
James Harden,SG,28,HOU,2017-18,72,2551,29.8,0.619,0.498,0.502,1.8,15.2,8.6,45.1,2.4,1.7,15.1,36.1,11.6,3.8,15.4,0.289,9.6,1.3,10.9,8.3
James Harden,PG,29,HOU,2018-19,78,2867,30.6,0.616,0.539,0.449,2.5,17.8,10.0,39.5,2.7,1.7,14.5,40.5,11.4,3.8,15.2,0.254,10.5,1.1,11.7,9.9
James Johnson,PF,22,CHI,2009-10,65,757,10.4,0.532,0.219,0.333,5.1,13.6,9.4,9.8,1.4,4.3,20.5,18.0,-0.3,1.1,0.8,0.054,-3.8,1.7,-2.1,0.0
James Johnson,SF,23,TOT,2010-11,38,822,12.6,0.505,0.143,0.3,5.2,15.4,10.2,16.4,2.1,3.4,19.3,18.2,-0.1,0.8,0.6,0.036,-1.9,1.9,0.0,0.4
James Johnson,SF,24,TOR,2011-12,62,1561,14.5,0.498,0.116,0.222,5.6,16.2,11.0,13.9,2.4,4.4,15.1,20.2,0.1,2.5,2.6,0.079,-1.6,3.4,1.9,1.5
James Johnson,SF,25,SAC,2012-13,54,878,10.2,0.442,0.074,0.237,6.2,12.9,9.5,10.2,2.4,4.5,17.9,19.3,-1.1,0.6,-0.5,-0.028,-4.5,1.5,-3.0,-0.2
James Johnson,SF,26,MEM,2013-14,52,956,18.5,0.552,0.282,0.292,7.4,13.2,10.3,18.2,2.3,5.0,16.0,20.0,1.4,1.6,3.0,0.15,1.3,3.2,4.5,1.6
James Johnson,PF,27,TOR,2014-15,70,1370,17.9,0.617,0.126,0.252,5.1,16.5,10.8,11.4,2.0,4.1,15.0,17.4,2.5,1.6,4.1,0.143,0.6,2.0,2.7,1.6
James Johnson,PF,28,TOR,2015-16,57,926,11.4,0.532,0.275,0.283,3.5,11.9,7.8,11.4,1.6,2.9,16.7,15.9,0.3,1.0,1.3,0.068,-1.7,1.0,-0.6,0.3
James Johnson,PF,29,MIA,2016-17,76,2085,17.0,0.564,0.333,0.28,3.5,16.6,10.0,20.9,1.8,3.2,16.5,22.0,1.9,3.2,5.1,0.117,0.5,2.3,2.8,2.5
James Johnson,PF,30,MIA,2017-18,73,1943,15.8,0.575,0.301,0.264,3.5,17.2,10.3,22.5,1.8,2.2,17.1,19.1,2.2,2.8,5.0,0.123,0.0,1.7,1.7,1.8
James Johnson,PF,31,MIA,2018-19,55,1164,10.9,0.522,0.393,0.185,2.0,14.1,8.0,17.0,1.5,2.1,15.3,17.8,0.0,1.5,1.5,0.062,-2.5,0.9,-1.6,0.1
James Jones,SF,25,PHO,2005-06,75,1772,13.2,0.551,0.491,0.208,2.8,12.8,7.9,4.5,1.1,1.9,5.2,16.9,2.3,1.7,4.0,0.11,0.1,-0.5,-0.3,0.7
James Jones,SF,26,PHO,2006-07,76,1376,10.8,0.51,0.541,0.184,2.9,11.5,7.5,4.5,1.0,2.1,5.6,16.5,1.0,1.2,2.2,0.077,-0.6,-0.4,-1.0,0.4
James Jones,SF,27,POR,2007-08,58,1276,13.6,0.625,0.627,0.3,4.0,10.8,7.4,4.3,1.0,0.9,7.0,14.8,2.9,0.8,3.7,0.139,2.2,-1.0,1.2,1.0
James Jones,SF,28,MIA,2008-09,40,630,8.4,0.52,0.644,0.208,2.3,9.6,5.9,4.7,1.0,1.8,6.9,13.0,0.4,0.5,0.9,0.065,-1.9,-1.1,-2.9,-0.1
James Jones,SF,29,MIA,2009-10,36,503,8.8,0.556,0.756,0.235,0.9,9.5,5.3,5.1,1.2,0.6,7.7,13.3,0.5,0.5,1.0,0.099,-0.5,-1.0,-1.5,0.1
James Jones,SF,30,MIA,2010-11,81,1549,11.1,0.629,0.829,0.208,1.9,9.9,6.1,4.1,1.0,1.0,5.3,12.0,3.0,1.7,4.7,0.145,1.8,-0.9,0.9,1.1
James Jones,SG,31,MIA,2011-12,51,666,9.7,0.567,0.76,0.2,1.1,7.4,4.4,4.2,1.3,1.1,5.8,12.1,0.9,0.7,1.7,0.12,0.3,-1.2,-1.0,0.2
James Jones,SF,32,MIA,2012-13,38,221,8.1,0.478,0.869,0.066,0.0,11.6,6.1,8.4,0.5,2.2,4.6,14.2,0.1,0.2,0.2,0.054,-1.4,-2.3,-3.7,-0.1
James Jones,SF,33,MIA,2013-14,20,236,15.4,0.666,0.794,0.162,1.1,10.8,6.1,5.8,0.7,1.5,5.2,15.6,0.6,0.1,0.7,0.147,2.9,-2.8,0.0,0.1
James Jones,SF,34,CLE,2014-15,57,669,11.1,0.565,0.871,0.229,1.6,9.0,5.3,5.4,1.0,0.9,5.5,15.8,1.2,0.4,1.5,0.11,1.4,-2.8,-1.4,0.1
James Jones,SF,35,CLE,2015-16,48,463,11.6,0.58,0.732,0.183,2.0,10.2,6.1,4.5,1.2,1.8,7.8,16.2,0.7,0.5,1.2,0.12,0.3,-1.3,-1.0,0.1
James Jones,SF,36,CLE,2016-17,48,381,11.1,0.655,0.717,0.217,0.9,9.5,5.4,5.2,0.8,2.1,9.0,13.0,0.6,0.2,0.8,0.102,0.0,-1.6,-1.6,0.0
James Lang,C,23,WAS,2006-07,11,55,6.6,0.491,0.0,0.556,10.2,12.9,11.5,5.2,0.0,4.2,15.2,10.6,0.0,0.0,0.1,0.047,-3.5,-0.5,-4.0,0.0
James Michael McAdoo,PF,22,GSW,2014-15,15,137,17.7,0.564,0.0,0.568,12.2,16.8,14.6,2.1,1.8,4.9,9.8,19.4,0.2,0.3,0.5,0.177,-2.3,0.5,-1.8,0.0
James Michael McAdoo,PF,23,GSW,2015-16,41,262,15.9,0.554,0.024,0.583,13.1,10.9,11.9,9.2,1.8,2.2,13.2,20.1,0.5,0.3,0.8,0.146,-0.9,-0.3,-1.1,0.1
James Michael McAdoo,PF,24,GSW,2016-17,52,457,13.1,0.543,0.068,0.359,8.7,12.9,10.9,5.2,1.9,5.0,12.3,14.6,0.3,0.8,1.1,0.117,-2.8,2.4,-0.4,0.2
James Michael McAdoo,PF,25,PHI,2017-18,3,18,7.4,0.508,1.0,0.286,0.0,11.5,6.0,0.0,0.0,4.6,11.3,21.0,0.0,0.0,0.0,0.023,-4.3,-4.4,-8.7,0.0
James Nunnally,SF,23,TOT,2013-14,13,165,6.1,0.44,0.543,0.196,0.7,12.4,6.4,7.0,1.8,1.0,12.3,15.1,-0.2,0.1,-0.1,-0.021,-5.2,-1.8,-7.0,-0.2
James Nunnally,SF,28,TOT,2018-19,15,102,7.3,0.503,0.735,0.118,0.0,5.3,2.6,9.5,0.5,0.0,2.7,15.3,0.1,0.0,0.1,0.035,-1.6,-4.8,-6.4,-0.1
James Nunnally,SF,28,MIN,2018-19,13,64,12.1,0.593,0.619,0.19,0.0,6.8,3.3,10.9,0.7,0.0,4.2,15.6,0.1,0.0,0.1,0.097,0.3,-4.5,-4.2,0.0
James Nunnally,SF,28,HOU,2018-19,2,38,-0.8,0.346,0.923,0.0,0.0,3.0,1.5,7.2,0.0,0.0,0.0,14.8,-0.1,0.0,-0.1,-0.068,-4.9,-5.3,-10.2,-0.1
James Posey,SF,29,MIA,2005-06,67,1914,9.8,0.572,0.734,0.154,2.1,16.9,9.8,6.8,1.5,0.8,12.1,11.6,1.8,2.4,4.2,0.104,0.3,1.0,1.4,1.6
James Posey,SF,30,MIA,2006-07,71,1919,12.7,0.579,0.6,0.227,4.2,17.5,11.0,7.7,2.0,0.9,10.4,13.1,2.6,2.6,5.2,0.13,0.7,1.1,1.8,1.8
James Posey,PF,31,BOS,2007-08,74,1821,12.0,0.587,0.674,0.278,2.1,18.0,10.5,9.5,2.1,0.9,12.3,13.5,2.2,4.0,6.2,0.164,0.5,2.4,2.9,2.3
James Posey,SG,32,NOH,2008-09,75,2140,10.8,0.568,0.599,0.279,2.2,18.3,10.2,6.0,1.5,0.8,11.8,15.0,1.7,2.6,4.2,0.095,-0.6,0.3,-0.3,0.9
James Posey,SF,33,NOH,2009-10,77,1731,8.7,0.525,0.701,0.232,2.1,20.5,11.2,9.3,1.3,0.8,11.8,11.4,1.0,1.4,2.4,0.067,-1.3,0.6,-0.7,0.6
James Posey,SF,34,IND,2010-11,49,839,7.5,0.485,0.88,0.062,1.3,18.0,9.7,6.1,1.4,0.5,8.8,14.3,0.0,1.0,1.0,0.056,-1.3,-0.6,-2.0,0.0
James Singleton,SF,24,LAC,2005-06,59,753,13.6,0.587,0.132,0.331,10.2,19.8,15.2,5.9,1.3,2.1,13.9,12.3,1.2,1.1,2.3,0.147,-0.9,1.1,0.2,0.4
James Singleton,PF,25,LAC,2006-07,53,376,11.9,0.449,0.171,0.354,11.6,22.1,16.9,7.0,2.1,3.5,15.2,13.7,0.0,0.6,0.7,0.083,-3.5,1.8,-1.7,0.0
James Singleton,PF,27,DAL,2008-09,62,884,16.4,0.615,0.181,0.353,11.7,20.7,16.2,2.9,1.5,2.3,12.4,15.1,1.9,1.1,3.0,0.163,-0.3,-0.2,-0.4,0.4
James Singleton,PF,28,TOT,2009-10,57,977,11.4,0.452,0.146,0.244,12.6,20.0,16.3,4.8,1.5,3.3,14.8,15.4,-0.1,1.2,1.1,0.056,-3.0,1.4,-1.6,0.1
James Singleton,PF,30,WAS,2011-12,12,262,19.6,0.6,0.12,0.2,10.7,24.3,17.4,9.5,1.8,2.3,10.9,15.6,0.7,0.3,1.0,0.186,1.3,1.0,2.3,0.3
James Southerland,SF,23,TOT,2013-14,4,30,11.8,0.441,0.4,0.133,0.0,31.5,15.5,0.0,1.7,5.6,5.9,25.6,-0.1,0.0,0.0,-0.023,-8.1,-5.2,-13.3,-0.1
James Thomas,PF,25,TOT,2005-06,22,150,5.4,0.556,0.0,0.737,9.3,21.0,15.2,1.0,0.0,1.5,21.8,9.8,0.0,0.1,0.2,0.052,-5.6,-2.6,-8.2,-0.2
James Thomas,PF,25,PHI,2005-06,15,124,4.1,0.574,0.0,1.077,7.5,21.7,14.6,1.2,0.0,1.8,26.8,9.6,0.0,0.1,0.1,0.033,-6.1,-2.2,-8.3,-0.2
James Thomas,PF,25,CHI,2005-06,7,26,11.7,0.5,0.0,0.0,17.8,17.6,17.7,0.0,0.0,0.0,0.0,10.4,0.0,0.0,0.1,0.14,-3.1,-4.7,-7.9,0.0
James Webb,SF,24,BRK,2017-18,10,120,2.2,0.333,0.792,0.0,7.0,14.3,10.6,4.5,0.4,0.0,14.3,10.1,-0.1,0.0,-0.1,-0.041,-5.1,-1.5,-6.6,-0.1
James White,SG,24,SAS,2006-07,6,137,12.1,0.525,0.171,0.366,2.8,14.4,8.8,5.8,1.2,0.5,9.5,18.2,0.1,0.2,0.3,0.108,-2.8,-0.2,-3.1,0.0
James White,SF,26,HOU,2008-09,4,11,14.6,0.7,0.4,0.0,0.0,0.0,0.0,19.2,4.8,6.6,37.5,33.8,0.0,0.0,0.0,-0.066,-5.5,-0.1,-5.7,0.0
James White,SF,30,NYK,2012-13,57,435,9.1,0.503,0.353,0.164,1.3,12.0,6.5,10.3,1.6,0.8,12.0,15.2,0.1,0.3,0.5,0.051,-2.6,-0.9,-3.4,-0.2
James Young,SG,19,BOS,2014-15,31,332,8.5,0.457,0.647,0.284,2.9,11.0,6.9,5.6,1.2,0.5,4.2,15.8,0.1,0.3,0.3,0.047,-1.9,-1.9,-3.8,-0.2
James Young,SG,20,BOS,2015-16,29,199,3.6,0.384,0.722,0.111,2.1,11.9,6.9,6.0,1.5,0.4,11.7,9.1,-0.2,0.2,0.1,0.013,-4.7,0.1,-4.6,-0.1
James Young,SG,21,BOS,2016-17,29,220,10.0,0.549,0.603,0.155,3.1,10.0,6.6,2.6,2.3,0.7,6.1,13.3,0.1,0.2,0.3,0.076,-2.0,-1.1,-3.1,-0.1
James Young,SG,22,PHI,2017-18,6,61,4.6,0.511,0.714,0.429,0.0,3.4,1.8,4.3,0.0,0.0,5.7,12.3,0.0,0.0,0.1,0.041,-3.0,-3.6,-6.6,-0.1
JamesOn Curry,PG,24,LAC,2009-10,1,0,,,,,,,,,,,,,0.0,0.0,0.0,,-6.7,-0.2,-6.9,0.0
Jamil Wilson,SF,27,LAC,2017-18,15,274,11.4,0.634,0.778,0.049,1.2,11.5,6.4,5.2,0.9,2.4,8.8,14.3,0.4,0.2,0.5,0.096,1.1,-1.1,0.0,0.1
Jan Veselý,PF,21,WAS,2011-12,57,1078,11.5,0.544,0.005,0.284,10.5,15.6,13.0,6.7,1.9,2.3,19.7,12.7,0.7,1.0,1.7,0.076,-1.6,1.4,-0.2,0.5
Jan Veselý,PF,22,WAS,2012-13,51,601,7.6,0.48,0.009,0.342,7.9,14.7,11.3,7.3,1.3,2.2,17.1,12.0,-0.1,0.8,0.7,0.059,-4.4,1.9,-2.5,-0.1
Jan Veselý,PF,23,TOT,2013-14,54,776,12.7,0.498,0.0,0.324,11.7,16.1,13.9,4.0,3.4,3.5,15.4,13.2,0.2,1.4,1.6,0.097,-2.7,3.2,0.5,0.5
Jannero Pargo,PG,26,CHI,2005-06,57,646,9.9,0.455,0.353,0.072,1.4,9.4,5.4,24.8,1.9,0.2,16.8,25.3,-0.9,0.8,-0.1,-0.008,-2.8,-1.4,-4.2,-0.4
Jannero Pargo,PG,27,NOK,2006-07,82,1710,13.4,0.504,0.302,0.176,1.3,11.1,6.1,20.4,1.6,0.2,14.1,23.1,0.6,1.4,2.0,0.056,-0.5,-1.5,-2.1,0.0
Jannero Pargo,SG,28,NOH,2007-08,80,1497,11.9,0.468,0.285,0.124,2.0,8.3,5.1,20.4,1.8,0.3,11.9,24.2,-0.3,1.4,1.1,0.037,-1.6,-1.5,-3.1,-0.4
Jannero Pargo,PG,30,CHI,2009-10,63,829,8.9,0.429,0.362,0.118,1.2,9.1,5.2,17.5,1.8,0.2,11.1,24.4,-1.1,0.9,-0.3,-0.015,-3.2,-2.4,-5.6,-0.8
Jannero Pargo,PG,32,ATL,2011-12,50,671,13.6,0.539,0.545,0.079,1.6,11.1,6.4,24.1,1.6,0.2,15.8,21.8,0.6,0.8,1.3,0.095,0.8,-1.9,-1.1,0.1
Jannero Pargo,PG,33,TOT,2012-13,32,507,10.3,0.475,0.547,0.061,2.2,5.7,3.9,22.8,1.9,0.5,15.8,23.3,-0.4,0.2,-0.2,-0.017,-1.1,-3.9,-5.0,-0.4
Jannero Pargo,PG,34,CHA,2013-14,29,242,18.9,0.554,0.508,0.093,0.5,8.9,4.7,40.3,3.0,0.3,17.5,28.4,0.2,0.4,0.5,0.105,3.1,-2.2,0.9,0.2
Jannero Pargo,PG,35,CHO,2014-15,9,73,14.9,0.571,0.629,0.057,0.0,4.6,2.3,20.8,0.0,0.0,7.7,24.3,0.1,0.0,0.2,0.113,3.0,-6.1,-3.2,0.0
Jared Cunningham,SG,21,DAL,2012-13,8,26,14.8,0.538,0.214,0.143,4.4,8.4,6.4,6.8,2.0,0.0,11.8,29.6,0.0,0.0,0.0,0.033,-1.8,-4.5,-6.3,0.0
Jared Cunningham,SG,22,TOT,2013-14,13,80,8.5,0.464,0.333,0.762,1.4,7.2,4.3,14.4,1.9,0.0,6.7,16.6,0.1,0.0,0.1,0.075,-2.4,-2.7,-5.1,-0.1
Jared Cunningham,SG,23,LAC,2014-15,19,89,7.3,0.452,0.394,0.394,1.3,9.9,5.7,16.4,1.7,0.0,15.3,23.2,-0.1,0.1,0.0,-0.023,-4.0,-2.7,-6.7,-0.1
Jared Cunningham,SG,24,TOT,2015-16,44,410,5.9,0.464,0.371,0.524,0.8,9.6,5.3,6.9,1.8,0.4,14.0,16.5,-0.3,0.4,0.1,0.014,-4.6,-1.3,-5.9,-0.4
Jared Dudley,PF,22,CHA,2007-08,73,1384,13.6,0.528,0.118,0.339,10.0,13.8,11.9,9.3,2.1,0.5,11.1,14.9,1.8,1.1,2.9,0.1,-0.5,0.2,-0.3,0.6
Jared Dudley,SF,23,TOT,2008-09,68,1155,13.5,0.562,0.26,0.368,8.7,12.3,10.5,7.1,2.5,0.5,11.5,14.6,1.6,1.1,2.7,0.114,0.6,0.2,0.8,0.8
Jared Dudley,SF,23,CHA,2008-09,20,427,10.6,0.507,0.083,0.25,7.3,9.8,8.6,7.3,2.3,0.4,8.6,12.9,0.3,0.5,0.8,0.094,-1.6,1.0,-0.6,0.1
Jared Dudley,SF,23,PHO,2008-09,48,728,15.2,0.588,0.349,0.429,9.5,13.7,11.7,7.0,2.7,0.6,12.8,15.6,1.3,0.6,1.9,0.126,1.9,-0.3,1.6,0.7
Jared Dudley,SF,24,PHO,2009-10,82,1991,13.6,0.612,0.535,0.282,5.9,9.8,8.0,7.9,2.0,0.6,11.0,13.7,4.0,1.3,5.3,0.129,3.3,0.4,3.7,2.9
Jared Dudley,SF,25,PHO,2010-11,82,2140,15.6,0.598,0.402,0.347,6.0,11.2,8.6,7.6,2.1,0.7,9.6,16.9,4.2,1.4,5.6,0.126,2.6,0.2,2.8,2.5
Jared Dudley,SG,26,PHO,2011-12,65,2020,15.4,0.575,0.325,0.255,5.4,11.4,8.4,8.8,1.3,0.7,9.1,17.7,4.0,1.1,5.1,0.121,2.7,0.0,2.7,2.4
Jared Dudley,SF,27,PHO,2012-13,79,2170,14.9,0.582,0.405,0.242,4.1,8.9,6.4,14.9,1.8,0.3,12.0,17.2,3.9,0.9,4.8,0.106,2.1,-1.0,1.1,1.7
Jared Dudley,SF,28,LAC,2013-14,74,1729,8.9,0.541,0.503,0.13,2.4,7.7,5.1,8.6,1.2,0.4,10.6,13.5,1.2,1.2,2.4,0.068,-0.3,-0.4,-0.8,0.5
Jared Dudley,SG,29,MIL,2014-15,72,1717,12.3,0.572,0.454,0.158,3.0,11.6,7.3,11.5,2.1,0.5,12.1,13.5,2.0,2.1,4.1,0.116,0.1,0.5,0.6,1.1
Jared Dudley,PF,30,WAS,2015-16,81,2098,11.7,0.602,0.489,0.201,2.8,12.6,7.6,11.4,1.7,0.7,13.1,12.7,2.6,2.0,4.6,0.105,0.3,0.6,1.0,1.6
Jared Dudley,PF,31,PHO,2016-17,64,1362,10.6,0.579,0.587,0.188,2.4,15.9,9.0,12.5,1.5,0.9,16.3,13.8,1.1,0.7,1.8,0.064,-0.1,-0.1,-0.3,0.6
Jared Dudley,PF,32,PHO,2017-18,48,686,8.8,0.553,0.656,0.287,1.2,13.6,7.3,15.6,1.7,1.3,16.9,10.2,0.5,0.4,0.8,0.058,-1.9,0.0,-1.9,0.0
Jared Dudley,PF,33,BRK,2018-19,59,1220,7.8,0.554,0.632,0.192,2.9,10.4,6.7,9.2,1.4,1.0,14.2,10.4,0.6,1.2,1.8,0.07,-1.7,1.0,-0.7,0.4
Jared Jeffries,PF,24,WAS,2005-06,77,1951,11.6,0.5,0.12,0.405,9.5,13.2,11.3,11.6,1.5,2.0,16.8,13.4,1.4,1.7,3.1,0.076,-0.7,1.5,0.8,1.4
Jared Jeffries,SF,25,NYK,2006-07,55,1307,8.6,0.473,0.097,0.33,10.2,11.4,10.8,7.9,1.8,1.8,20.5,10.3,0.1,1.0,1.2,0.043,-1.6,2.0,0.3,0.8
Jared Jeffries,SF,26,NYK,2007-08,73,1325,7.9,0.433,0.093,0.344,9.8,11.1,10.4,7.5,1.4,1.3,17.1,12.7,-0.5,0.6,0.1,0.002,-3.3,0.4,-2.8,-0.3
Jared Jeffries,SF,27,NYK,2008-09,56,1310,9.4,0.473,0.044,0.33,10.4,8.9,9.7,8.7,1.8,1.8,17.2,12.5,0.3,0.9,1.2,0.045,-2.2,1.8,-0.4,0.5
Jared Jeffries,PF,28,TOT,2009-10,70,1794,9.8,0.507,0.226,0.382,8.1,10.3,9.1,8.0,1.8,2.9,17.2,11.1,0.9,1.3,2.2,0.058,-1.8,2.1,0.3,1.0
Jared Jeffries,PF,29,TOT,2010-11,42,601,8.0,0.375,0.105,0.337,11.7,10.3,11.0,8.1,2.6,2.0,17.5,8.8,0.0,0.5,0.6,0.045,-2.1,2.3,0.2,0.3
Jared Jeffries,PF,30,NYK,2011-12,39,729,10.9,0.484,0.111,0.5,10.8,13.3,12.0,5.4,2.0,2.7,14.2,12.6,0.5,1.1,1.7,0.109,-1.9,2.3,0.4,0.4
Jared Jeffries,PF,31,POR,2012-13,38,350,2.4,0.343,0.037,0.426,8.5,11.4,10.0,5.6,0.9,1.3,21.0,10.6,-0.4,0.1,-0.3,-0.042,-6.1,0.0,-6.0,-0.4
Jared Reiner,C,24,MIL,2006-07,27,244,4.8,0.348,0.0,0.233,10.0,24.4,17.1,7.4,1.1,1.9,22.8,11.4,-0.3,0.2,-0.1,-0.027,-6.4,0.5,-5.9,-0.2
Jared Sullinger,PF,20,BOS,2012-13,45,892,13.5,0.534,0.022,0.28,12.6,22.1,17.5,6.2,1.3,1.9,10.3,14.9,1.3,1.4,2.7,0.146,-1.6,0.9,-0.6,0.3
Jared Sullinger,PF,21,BOS,2013-14,74,2041,16.4,0.497,0.231,0.226,13.0,20.6,16.7,10.1,0.9,1.8,10.7,24.1,1.9,2.0,3.9,0.091,0.3,-0.6,-0.3,0.9
Jared Sullinger,PF,22,BOS,2014-15,58,1566,17.9,0.503,0.26,0.182,10.1,20.9,15.4,14.2,1.4,2.1,9.3,23.6,1.9,2.1,4.0,0.123,1.0,1.0,2.0,1.6
Jared Sullinger,PF,23,BOS,2015-16,81,1915,16.7,0.476,0.128,0.2,10.6,27.0,18.7,15.5,1.9,1.9,10.4,21.8,1.3,3.6,4.8,0.121,-1.2,2.3,1.1,1.5
Jared Sullinger,PF,24,TOR,2016-17,11,118,6.0,0.366,0.383,0.17,9.6,16.3,12.9,3.7,1.7,0.7,7.3,20.7,-0.2,0.1,-0.1,-0.031,-4.9,-2.5,-7.5,-0.2
Jared Terrell,SG,23,MIN,2018-19,14,111,0.7,0.372,0.436,0.154,1.0,4.9,2.9,14.4,1.3,1.5,19.4,19.6,-0.4,0.0,-0.3,-0.14,-7.5,-2.9,-10.4,-0.2
Jarell Eddie,SF,24,WAS,2015-16,26,147,11.0,0.46,0.723,0.123,1.5,16.3,8.8,5.0,1.7,0.6,1.4,20.7,0.0,0.1,0.1,0.046,-1.5,-3.2,-4.7,-0.1
Jarell Eddie,SF,25,PHO,2016-17,5,62,9.7,0.523,0.842,0.474,1.7,10.8,6.1,0.0,0.8,0.0,4.2,16.2,0.1,0.0,0.1,0.054,-1.5,-5.9,-7.3,-0.1
Jarell Eddie,SF,26,TOT,2017-18,3,9,-1.9,0.0,1.0,0.0,0.0,12.0,6.1,0.0,5.6,0.0,0.0,9.8,0.0,0.0,0.0,-0.142,-10.0,1.6,-8.4,0.0
Jarell Martin,PF,21,MEM,2015-16,27,380,14.0,0.534,0.017,0.534,11.2,14.7,12.9,6.4,1.1,1.7,11.7,19.2,0.5,0.2,0.8,0.1,-1.6,-1.6,-3.2,-0.1
Jarell Martin,PF,22,MEM,2016-17,42,558,8.7,0.477,0.166,0.331,8.4,25.3,16.6,2.2,1.6,1.5,13.9,16.4,-0.2,0.8,0.6,0.054,-5.8,-0.6,-6.4,-0.6
Jarell Martin,PF,23,MEM,2017-18,73,1661,10.5,0.516,0.198,0.234,6.6,15.8,11.1,7.0,1.2,2.8,13.6,17.1,0.1,1.2,1.3,0.038,-3.0,0.0,-3.0,-0.4
Jarell Martin,PF,24,ORL,2018-19,42,328,9.4,0.528,0.548,0.106,3.5,20.5,11.9,7.8,0.4,2.0,9.2,15.9,0.1,0.4,0.5,0.073,-3.1,-0.8,-3.9,-0.2
Jaren Jackson,PF,19,MEM,2018-19,58,1515,16.4,0.591,0.241,0.334,5.3,15.0,10.1,7.2,1.7,5.1,12.7,22.8,1.2,2.2,3.3,0.105,-1.4,1.4,0.1,0.8
Jarnell Stokes,PF,21,MEM,2014-15,19,126,18.6,0.578,0.0,0.757,14.6,16.3,15.4,5.2,2.1,3.3,12.4,20.5,0.3,0.2,0.5,0.186,-0.2,0.7,0.5,0.1
Jarnell Stokes,C,22,TOT,2015-16,7,18,20.0,0.595,0.0,0.4,6.1,18.8,12.6,9.6,2.8,0.0,0.0,14.9,0.1,0.0,0.1,0.209,-0.1,-1.0,-1.0,0.0
Jarnell Stokes,C,23,DEN,2016-17,2,7,31.5,0.798,0.0,2.0,15.9,15.6,15.8,40.1,7.0,0.0,0.0,11.4,0.1,0.0,0.1,0.48,11.8,3.6,15.4,0.0
Jaron Blossomgame,SF,25,CLE,2018-19,27,439,10.2,0.51,0.368,0.123,6.3,19.1,12.4,4.2,0.8,1.6,9.0,12.2,0.2,0.1,0.3,0.03,-3.1,-1.5,-4.5,-0.3
Jarred Vanderbilt,PF,19,DEN,2018-19,17,69,12.4,0.513,0.053,0.526,10.9,25.2,18.0,5.9,4.3,1.3,25.5,19.4,-0.1,0.1,0.1,0.037,-6.1,2.1,-4.0,0.0
Jarrett Allen,C,19,BRK,2017-18,72,1441,17.5,0.636,0.038,0.37,10.5,18.1,14.3,5.4,0.9,4.6,15.1,16.3,2.7,1.5,4.2,0.141,-1.3,1.4,0.2,0.8
Jarrett Allen,C,20,BRK,2018-19,80,2096,18.5,0.632,0.079,0.489,9.6,24.0,16.8,7.9,1.0,4.5,13.0,15.9,4.4,3.3,7.6,0.175,-0.7,3.2,2.5,2.4
Jarrett Jack,SG,22,POR,2005-06,79,1599,12.3,0.528,0.178,0.374,1.3,10.8,6.0,23.2,1.4,0.1,17.0,17.8,1.1,0.1,1.2,0.035,-1.2,-2.4,-3.6,-0.7
Jarrett Jack,PG,23,POR,2006-07,79,2651,14.5,0.571,0.255,0.396,0.8,9.1,4.9,26.2,1.8,0.3,18.4,18.0,3.8,1.0,4.8,0.087,1.2,-1.3,-0.1,1.3
Jarrett Jack,SG,24,POR,2007-08,82,2229,13.0,0.558,0.306,0.4,1.6,10.7,6.2,22.7,1.5,0.0,19.6,19.3,1.6,1.5,3.2,0.069,-0.2,-0.6,-0.8,0.7
Jarrett Jack,SG,25,IND,2008-09,82,2716,13.1,0.554,0.259,0.308,1.8,9.5,5.6,18.6,1.6,0.5,16.0,18.5,2.3,1.8,4.1,0.073,0.0,-0.7,-0.7,0.9
Jarrett Jack,PG,26,TOR,2009-10,82,2243,16.3,0.599,0.297,0.359,1.6,9.8,5.8,27.7,1.4,0.2,17.3,19.1,4.5,0.2,4.8,0.102,2.5,-2.3,0.1,1.2
Jarrett Jack,SG,27,TOT,2010-11,83,1722,14.2,0.503,0.17,0.336,1.4,10.9,6.1,23.3,1.7,0.3,13.1,23.0,0.9,1.4,2.4,0.066,-1.0,-1.2,-2.2,-0.1
Jarrett Jack,PG,28,NOH,2011-12,45,1530,17.9,0.54,0.192,0.254,1.8,11.7,6.8,34.0,1.1,0.5,14.1,23.3,2.9,0.9,3.8,0.119,2.6,-1.4,1.2,1.2
Jarrett Jack,SG,29,GSW,2012-13,79,2349,15.9,0.542,0.237,0.231,1.0,10.1,5.7,29.9,1.3,0.4,14.3,21.0,3.9,1.8,5.6,0.115,1.0,-1.4,-0.4,1.0
Jarrett Jack,PG,30,CLE,2013-14,80,2252,11.5,0.498,0.265,0.213,1.1,10.3,5.6,22.7,1.3,0.8,14.8,17.8,0.9,1.4,2.3,0.049,-1.4,-0.9,-2.3,-0.2
Jarrett Jack,PG,31,BRK,2014-15,80,2241,14.6,0.522,0.179,0.278,1.0,11.3,6.1,27.3,1.7,0.5,17.2,22.6,1.1,1.4,2.6,0.055,-0.5,-1.0,-1.5,0.3
Jarrett Jack,PG,32,BRK,2015-16,32,1027,14.5,0.505,0.285,0.313,1.0,14.1,7.4,35.0,1.7,0.6,18.8,21.7,0.5,0.4,0.9,0.043,0.0,-1.4,-1.4,0.2
Jarrett Jack,PG,33,NOP,2016-17,2,33,7.7,0.773,0.333,0.667,0.0,0.0,0.0,20.3,3.0,0.0,43.6,9.2,0.0,0.0,0.0,0.06,-5.3,-4.1,-9.3,-0.1
Jarrett Jack,PG,34,NYK,2017-18,62,1548,11.5,0.489,0.194,0.169,1.6,12.1,6.8,31.3,1.1,0.2,19.5,16.7,0.5,0.7,1.2,0.036,-1.9,-1.7,-3.5,-0.6
Jarrod Uthoff,PF,23,DAL,2016-17,9,115,13.9,0.487,0.237,0.184,7.7,14.9,11.1,12.8,0.9,3.1,6.8,18.1,0.1,0.1,0.2,0.083,-2.1,0.7,-1.4,0.0
Jarron Collins,C,27,UTA,2005-06,79,1730,11.0,0.551,0.0,0.782,9.3,14.1,11.7,9.1,1.1,1.3,13.9,11.7,2.5,1.4,3.9,0.107,-1.0,0.3,-0.7,0.6
Jarron Collins,C,28,UTA,2006-07,82,913,8.0,0.494,0.0,0.488,9.5,13.3,11.4,9.5,0.7,0.7,15.2,12.0,0.7,0.6,1.3,0.067,-2.0,-0.2,-2.2,-0.1
Jarron Collins,C,29,UTA,2007-08,70,702,6.1,0.515,0.012,0.902,7.0,13.1,10.1,6.8,0.7,0.7,16.1,8.7,0.5,0.5,1.0,0.07,-2.3,0.1,-2.2,0.0
Jarron Collins,C,30,UTA,2008-09,26,201,5.8,0.502,0.0,0.314,11.9,10.1,11.0,4.9,0.5,0.4,18.4,10.9,0.1,0.1,0.2,0.047,-2.9,-1.0,-3.9,-0.1
Jarron Collins,C,31,PHO,2009-10,34,261,3.7,0.405,0.0,0.806,10.1,16.4,13.4,2.9,0.4,0.8,19.2,8.8,-0.1,0.1,0.1,0.01,-3.9,-0.3,-4.2,-0.1
Jarron Collins,C,32,TOT,2010-11,28,181,1.6,0.374,0.0,0.476,9.1,6.4,7.9,1.5,1.1,0.4,21.6,8.1,-0.1,0.1,-0.1,-0.016,-5.4,-0.8,-6.2,-0.2
Jarvis Hayes,SG,24,WAS,2005-06,21,516,12.2,0.499,0.257,0.164,4.2,13.2,8.6,8.7,1.6,0.2,10.1,18.8,0.3,0.4,0.7,0.065,-1.1,-1.3,-2.5,-0.1
Jarvis Hayes,SF,25,WAS,2006-07,81,1626,10.7,0.502,0.335,0.154,2.9,12.2,7.4,7.7,1.5,0.6,8.8,17.3,1.0,0.5,1.5,0.045,-1.3,-2.1,-3.4,-0.6
Jarvis Hayes,SF,26,DET,2007-08,82,1287,13.0,0.52,0.385,0.119,3.2,13.3,8.3,8.1,2.0,0.4,8.1,21.1,1.0,1.9,2.9,0.108,-0.1,-0.7,-0.8,0.4
Jarvis Hayes,SF,27,NJN,2008-09,74,1832,10.8,0.537,0.423,0.09,1.7,15.8,8.7,4.9,1.5,0.3,7.6,16.6,1.0,1.2,2.1,0.055,-1.3,-1.6,-2.8,-0.4
Jarvis Hayes,SF,28,NJN,2009-10,45,1033,9.7,0.521,0.546,0.055,1.0,11.5,6.0,6.7,1.5,0.6,7.7,16.2,0.3,0.5,0.8,0.038,-1.1,-1.8,-2.9,-0.2
Jarvis Varnado,PF,24,TOT,2012-13,13,58,1.2,0.457,0.0,0.571,4.4,14.0,9.4,7.2,0.9,2.8,40.7,12.1,-0.1,0.1,-0.1,-0.059,-8.2,1.3,-6.9,-0.1
Jarvis Varnado,PF,25,TOT,2013-14,24,339,13.3,0.597,0.0,0.867,5.8,14.6,10.0,5.7,1.4,6.8,10.8,11.6,0.5,0.3,0.8,0.114,-3.3,2.3,-1.0,0.1
Jason Collins,C,27,NJN,2005-06,71,1895,5.5,0.425,0.046,0.328,5.7,15.6,10.6,5.7,1.3,1.7,16.9,9.0,-0.9,2.9,2.0,0.051,-5.1,3.0,-2.1,0.0
Jason Collins,PF,28,NJN,2006-07,80,1844,3.0,0.408,0.013,0.841,5.8,14.4,10.1,3.5,1.1,1.6,26.1,7.1,-1.3,1.9,0.6,0.015,-5.5,2.1,-3.5,-0.7
Jason Collins,C,29,TOT,2007-08,74,1172,3.4,0.481,0.009,0.655,6.2,11.1,8.7,3.1,1.0,1.6,24.8,7.4,-0.5,0.6,0.1,0.005,-5.1,0.5,-4.6,-0.8
Jason Collins,C,29,NJN,2007-08,43,684,2.0,0.43,0.0,0.667,5.9,9.2,7.5,4.0,0.8,0.9,24.8,6.2,-0.3,0.3,0.0,-0.002,-5.3,0.5,-4.8,-0.5
Jason Collins,C,29,MEM,2007-08,31,488,5.4,0.528,0.017,0.644,6.6,13.9,10.2,1.7,1.2,2.5,24.8,9.2,-0.2,0.3,0.1,0.015,-4.8,0.6,-4.2,-0.3
Jason Collins,C,30,MIN,2008-09,31,422,3.3,0.346,0.0,0.4,7.5,12.1,9.7,3.7,1.1,2.4,12.7,10.1,-0.4,0.3,-0.2,-0.018,-5.7,0.9,-4.8,-0.3
Jason Collins,C,31,ATL,2009-10,24,115,0.9,0.335,0.043,0.087,5.0,9.2,7.1,4.8,1.4,1.3,17.3,11.6,-0.2,0.1,-0.1,-0.044,-6.7,0.0,-6.7,-0.1
Jason Collins,C,32,ATL,2010-11,49,593,5.4,0.539,0.014,0.577,6.1,14.5,10.4,5.3,0.8,1.2,22.6,9.2,0.1,0.5,0.6,0.049,-4.4,0.5,-3.9,-0.3
Jason Collins,C,33,ATL,2011-12,30,308,3.7,0.418,0.0,0.375,4.6,13.6,9.1,4.6,0.7,0.7,17.7,8.6,-0.2,0.3,0.2,0.025,-5.6,0.5,-5.1,-0.2
Jason Collins,C,34,TOT,2012-13,38,384,3.0,0.476,0.0,1.103,6.9,11.3,9.2,2.9,1.6,2.1,29.5,7.5,-0.1,0.5,0.4,0.045,-5.3,1.9,-3.4,-0.1
Jason Collins,C,35,BRK,2013-14,22,172,4.1,0.485,0.125,0.167,4.9,8.3,6.6,3.5,2.4,0.5,21.4,8.9,-0.1,0.1,0.1,0.017,-4.1,0.5,-3.6,-0.1
Jason Hart,PG,27,SAC,2005-06,66,818,7.1,0.444,0.14,0.253,1.7,8.3,5.1,13.4,2.0,0.4,14.9,16.2,-0.7,0.8,0.1,0.006,-4.8,-0.7,-5.6,-0.7
Jason Hart,PG,28,TOT,2006-07,36,846,12.3,0.509,0.129,0.21,2.0,11.8,6.9,19.8,2.7,0.1,13.4,15.4,0.5,1.0,1.5,0.085,-1.0,0.4,-0.6,0.3
Jason Hart,PG,28,SAC,2006-07,13,100,14.5,0.617,0.2,0.367,2.3,15.6,8.8,16.9,1.5,0.0,10.3,17.5,0.3,0.1,0.3,0.16,0.4,-1.7,-1.3,0.0
Jason Hart,PG,28,LAC,2006-07,23,746,12.0,0.491,0.119,0.186,1.9,11.3,6.7,20.2,2.9,0.1,13.9,15.1,0.3,0.9,1.2,0.075,-1.2,0.7,-0.5,0.3
Jason Hart,PG,29,UTA,2007-08,57,606,8.0,0.413,0.172,0.25,1.0,10.0,5.5,19.3,2.5,0.4,12.3,16.8,-0.2,0.7,0.4,0.033,-3.6,-0.6,-4.2,-0.3
Jason Hart,PG,30,TOT,2008-09,39,348,6.5,0.375,0.064,0.245,4.2,11.2,7.6,20.9,1.8,0.9,17.4,16.5,-0.5,0.2,-0.3,-0.048,-6.0,-0.9,-6.9,-0.4
Jason Hart,PG,30,LAC,2008-09,28,312,6.1,0.352,0.048,0.226,4.3,11.4,7.8,20.8,2.0,0.9,17.1,16.3,-0.6,0.2,-0.4,-0.058,-6.4,-0.6,-7.0,-0.4
Jason Hart,PG,30,DEN,2008-09,11,36,9.8,0.553,0.2,0.4,3.3,9.4,6.5,21.8,0.0,0.0,20.3,18.3,0.0,0.0,0.0,0.043,-2.8,-3.7,-6.5,0.0
Jason Hart,PG,31,TOT,2009-10,5,22,8.7,0.5,0.0,0.0,0.0,10.9,5.3,36.4,4.6,3.5,60.0,10.3,0.0,0.0,0.0,-0.003,-7.6,0.4,-7.2,0.0
Jason Kapono,SF,24,MIA,2005-06,51,665,9.0,0.54,0.299,0.186,2.2,10.0,6.3,8.6,0.6,0.3,9.5,14.7,0.7,0.5,1.2,0.085,-1.6,-1.7,-3.3,-0.2
Jason Kapono,SF,25,MIA,2006-07,67,1767,13.8,0.613,0.373,0.131,1.8,10.0,6.0,7.9,1.1,0.1,10.5,17.9,2.9,1.3,4.2,0.114,0.9,-1.6,-0.7,0.6
Jason Kapono,SF,26,TOR,2007-08,81,1530,10.8,0.561,0.237,0.086,2.4,6.9,4.6,6.7,1.2,0.1,10.1,17.7,1.0,0.9,1.9,0.06,-0.8,-1.5,-2.3,-0.1
Jason Kapono,SG,27,TOR,2008-09,80,1831,8.9,0.525,0.379,0.07,1.7,8.7,5.2,9.1,0.6,0.1,10.1,17.4,0.3,0.5,0.8,0.021,-1.2,-2.3,-3.5,-0.7
Jason Kapono,SF,28,PHI,2009-10,57,976,8.4,0.527,0.568,0.05,1.7,6.4,4.0,6.1,1.1,0.5,10.0,15.9,0.3,0.1,0.5,0.023,-1.0,-3.1,-4.1,-0.5
Jason Kapono,SF,29,PHI,2010-11,24,112,1.6,0.277,0.286,0.071,3.1,8.2,5.7,5.0,0.9,0.7,6.5,12.7,-0.3,0.1,-0.2,-0.07,-7.3,-1.1,-8.4,-0.2
Jason Kapono,SG,30,LAL,2011-12,27,269,4.5,0.476,0.491,0.073,0.9,4.8,2.9,6.0,0.6,0.0,9.6,10.7,0.0,0.1,0.1,0.021,-3.1,-2.2,-5.2,-0.2
Jason Kidd,PG,32,NJN,2005-06,80,2975,19.2,0.526,0.436,0.27,3.3,19.8,11.4,39.0,2.7,0.8,15.9,19.1,4.5,5.6,10.1,0.163,2.7,2.7,5.5,5.6
Jason Kidd,PG,33,NJN,2006-07,80,2933,19.4,0.516,0.398,0.253,5.5,20.8,13.2,41.4,2.3,0.6,17.4,19.4,5.1,4.1,9.3,0.152,3.0,2.0,5.0,5.2
Jason Kidd,PG,34,TOT,2007-08,80,2906,16.7,0.499,0.393,0.208,3.8,20.0,12.0,44.0,2.5,0.7,23.5,17.9,2.0,3.8,5.9,0.097,1.2,1.6,2.8,3.5
Jason Kidd,PG,34,NJN,2007-08,51,1895,15.7,0.483,0.43,0.202,3.5,21.7,12.6,45.5,2.0,0.6,23.6,18.9,0.4,2.1,2.5,0.064,0.5,1.0,1.5,1.7
Jason Kidd,PG,34,DAL,2007-08,29,1011,18.4,0.536,0.311,0.221,4.3,16.8,10.7,41.1,3.3,0.8,23.2,16.1,1.6,1.7,3.3,0.157,2.4,2.6,5.1,1.8
Jason Kidd,PG,35,DAL,2008-09,81,2886,16.9,0.55,0.523,0.17,3.4,16.4,9.9,34.7,2.9,1.0,21.8,13.5,4.6,3.9,8.5,0.141,2.3,2.3,4.5,4.7
Jason Kidd,PG,36,DAL,2009-10,80,2881,17.2,0.577,0.617,0.148,1.9,15.6,8.9,36.4,2.6,0.9,21.4,14.5,4.8,4.0,8.9,0.148,2.7,1.6,4.3,4.6
Jason Kidd,PG,37,DAL,2010-11,80,2653,14.4,0.5,0.656,0.129,1.6,13.4,7.7,35.4,2.7,0.8,22.1,14.3,2.5,3.9,6.4,0.116,1.0,2.1,3.1,3.4
Jason Kidd,PG,38,DAL,2011-12,48,1379,13.1,0.524,0.817,0.103,1.2,14.8,8.1,28.4,3.1,0.6,24.2,12.7,0.9,2.1,3.0,0.104,0.4,2.1,2.5,1.5
Jason Kidd,SG,39,NYK,2012-13,76,2043,13.5,0.532,0.795,0.117,2.8,16.2,9.3,17.8,3.3,1.1,15.0,11.6,2.6,2.8,5.4,0.128,1.7,2.7,4.4,3.3
Jason Maxiell,PF,22,DET,2005-06,26,159,8.0,0.414,0.0,0.778,8.9,12.1,10.5,3.1,1.4,2.3,13.2,24.9,-0.4,0.2,-0.2,-0.054,-7.7,-2.1,-9.8,-0.3
Jason Maxiell,C,23,DET,2006-07,67,943,14.4,0.518,0.0,0.523,11.1,12.3,11.7,2.5,1.7,4.9,14.1,18.9,0.3,1.5,1.8,0.091,-3.0,1.0,-2.0,0.0
Jason Maxiell,C,24,DET,2007-08,82,1768,16.7,0.576,0.002,0.605,11.9,17.4,14.6,4.2,0.7,4.2,11.2,17.0,3.4,2.9,6.3,0.171,-0.5,1.5,1.0,1.4
Jason Maxiell,C,25,DET,2008-09,78,1408,15.8,0.58,0.003,0.494,14.0,13.2,13.7,2.8,1.0,3.5,10.4,14.7,2.6,1.5,4.1,0.141,-0.3,0.4,0.1,0.7
Jason Maxiell,C,26,DET,2009-10,76,1550,14.0,0.531,0.002,0.373,11.8,20.0,15.7,4.1,1.3,2.1,12.3,16.4,1.5,1.1,2.6,0.081,-1.8,-0.6,-2.4,-0.2
Jason Maxiell,PF,27,DET,2010-11,57,930,9.4,0.51,0.0,0.524,8.3,14.7,11.4,2.7,1.4,1.8,15.9,13.9,0.0,0.4,0.5,0.024,-3.6,-0.9,-4.5,-0.6
Jason Maxiell,PF,28,DET,2011-12,65,1466,11.7,0.493,0.005,0.277,9.9,17.4,13.6,4.7,1.2,2.7,14.2,15.8,0.4,1.3,1.7,0.057,-2.7,0.2,-2.5,-0.2
Jason Maxiell,PF,29,DET,2012-13,72,1789,11.3,0.478,0.0,0.317,8.5,18.0,13.2,4.7,0.9,4.2,13.5,15.3,0.1,1.7,1.8,0.047,-3.7,1.1,-2.6,-0.3
Jason Maxiell,PF,30,ORL,2013-14,34,488,8.1,0.459,0.0,0.295,6.5,13.5,10.0,2.8,0.8,3.2,10.6,12.4,-0.1,0.4,0.3,0.029,-5.3,0.3,-5.0,-0.4
Jason Maxiell,PF,31,CHO,2014-15,61,878,10.4,0.455,0.0,0.37,10.5,15.1,12.7,3.4,1.1,4.0,11.5,13.1,0.1,1.2,1.4,0.074,-4.5,1.9,-2.6,-0.1
Jason Richardson,SG,25,GSW,2005-06,75,2877,19.2,0.538,0.332,0.285,4.0,13.2,8.5,15.6,1.7,1.0,9.4,27.6,4.5,2.8,7.3,0.122,3.2,-0.5,2.8,3.5
Jason Richardson,SG,26,GSW,2006-07,51,1675,15.5,0.512,0.41,0.191,4.6,12.6,8.5,16.0,1.6,1.4,9.3,22.3,1.7,1.3,3.0,0.085,1.4,-0.6,0.8,1.2
Jason Richardson,SF,27,CHA,2007-08,82,3149,18.4,0.554,0.408,0.225,2.9,13.3,8.0,15.2,1.9,1.4,9.3,25.9,4.8,2.6,7.4,0.113,3.5,-0.7,2.8,3.8
Jason Richardson,SG,28,TOT,2008-09,72,2410,16.7,0.571,0.334,0.204,3.9,11.5,7.8,9.8,1.6,0.9,8.2,21.5,4.3,1.5,5.8,0.116,2.4,-1.3,1.1,1.9
Jason Richardson,SG,28,CHA,2008-09,14,491,15.8,0.536,0.268,0.25,3.3,11.3,7.3,14.1,1.5,0.5,8.9,25.8,0.5,0.5,1.1,0.104,1.0,-1.4,-0.4,0.2
Jason Richardson,SG,28,PHO,2008-09,58,1919,16.9,0.581,0.353,0.191,4.1,11.5,7.9,8.7,1.6,1.0,8.0,20.4,3.8,0.9,4.7,0.119,2.8,-1.3,1.5,1.7
Jason Richardson,SG,29,PHO,2009-10,79,2485,16.6,0.574,0.401,0.184,3.9,13.9,9.2,8.8,1.3,0.9,7.9,20.8,5.0,1.7,6.6,0.128,2.9,-0.7,2.2,2.7
Jason Richardson,SG,30,TOT,2010-11,80,2715,15.0,0.555,0.454,0.151,2.9,11.1,7.1,9.2,1.8,0.4,7.8,20.6,3.6,3.3,6.9,0.123,2.0,0.1,2.2,2.8
Jason Richardson,SG,31,ORL,2011-12,54,1591,13.3,0.502,0.465,0.116,2.6,11.6,7.0,12.0,1.8,1.1,8.7,20.2,1.2,1.6,2.8,0.084,0.6,0.0,0.6,1.0
Jason Richardson,SG,32,PHI,2012-13,33,936,12.6,0.495,0.497,0.098,2.2,13.4,7.7,8.6,2.3,1.2,6.9,18.5,0.3,1.1,1.4,0.07,-0.5,-0.1,-0.6,0.3
Jason Richardson,SG,34,PHI,2014-15,19,416,11.7,0.458,0.539,0.124,3.2,14.5,8.6,16.6,1.6,0.6,7.9,21.3,0.0,0.4,0.4,0.045,-1.0,-1.8,-2.8,-0.1
Jason Smith,PF,21,PHI,2007-08,76,1107,10.7,0.491,0.045,0.265,8.2,16.6,12.3,2.8,1.1,3.6,12.2,16.1,0.2,1.4,1.5,0.067,-4.0,0.2,-3.8,-0.5
Jason Smith,PF,23,PHI,2009-10,56,658,10.6,0.491,0.167,0.241,9.5,14.7,12.1,7.5,1.7,3.4,15.4,15.8,0.1,0.6,0.7,0.048,-2.7,0.4,-2.3,0.0
Jason Smith,C,24,NOH,2010-11,77,1102,10.8,0.49,0.007,0.228,9.8,16.9,13.3,5.3,1.3,2.4,13.6,16.9,0.2,1.4,1.6,0.07,-3.6,0.9,-2.7,-0.2
Jason Smith,PF,25,NOH,2011-12,40,947,16.6,0.537,0.026,0.135,9.2,15.3,12.3,6.8,1.2,3.6,9.8,20.4,1.2,1.0,2.2,0.11,-0.6,0.5,-0.1,0.5
Jason Smith,C,26,NOH,2012-13,51,876,16.8,0.544,0.012,0.299,8.6,16.9,12.7,7.0,0.9,4.3,12.5,23.4,1.1,0.6,1.7,0.095,-1.5,-0.6,-2.1,0.0
Jason Smith,PF,27,NOP,2013-14,31,830,12.4,0.495,0.0,0.177,7.0,18.5,12.7,5.6,0.7,2.9,8.4,18.2,0.5,0.4,0.9,0.054,-2.6,-0.9,-3.5,-0.3
Jason Smith,C,28,NYK,2014-15,82,1785,12.0,0.497,0.071,0.258,6.2,15.0,10.5,13.5,0.9,2.1,13.6,19.7,0.5,0.7,1.2,0.032,-2.5,-0.9,-3.4,-0.6
Jason Smith,C,29,ORL,2015-16,76,1181,14.6,0.513,0.032,0.133,4.9,15.8,10.3,8.6,1.4,4.6,9.7,22.1,0.4,1.4,1.8,0.072,-3.1,0.6,-2.5,-0.1
Jason Smith,C,30,WAS,2016-17,74,1068,13.6,0.598,0.237,0.155,6.8,20.4,13.6,5.0,1.0,4.2,14.2,16.7,1.0,1.3,2.3,0.103,-2.0,0.6,-1.4,0.2
Jason Smith,C,31,WAS,2017-18,33,285,8.8,0.455,0.278,0.183,7.2,13.9,10.5,7.4,0.5,4.0,11.4,21.7,-0.2,0.3,0.0,0.003,-4.8,-1.1,-6.0,-0.3
Jason Smith,PF,32,TOT,2018-19,20,190,9.8,0.492,0.441,0.271,9.0,20.2,14.6,9.7,0.7,3.1,16.4,17.5,0.0,0.2,0.2,0.038,-3.7,-0.6,-4.3,-0.1
Jason Smith,C,32,WAS,2018-19,12,130,11.7,0.52,0.27,0.324,9.0,22.1,15.4,12.3,0.4,3.2,14.2,16.1,0.1,0.1,0.2,0.07,-2.9,-0.3,-3.2,0.0
Jason Smith,PF,32,MIL,2018-19,6,40,6.3,0.468,0.692,0.154,8.1,19.2,14.0,3.1,2.3,4.2,26.5,19.8,-0.1,0.1,0.0,-0.02,-6.9,1.2,-5.7,0.0
Jason Smith,C,32,NOP,2018-19,2,20,4.6,0.405,0.778,0.222,10.5,10.2,10.4,6.2,0.0,0.0,9.2,22.3,0.0,0.0,0.0,-0.049,-2.6,-5.8,-8.4,0.0
Jason Terry,PG,28,DAL,2005-06,80,2798,18.4,0.575,0.379,0.191,1.4,5.4,3.4,19.6,2.0,0.7,10.2,22.2,7.4,2.3,9.6,0.165,4.6,-1.7,2.9,3.5
Jason Terry,SG,29,DAL,2006-07,81,2846,18.9,0.587,0.348,0.187,1.8,7.9,4.9,25.5,1.5,0.5,11.7,21.3,7.7,3.1,10.8,0.182,4.5,-0.7,3.7,4.1
Jason Terry,SG,30,DAL,2007-08,82,2579,17.8,0.574,0.36,0.221,1.4,7.7,4.7,17.5,1.8,0.5,7.7,21.7,6.1,2.5,8.6,0.16,3.7,-1.0,2.7,3.1
Jason Terry,SG,31,DAL,2008-09,74,2491,19.3,0.571,0.39,0.193,1.8,6.3,4.1,17.6,2.0,0.6,8.6,25.5,5.4,1.9,7.3,0.14,4.3,-1.8,2.5,2.8
Jason Terry,SG,32,DAL,2009-10,77,2540,16.5,0.552,0.358,0.257,0.9,5.4,3.2,18.8,1.9,0.5,8.6,23.0,4.4,2.1,6.5,0.123,2.5,-1.7,0.8,1.8
Jason Terry,SG,33,DAL,2010-11,82,2564,15.9,0.545,0.322,0.196,1.1,5.7,3.5,22.2,1.9,0.4,12.4,24.7,2.8,2.5,5.3,0.1,1.5,-0.9,0.6,1.7
Jason Terry,SG,34,DAL,2011-12,63,2000,15.7,0.54,0.44,0.134,0.9,7.4,4.2,19.9,1.9,0.4,12.6,23.3,2.0,1.8,3.8,0.092,2.0,-1.1,0.9,1.5
Jason Terry,SG,35,BOS,2012-13,79,2124,12.8,0.566,0.511,0.202,1.1,7.6,4.4,14.9,1.6,0.4,12.6,18.0,2.1,1.9,4.0,0.091,0.7,-1.3,-0.6,0.7
Jason Terry,PG,36,BRK,2013-14,35,570,7.4,0.501,0.678,0.099,0.8,6.9,3.9,15.3,1.2,0.0,14.5,15.3,0.0,0.2,0.2,0.016,-1.4,-2.8,-4.2,-0.3
Jason Terry,SG,37,HOU,2014-15,77,1641,11.4,0.579,0.724,0.108,1.0,7.1,4.1,13.8,2.0,0.9,13.7,14.3,2.0,1.5,3.6,0.104,0.3,-0.7,-0.4,0.7
Jason Terry,SG,38,HOU,2015-16,72,1258,10.2,0.54,0.694,0.088,1.2,5.7,3.5,12.4,1.8,0.6,11.1,15.0,1.1,0.4,1.5,0.057,-0.2,-2.6,-2.8,-0.3
Jason Terry,SG,39,MIL,2016-17,74,1365,9.1,0.6,0.704,0.119,1.3,7.7,4.5,9.9,1.7,1.3,12.3,9.8,1.2,0.9,2.1,0.075,-0.5,-0.6,-1.1,0.3
Jason Terry,SG,40,MIL,2017-18,51,814,8.1,0.525,0.747,0.058,0.7,6.2,3.5,9.7,2.6,1.4,13.7,10.1,0.1,0.6,0.7,0.042,-1.6,-0.5,-2.1,0.0
Jason Thompson,PF,22,SAC,2008-09,82,2303,13.9,0.54,0.011,0.399,11.8,19.0,15.4,6.8,1.0,1.9,14.8,19.3,1.8,0.9,2.7,0.057,-1.7,-1.1,-2.7,-0.4
Jason Thompson,C,23,SAC,2009-10,75,2357,14.6,0.518,0.013,0.353,10.8,20.3,15.5,8.3,0.9,2.3,13.3,19.6,1.9,2.0,4.0,0.081,-1.4,0.5,-0.9,0.7
Jason Thompson,PF,24,SAC,2010-11,75,1748,13.6,0.533,0.006,0.375,9.1,20.7,14.8,7.9,0.8,1.8,13.7,17.9,1.4,1.5,2.9,0.079,-2.0,0.1,-1.9,0.0
Jason Thompson,PF,25,SAC,2011-12,64,1657,16.4,0.558,0.005,0.409,10.5,19.3,14.7,7.5,1.3,1.9,11.5,15.5,3.1,0.8,3.9,0.114,0.1,0.1,0.1,0.9
Jason Thompson,PF,26,SAC,2012-13,82,2285,14.6,0.533,0.004,0.277,8.4,19.5,13.8,6.0,1.1,2.1,10.8,18.2,2.7,0.9,3.6,0.075,-1.3,-0.7,-2.0,0.0
Jason Thompson,PF,27,SAC,2013-14,82,2007,11.1,0.523,0.0,0.292,8.5,21.3,14.8,4.1,0.8,2.3,14.5,14.4,0.9,1.7,2.7,0.064,-3.0,0.5,-2.5,-0.3
Jason Thompson,PF,28,SAC,2014-15,81,1991,10.2,0.5,0.002,0.334,8.2,21.5,15.1,6.5,0.8,2.3,14.6,12.7,0.9,1.5,2.4,0.057,-2.6,0.9,-1.7,0.1
Jason Thompson,C,29,TOT,2015-16,47,471,14.2,0.558,0.139,0.5,7.9,23.4,15.9,8.5,1.3,3.3,10.2,13.9,0.9,0.7,1.6,0.165,-1.3,1.6,0.3,0.3
Jason Williams,PG,30,MIA,2005-06,59,1874,15.0,0.561,0.475,0.162,0.4,8.0,4.4,24.5,1.5,0.2,13.3,18.5,3.2,1.6,4.8,0.124,2.1,-1.6,0.4,1.2
Jason Williams,PG,31,MIA,2006-07,61,1865,15.0,0.54,0.518,0.181,1.2,7.6,4.5,28.3,1.7,0.0,14.0,18.2,2.8,1.5,4.3,0.11,1.7,-2.0,-0.3,0.8
Jason Williams,PG,32,MIA,2007-08,67,1886,12.7,0.502,0.5,0.145,0.8,7.6,4.1,27.3,2.3,0.2,13.5,17.0,1.0,1.1,2.1,0.052,-0.2,-2.0,-2.2,-0.1
Jason Williams,PG,34,ORL,2009-10,82,1703,12.9,0.555,0.519,0.096,0.5,7.8,4.3,26.9,1.6,0.1,16.4,14.5,2.5,2.0,4.5,0.127,0.5,-0.8,-0.3,0.7
Jason Williams,PG,35,TOT,2010-11,27,295,8.4,0.403,0.567,0.0,1.2,10.6,6.0,25.1,2.0,0.3,21.2,13.2,-0.2,0.4,0.2,0.031,-3.5,-0.4,-3.9,-0.1
Javaris Crittenton,SG,20,TOT,2007-08,50,679,11.0,0.499,0.159,0.446,4.5,13.7,9.1,11.7,1.4,0.2,16.5,21.8,-0.3,0.4,0.1,0.004,-3.6,-1.9,-5.4,-0.6
Javaris Crittenton,SG,20,LAL,2007-08,22,171,11.0,0.551,0.057,0.528,4.7,8.7,6.8,15.7,2.1,0.0,25.2,22.5,-0.1,0.2,0.0,0.013,-4.1,-1.4,-5.5,-0.2
Javaris Crittenton,SG,20,MEM,2007-08,28,508,11.0,0.483,0.189,0.422,4.4,15.4,9.8,10.3,1.2,0.3,13.4,21.6,-0.2,0.2,0.0,0.001,-3.4,-2.0,-5.4,-0.4
Javaris Crittenton,PG,21,TOT,2008-09,63,1174,10.4,0.487,0.053,0.323,5.6,11.2,8.3,19.8,1.8,0.4,20.1,15.8,-0.3,0.3,0.0,0.0,-2.6,-1.1,-3.6,-0.5
Javaris Crittenton,SG,21,MEM,2008-09,7,44,13.2,0.479,0.067,0.733,11.0,5.7,8.4,20.1,1.2,0.0,13.1,24.3,0.0,0.0,0.0,0.025,-1.0,-3.3,-4.3,0.0
Javaris Crittenton,PG,21,WAS,2008-09,56,1130,10.3,0.488,0.052,0.3,5.4,11.4,8.3,19.7,1.8,0.4,20.5,15.5,-0.3,0.3,0.0,0.0,-2.6,-1.0,-3.6,-0.5
Jawad Williams,SF,25,CLE,2008-09,10,20,14.1,0.5,0.5,0.0,6.2,5.7,6.0,0.0,2.7,0.0,7.7,30.7,0.0,0.0,0.0,0.045,-2.1,-6.7,-8.7,0.0
Jawad Williams,PG,26,CLE,2009-10,54,742,8.2,0.496,0.451,0.218,2.7,10.2,6.7,6.8,0.8,0.5,7.4,15.3,0.3,0.7,1.1,0.069,-2.0,-1.5,-3.5,-0.3
Jawad Williams,SF,27,CLE,2010-11,26,391,4.8,0.396,0.357,0.095,2.0,12.4,7.1,9.0,1.2,0.6,10.9,17.1,-0.6,0.1,-0.5,-0.067,-5.3,-1.9,-7.2,-0.5
Jawun Evans,PG,21,LAC,2017-18,48,778,7.2,0.421,0.213,0.194,1.3,10.4,5.9,17.8,2.3,0.6,13.8,17.7,-0.8,0.6,-0.2,-0.011,-4.2,-0.5,-4.7,-0.5
Jawun Evans,PG,22,TOT,2018-19,8,65,0.1,0.214,0.214,0.0,1.7,19.0,10.2,19.7,2.2,0.0,30.0,13.2,-0.2,0.0,-0.2,-0.151,-10.4,-0.1,-10.5,-0.1
Jawun Evans,PG,22,PHO,2018-19,7,64,0.7,0.231,0.154,0.0,1.7,19.3,10.4,20.0,2.2,0.0,31.6,12.7,-0.2,0.0,-0.2,-0.139,-10.1,0.1,-10.0,-0.1
Jawun Evans,PG,22,OKC,2018-19,1,1,-38.1,0.0,1.0,0.0,0.0,0.0,0.0,0.0,0.0,0.0,0.0,40.7,0.0,0.0,0.0,-0.946,-25.2,-13.6,-38.9,0.0
Jaylen Adams,PG,22,ATL,2018-19,34,428,7.6,0.474,0.673,0.082,2.6,12.3,7.4,19.8,1.5,1.0,19.7,13.5,-0.1,0.2,0.1,0.011,-3.1,-1.3,-4.4,-0.3
Jaylen Brown,SF,20,BOS,2016-17,78,1341,10.3,0.539,0.319,0.293,3.8,14.4,9.1,7.2,1.3,1.1,12.5,18.1,0.2,1.3,1.5,0.053,-3.1,-0.9,-4.0,-0.7
Jaylen Brown,SG,21,BOS,2017-18,70,2152,13.6,0.562,0.381,0.29,3.4,14.0,8.8,8.5,1.6,1.0,12.0,21.4,1.2,3.2,4.5,0.1,-0.6,0.4,-0.2,1.0
Jaylen Brown,SG,22,BOS,2018-19,74,1913,13.5,0.547,0.348,0.255,3.6,13.9,8.7,7.7,1.7,1.5,10.1,22.1,0.7,2.4,3.0,0.076,-1.5,-0.6,-2.1,0.0
Jaylen Morris,SG,22,ATL,2017-18,6,98,6.5,0.438,0.313,0.0,2.3,15.9,9.1,10.8,1.0,0.9,15.8,16.9,-0.2,0.1,-0.1,-0.053,-6.1,-1.0,-7.1,-0.1
Jaylen Morris,SG,23,MIL,2018-19,4,29,12.2,0.46,0.3,0.2,0.0,16.5,8.8,18.1,3.2,0.0,8.4,17.2,0.0,0.1,0.1,0.084,-3.8,0.9,-3.0,0.0
Jayson Tatum,SF,19,BOS,2017-18,80,2438,15.3,0.586,0.29,0.309,2.3,15.6,9.0,8.3,1.7,2.0,10.7,19.5,3.0,4.0,7.1,0.139,-0.5,1.5,1.0,1.8
Jayson Tatum,SF,20,BOS,2018-19,79,2455,15.1,0.547,0.3,0.22,3.0,17.7,10.4,10.0,1.6,2.1,9.7,22.1,1.6,3.4,5.0,0.097,-1.4,0.6,-0.8,0.8
Jeff Adrien,PF,24,GSW,2010-11,23,196,11.3,0.457,0.0,0.352,13.0,20.7,16.8,7.3,1.0,1.9,12.6,16.1,0.1,0.1,0.2,0.051,-3.9,-1.2,-5.1,-0.2
Jeff Adrien,PF,25,HOU,2011-12,8,63,11.2,0.493,0.0,0.75,9.1,31.6,20.3,2.4,0.0,2.4,8.6,16.8,0.1,0.1,0.1,0.106,-5.4,-2.3,-7.7,-0.1
Jeff Adrien,PF,26,CHA,2012-13,52,713,13.4,0.493,0.012,0.595,10.6,21.2,15.7,8.3,1.3,3.1,13.1,15.6,0.5,0.4,1.0,0.064,-3.0,-0.2,-3.3,-0.2
Jeff Adrien,PF,27,TOT,2013-14,53,961,17.4,0.553,0.0,0.433,11.8,24.8,18.2,6.8,1.3,3.0,10.6,17.3,1.6,1.1,2.7,0.134,-1.4,0.3,-1.1,0.2
Jeff Adrien,PF,28,MIN,2014-15,17,215,14.2,0.494,0.0,0.864,11.9,29.6,20.5,10.5,0.9,3.3,12.9,14.3,0.2,0.2,0.4,0.087,-2.7,0.5,-2.2,0.0
Jeff Ayres,C,22,POR,2009-10,39,405,12.1,0.705,0.0,0.308,7.6,22.5,15.0,0.4,0.9,3.2,14.0,10.1,0.8,0.6,1.3,0.156,-2.5,-0.4,-2.9,-0.1
Jeff Ayres,C,24,IND,2011-12,20,106,13.4,0.435,0.0,0.194,12.8,22.1,17.5,6.3,1.5,1.5,4.9,17.6,0.1,0.2,0.3,0.115,-2.3,-0.8,-3.2,0.0
Jeff Ayres,PF,25,IND,2012-13,37,369,14.5,0.533,0.032,0.183,8.9,22.2,15.7,7.2,0.9,2.4,14.5,19.7,0.3,0.7,1.0,0.129,-3.5,0.6,-2.9,-0.1
Jeff Ayres,PF,26,SAS,2013-14,73,952,11.1,0.605,0.0,0.316,11.0,19.2,15.3,8.6,0.7,1.9,24.1,12.4,1.0,1.4,2.4,0.121,-1.6,2.1,0.5,0.6
Jeff Ayres,PF,27,SAS,2014-15,51,383,14.4,0.618,0.0,0.379,11.2,23.3,17.3,5.5,1.1,1.6,19.0,16.3,0.6,0.6,1.2,0.147,-2.1,0.4,-1.7,0.0
Jeff Ayres,C,28,LAC,2015-16,17,107,8.3,0.585,0.043,0.261,4.1,18.1,11.2,6.9,0.0,2.2,19.0,13.4,0.1,0.1,0.2,0.077,-4.7,0.1,-4.6,-0.1
Jeff Foote,C,24,NOH,2011-12,4,39,-0.9,0.333,0.0,0.0,3.1,15.0,9.2,0.0,0.0,2.1,25.0,9.7,-0.1,0.0,-0.1,-0.079,-9.9,-2.0,-12.0,-0.1
Jeff Foster,C,29,IND,2005-06,63,1581,15.1,0.581,0.016,0.636,16.9,24.8,20.9,5.1,1.4,1.2,16.7,11.3,2.8,2.9,5.7,0.174,-0.3,2.3,2.0,1.6
Jeff Foster,C,30,IND,2006-07,75,1740,13.0,0.513,0.004,0.469,16.5,24.1,20.2,5.0,1.9,1.6,18.2,9.9,1.8,2.7,4.5,0.124,-1.4,2.3,0.9,1.3
Jeff Foster,C,31,IND,2007-08,77,1884,15.7,0.568,0.008,0.389,14.9,23.8,19.3,10.1,1.5,1.3,12.4,11.5,4.0,2.4,6.5,0.165,0.3,2.2,2.5,2.1
Jeff Foster,C,32,IND,2008-09,74,1828,13.0,0.542,0.02,0.414,12.8,17.8,15.3,9.9,1.4,2.0,17.4,12.0,2.3,1.9,4.2,0.111,-0.5,2.1,1.6,1.7
Jeff Foster,C,33,IND,2009-10,16,255,9.6,0.49,0.022,0.196,14.4,20.3,17.3,12.1,0.6,1.1,21.9,11.1,0.2,0.3,0.4,0.085,-2.6,1.3,-1.3,0.0
Jeff Foster,C,34,IND,2010-11,56,940,14.3,0.497,0.018,0.287,19.1,22.3,20.7,7.3,1.3,2.4,12.1,10.1,1.6,1.4,3.0,0.152,-0.2,2.3,2.1,1.0
Jeff Foster,C,35,IND,2011-12,11,141,11.1,0.569,0.056,0.5,14.5,19.0,16.7,4.2,3.0,0.6,24.2,9.3,0.2,0.2,0.4,0.134,-0.6,1.7,1.1,0.1
Jeff Green,SF,21,SEA,2007-08,80,2253,9.8,0.491,0.101,0.318,4.9,13.4,9.2,8.2,1.0,1.6,15.6,19.4,-1.3,1.5,0.2,0.003,-3.3,0.1,-3.2,-0.7
Jeff Green,PF,22,OKC,2008-09,78,2873,13.9,0.536,0.231,0.287,4.7,16.3,10.4,9.1,1.4,0.8,12.6,21.2,1.8,2.4,4.2,0.07,-0.5,-0.4,-0.8,0.8
Jeff Green,PF,23,OKC,2009-10,82,3043,13.8,0.53,0.292,0.208,4.3,13.9,9.2,7.2,1.8,1.8,10.4,19.2,2.5,4.2,6.6,0.105,0.0,1.1,1.1,2.4
Jeff Green,PF,24,TOT,2010-11,75,2427,12.9,0.538,0.257,0.298,3.7,13.5,8.8,7.2,1.1,1.1,9.6,19.5,2.4,2.4,4.8,0.095,-0.4,-0.4,-0.8,0.7
Jeff Green,PF,26,BOS,2012-13,81,2252,15.0,0.561,0.226,0.329,3.0,13.4,8.3,9.6,1.3,2.4,12.5,22.2,1.9,2.8,4.7,0.099,-0.9,0.1,-0.8,0.7
Jeff Green,SF,27,BOS,2013-14,82,2805,13.1,0.52,0.338,0.304,2.1,13.6,7.7,8.4,1.0,1.3,11.1,23.6,1.3,2.0,3.3,0.057,-0.7,-1.3,-2.1,0.0
Jeff Green,SF,28,TOT,2014-15,78,2454,14.4,0.534,0.302,0.297,2.9,12.1,7.5,8.8,1.1,1.1,9.0,21.9,2.7,2.4,5.2,0.101,0.1,-0.8,-0.7,0.8
Jeff Green,SF,29,TOT,2015-16,80,2253,13.0,0.51,0.258,0.267,3.6,13.3,8.3,10.0,1.3,1.5,9.2,20.2,1.3,1.7,3.1,0.065,-1.0,-0.7,-1.7,0.2
Jeff Green,PF,30,ORL,2016-17,69,1534,10.5,0.505,0.346,0.301,2.7,12.8,7.6,8.1,1.2,0.7,10.6,20.3,-0.2,0.9,0.7,0.022,-2.8,-1.8,-4.6,-1.0
Jeff Green,PF,31,CLE,2017-18,78,1828,14.8,0.587,0.275,0.379,3.7,11.2,7.6,8.0,1.1,1.6,9.4,19.3,3.1,0.8,3.9,0.103,-0.2,-1.7,-1.9,0.1
Jeff Green,PF,32,WAS,2018-19,77,2097,13.6,0.608,0.466,0.3,2.9,13.3,8.0,9.2,1.0,1.6,11.5,17.8,2.8,0.8,3.6,0.083,0.2,-1.4,-1.2,0.4
Jeff McInnis,SG,31,NJN,2005-06,28,486,9.2,0.478,0.112,0.203,2.6,9.5,6.0,18.7,1.2,0.3,15.7,17.9,-0.2,0.6,0.3,0.031,-4.3,-0.8,-5.0,-0.4
Jeff McInnis,PG,32,CHA,2006-07,38,702,7.7,0.423,0.044,0.177,2.3,8.4,5.2,27.7,1.0,0.0,17.7,15.3,-0.3,0.3,-0.1,-0.004,-4.2,-2.3,-6.5,-0.8
Jeff McInnis,PG,33,CHA,2007-08,54,1410,6.5,0.461,0.076,0.12,1.3,6.6,3.9,23.4,0.9,0.2,22.5,11.0,-0.2,0.3,0.1,0.002,-4.1,-1.9,-6.1,-1.4
Jeff Teague,PG,21,ATL,2009-10,71,719,11.0,0.459,0.141,0.216,0.8,10.2,5.4,25.1,2.5,1.2,16.7,19.1,-0.2,0.8,0.6,0.042,-3.5,-0.7,-4.2,-0.4
Jeff Teague,PG,22,ATL,2010-11,70,963,14.6,0.521,0.158,0.319,1.4,11.3,6.4,23.3,2.5,2.0,15.6,20.3,0.4,1.2,1.7,0.083,-2.0,0.2,-1.8,0.1
Jeff Teague,PG,23,ATL,2011-12,66,2183,15.8,0.551,0.222,0.275,1.1,7.4,4.3,24.3,2.6,1.3,15.1,19.1,3.0,3.0,6.0,0.131,0.7,0.4,1.2,1.7
Jeff Teague,PG,24,ATL,2012-13,80,2628,16.8,0.543,0.255,0.232,1.1,6.7,3.9,36.1,2.3,0.8,17.6,23.0,3.5,2.6,6.1,0.111,0.8,-1.5,-0.7,0.8
Jeff Teague,PG,25,ATL,2013-14,79,2542,17.1,0.541,0.216,0.362,1.6,7.9,4.7,35.1,1.8,0.5,16.1,25.7,3.3,1.9,5.2,0.098,0.9,-2.0,-1.1,0.6
Jeff Teague,PG,26,ATL,2014-15,73,2228,20.6,0.566,0.233,0.36,1.6,7.7,4.7,37.9,2.9,1.2,16.6,25.3,5.0,2.8,7.7,0.166,2.5,-0.7,1.8,2.1
Jeff Teague,PG,27,ATL,2015-16,79,2255,17.9,0.551,0.278,0.316,1.6,8.6,5.2,34.4,2.1,0.8,16.2,26.6,2.8,3.0,5.9,0.125,1.2,-0.9,0.3,1.3
Jeff Teague,PG,28,IND,2016-17,82,2657,19.2,0.574,0.277,0.457,1.4,12.4,7.0,36.4,1.9,1.1,16.5,22.1,5.7,2.4,8.1,0.146,2.4,-0.5,1.9,2.6
Jeff Teague,PG,29,MIN,2017-18,70,2311,16.4,0.553,0.287,0.301,1.2,9.3,5.2,30.6,2.2,0.9,16.4,20.6,3.4,1.4,4.9,0.101,1.5,-1.3,0.2,1.3
Jeff Teague,PG,30,MIN,2018-19,42,1264,15.4,0.528,0.252,0.368,1.3,7.7,4.5,37.6,1.6,1.2,16.7,19.3,1.7,0.5,2.2,0.085,0.0,-2.4,-2.4,-0.1
Jeff Withey,C,23,NOP,2013-14,58,684,15.2,0.59,0.008,0.566,8.2,17.4,12.7,5.6,1.1,6.1,11.0,12.0,1.2,0.6,1.8,0.128,-1.4,1.7,0.3,0.4
Jeff Withey,C,24,NOP,2014-15,37,259,17.6,0.57,0.0,0.781,10.1,17.9,14.0,6.4,0.8,5.3,12.2,17.3,0.5,0.3,0.8,0.149,-1.6,0.6,-1.0,0.1
Jeff Withey,C,25,UTA,2015-16,51,658,17.7,0.577,0.012,0.364,10.0,20.7,15.4,5.0,1.7,6.8,13.0,15.1,1.1,1.3,2.3,0.171,-2.0,3.7,1.7,0.6
Jeff Withey,C,26,UTA,2016-17,51,432,18.8,0.588,0.01,0.466,14.3,17.9,16.2,2.5,1.9,6.0,10.1,14.9,1.0,0.9,1.8,0.205,-1.2,2.7,1.6,0.4
Jeff Withey,C,27,DAL,2017-18,9,39,8.3,0.444,0.625,0.125,2.8,26.6,14.2,0.0,0.0,6.8,10.6,22.0,-0.1,0.1,0.0,-0.054,-9.1,-3.7,-12.8,-0.1
Jeffery Taylor,SF,23,CHA,2012-13,77,1507,10.3,0.531,0.386,0.258,3.8,7.7,5.7,7.0,1.6,0.8,9.7,14.9,1.2,0.0,1.2,0.039,-0.9,-2.4,-3.3,-0.5
Jeffery Taylor,SF,24,CHA,2013-14,26,629,5.9,0.436,0.307,0.216,2.7,8.1,5.4,5.7,1.1,0.6,9.5,19.4,-0.8,0.6,-0.2,-0.019,-4.2,-1.2,-5.4,-0.5
Jeffery Taylor,SF,25,CHO,2014-15,29,430,8.2,0.481,0.316,0.36,3.5,10.3,6.8,8.2,1.4,0.2,12.6,16.0,-0.1,0.4,0.3,0.034,-3.3,-0.6,-4.0,-0.2
Jelani McCoy,C,30,DEN,2007-08,6,33,2.6,0.798,0.0,2.0,3.3,19.3,11.5,0.0,0.0,10.8,68.0,7.6,-0.1,0.1,0.0,-0.036,-10.0,3.1,-6.9,0.0
Jemerrio Jones,SF,23,LAL,2018-19,6,143,12.1,0.398,0.303,0.061,11.8,23.4,17.7,11.4,2.3,2.9,12.9,11.3,0.0,0.2,0.2,0.084,-2.9,3.7,0.8,0.1
Jerami Grant,SF,20,PHI,2014-15,65,1377,8.7,0.47,0.443,0.548,3.7,12.3,7.8,9.4,1.5,4.0,16.3,16.5,-0.9,1.4,0.5,0.019,-4.3,1.0,-3.3,-0.5
Jerami Grant,PF,21,PHI,2015-16,77,2066,12.6,0.506,0.244,0.538,5.0,14.3,9.5,10.4,1.3,4.7,12.9,18.0,0.5,1.6,2.1,0.05,-2.6,1.3,-1.3,0.4
Jerami Grant,PF,22,TOT,2016-17,80,1531,10.1,0.556,0.354,0.448,2.7,12.1,7.4,4.2,1.1,4.1,10.1,12.1,1.1,1.8,2.9,0.091,-3.0,0.9,-2.1,0.0
Jerami Grant,PF,23,OKC,2017-18,81,1647,16.2,0.607,0.241,0.526,5.6,16.3,10.7,5.1,0.9,4.2,8.8,16.0,3.5,1.9,5.4,0.156,-0.8,0.2,-0.6,0.6
Jerami Grant,PF,24,OKC,2018-19,80,2612,13.8,0.592,0.356,0.269,3.7,13.1,8.2,4.2,1.1,3.2,6.8,15.4,4.0,3.3,7.3,0.134,-0.6,0.9,0.3,1.5
Jerel McNeal,PG,27,PHO,2014-15,6,36,1.2,0.379,0.182,0.182,0.0,9.2,4.6,7.8,4.2,2.1,29.6,20.6,-0.2,0.1,-0.1,-0.149,-10.2,1.7,-8.5,-0.1
Jeremy Evans,SF,23,UTA,2010-11,49,463,18.8,0.678,0.009,0.322,9.3,16.1,12.6,8.5,1.9,3.0,12.6,14.9,1.2,0.4,1.6,0.167,1.0,0.2,1.2,0.4
Jeremy Evans,SF,24,UTA,2011-12,29,217,19.6,0.632,0.024,0.381,9.9,16.6,13.2,9.1,1.5,8.8,9.3,11.2,0.6,0.3,0.9,0.193,1.0,4.7,5.7,0.4
Jeremy Evans,PF,25,UTA,2012-13,37,215,19.9,0.641,0.023,0.75,14.0,17.6,15.8,8.0,2.0,4.8,12.0,14.1,0.7,0.3,0.9,0.208,1.6,2.1,3.7,0.3
Jeremy Evans,SF,26,UTA,2013-14,66,1209,16.2,0.549,0.006,0.226,11.1,18.7,14.8,6.1,1.8,3.0,9.9,15.3,1.9,1.0,2.8,0.112,-0.9,0.8,-0.1,0.6
Jeremy Evans,SF,27,UTA,2014-15,38,266,20.5,0.636,0.086,0.5,11.3,19.4,15.4,7.9,2.2,3.6,6.6,13.1,0.9,0.4,1.3,0.241,1.5,2.0,3.5,0.4
Jeremy Evans,SF,28,DAL,2015-16,30,251,12.6,0.62,0.333,0.438,4.8,18.8,11.8,1.2,1.2,3.0,10.9,11.7,0.3,0.3,0.6,0.119,-2.8,0.2,-2.6,0.0
Jeremy Evans,SF,30,ATL,2017-18,1,5,10.4,1.0,0.0,0.0,22.3,0.0,11.2,0.0,0.0,0.0,50.0,17.5,0.0,0.0,0.0,-0.028,-2.3,-6.0,-8.3,0.0
Jeremy Lamb,SF,20,OKC,2012-13,23,147,11.2,0.479,0.441,0.206,4.2,9.4,7.0,5.4,0.7,1.0,7.5,24.8,0.1,0.1,0.2,0.058,-2.3,-4.8,-7.1,-0.2
Jeremy Lamb,SG,21,OKC,2013-14,78,1538,13.4,0.522,0.406,0.105,2.1,11.3,6.9,11.8,1.8,1.4,8.7,20.1,1.4,1.8,3.3,0.102,-0.3,-0.9,-1.2,0.3
Jeremy Lamb,SG,22,OKC,2014-15,47,633,14.9,0.538,0.444,0.22,1.4,16.5,9.1,10.9,1.7,0.7,9.0,20.5,1.0,0.7,1.6,0.123,0.0,-1.6,-1.6,0.1
Jeremy Lamb,SG,23,CHO,2015-16,66,1227,15.9,0.529,0.355,0.173,3.9,18.7,11.2,10.9,1.7,2.0,8.4,22.0,1.0,1.8,2.7,0.107,-0.6,0.1,-0.5,0.4
Jeremy Lamb,SG,24,CHO,2016-17,62,1143,17.0,0.55,0.297,0.263,2.9,22.6,12.7,11.3,1.2,1.8,6.8,23.2,1.4,1.3,2.7,0.115,-0.8,-0.9,-1.7,0.1
Jeremy Lamb,SG,25,CHO,2017-18,80,1967,17.0,0.559,0.305,0.25,2.7,15.4,8.9,15.4,1.5,1.4,9.1,22.4,3.0,1.9,4.9,0.12,1.2,-0.2,0.9,1.5
Jeremy Lamb,SG,26,CHO,2018-19,79,2250,17.3,0.552,0.337,0.266,3.1,18.1,10.4,11.9,1.9,1.2,6.8,22.5,3.3,2.0,5.3,0.113,0.6,-0.6,0.1,1.2
Jeremy Lin,PG,22,GSW,2010-11,29,285,14.8,0.458,0.069,0.347,4.7,8.9,6.8,20.4,5.9,2.4,17.8,15.6,0.0,0.4,0.5,0.078,-2.4,3.0,0.6,0.2
Jeremy Lin,PG,23,NYK,2011-12,35,940,19.9,0.552,0.196,0.478,2.2,11.1,6.6,41.0,3.0,0.8,21.4,28.1,1.3,1.4,2.7,0.14,2.0,0.2,2.2,1.0
Jeremy Lin,PG,24,HOU,2012-13,82,2640,14.9,0.538,0.287,0.307,1.4,9.1,5.3,29.4,2.5,0.8,18.8,20.8,3.0,2.5,5.4,0.099,0.4,-0.1,0.3,1.5
Jeremy Lin,PG,25,HOU,2013-14,71,2054,14.3,0.572,0.346,0.4,2.0,7.8,5.1,22.3,1.7,1.0,18.4,20.4,2.8,1.6,4.4,0.103,0.6,-0.9,-0.3,0.9
Jeremy Lin,PG,26,LAL,2014-15,74,1907,15.6,0.539,0.269,0.41,1.4,10.2,5.7,28.6,2.2,1.4,17.7,21.9,1.8,0.8,2.7,0.068,0.5,-1.3,-0.8,0.6
Jeremy Lin,SG,27,CHO,2015-16,78,2048,13.8,0.534,0.31,0.401,2.2,11.4,6.8,18.6,1.4,1.7,14.9,22.2,1.3,2.3,3.5,0.082,-0.9,-0.2,-1.1,0.5
Jeremy Lin,PG,28,BRK,2016-17,36,883,19.2,0.566,0.39,0.353,1.3,14.7,8.1,35.5,2.3,1.2,15.7,26.6,1.3,0.8,2.1,0.116,2.5,-0.4,2.2,0.9
Jeremy Lin,PG,29,BRK,2017-18,1,25,15.9,0.597,0.167,0.583,0.0,0.0,0.0,27.1,0.0,0.0,16.6,31.3,0.0,0.0,0.0,0.087,-3.1,-10.4,-13.5,-0.1
Jeremy Lin,PG,30,TOT,2018-19,74,1436,13.5,0.558,0.346,0.388,1.6,11.7,6.6,23.4,1.5,0.8,16.4,21.8,1.2,0.9,2.1,0.07,-1.1,-1.8,-2.9,-0.3
Jeremy Lin,PG,30,ATL,2018-19,51,1003,15.9,0.594,0.342,0.435,1.6,11.0,6.2,26.7,1.8,0.6,17.6,22.6,1.5,0.4,1.9,0.092,0.1,-2.4,-2.3,-0.1
Jeremy Lin,PG,30,TOR,2018-19,23,433,8.2,0.464,0.355,0.271,1.5,13.1,7.5,15.7,1.0,1.1,13.0,19.8,-0.3,0.5,0.2,0.02,-3.9,-0.6,-4.5,-0.3
Jeremy Pargo,PG,25,MEM,2011-12,44,424,4.4,0.389,0.253,0.18,3.2,7.0,5.1,20.2,1.9,0.0,22.1,22.2,-1.1,0.4,-0.8,-0.085,-5.7,-2.0,-7.7,-0.6
Jeremy Pargo,PG,26,TOT,2012-13,39,655,10.4,0.478,0.296,0.248,1.3,7.5,4.3,23.0,1.0,0.2,15.3,22.5,-0.2,0.1,0.0,-0.002,-2.4,-3.9,-6.3,-0.7
Jeremy Richardson,SG,22,TOT,2006-07,6,20,13.8,0.667,0.5,0.0,5.9,6.1,6.0,0.0,2.7,0.0,14.3,16.1,0.0,0.0,0.0,0.099,0.0,-4.3,-4.3,0.0
Jeremy Richardson,SG,22,ATL,2006-07,5,19,14.5,0.667,0.5,0.0,6.3,6.4,6.3,0.0,2.8,0.0,14.3,16.9,0.0,0.0,0.0,0.105,0.3,-4.6,-4.2,0.0
Jeremy Richardson,SF,22,POR,2006-07,1,1,0.0,,,,0.0,0.0,0.0,0.0,0.0,0.0,,0.0,0.0,0.0,0.0,-0.021,-5.7,-0.2,-5.8,0.0
Jeremy Richardson,SF,23,TOT,2007-08,27,132,4.2,0.457,0.432,0.045,0.9,7.0,4.0,2.2,1.2,0.0,11.8,17.6,-0.2,0.1,-0.1,-0.041,-5.5,-4.4,-9.9,-0.3
Jeremy Richardson,SF,23,MEM,2007-08,3,15,-18.1,0.0,0.333,0.0,0.0,7.5,3.7,8.6,0.0,0.0,14.3,20.7,-0.2,0.0,-0.2,-0.505,-18.1,-4.7,-22.7,-0.1
Jeremy Richardson,SG,23,SAS,2007-08,5,29,11.0,0.635,0.714,0.286,0.0,4.0,2.0,5.4,1.9,0.0,0.0,13.0,0.1,0.0,0.1,0.189,1.3,-1.3,0.0,0.0
Jeremy Richardson,SF,23,ATL,2007-08,19,88,5.8,0.5,0.387,0.0,1.3,7.9,4.6,0.0,1.2,0.0,13.9,18.6,-0.1,0.0,-0.1,-0.037,-5.6,-5.4,-11.0,-0.2
Jeremy Richardson,SF,24,ORL,2008-09,12,93,2.8,0.358,0.347,0.122,1.2,15.4,8.5,5.5,0.0,0.0,5.5,27.1,-0.3,0.1,-0.2,-0.107,-8.7,-4.1,-12.7,-0.3
Jeremy Tyler,C,20,GSW,2011-12,42,568,10.4,0.442,0.005,0.249,10.8,17.1,14.0,4.5,1.5,2.7,13.4,21.8,-0.5,0.4,-0.2,-0.014,-5.3,-1.6,-7.0,-0.7
Jeremy Tyler,C,21,TOT,2012-13,21,68,6.2,0.413,0.0,0.25,10.0,22.3,16.3,2.3,0.7,2.3,18.4,21.5,-0.2,0.1,-0.1,-0.049,-9.5,-2.4,-11.9,-0.2
Jeremy Tyler,C,22,NYK,2013-14,41,398,13.0,0.532,0.0,0.414,10.9,21.6,16.1,3.3,0.8,4.5,15.9,19.1,0.1,0.4,0.5,0.064,-4.3,-0.8,-5.1,-0.3
Jerian Grant,PG,23,NYK,2015-16,76,1265,11.2,0.479,0.256,0.315,2.0,10.2,6.2,21.8,2.0,0.6,16.3,19.0,-0.2,1.0,0.8,0.03,-2.3,-1.1,-3.4,-0.5
Jerian Grant,PG,24,CHI,2016-17,63,1028,13.2,0.555,0.445,0.243,1.8,9.9,5.8,17.4,2.3,0.6,11.7,16.0,1.4,1.2,2.5,0.119,0.0,-0.3,-0.3,0.4
Jerian Grant,PG,25,CHI,2017-18,74,1686,14.3,0.528,0.372,0.374,1.9,9.3,5.5,30.1,1.8,0.4,13.2,17.4,2.3,1.0,3.3,0.094,-0.1,-1.8,-2.0,0.0
Jerian Grant,PG,26,ORL,2018-19,60,939,10.8,0.526,0.5,0.182,2.1,9.1,5.6,22.4,2.3,0.5,17.7,13.4,0.5,1.1,1.7,0.085,-1.9,-0.1,-2.0,0.0
Jermaine Jackson,PG,29,MIL,2005-06,30,202,8.2,0.544,0.154,0.538,4.6,11.4,7.9,17.8,1.0,0.4,28.8,10.2,0.1,0.1,0.2,0.047,-3.5,-0.6,-4.1,-0.1
Jermaine O'Neal,PF,27,IND,2005-06,51,1802,20.4,0.53,0.012,0.457,6.7,23.2,15.2,14.9,0.8,4.7,13.5,28.9,1.4,3.5,4.9,0.131,-1.1,3.0,1.9,1.8
Jermaine O'Neal,C,28,IND,2006-07,69,2459,18.8,0.5,0.006,0.392,7.1,24.4,15.5,13.0,1.1,5.6,13.2,28.1,0.5,4.1,4.7,0.091,-2.3,2.8,0.4,1.5
Jermaine O'Neal,C,29,IND,2007-08,42,1206,14.4,0.489,0.01,0.318,7.3,18.5,12.8,12.9,0.8,5.4,15.4,24.8,-0.7,1.6,0.9,0.035,-4.0,2.1,-2.0,0.0
Jermaine O'Neal,C,30,TOT,2008-09,68,2027,15.4,0.522,0.001,0.288,7.4,17.8,12.6,10.3,0.8,5.3,14.2,23.2,0.2,2.3,2.6,0.06,-2.8,1.7,-1.1,0.5
Jermaine O'Neal,C,30,TOR,2008-09,41,1216,15.4,0.526,0.002,0.305,6.9,20.7,13.9,9.3,0.8,5.2,14.9,23.5,-0.1,1.4,1.4,0.055,-3.0,1.9,-1.1,0.3
Jermaine O'Neal,C,30,MIA,2008-09,27,811,15.5,0.514,0.0,0.262,8.0,13.4,10.7,11.7,0.7,5.4,13.3,22.7,0.3,0.9,1.2,0.069,-2.6,1.5,-1.1,0.2
Jermaine O'Neal,C,31,MIA,2009-10,70,1991,17.9,0.563,0.003,0.302,7.4,21.2,14.3,8.4,0.7,3.9,12.9,22.9,2.4,3.2,5.6,0.135,-1.4,1.5,0.0,1.0
Jermaine O'Neal,C,32,BOS,2010-11,24,431,9.2,0.504,0.009,0.394,7.6,17.0,12.6,4.3,0.2,5.4,17.4,17.2,-0.2,0.8,0.6,0.065,-5.4,2.4,-3.0,-0.1
Jermaine O'Neal,C,33,BOS,2011-12,25,570,9.4,0.468,0.0,0.258,8.0,19.4,14.0,2.7,0.7,5.8,13.6,13.0,-0.1,1.2,1.1,0.091,-5.1,3.4,-1.7,0.0
Jermaine O'Neal,C,34,PHO,2012-13,55,1029,16.7,0.538,0.0,0.31,8.9,23.8,16.2,6.8,0.9,5.7,14.8,21.4,0.7,1.3,2.0,0.092,-3.3,1.3,-2.0,0.0
Jermaine O'Neal,PF,35,GSW,2013-14,44,883,15.3,0.57,0.0,0.532,10.7,19.1,15.0,4.2,0.8,3.4,14.5,17.8,1.3,1.4,2.7,0.146,-2.5,1.2,-1.3,0.2
Jermaine Taylor,SG,23,HOU,2009-10,31,303,11.4,0.46,0.185,0.387,7.7,9.8,8.7,8.4,1.7,0.7,12.0,23.1,-0.1,0.2,0.1,0.015,-3.5,-1.9,-5.5,-0.3
Jermaine Taylor,SG,24,TOT,2010-11,34,483,12.2,0.535,0.23,0.143,6.0,8.7,7.3,11.1,1.5,0.7,18.1,22.9,-0.1,0.3,0.1,0.014,-1.9,-2.1,-4.0,-0.2
Jermareo Davidson,SF,23,CHA,2007-08,38,322,9.8,0.437,0.0,0.224,7.5,14.7,11.1,6.9,1.1,3.5,11.0,21.9,-0.4,0.3,-0.1,-0.012,-6.0,-0.9,-7.0,-0.4
Jermareo Davidson,SF,24,GSW,2008-09,14,111,12.3,0.494,0.0,0.486,9.8,23.5,16.7,1.4,0.9,1.9,10.5,18.3,0.0,0.1,0.1,0.036,-5.4,-4.1,-9.4,-0.2
Jerome Dyson,PG,24,NOH,2011-12,9,180,11.3,0.525,0.167,0.75,1.3,11.1,6.3,16.2,3.3,0.9,23.9,22.0,-0.1,0.2,0.1,0.026,-3.6,0.5,-3.1,-0.1
Jerome James,C,30,NYK,2005-06,45,406,6.3,0.494,0.0,0.331,11.6,15.7,13.6,5.2,0.4,4.6,26.9,21.2,-0.7,0.2,-0.5,-0.062,-6.0,-0.5,-6.5,-0.5
Jerome James,C,31,NYK,2006-07,41,273,5.1,0.437,0.0,0.228,9.2,19.4,14.4,1.8,1.2,4.4,20.9,18.3,-0.5,0.3,-0.2,-0.031,-7.8,-0.4,-8.3,-0.4
Jerome James,C,32,NYK,2007-08,2,5,45.3,1.064,0.0,2.0,0.0,70.6,34.2,0.0,0.0,0.0,0.0,16.9,0.1,0.0,0.1,0.613,1.9,-9.5,-7.6,0.0
Jerome James,C,33,NYK,2008-09,2,10,12.5,0.375,0.0,0.0,10.6,22.6,16.4,0.0,5.0,7.3,11.1,39.2,-0.1,0.0,0.0,-0.162,-14.3,-3.1,-17.4,0.0
Jerome Jordan,C,25,NYK,2011-12,21,108,18.3,0.561,0.0,0.303,14.8,14.1,14.4,6.3,0.5,4.4,5.1,16.4,0.3,0.1,0.5,0.211,0.3,0.3,0.6,0.1
Jerome Jordan,C,28,BRK,2014-15,44,383,16.8,0.609,0.0,0.468,15.3,15.5,15.4,5.3,1.1,3.1,16.3,16.1,0.9,0.3,1.2,0.156,-0.2,0.0,-0.2,0.2
Jerome Robinson,SG,21,LAC,2018-19,33,320,7.2,0.491,0.518,0.082,1.0,12.2,6.8,8.3,1.6,0.7,10.2,16.7,-0.2,0.3,0.1,0.012,-2.8,-1.5,-4.3,-0.2
Jerrelle Benimon,PF,23,UTA,2014-15,2,3,4.7,,,,38.7,76.6,57.8,0.0,0.0,0.0,100.0,15.3,0.0,0.0,0.0,-0.215,-20.3,-6.6,-26.9,0.0
Jerry Smith,PG,24,NJN,2011-12,5,46,7.8,0.25,0.429,0.0,4.9,13.0,8.8,13.4,5.8,0.0,0.0,13.9,-0.1,0.1,0.0,-0.007,-3.4,1.7,-1.7,0.0
Jerry Stackhouse,SG,31,DAL,2005-06,55,1525,14.5,0.511,0.216,0.367,2.6,9.4,6.0,18.0,1.3,0.5,14.7,25.2,1.2,1.2,2.4,0.076,0.0,-1.8,-1.8,0.1
Jerry Stackhouse,SF,32,DAL,2006-07,67,1615,16.8,0.537,0.248,0.329,3.0,7.7,5.4,19.7,1.7,0.5,13.5,25.0,2.3,1.8,4.1,0.122,1.2,-1.1,0.1,0.8
Jerry Stackhouse,SG,33,DAL,2007-08,58,1412,13.3,0.523,0.35,0.281,2.8,7.9,5.4,16.7,1.1,0.5,12.7,22.4,1.2,1.1,2.3,0.077,0.4,-1.7,-1.3,0.2
Jerry Stackhouse,SG,34,DAL,2008-09,10,162,3.4,0.333,0.317,0.117,3.6,8.4,6.0,10.7,1.3,0.5,12.5,20.4,-0.5,0.1,-0.4,-0.11,-6.5,-1.9,-8.3,-0.3
Jerry Stackhouse,SG,35,MIL,2009-10,42,855,11.1,0.517,0.411,0.218,2.4,11.3,6.6,13.4,1.3,0.8,16.0,21.9,-0.3,1.1,0.9,0.048,-1.8,-0.4,-2.2,0.0
Jerry Stackhouse,SG,36,MIA,2010-11,7,50,6.0,0.398,0.333,0.583,2.5,13.4,8.3,8.5,0.0,3.1,11.7,16.0,-0.1,0.1,0.0,0.005,-5.9,-0.7,-6.6,-0.1
Jerry Stackhouse,SF,37,ATL,2011-12,30,273,11.5,0.49,0.38,0.23,2.6,7.2,4.9,8.3,1.9,0.8,10.6,21.2,0.0,0.3,0.3,0.06,-2.3,-2.0,-4.2,-0.2
Jerry Stackhouse,SF,38,BRK,2012-13,37,544,8.5,0.5,0.517,0.134,1.1,6.1,3.6,10.4,0.7,0.6,11.6,17.5,0.2,0.2,0.4,0.037,-1.4,-2.7,-4.1,-0.3
Jerryd Bayless,PG,20,POR,2008-09,53,655,8.2,0.487,0.143,0.545,1.5,9.4,5.4,18.2,1.4,0.2,19.3,20.9,-0.2,0.5,0.3,0.019,-3.8,-1.6,-5.4,-0.6
Jerryd Bayless,SG,21,POR,2009-10,74,1304,14.3,0.534,0.19,0.501,1.7,9.8,5.7,22.1,1.1,0.3,13.8,24.9,1.7,1.0,2.7,0.098,-0.3,-2.2,-2.5,-0.2
Jerryd Bayless,PG,22,TOT,2010-11,71,1496,14.1,0.536,0.282,0.398,2.0,11.3,6.6,27.6,1.3,0.3,17.3,22.1,1.4,0.3,1.6,0.053,0.5,-2.6,-2.1,0.0
Jerryd Bayless,PG,23,TOR,2011-12,31,705,17.7,0.561,0.377,0.319,1.3,9.5,5.5,30.7,1.8,0.5,14.4,24.6,1.5,0.6,2.0,0.139,3.2,-1.9,1.3,0.6
Jerryd Bayless,PG,24,MEM,2012-13,80,1765,13.5,0.514,0.324,0.196,1.4,10.5,5.9,24.9,1.8,0.8,15.1,20.8,1.5,2.5,4.0,0.108,0.1,-0.2,-0.2,0.8
Jerryd Bayless,PG,25,TOT,2013-14,72,1686,12.0,0.498,0.344,0.191,1.5,8.6,5.0,18.5,1.9,0.4,10.9,20.1,1.1,1.3,2.4,0.069,-0.4,-1.4,-1.8,0.1
Jerryd Bayless,PG,26,MIL,2014-15,77,1717,11.1,0.519,0.233,0.266,1.5,12.5,7.0,21.0,1.8,0.6,18.8,18.6,0.3,2.0,2.4,0.066,-2.3,-0.3,-2.6,-0.3
Jerryd Bayless,SG,27,MIL,2015-16,52,1505,12.4,0.568,0.529,0.206,1.6,9.0,5.4,16.2,1.6,0.6,13.3,16.4,1.8,0.6,2.4,0.075,1.1,-2.1,-1.0,0.4
Jerryd Bayless,PG,28,PHI,2016-17,3,71,8.7,0.453,0.156,0.313,4.6,14.0,9.3,29.4,0.0,0.0,19.8,27.7,-0.1,0.0,-0.1,-0.067,-5.2,-2.9,-8.2,-0.1
Jerryd Bayless,SG,29,PHI,2017-18,39,925,7.5,0.546,0.557,0.168,1.8,7.3,4.7,8.0,1.2,0.5,14.1,15.1,0.2,0.9,1.1,0.055,-1.8,-1.0,-2.7,-0.2
Jerryd Bayless,PG,30,MIN,2018-19,34,657,8.5,0.431,0.426,0.122,1.8,8.4,5.0,24.6,1.3,0.3,11.7,17.6,-0.2,0.2,0.0,-0.003,-2.4,-2.7,-5.1,-0.5
Jevon Carter,PG,23,MEM,2018-19,39,577,7.8,0.432,0.551,0.173,2.7,10.3,6.4,17.4,2.2,1.8,14.2,18.0,-0.7,0.7,0.0,-0.003,-3.8,-0.1,-4.0,-0.3
Jim Jackson,SF,35,TOT,2005-06,40,512,3.0,0.365,0.463,0.081,2.4,14.0,8.3,9.1,1.2,0.8,17.4,17.6,-1.3,0.5,-0.8,-0.078,-6.4,-0.6,-7.0,-0.6
Jim Jackson,SF,35,PHO,2005-06,27,420,3.2,0.367,0.488,0.101,3.0,13.7,8.5,9.6,1.2,1.0,18.2,17.6,-1.1,0.4,-0.7,-0.075,-6.0,-0.2,-6.2,-0.4
Jim Jackson,SF,35,LAL,2005-06,13,92,2.1,0.355,0.355,0.0,0.0,15.3,7.7,6.6,1.1,0.0,13.9,17.8,-0.2,0.1,-0.2,-0.089,-8.1,-2.6,-10.7,-0.2
Jimmer Fredette,PG,22,SAC,2011-12,61,1135,10.8,0.495,0.484,0.108,1.6,5.7,3.5,15.1,1.3,0.2,12.5,20.4,0.5,-0.2,0.3,0.012,-0.4,-4.0,-4.4,-0.7
Jimmer Fredette,SG,23,SAC,2012-13,69,967,14.6,0.546,0.381,0.242,2.2,6.4,4.2,15.9,1.6,0.2,13.1,23.9,1.1,-0.1,1.1,0.052,0.7,-4.3,-3.6,-0.4
Jimmer Fredette,SG,24,TOT,2013-14,49,519,15.8,0.578,0.37,0.093,1.7,9.7,5.7,22.2,1.4,0.5,16.9,24.3,0.5,0.3,0.8,0.078,0.6,-3.0,-2.4,0.0
Jimmer Fredette,PG,25,NOP,2014-15,50,509,9.8,0.479,0.289,0.271,1.8,7.1,4.5,17.2,1.5,0.3,15.1,19.6,0.0,0.2,0.2,0.021,-2.6,-2.9,-5.5,-0.4
Jimmer Fredette,SG,26,TOT,2015-16,6,18,12.0,0.625,0.4,1.0,0.0,0.0,0.0,7.7,2.8,0.0,21.7,22.8,0.0,0.0,0.0,0.0,-2.3,-5.3,-7.5,0.0
Jimmer Fredette,SG,29,PHO,2018-19,6,65,3.6,0.348,0.448,0.207,1.7,10.4,6.0,17.5,2.2,0.0,13.6,24.2,-0.2,0.0,-0.2,-0.166,-7.6,-3.5,-11.1,-0.1
Jimmy Butler,SG,22,CHI,2011-12,42,359,12.5,0.526,0.139,0.709,7.3,10.1,8.7,5.7,1.6,1.0,11.9,14.9,0.5,0.6,1.1,0.144,-1.7,0.4,-1.3,0.1
Jimmy Butler,SF,23,CHI,2012-13,82,2134,15.2,0.574,0.205,0.455,7.2,10.4,8.8,8.6,2.0,1.1,9.2,14.6,4.4,2.6,7.0,0.158,0.9,1.0,1.9,2.1
Jimmy Butler,SG,24,CHI,2013-14,67,2591,13.5,0.522,0.346,0.488,3.9,10.5,7.2,11.1,2.6,1.1,10.8,16.8,2.4,4.6,7.1,0.131,0.0,2.4,2.4,2.9
Jimmy Butler,SG,25,CHI,2014-15,65,2513,21.3,0.583,0.212,0.508,5.1,11.2,8.2,14.4,2.3,1.0,7.7,21.6,8.2,3.0,11.2,0.214,4.1,0.6,4.7,4.2
Jimmy Butler,SG,26,CHI,2015-16,67,2474,21.3,0.562,0.198,0.459,3.4,11.6,7.6,21.4,2.2,1.3,9.6,24.4,6.5,2.7,9.1,0.177,3.6,0.3,4.0,3.7
Jimmy Butler,SF,27,CHI,2016-17,76,2809,25.1,0.586,0.198,0.54,4.9,13.2,9.0,24.8,2.6,0.9,9.3,26.5,10.1,3.8,13.8,0.236,5.8,1.1,6.9,6.3
Jimmy Butler,SG,28,MIN,2017-18,59,2164,23.7,0.59,0.217,0.461,4.2,12.7,8.4,20.6,2.7,1.0,8.9,24.9,7.1,1.8,8.9,0.198,4.9,0.1,5.0,3.8
Jimmy Butler,SF,29,TOT,2018-19,65,2185,20.2,0.571,0.213,0.404,6.0,10.5,8.3,18.0,2.7,1.4,8.2,22.3,5.4,2.5,7.9,0.173,2.6,0.6,3.2,2.9
Jimmy Butler,SG,29,MIN,2018-19,10,361,22.3,0.579,0.287,0.389,4.7,10.8,7.7,18.2,3.2,2.4,7.1,23.0,1.0,0.4,1.3,0.176,3.7,0.9,4.6,0.6
Jimmy Butler,SF,29,PHI,2018-19,55,1824,19.8,0.569,0.198,0.407,6.3,10.4,8.4,18.0,2.6,1.2,8.4,22.1,4.4,2.1,6.6,0.172,2.4,0.5,2.9,2.3
Jiří Welsch,SF,26,MIL,2005-06,58,866,9.8,0.482,0.221,0.392,3.0,12.4,7.6,11.0,2.1,0.1,13.6,15.9,0.1,0.7,0.8,0.043,-2.9,-0.3,-3.2,-0.3
Joakim Noah,C,22,CHI,2007-08,74,1534,15.5,0.539,0.003,0.529,12.4,18.4,15.3,8.6,2.3,3.3,16.4,15.6,1.5,2.3,3.8,0.12,-1.2,2.8,1.6,1.4
Joakim Noah,C,23,CHI,2008-09,80,1938,16.5,0.594,0.003,0.489,14.5,21.3,17.9,8.1,1.3,4.1,15.4,12.3,3.8,2.7,6.4,0.159,0.5,2.8,3.4,2.6
Joakim Noah,C,24,CHI,2009-10,64,1925,17.9,0.557,0.0,0.421,12.9,27.6,20.3,10.8,0.9,4.0,16.0,17.1,2.7,3.5,6.2,0.154,-0.7,3.3,2.5,2.2
Joakim Noah,C,25,CHI,2010-11,48,1576,18.8,0.579,0.002,0.468,13.9,22.8,18.5,10.7,1.6,3.5,15.7,16.8,3.1,3.6,6.7,0.205,0.7,4.2,4.9,2.8
Joakim Noah,C,26,CHI,2011-12,64,1945,19.6,0.561,0.002,0.42,14.1,21.8,18.0,12.7,1.1,3.4,13.7,15.8,4.9,4.2,9.0,0.223,1.8,4.0,5.8,3.8
Joakim Noah,C,27,CHI,2012-13,66,2426,18.1,0.534,0.008,0.376,12.2,22.6,17.3,17.6,1.7,4.4,19.3,17.2,2.7,4.7,7.3,0.145,0.1,5.1,5.2,4.4
Joakim Noah,C,28,CHI,2013-14,80,2820,20.0,0.531,0.003,0.419,11.6,24.5,18.2,26.4,1.9,3.3,17.0,18.7,4.5,6.6,11.2,0.19,1.1,5.5,6.6,6.1
Joakim Noah,C,29,CHI,2014-15,67,2049,15.3,0.482,0.005,0.407,11.9,22.1,17.1,23.0,1.2,2.6,19.6,13.7,2.4,3.1,5.6,0.13,-0.2,3.6,3.4,2.8
Joakim Noah,C,30,CHI,2015-16,29,635,14.1,0.406,0.008,0.338,14.7,27.3,21.1,24.2,1.4,3.3,25.4,14.2,0.0,1.1,1.1,0.079,-2.3,4.3,1.9,0.6
Joakim Noah,C,31,NYK,2016-17,46,1015,15.2,0.491,0.005,0.386,17.1,25.6,21.4,14.1,1.5,3.0,19.7,12.6,1.0,1.2,2.2,0.106,-0.7,2.8,2.1,1.1
Joakim Noah,C,32,NYK,2017-18,7,40,15.6,0.51,0.0,0.4,16.7,22.1,19.4,14.0,2.5,4.3,25.4,17.2,0.0,0.1,0.1,0.072,-2.4,3.4,1.0,0.0
Joakim Noah,C,33,MEM,2018-19,42,693,18.6,0.571,0.005,0.512,9.2,29.6,19.3,20.6,1.4,4.2,16.1,20.0,1.0,1.2,2.2,0.15,-1.9,3.5,1.6,0.6
Jodie Meeks,SG,22,TOT,2009-10,60,719,10.8,0.493,0.493,0.146,1.4,14.9,7.9,8.7,1.3,0.5,8.1,19.6,0.1,0.8,0.9,0.06,-2.0,-1.7,-3.7,-0.3
Jodie Meeks,SG,23,PHI,2010-11,74,2062,12.6,0.6,0.611,0.298,1.2,8.4,4.8,5.7,1.6,0.1,8.5,15.7,3.2,1.9,5.1,0.12,1.6,-1.0,0.6,1.4
Jodie Meeks,SG,24,PHI,2011-12,66,1644,11.5,0.551,0.57,0.182,1.1,9.8,5.4,5.0,1.3,0.1,5.4,15.2,2.1,2.0,4.1,0.12,0.4,-0.8,-0.4,0.7
Jodie Meeks,SG,25,LAL,2012-13,78,1663,11.4,0.54,0.645,0.181,2.5,8.7,5.7,6.4,1.8,0.2,8.3,16.7,1.9,1.1,3.0,0.085,0.6,-1.5,-0.9,0.5
Jodie Meeks,SG,26,LAL,2013-14,77,2556,14.7,0.601,0.453,0.289,1.3,6.9,4.1,8.5,2.1,0.1,9.9,19.1,3.8,0.7,4.5,0.084,2.2,-1.4,0.7,1.8
Jodie Meeks,SG,27,DET,2014-15,60,1462,14.1,0.548,0.397,0.3,0.9,7.1,3.9,8.8,2.1,0.3,8.6,20.1,2.2,0.9,3.1,0.103,0.7,-1.6,-0.9,0.4
Jodie Meeks,SG,28,DET,2015-16,3,43,13.5,0.506,0.45,0.2,2.4,10.6,6.3,11.3,0.0,0.0,4.4,23.1,0.1,0.0,0.1,0.107,0.1,-4.2,-4.1,0.0
Jodie Meeks,SG,29,ORL,2016-17,36,738,13.1,0.567,0.535,0.289,0.7,10.9,5.7,9.3,2.3,0.4,11.1,19.4,0.5,0.6,1.1,0.073,-0.4,-1.4,-1.8,0.0
Jodie Meeks,SG,30,WAS,2017-18,77,1119,12.4,0.548,0.534,0.298,1.5,11.2,6.4,9.1,1.3,0.3,7.7,19.0,1.3,0.8,2.0,0.087,-0.4,-2.5,-2.8,-0.2
Jodie Meeks,SG,31,TOR,2018-19,8,104,16.0,0.647,0.462,0.026,1.1,11.1,6.2,11.5,0.5,0.8,4.8,17.1,0.2,0.1,0.3,0.153,1.4,-2.2,-0.8,0.0
Joe Alexander,SF,22,MIL,2008-09,59,716,10.1,0.494,0.188,0.339,6.9,12.3,9.5,9.5,1.1,3.4,15.6,20.9,-0.3,0.7,0.4,0.03,-3.4,0.2,-3.3,-0.2
Joe Alexander,SF,23,CHI,2009-10,8,29,2.8,0.273,0.167,0.5,7.8,11.3,9.6,9.3,1.8,2.6,0.0,11.3,0.0,0.0,0.0,0.03,-5.2,1.5,-3.7,0.0
Joe Chealey,PG,23,CHO,2018-19,1,8,2.0,0.333,0.0,0.0,0.0,0.0,0.0,17.7,0.0,0.0,0.0,16.2,0.0,0.0,0.0,-0.08,-9.0,-8.2,-17.2,0.0
Joe Crawford,SF,22,NYK,2008-09,2,23,10.8,0.414,0.4,0.2,4.6,14.8,9.5,6.5,2.2,0.0,0.0,20.6,0.0,0.0,0.0,0.037,-3.0,-2.6,-5.6,0.0
Joe Harris,SG,23,CLE,2014-15,51,493,5.6,0.537,0.7,0.125,1.7,7.8,4.8,7.7,0.7,0.3,17.6,14.1,0.0,0.2,0.2,0.018,-2.0,-2.5,-4.5,-0.3
Joe Harris,SG,24,CLE,2015-16,5,15,3.4,0.375,1.0,0.0,0.0,22.5,11.3,18.2,0.0,0.0,20.0,15.1,0.0,0.0,0.0,-0.032,-5.0,-1.6,-6.6,0.0
Joe Harris,SG,25,BRK,2016-17,52,1138,9.0,0.558,0.61,0.135,1.5,12.0,6.8,7.3,1.2,0.5,12.5,16.5,0.1,0.6,0.8,0.032,-1.4,-1.5,-3.0,-0.3
Joe Harris,SG,26,BRK,2017-18,78,1975,13.3,0.634,0.576,0.167,2.7,11.3,7.0,10.2,0.9,0.8,12.0,16.6,3.0,0.9,4.0,0.097,1.3,-1.2,0.1,1.1
Joe Harris,SG,27,BRK,2018-19,76,2293,13.5,0.645,0.516,0.178,2.4,10.9,6.7,11.9,0.8,0.6,13.0,17.0,3.8,1.7,5.5,0.116,1.4,-0.5,1.0,1.7
Joe Ingles,SF,27,UTA,2014-15,79,1673,9.6,0.533,0.571,0.113,1.5,10.5,6.0,16.8,2.3,0.5,20.9,12.9,0.5,1.6,2.2,0.062,-1.1,0.3,-0.8,0.5
Joe Ingles,SF,28,UTA,2015-16,81,1241,10.3,0.572,0.722,0.062,1.8,12.4,7.1,12.1,2.3,0.3,17.9,13.5,0.7,1.6,2.3,0.089,-0.3,0.4,0.1,0.7
Joe Ingles,SF,29,UTA,2016-17,82,1972,12.4,0.604,0.619,0.151,1.4,13.6,7.6,17.2,2.6,0.3,18.2,13.9,2.0,3.0,5.0,0.123,0.9,1.8,2.7,2.3
Joe Ingles,SF,30,UTA,2017-18,82,2578,14.4,0.623,0.646,0.116,1.1,13.9,7.6,22.9,1.8,0.7,17.4,15.9,4.0,3.6,7.6,0.141,2.1,1.0,3.1,3.3
Joe Ingles,PF,31,UTA,2018-19,82,2568,13.4,0.581,0.602,0.153,1.5,12.2,7.0,26.1,1.8,0.6,18.4,17.5,2.5,3.6,6.0,0.113,1.0,0.8,1.8,2.5
Joe Johnson,SG,24,ATL,2005-06,82,3340,17.9,0.537,0.258,0.237,3.4,8.8,6.0,29.1,1.6,0.7,14.8,24.6,5.5,0.4,6.0,0.086,3.0,-2.4,0.7,2.2
Joe Johnson,SG,25,ATL,2006-07,57,2359,19.5,0.558,0.274,0.276,2.7,9.6,6.1,21.8,1.4,0.4,12.1,28.3,4.1,1.0,5.1,0.105,4.0,-2.5,1.6,2.1
Joe Johnson,SG,26,ATL,2007-08,82,3343,17.3,0.535,0.297,0.253,2.9,9.9,6.4,25.5,1.3,0.4,11.8,25.6,5.3,1.7,7.0,0.1,3.1,-1.9,1.1,2.7
Joe Johnson,SG,27,ATL,2008-09,79,3124,18.2,0.534,0.292,0.255,2.4,10.5,6.5,26.4,1.4,0.5,11.0,26.6,5.1,2.5,7.6,0.116,2.9,-1.2,1.7,3.0
Joe Johnson,SG,28,ATL,2009-10,76,2886,19.3,0.538,0.253,0.194,3.0,11.4,7.1,22.0,1.5,0.1,8.8,26.3,6.0,2.4,8.4,0.14,3.5,-1.3,2.2,3.0
Joe Johnson,SG,29,ATL,2010-11,72,2554,16.4,0.517,0.258,0.209,2.8,10.9,6.9,24.0,1.0,0.2,10.3,26.3,2.5,1.8,4.2,0.08,1.6,-1.8,-0.2,1.2
Joe Johnson,SG,30,ATL,2011-12,60,2127,18.4,0.557,0.346,0.2,2.9,9.2,6.1,19.7,1.2,0.5,10.3,24.9,4.4,2.1,6.4,0.145,3.4,-1.4,2.1,2.2
Joe Johnson,SG,31,BRK,2012-13,72,2642,14.1,0.521,0.375,0.153,2.4,7.4,4.9,16.7,1.0,0.4,9.9,21.7,3.9,1.2,5.1,0.092,1.9,-1.7,0.3,1.5
Joe Johnson,SG,32,BRK,2013-14,79,2575,15.5,0.564,0.397,0.192,2.2,10.3,6.3,15.0,1.0,0.3,9.8,22.3,3.9,1.0,4.9,0.091,2.0,-2.2,-0.2,1.2
Joe Johnson,SG,33,BRK,2014-15,80,2791,14.1,0.523,0.329,0.172,2.1,13.3,7.7,17.1,1.1,0.4,11.1,20.3,2.6,1.5,4.1,0.07,0.9,-0.7,0.2,1.5
Joe Johnson,SF,34,TOT,2015-16,81,2703,12.0,0.538,0.364,0.165,2.0,10.2,6.1,18.0,1.1,0.1,14.7,17.9,1.9,0.8,2.7,0.048,0.3,-1.6,-1.3,0.4
Joe Johnson,SF,35,UTA,2016-17,78,1843,12.8,0.542,0.412,0.123,2.1,12.8,7.6,12.6,1.0,0.8,9.5,18.5,1.7,2.1,3.8,0.099,-0.2,-0.1,-0.3,0.8
Joe Johnson,SF,36,TOT,2017-18,55,1205,8.1,0.49,0.403,0.125,1.3,14.7,8.1,10.2,0.7,0.5,11.4,15.9,-0.3,1.3,1.0,0.04,-3.4,-0.4,-3.8,-0.5
Joe Smith,PF,30,MIL,2005-06,44,887,16.1,0.533,0.007,0.377,10.9,20.1,15.4,6.0,1.4,1.2,10.1,20.4,1.4,0.9,2.3,0.123,-1.3,-0.8,-2.1,0.0
Joe Smith,PF,31,TOT,2006-07,65,1503,13.9,0.51,0.01,0.31,9.6,22.1,15.9,5.4,1.3,1.4,12.3,18.9,1.0,1.8,2.8,0.088,-2.6,-0.3,-2.9,-0.3
Joe Smith,PF,31,DEN,2006-07,11,148,12.4,0.526,0.021,0.25,10.0,20.2,15.2,3.1,2.0,3.4,19.6,19.2,0.0,0.2,0.2,0.06,-4.8,0.5,-4.3,-0.1
Joe Smith,PF,31,PHI,2006-07,54,1355,14.1,0.508,0.009,0.317,9.5,22.3,15.9,5.7,1.2,1.1,11.4,18.8,1.0,1.5,2.6,0.091,-2.3,-0.4,-2.7,-0.3
Joe Smith,PF,32,TOT,2007-08,77,1726,16.1,0.524,0.005,0.312,10.3,16.1,13.1,6.7,1.0,2.1,8.7,21.0,2.4,1.8,4.1,0.115,-1.3,-0.8,-2.1,0.0
Joe Smith,PF,32,CHI,2007-08,50,1146,16.8,0.515,0.002,0.28,10.3,16.0,13.0,7.4,1.1,2.1,8.3,22.8,1.5,1.1,2.6,0.109,-1.1,-0.9,-2.0,0.0
Joe Smith,PF,32,CLE,2007-08,27,580,14.9,0.547,0.012,0.406,10.5,16.4,13.4,5.6,0.8,2.2,9.9,17.4,0.9,0.6,1.5,0.128,-1.7,-0.5,-2.1,0.0
Joe Smith,C,33,TOT,2008-09,57,1102,13.8,0.507,0.021,0.246,9.5,18.3,13.9,6.0,0.8,2.7,6.3,16.2,1.4,1.4,2.7,0.118,-2.2,0.3,-1.9,0.0
Joe Smith,C,33,OKC,2008-09,36,691,13.2,0.492,0.018,0.248,8.7,18.6,13.6,5.9,0.7,2.8,5.8,16.4,0.6,0.6,1.3,0.088,-2.7,-0.3,-3.0,-0.2
Joe Smith,C,33,CLE,2008-09,21,411,14.8,0.534,0.026,0.243,10.8,17.8,14.5,6.2,0.9,2.7,7.3,15.8,0.7,0.7,1.4,0.168,-1.3,1.2,-0.1,0.2
Joe Smith,PF,34,ATL,2009-10,64,592,11.2,0.453,0.036,0.249,12.9,18.1,15.5,5.3,0.5,2.4,9.3,18.4,0.3,0.6,0.9,0.077,-3.5,-1.4,-4.9,-0.4
Joe Smith,PF,35,TOT,2010-11,16,69,-0.1,0.237,0.0,0.125,5.1,28.9,17.3,8.0,0.0,4.4,22.9,14.5,-0.3,0.1,-0.1,-0.099,-11.9,1.8,-10.0,-0.1
Joe Young,PG,23,IND,2015-16,41,384,9.9,0.428,0.272,0.148,1.7,12.5,7.1,26.9,1.9,0.0,15.5,24.4,-0.5,0.5,-0.1,-0.009,-3.9,-1.5,-5.4,-0.3
Joe Young,PG,24,IND,2016-17,33,135,11.4,0.433,0.319,0.208,0.8,13.1,7.1,18.0,1.5,0.0,6.0,27.8,-0.2,0.1,-0.1,-0.022,-3.5,-3.8,-7.3,-0.2
Joe Young,PG,25,IND,2017-18,53,558,10.1,0.521,0.355,0.156,2.4,10.3,6.4,9.9,1.3,0.2,11.6,18.0,0.1,0.4,0.5,0.043,-2.4,-2.3,-4.7,-0.4
Joel Anthony,PF,25,MIA,2007-08,24,498,8.8,0.521,0.0,0.817,9.0,13.4,11.2,0.9,1.0,5.0,17.2,9.4,0.1,0.4,0.6,0.054,-4.8,1.4,-3.4,-0.2
Joel Anthony,C,26,MIA,2008-09,65,1048,9.3,0.521,0.0,0.39,10.1,12.4,11.2,3.7,1.0,7.2,22.9,8.0,0.4,1.4,1.7,0.079,-4.0,4.1,0.2,0.6
Joel Anthony,C,27,MIA,2009-10,80,1322,10.2,0.546,0.0,0.579,11.0,11.1,11.1,1.3,0.8,6.7,18.4,8.7,1.0,2.0,3.1,0.111,-3.1,3.5,0.4,0.8
Joel Anthony,C,28,MIA,2010-11,75,1463,7.3,0.583,0.0,0.737,9.0,12.4,10.8,2.2,0.4,5.0,21.5,5.3,1.2,2.1,3.3,0.107,-2.2,3.1,0.9,1.1
Joel Anthony,C,29,MIA,2011-12,64,1349,10.3,0.598,0.0,0.467,9.2,12.8,11.1,1.0,1.4,5.1,19.7,7.8,1.2,2.2,3.4,0.122,-2.1,2.8,0.7,0.9
Joel Anthony,C,30,MIA,2012-13,62,566,10.4,0.542,0.0,0.412,10.4,14.4,12.5,3.1,1.2,6.1,21.5,8.6,0.4,0.8,1.2,0.1,-3.0,2.7,-0.3,0.2
Joel Anthony,C,31,TOT,2013-14,33,186,8.1,0.394,0.0,0.25,9.1,14.6,11.8,1.6,0.8,5.2,7.8,9.3,0.0,0.2,0.2,0.044,-5.7,1.0,-4.7,-0.1
Joel Anthony,C,32,DET,2014-15,49,406,14.7,0.607,0.0,0.355,8.2,17.0,12.4,1.8,1.5,9.5,14.3,9.1,0.5,0.7,1.2,0.142,-3.4,4.8,1.4,0.3
Joel Anthony,C,33,DET,2015-16,19,96,14.1,0.666,0.0,0.8,8.8,15.4,11.9,1.4,1.1,9.5,12.9,7.0,0.2,0.2,0.4,0.177,-2.8,5.0,2.2,0.1
Joel Anthony,C,34,SAS,2016-17,19,122,11.6,0.64,0.0,0.5,7.6,20.9,14.4,3.4,0.8,4.0,17.0,8.7,0.1,0.2,0.4,0.141,-3.1,2.5,-0.6,0.0
Joel Bolomboy,PF,23,UTA,2016-17,12,53,19.7,0.59,0.25,0.375,9.0,27.6,18.5,6.3,1.0,3.1,9.7,18.2,0.1,0.1,0.2,0.171,-1.3,0.5,-0.8,0.0
Joel Bolomboy,PF,24,MIL,2017-18,6,38,11.7,0.521,0.167,1.0,18.6,12.3,15.4,0.0,2.6,0.0,18.8,12.6,0.0,0.0,0.1,0.079,-3.1,-4.6,-7.7,-0.1
Joel Embiid,C,22,PHI,2016-17,31,786,24.1,0.584,0.228,0.569,8.5,25.6,17.0,16.0,1.7,7.7,17.9,36.0,0.5,1.5,1.9,0.117,0.0,3.2,3.1,1.0
Joel Embiid,C,23,PHI,2017-18,63,1912,22.9,0.573,0.203,0.442,8.4,29.7,19.4,18.0,1.0,4.8,15.6,33.4,2.3,3.8,6.2,0.155,0.1,2.5,2.6,2.2
Joel Embiid,C,24,PHI,2018-19,64,2154,26.1,0.593,0.219,0.541,8.1,34.0,21.4,18.4,1.0,4.4,13.2,33.3,4.9,3.8,8.7,0.194,2.0,2.1,4.1,3.3
Joel Freeland,PF,25,POR,2012-13,51,477,9.3,0.435,0.0,0.19,9.6,19.5,14.5,4.3,1.4,1.7,11.0,16.6,-0.2,0.4,0.2,0.022,-5.3,-0.9,-6.2,-0.5
Joel Freeland,C,26,POR,2013-14,52,727,11.3,0.498,0.012,0.179,13.2,17.6,15.4,7.1,0.7,2.1,15.5,12.4,0.7,0.7,1.4,0.093,-1.8,1.1,-0.7,0.2
Joel Freeland,C,27,POR,2014-15,48,617,12.2,0.522,0.0,0.166,11.0,21.9,16.6,3.8,0.7,2.7,12.4,13.4,0.6,0.9,1.6,0.122,-3.0,1.2,-1.8,0.0
Joel Przybilla,C,26,POR,2005-06,56,1395,15.3,0.561,0.0,0.644,12.4,21.4,16.9,5.0,0.8,7.1,19.9,13.0,1.0,1.2,2.3,0.078,-2.1,2.9,0.8,1.0
Joel Przybilla,C,27,POR,2006-07,43,701,7.4,0.467,0.0,0.346,10.3,19.7,14.9,2.6,0.8,7.6,30.8,8.7,-0.5,0.8,0.3,0.02,-5.0,3.9,-1.0,0.2
Joel Przybilla,C,28,POR,2007-08,77,1819,12.3,0.611,0.004,0.488,12.7,29.3,21.0,2.3,0.4,4.0,23.8,10.4,1.6,2.7,4.3,0.113,-3.2,1.9,-1.3,0.3
Joel Przybilla,C,29,POR,2008-09,82,1952,15.4,0.652,0.004,0.628,12.8,33.1,22.8,2.0,1.0,3.9,18.5,10.2,3.2,3.4,6.6,0.163,-1.4,1.9,0.4,1.2
Joel Przybilla,C,30,POR,2009-10,30,681,11.2,0.567,0.0,0.593,13.0,30.4,21.6,1.7,0.6,5.1,26.5,10.3,0.3,1.2,1.4,0.101,-4.1,2.2,-1.9,0.0
Joel Przybilla,C,31,TOT,2010-11,36,519,6.2,0.573,0.0,0.614,8.4,26.4,17.1,3.6,0.5,2.4,34.2,7.7,-0.1,0.6,0.5,0.046,-5.5,0.8,-4.7,-0.4
Joel Przybilla,C,32,POR,2011-12,27,449,6.0,0.492,0.0,0.375,7.4,28.9,17.9,1.9,0.5,2.8,28.2,7.9,-0.2,0.5,0.3,0.034,-6.1,0.8,-5.3,-0.4
Joel Przybilla,C,33,MIL,2012-13,12,68,3.3,0.205,0.0,0.5,7.6,26.2,16.6,7.6,0.7,2.1,45.0,5.7,-0.1,0.1,0.0,-0.005,-8.2,2.6,-5.6,-0.1
Joey Dorsey,PF,25,HOU,2008-09,3,6,16.1,0.5,0.0,0.0,0.0,18.7,9.7,28.7,0.0,0.0,0.0,15.5,0.0,0.0,0.0,0.156,-1.7,-1.3,-3.1,0.0
Joey Dorsey,PF,26,TOT,2009-10,15,106,9.8,0.455,0.0,0.6,16.8,29.9,23.2,2.8,1.4,1.4,19.2,13.1,0.0,0.1,0.1,0.062,-5.7,-1.7,-7.4,-0.1
Joey Dorsey,C,27,TOR,2010-11,43,522,14.2,0.529,0.0,0.657,17.5,25.8,21.6,7.4,2.4,2.5,23.4,14.3,0.2,0.5,0.8,0.072,-1.6,1.6,0.0,0.3
Joey Dorsey,PF,31,HOU,2014-15,69,854,11.1,0.507,0.007,0.572,13.3,22.7,18.0,4.4,2.3,2.3,18.4,11.3,0.4,1.5,1.9,0.108,-3.5,2.1,-1.4,0.1
Joey Graham,SF,23,TOR,2005-06,80,1581,10.2,0.564,0.21,0.321,4.2,15.1,9.4,6.0,1.2,0.6,16.3,16.5,1.0,0.3,1.3,0.038,-1.8,-1.7,-3.5,-0.6
Joey Graham,SF,24,TOR,2006-07,79,1319,12.9,0.564,0.08,0.338,4.9,17.4,11.0,5.4,1.2,0.2,9.9,17.4,1.7,1.3,3.0,0.108,-1.8,-0.8,-2.6,-0.2
Joey Graham,SF,25,TOR,2007-08,38,331,10.3,0.52,0.027,0.398,6.4,17.7,12.0,7.0,0.5,0.0,14.8,22.2,0.0,0.3,0.3,0.04,-4.3,-2.3,-6.6,-0.4
Joey Graham,SF,26,TOR,2008-09,78,1541,11.9,0.542,0.033,0.333,7.3,14.9,11.1,5.0,1.2,0.6,11.9,18.7,1.1,1.1,2.2,0.068,-2.2,-1.3,-3.5,-0.6
Joey Graham,SF,27,DEN,2009-10,63,759,10.6,0.568,0.064,0.361,6.0,12.7,9.3,4.5,1.5,0.7,15.5,16.2,0.5,0.6,1.1,0.072,-2.5,-1.1,-3.6,-0.3
Joey Graham,SF,28,CLE,2010-11,39,586,7.7,0.518,0.168,0.201,1.5,15.3,8.2,5.2,0.5,0.9,12.6,17.2,-0.2,0.1,0.0,-0.004,-4.7,-2.4,-7.1,-0.8
Joffrey Lauvergne,C,23,DEN,2014-15,24,268,10.5,0.459,0.18,0.315,10.5,20.9,15.5,7.5,1.5,2.9,17.8,19.9,-0.2,0.3,0.1,0.012,-4.2,0.7,-3.6,-0.1
Joffrey Lauvergne,C,24,DEN,2015-16,59,1041,15.7,0.567,0.139,0.182,8.1,23.1,15.4,9.1,0.6,1.2,11.6,19.5,1.6,0.7,2.3,0.105,-0.9,-1.4,-2.3,-0.1
Joffrey Lauvergne,PF,25,TOT,2016-17,70,980,12.6,0.509,0.292,0.217,8.0,20.2,14.1,10.8,1.3,0.5,13.2,18.5,0.4,1.1,1.5,0.075,-2.3,-0.9,-3.2,-0.3
Joffrey Lauvergne,C,26,SAS,2017-18,55,534,16.5,0.536,0.026,0.247,13.0,22.6,17.8,12.2,0.9,0.5,13.5,20.4,0.6,0.7,1.3,0.12,-1.4,-0.1,-1.6,0.1
Johan Petro,C,20,SEA,2005-06,68,1282,10.4,0.53,0.0,0.25,10.1,17.9,13.9,1.8,1.0,3.1,15.3,13.7,0.7,0.2,1.0,0.037,-2.6,-1.4,-4.0,-0.7
Johan Petro,C,21,SEA,2006-07,81,1510,11.6,0.532,0.0,0.176,7.2,19.5,13.3,4.8,1.4,2.4,14.8,16.7,0.5,1.2,1.7,0.053,-3.1,0.0,-3.1,-0.4
Johan Petro,C,22,SEA,2007-08,72,1310,10.0,0.453,0.002,0.198,8.2,22.6,15.4,3.8,1.3,2.3,13.3,18.2,-1.1,1.5,0.4,0.014,-5.5,0.0,-5.5,-1.1
Johan Petro,C,23,TOT,2008-09,49,559,8.1,0.429,0.011,0.165,8.7,23.9,16.3,4.5,1.7,2.0,12.9,17.2,-0.6,0.8,0.2,0.018,-6.1,-0.1,-6.3,-0.6
Johan Petro,C,23,OKC,2008-09,22,342,9.3,0.426,0.009,0.133,8.9,23.3,16.0,2.8,2.4,1.1,11.1,17.4,-0.3,0.5,0.1,0.019,-6.0,-0.6,-6.6,-0.4
Johan Petro,C,23,DEN,2008-09,27,217,6.4,0.434,0.016,0.222,8.3,25.0,16.9,7.1,0.7,3.6,15.8,16.9,-0.2,0.3,0.1,0.017,-6.3,0.7,-5.6,-0.2
Johan Petro,C,24,DEN,2009-10,36,436,10.7,0.553,0.01,0.208,8.5,25.4,17.1,4.8,1.2,2.2,17.3,13.6,0.2,0.6,0.8,0.089,-3.5,0.5,-2.9,-0.1
Johan Petro,C,25,NJN,2010-11,77,893,9.9,0.452,0.014,0.097,8.0,20.4,14.0,8.4,2.0,2.9,13.2,18.1,-0.7,1.1,0.4,0.024,-4.6,1.4,-3.2,-0.3
Johan Petro,C,26,NJN,2011-12,59,920,10.3,0.452,0.004,0.142,8.3,20.3,14.1,8.2,1.2,1.9,12.1,15.6,0.1,0.6,0.7,0.034,-4.0,-0.3,-4.3,-0.5
Johan Petro,C,27,ATL,2012-13,31,352,11.0,0.468,0.036,0.109,10.9,25.3,18.2,7.1,1.5,2.0,17.2,18.3,-0.2,0.6,0.4,0.048,-5.4,0.7,-4.8,-0.2
John Collins,PF,20,ATL,2017-18,74,1785,18.3,0.62,0.086,0.341,11.0,22.8,16.9,8.9,1.3,3.8,14.3,17.9,3.4,2.0,5.4,0.145,-0.2,1.9,1.7,1.7
John Collins,PF,21,ATL,2018-19,61,1829,21.8,0.627,0.19,0.32,12.3,22.1,17.1,11.0,0.6,1.8,11.2,23.7,5.0,1.0,6.0,0.158,2.6,-1.2,1.4,1.6
John Edwards,C,24,ATL,2005-06,40,296,6.4,0.508,0.0,0.172,7.1,12.5,9.7,2.7,0.5,3.9,14.8,12.4,0.1,0.1,0.2,0.026,-4.5,-1.4,-5.9,-0.3
John Henson,PF,22,MIL,2012-13,63,827,18.2,0.497,0.009,0.313,14.5,24.4,19.3,6.3,1.2,3.7,11.0,22.6,0.6,1.2,1.9,0.109,-2.6,-0.2,-2.9,-0.2
John Henson,PF,23,MIL,2013-14,70,1856,17.9,0.543,0.002,0.277,10.2,20.8,15.3,10.9,1.2,5.1,13.7,20.3,1.7,1.5,3.3,0.084,-1.0,1.4,0.3,1.1
John Henson,C,24,MIL,2014-15,67,1228,18.0,0.578,0.0,0.396,11.7,17.4,14.5,7.8,1.2,9.3,17.6,18.1,1.3,2.4,3.6,0.142,-1.9,4.6,2.7,1.4
John Henson,C,25,MIL,2015-16,57,960,18.6,0.58,0.003,0.402,10.4,15.8,13.2,9.0,1.0,9.7,15.7,19.1,1.2,1.1,2.3,0.117,-1.5,3.1,1.6,0.9
John Henson,C,26,MIL,2016-17,58,1123,15.3,0.55,0.003,0.346,9.6,20.8,15.3,7.7,1.3,6.1,12.7,16.6,1.2,1.6,2.7,0.116,-2.5,2.5,-0.1,0.6
John Henson,C,27,MIL,2017-18,76,1970,15.7,0.582,0.014,0.315,9.0,21.5,15.3,8.6,1.1,4.7,12.8,15.0,2.8,2.2,4.9,0.12,-1.4,1.8,0.4,1.2
John Henson,C,28,MIL,2018-19,14,188,17.1,0.553,0.463,0.149,9.2,28.0,19.2,10.1,1.7,4.9,14.4,18.6,0.1,0.4,0.6,0.146,-1.8,3.1,1.3,0.2
John Holland,SF,29,CLE,2017-18,24,174,5.9,0.417,0.61,0.22,3.9,11.4,7.7,3.9,2.0,1.0,11.0,18.5,-0.3,0.1,-0.2,-0.05,-4.7,-2.6,-7.3,-0.2
John Holland,SF,30,CLE,2018-19,1,1,0.0,,,,0.0,0.0,0.0,0.0,0.0,0.0,,0.0,0.0,0.0,0.0,-0.032,-6.3,-1.0,-7.3,0.0
John Jenkins,SG,21,ATL,2012-13,61,902,13.0,0.576,0.469,0.238,2.2,9.6,6.0,9.8,0.7,0.8,11.0,18.7,1.1,0.6,1.7,0.091,-0.5,-2.3,-2.8,-0.2
John Jenkins,SG,22,ATL,2013-14,13,158,4.7,0.457,0.429,0.095,2.2,13.8,8.1,10.4,0.3,0.5,20.1,15.8,-0.2,0.1,-0.1,-0.043,-5.7,-1.8,-7.5,-0.2
John Jenkins,SG,23,ATL,2014-15,24,297,15.9,0.629,0.525,0.192,0.8,13.8,7.5,7.0,1.7,0.0,6.9,17.8,0.6,0.3,0.9,0.147,1.1,-2.1,-0.9,0.1
John Jenkins,SG,24,TOT,2015-16,43,480,10.0,0.522,0.319,0.15,1.8,11.3,6.5,11.7,0.8,0.2,13.7,18.1,0.0,0.2,0.2,0.022,-3.0,-2.4,-5.4,-0.4
John Jenkins,SG,25,PHO,2016-17,4,13,17.3,0.595,0.4,0.4,0.0,8.6,4.2,11.5,0.0,0.0,0.0,18.9,0.0,0.0,0.0,0.167,1.4,-5.5,-4.1,0.0
John Jenkins,SG,27,TOT,2018-19,26,333,9.7,0.536,0.552,0.171,1.8,10.0,5.8,9.9,0.0,0.5,7.4,15.7,0.2,0.0,0.2,0.031,-1.7,-3.6,-5.2,-0.3
John Jenkins,SG,27,WAS,2018-19,4,14,20.5,1.5,1.0,0.0,0.0,7.9,3.9,9.9,0.0,0.0,0.0,6.1,0.1,0.0,0.1,0.202,7.4,-5.3,2.2,0.0
John Jenkins,SG,27,NYK,2018-19,22,319,9.3,0.518,0.544,0.175,1.9,10.1,5.9,9.9,0.0,0.5,7.5,16.1,0.2,0.0,0.2,0.024,-2.1,-3.5,-5.6,-0.3
John Lucas III,PG,23,HOU,2005-06,13,107,7.7,0.417,0.25,0.0,2.2,3.2,2.7,20.3,2.5,0.0,16.3,19.2,-0.2,0.1,-0.1,-0.027,-4.9,-2.0,-7.0,-0.1
John Lucas III,PG,24,HOU,2006-07,47,383,11.8,0.468,0.378,0.122,2.7,8.1,5.4,15.1,2.3,0.0,8.4,21.8,0.0,0.6,0.6,0.081,-1.9,-1.0,-2.9,-0.1
John Lucas III,PG,28,CHI,2010-11,2,10,-0.1,0.258,0.333,0.667,0.0,0.0,0.0,15.0,0.0,0.0,0.0,17.8,0.0,0.0,0.0,-0.121,-8.9,-6.9,-15.8,0.0
John Lucas III,PG,29,CHI,2011-12,49,726,16.3,0.496,0.391,0.089,3.4,8.1,5.8,25.8,1.4,0.1,10.1,26.0,1.2,1.0,2.2,0.143,2.3,-2.1,0.2,0.4
John Lucas III,PG,30,TOR,2012-13,63,827,12.8,0.483,0.452,0.075,1.1,8.3,4.7,21.5,1.5,0.1,7.0,20.8,0.7,0.3,1.1,0.061,0.4,-3.3,-2.9,-0.2
John Lucas III,PG,31,UTA,2013-14,42,591,5.2,0.403,0.442,0.084,2.3,5.4,3.8,11.1,1.2,0.0,10.0,17.0,-0.7,0.0,-0.7,-0.058,-3.7,-3.3,-7.0,-0.7
John Lucas III,PG,32,DET,2014-15,21,272,13.0,0.461,0.279,0.048,1.5,5.0,3.2,36.0,1.5,0.0,13.1,19.9,0.2,0.1,0.3,0.058,-1.1,-4.4,-5.5,-0.2
John Lucas III,PG,34,MIN,2016-17,5,11,9.1,0.25,0.25,0.0,0.0,0.0,0.0,12.5,9.2,0.0,0.0,16.1,0.0,0.0,0.0,-0.033,-6.0,0.5,-5.6,0.0
John Salmons,SG,26,PHI,2005-06,82,2059,10.7,0.508,0.167,0.384,2.7,9.8,6.3,16.7,1.8,0.5,17.0,16.3,0.5,1.2,1.7,0.04,-2.1,-0.9,-3.0,-0.5
John Salmons,SG,27,SAC,2006-07,79,2135,12.7,0.553,0.217,0.395,2.5,12.2,7.3,18.8,1.7,1.0,16.4,15.3,2.0,1.6,3.6,0.081,-0.7,0.3,-0.4,0.9
John Salmons,SG,28,SAC,2007-08,81,2517,13.9,0.556,0.15,0.325,3.6,12.6,8.2,13.4,1.9,1.0,15.7,19.2,2.0,1.7,3.7,0.071,-0.5,-0.1,-0.6,0.9
John Salmons,SF,29,TOT,2008-09,79,2959,16.0,0.58,0.276,0.317,2.3,10.8,6.5,14.5,1.4,0.6,11.7,21.3,4.7,0.8,5.6,0.09,1.7,-1.8,-0.1,1.4
John Salmons,SF,29,SAC,2008-09,53,1980,16.0,0.573,0.247,0.312,2.5,10.6,6.5,17.3,1.5,0.3,12.6,21.9,2.9,0.1,3.0,0.072,1.6,-2.1,-0.6,0.7
John Salmons,SF,29,CHI,2008-09,26,979,16.0,0.596,0.338,0.33,1.9,11.2,6.6,8.8,1.3,1.1,9.7,20.2,1.9,0.7,2.6,0.127,1.9,-1.1,0.8,0.7
John Salmons,SG,30,TOT,2009-10,81,2824,14.7,0.553,0.312,0.308,1.4,9.4,5.4,12.9,1.8,0.7,9.9,19.9,3.7,3.4,7.1,0.121,0.9,0.1,1.0,2.1
John Salmons,SG,31,MIL,2010-11,73,2554,12.8,0.51,0.244,0.267,1.2,11.2,6.1,17.5,1.5,0.9,12.0,20.9,0.9,3.4,4.3,0.081,-0.8,0.7,-0.2,1.2
John Salmons,SF,32,SAC,2011-12,46,1250,9.0,0.471,0.325,0.13,1.7,10.5,5.9,11.1,1.5,0.4,11.0,14.2,0.3,0.1,0.4,0.014,-1.7,-1.2,-2.9,-0.3
John Salmons,SF,33,SAC,2012-13,76,2278,10.2,0.509,0.436,0.18,1.6,9.0,5.2,14.8,1.1,0.9,11.4,14.5,1.8,-0.1,1.6,0.034,-0.2,-1.7,-1.8,0.1
John Salmons,SG,34,TOT,2013-14,78,1726,7.8,0.462,0.395,0.126,1.3,9.6,5.5,12.8,1.4,0.9,11.0,12.8,0.2,1.4,1.7,0.046,-2.2,0.1,-2.1,0.0
John Salmons,SF,35,NOP,2014-15,21,270,5.1,0.422,0.542,0.083,1.7,7.1,4.4,6.6,1.8,1.1,9.1,9.3,0.0,0.1,0.1,0.017,-2.7,-0.2,-2.9,-0.1
John Thomas,C,30,TOT,2005-06,16,127,3.4,0.447,0.0,0.267,9.1,9.6,9.3,2.4,1.3,1.3,32.3,9.1,-0.1,0.1,0.0,-0.017,-6.4,-1.6,-8.0,-0.2
John Thomas,C,30,MEM,2005-06,3,25,3.8,1.0,0.0,0.0,0.0,0.0,0.0,6.5,0.0,3.2,50.0,7.8,0.0,0.0,0.0,0.012,-5.5,-1.7,-7.2,0.0
John Thomas,C,30,ATL,2005-06,11,66,3.1,0.514,0.0,0.571,5.3,13.1,9.1,2.2,1.6,0.0,31.3,8.8,0.0,0.0,0.0,-0.023,-5.7,-1.7,-7.4,-0.1
John Thomas,C,30,NJN,2005-06,2,36,3.5,0.167,0.0,0.0,22.5,9.9,16.3,0.0,1.5,2.2,25.0,10.5,-0.1,0.1,0.0,-0.027,-8.4,-1.1,-9.6,-0.1
John Wall,PG,20,WAS,2010-11,69,2606,15.8,0.494,0.118,0.404,1.5,12.8,6.9,36.0,2.4,1.0,18.6,23.8,0.3,1.9,2.2,0.041,0.0,-0.2,-0.2,1.2
John Wall,PG,21,WAS,2011-12,66,2386,17.7,0.502,0.047,0.45,2.3,12.0,7.1,36.9,2.1,1.8,19.2,24.9,1.7,1.9,3.5,0.071,0.5,0.1,0.6,1.6
John Wall,PG,22,WAS,2012-13,49,1602,20.8,0.521,0.061,0.416,2.4,11.2,6.8,43.9,2.1,1.8,15.3,29.3,2.2,2.2,4.5,0.134,2.5,0.9,3.4,2.2
John Wall,PG,23,WAS,2013-14,82,2980,19.5,0.524,0.23,0.295,1.5,11.7,6.5,40.5,2.6,1.1,16.3,27.4,4.0,4.0,7.9,0.128,2.4,0.2,2.6,3.4
John Wall,PG,24,WAS,2014-15,79,2837,19.9,0.523,0.186,0.31,1.5,12.8,7.3,46.3,2.5,1.3,18.7,26.1,3.6,4.2,7.8,0.132,2.4,1.1,3.5,3.9
John Wall,PG,25,WAS,2015-16,77,2784,19.8,0.51,0.243,0.255,1.7,13.8,7.6,46.2,2.5,1.7,17.5,28.6,2.2,3.5,5.7,0.098,2.2,1.0,3.2,3.7
John Wall,PG,26,WAS,2016-17,78,2836,23.2,0.541,0.19,0.367,2.4,10.6,6.5,46.9,2.7,1.4,16.2,30.6,5.8,3.0,8.8,0.149,3.8,0.2,4.1,4.3
John Wall,PG,27,WAS,2017-18,41,1410,19.1,0.515,0.25,0.361,1.8,10.2,6.0,44.5,2.0,2.8,17.0,29.1,1.2,1.5,2.7,0.092,1.6,0.0,1.5,1.2
John Wall,PG,28,WAS,2018-19,32,1104,18.0,0.527,0.306,0.317,1.5,10.1,5.7,39.2,2.1,2.2,16.1,28.8,0.5,0.7,1.2,0.051,1.1,-1.2,-0.2,0.5
Johnathan Motley,PF,22,DAL,2017-18,11,176,17.2,0.55,0.08,0.373,8.5,22.9,15.5,7.1,0.9,1.0,9.3,24.9,0.1,0.2,0.3,0.084,-2.8,-2.1,-4.9,-0.1
Johnathan Motley,PF,23,LAC,2018-19,22,156,18.9,0.563,0.041,0.548,12.6,21.7,17.3,11.7,1.5,1.5,15.0,28.8,0.1,0.2,0.3,0.092,-1.8,-1.4,-3.2,0.0
Johnathan Williams,C,23,LAL,2018-19,24,372,15.1,0.599,0.018,0.436,13.6,13.9,13.7,4.9,1.0,1.5,10.9,16.4,0.7,0.3,1.0,0.135,-0.9,-0.8,-1.7,0.0
Johnny O'Bryant,PF,21,MIL,2014-15,34,368,3.8,0.379,0.0,0.225,8.2,11.7,10.0,7.1,0.7,0.9,15.9,19.2,-0.8,0.3,-0.5,-0.063,-7.5,-1.6,-9.0,-0.7
Johnny O'Bryant,PF,22,MIL,2015-16,66,857,7.4,0.441,0.005,0.191,8.7,14.7,11.7,5.4,1.1,0.8,12.0,13.5,-0.2,0.4,0.3,0.014,-4.3,-1.7,-6.0,-0.9
Johnny O'Bryant,PF,23,TOT,2016-17,11,80,14.9,0.582,0.2,0.2,12.4,13.7,13.1,12.7,0.0,1.0,15.5,21.1,0.1,0.0,0.1,0.088,-0.2,-3.1,-3.3,0.0
Johnny O'Bryant,PF,24,CHO,2017-18,36,379,11.9,0.47,0.251,0.146,8.1,18.6,13.3,5.9,1.2,1.3,7.6,22.5,-0.1,0.4,0.3,0.038,-3.2,-2.0,-5.3,-0.3
Jon Barry,SG,36,HOU,2005-06,20,342,8.5,0.553,0.492,0.446,0.3,10.1,5.3,12.5,2.1,0.2,22.1,13.9,0.0,0.4,0.4,0.055,-3.2,0.3,-2.8,-0.1
Jon Brockman,PF,22,SAC,2009-10,52,654,12.4,0.564,0.0,0.602,18.2,19.2,18.7,4.8,1.2,0.6,15.0,10.4,1.2,0.5,1.7,0.125,-0.4,-0.4,-0.8,0.2
Jon Brockman,C,23,MIL,2010-11,63,677,9.6,0.567,0.0,0.628,12.4,19.4,15.8,4.2,1.1,0.3,16.7,10.0,0.8,1.0,1.9,0.132,-3.0,0.7,-2.2,0.0
Jon Brockman,PF,24,MIL,2011-12,35,239,6.6,0.359,0.022,0.333,14.8,19.9,17.3,5.2,0.9,0.3,16.2,11.4,-0.1,0.2,0.1,0.023,-4.5,-0.8,-5.3,-0.2
Jon Leuer,PF,22,MIL,2011-12,46,555,15.3,0.536,0.047,0.147,8.7,15.3,11.9,7.3,1.3,2.3,8.1,17.6,0.9,0.5,1.4,0.122,-0.9,-0.5,-1.4,0.1
Jon Leuer,PF,23,TOT,2012-13,28,187,10.4,0.485,0.058,0.25,7.9,15.5,11.6,6.8,1.7,0.0,12.2,15.9,0.0,0.2,0.2,0.057,-3.3,-1.1,-4.4,-0.1
Jon Leuer,PF,24,MEM,2013-14,49,642,17.6,0.566,0.199,0.191,6.8,22.4,14.6,5.2,1.5,1.7,9.2,21.1,1.1,0.9,2.0,0.149,-0.6,-0.9,-1.6,0.1
Jon Leuer,PF,25,MEM,2014-15,63,824,11.9,0.478,0.106,0.216,7.0,21.7,14.3,8.8,1.1,0.9,10.5,18.6,0.2,1.2,1.3,0.078,-3.1,0.0,-3.1,-0.2
Jon Leuer,PF,26,PHO,2015-16,67,1255,16.2,0.555,0.236,0.217,6.4,26.3,16.1,9.6,1.5,2.0,12.8,19.8,1.4,1.3,2.7,0.103,-1.3,0.3,-1.0,0.3
Jon Leuer,PF,27,DET,2016-17,75,1944,14.2,0.551,0.259,0.175,5.5,17.5,11.3,8.6,0.8,1.1,8.7,17.3,2.5,2.0,4.5,0.112,-0.4,0.5,0.1,1.0
Jon Leuer,PF,28,DET,2017-18,8,136,8.9,0.505,0.083,0.417,5.6,20.7,13.0,5.3,0.4,2.0,14.1,16.1,0.0,0.1,0.1,0.05,-5.6,-0.4,-5.9,-0.1
Jon Leuer,PF,29,DET,2018-19,41,402,13.2,0.616,0.097,0.274,7.1,19.8,13.2,5.5,1.5,0.8,15.4,16.1,0.4,0.5,0.9,0.11,-2.9,-0.1,-3.0,-0.1
Jonah Bolden,PF,23,PHI,2018-19,44,639,12.7,0.595,0.593,0.167,8.0,19.0,13.7,8.5,1.3,4.8,17.2,13.8,0.5,0.9,1.4,0.106,-0.8,2.0,1.2,0.5
Jonas Jerebko,PF,22,DET,2009-10,80,2232,13.9,0.545,0.191,0.292,9.9,16.5,13.0,4.2,1.9,1.1,10.8,15.7,2.9,1.5,4.4,0.095,0.1,-0.3,-0.2,1.0
Jonas Jerebko,PF,24,DET,2011-12,64,1468,14.2,0.548,0.234,0.274,7.6,17.8,12.5,5.1,1.5,1.1,11.5,18.1,2.0,1.3,3.3,0.108,-0.2,-1.2,-1.4,0.2
Jonas Jerebko,PF,25,DET,2012-13,49,892,15.7,0.531,0.263,0.278,8.6,15.4,11.9,8.1,2.3,0.7,10.6,20.2,1.2,0.8,2.0,0.107,0.4,-1.0,-0.6,0.3
Jonas Jerebko,PF,26,DET,2013-14,64,741,13.4,0.577,0.356,0.284,7.2,19.3,12.9,7.8,1.4,0.6,15.5,16.0,1.0,0.5,1.4,0.092,-0.7,-1.4,-2.1,0.0
Jonas Jerebko,PF,27,TOT,2014-15,75,1230,15.0,0.549,0.369,0.174,8.0,17.2,12.5,9.0,1.9,1.1,9.7,16.2,2.0,1.4,3.5,0.135,0.5,0.4,0.9,0.9
Jonas Jerebko,PF,28,BOS,2015-16,78,1176,10.3,0.531,0.378,0.273,6.8,19.4,13.0,7.4,0.8,1.6,14.0,13.5,0.9,1.5,2.4,0.097,-2.5,0.4,-2.0,0.0
Jonas Jerebko,PF,29,BOS,2016-17,78,1232,9.3,0.537,0.496,0.141,5.4,19.1,12.3,8.1,1.0,1.1,12.3,11.4,0.8,1.3,2.1,0.08,-2.4,0.3,-2.1,0.0
Jonas Jerebko,PF,30,UTA,2017-18,74,1134,13.2,0.586,0.46,0.167,5.4,19.1,12.3,5.7,1.1,0.9,6.9,15.6,1.8,1.6,3.4,0.144,-0.3,-0.3,-0.6,0.4
Jonas Jerebko,PF,31,GSW,2018-19,73,1218,13.5,0.588,0.53,0.225,6.6,18.1,12.6,10.1,1.1,1.2,9.9,15.2,2.1,1.2,3.3,0.13,0.6,-0.6,0.0,0.6
Jonas Valanciunas,C,24,TOR,2016-17,80,2066,20.1,0.601,0.003,0.309,12.4,29.1,20.8,4.4,0.9,2.6,11.7,19.5,4.9,3.0,7.9,0.183,-0.5,-0.1,-0.6,0.7
Jonas Valančiūnas,C,20,TOR,2012-13,62,1482,15.6,0.619,0.0,0.505,9.6,20.5,14.9,5.0,0.6,4.2,17.4,16.9,2.5,1.5,3.9,0.127,-1.3,0.9,-0.5,0.6
Jonas Valančiūnas,C,21,TOR,2013-14,81,2282,16.1,0.579,0.001,0.385,11.5,25.1,18.2,4.2,0.5,2.5,14.7,18.5,3.5,3.2,6.7,0.141,-1.6,0.2,-1.4,0.3
Jonas Valančiūnas,C,22,TOR,2014-15,80,2096,20.6,0.623,0.002,0.423,11.8,26.3,19.1,3.1,0.8,3.6,12.4,19.1,5.8,2.4,8.2,0.189,0.1,-0.6,-0.5,0.8
Jonas Valančiūnas,C,23,TOR,2015-16,60,1557,22.6,0.61,0.0,0.397,13.8,26.3,20.1,4.8,0.8,4.2,11.9,20.9,4.5,2.4,6.9,0.211,0.7,0.4,1.1,1.2
Jonas Valančiūnas,C,25,TOR,2017-18,77,1727,22.5,0.628,0.108,0.307,12.1,30.3,21.4,7.5,0.8,3.2,12.9,22.7,4.6,3.0,7.6,0.21,0.7,0.8,1.5,1.5
Jonas Valančiūnas,C,26,TOT,2018-19,49,1091,24.4,0.616,0.089,0.344,10.7,31.4,21.1,12.0,0.8,4.4,12.7,28.5,2.2,1.9,4.2,0.183,0.1,1.2,1.2,0.9
Jonas Valančiūnas,C,26,TOR,2018-19,30,564,24.4,0.639,0.116,0.363,10.6,30.2,20.6,8.5,1.1,3.4,11.5,25.9,1.6,1.1,2.6,0.224,0.5,0.5,0.9,0.4
Jonas Valančiūnas,C,26,MEM,2018-19,19,527,24.4,0.594,0.065,0.326,10.9,32.7,21.6,15.7,0.6,5.4,13.8,31.4,0.7,0.9,1.5,0.14,-0.4,2.0,1.6,0.5
Jonathan Bender,SF,25,IND,2005-06,2,21,26.4,0.85,0.0,0.4,0.0,21.3,11.0,18.5,0.0,3.5,0.0,13.0,0.1,0.0,0.2,0.359,3.7,1.1,4.8,0.0
Jonathan Bender,SF,29,NYK,2009-10,25,292,10.8,0.529,0.39,0.26,5.7,14.7,10.1,8.4,0.3,4.3,20.1,21.6,-0.2,0.2,0.0,-0.001,-4.1,-1.2,-5.4,-0.2
Jonathan Gibson,PG,29,DAL,2016-17,17,231,9.5,0.492,0.474,0.305,0.5,11.1,5.5,18.8,1.8,0.0,16.3,26.3,-0.3,0.2,-0.1,-0.03,-3.3,-2.2,-5.5,-0.2
Jonathan Gibson,PG,30,BOS,2017-18,4,40,25.4,0.739,0.522,0.0,0.0,8.1,4.1,22.6,0.0,0.0,11.5,29.0,0.1,0.0,0.2,0.195,7.2,-5.3,1.9,0.0
Jonathan Isaac,PF,20,ORL,2017-18,27,536,9.8,0.465,0.317,0.172,3.3,17.2,10.2,4.8,3.0,4.5,14.8,15.0,-0.6,0.8,0.2,0.021,-4.9,3.1,-1.8,0.0
Jonathan Isaac,PF,21,ORL,2018-19,75,1996,13.0,0.537,0.435,0.221,5.2,17.0,11.0,5.7,1.4,4.1,10.1,16.3,0.9,3.1,4.0,0.096,-1.9,2.0,0.1,1.1
Jonathon Simmons,SG,26,SAS,2015-16,55,813,11.9,0.586,0.194,0.38,2.3,10.8,6.7,10.4,1.5,0.5,15.8,18.9,0.7,1.3,2.0,0.119,-1.1,0.2,-1.0,0.2
Jonathon Simmons,SG,27,SAS,2016-17,78,1392,9.9,0.504,0.242,0.314,1.7,11.1,6.5,13.2,1.7,1.5,13.7,18.0,-0.1,2.1,2.0,0.068,-2.8,0.9,-1.9,0.0
Jonathon Simmons,SG,28,ORL,2017-18,69,2029,12.7,0.555,0.268,0.317,3.3,9.7,6.5,13.3,1.4,0.6,14.4,22.0,0.8,1.1,1.9,0.045,-1.0,-1.3,-2.3,-0.2
Jonathon Simmons,SG,29,TOT,2018-19,56,1064,8.5,0.466,0.297,0.277,2.7,10.0,6.3,16.7,1.3,1.2,14.8,18.7,-0.8,1.1,0.3,0.013,-4.1,-0.6,-4.8,-0.7
Jonathon Simmons,SG,29,ORL,2018-19,41,845,7.4,0.445,0.29,0.252,2.9,9.9,6.3,15.7,1.0,1.4,15.0,19.3,-1.0,0.8,-0.2,-0.01,-4.9,-0.6,-5.4,-0.7
Jonathon Simmons,SF,29,PHI,2018-19,15,219,12.9,0.553,0.328,0.391,2.0,10.3,6.3,20.7,2.4,0.4,13.8,16.7,0.2,0.2,0.5,0.101,-1.1,-1.0,-2.1,0.0
Jonny Flynn,PG,20,MIN,2009-10,81,2339,13.0,0.511,0.226,0.284,1.1,8.1,4.6,24.7,1.8,0.1,17.9,24.2,-0.6,0.7,0.1,0.002,-1.2,-2.5,-3.6,-1.0
Jonny Flynn,PG,21,MIN,2010-11,53,983,7.1,0.444,0.338,0.142,1.3,7.5,4.3,27.6,1.7,0.2,26.4,18.5,-1.6,0.2,-1.3,-0.064,-4.4,-2.8,-7.2,-1.3
Jonny Flynn,PG,22,TOT,2011-12,29,416,11.2,0.442,0.26,0.298,2.2,8.8,5.5,35.7,0.8,0.4,19.5,20.2,0.0,0.1,0.1,0.012,-2.6,-3.6,-6.2,-0.4
Jordan Adams,SG,20,MEM,2014-15,30,248,12.8,0.489,0.291,0.267,4.2,8.7,6.4,10.1,3.4,2.3,12.7,20.4,0.0,0.4,0.4,0.073,-1.8,1.2,-0.6,0.1
Jordan Adams,SG,21,MEM,2015-16,2,15,17.3,0.427,0.167,0.833,0.0,15.9,7.6,31.9,10.3,0.0,19.6,30.5,0.0,0.0,0.0,0.015,-2.9,4.8,1.9,0.0
Jordan Bell,C,23,GSW,2017-18,57,809,18.0,0.641,0.022,0.238,8.9,19.0,14.3,16.9,2.1,5.5,20.0,13.9,1.6,1.4,2.9,0.174,0.0,3.7,3.7,1.2
Jordan Bell,C,24,GSW,2018-19,68,788,12.9,0.531,0.01,0.214,7.8,16.7,12.5,12.3,1.2,5.4,16.7,13.7,0.5,1.1,1.6,0.096,-3.1,2.8,-0.4,0.3
Jordan Clarkson,PG,22,LAL,2014-15,59,1476,16.9,0.528,0.203,0.265,4.0,10.5,7.1,23.8,1.8,0.7,12.6,23.0,2.0,0.4,2.4,0.078,1.4,-1.7,-0.3,0.6
Jordan Clarkson,SG,23,LAL,2015-16,79,2552,14.3,0.516,0.291,0.186,3.8,9.6,6.6,13.8,1.7,0.2,10.2,22.8,1.7,0.4,2.1,0.039,0.6,-2.0,-1.4,0.4
Jordan Clarkson,SG,24,LAL,2016-17,82,2397,13.2,0.526,0.332,0.157,2.2,9.3,5.6,14.4,1.8,0.3,12.5,23.3,0.5,0.7,1.2,0.024,-0.5,-2.3,-2.7,-0.4
Jordan Clarkson,SG,25,TOT,2017-18,81,1888,16.4,0.542,0.333,0.199,3.3,9.1,6.2,19.3,1.5,0.3,10.9,26.5,1.9,1.2,3.0,0.077,0.8,-2.7,-1.9,0.1
Jordan Clarkson,SG,26,CLE,2018-19,81,2214,16.8,0.539,0.377,0.163,3.9,9.9,6.8,15.6,1.3,0.5,9.6,27.6,1.9,-0.1,1.8,0.039,1.5,-3.5,-2.0,0.0
Jordan Crawford,SG,22,TOT,2010-11,42,1027,11.8,0.456,0.256,0.168,3.4,8.6,5.9,19.8,2.0,0.2,13.4,27.0,-1.0,0.5,-0.6,-0.026,-1.4,-2.5,-3.8,-0.5
Jordan Crawford,SG,23,WAS,2011-12,64,1753,14.5,0.488,0.313,0.233,2.8,8.1,5.4,19.3,1.7,0.2,12.8,28.1,0.3,0.7,1.1,0.029,0.7,-3.0,-2.3,-0.2
Jordan Crawford,SG,24,TOT,2012-13,70,1709,13.8,0.512,0.339,0.219,2.9,10.9,6.9,23.5,1.2,0.3,15.1,25.3,0.2,1.7,1.9,0.052,-0.1,-1.5,-1.6,0.2
Jordan Crawford,SG,25,TOT,2013-14,81,1859,14.3,0.516,0.362,0.214,1.7,9.5,5.5,25.1,1.3,0.2,13.4,23.7,1.5,1.4,2.8,0.073,0.4,-2.2,-1.8,0.1
Jordan Crawford,SG,28,NOP,2016-17,19,442,17.6,0.582,0.436,0.119,0.9,7.2,4.1,22.7,1.2,0.4,9.8,25.5,0.6,0.3,0.9,0.102,2.6,-3.0,-0.4,0.2
Jordan Crawford,SG,29,NOP,2017-18,5,53,19.1,0.601,0.519,0.037,4.2,4.0,4.1,37.7,0.9,1.5,15.4,26.5,0.1,0.0,0.2,0.15,3.9,-4.8,-0.9,0.0
Jordan Farmar,PG,20,LAL,2006-07,72,1090,10.8,0.515,0.466,0.129,2.4,10.3,6.4,19.0,2.1,0.5,19.0,15.8,0.2,0.7,0.9,0.038,-1.6,-1.4,-2.9,-0.3
Jordan Farmar,PG,21,LAL,2007-08,82,1690,15.4,0.563,0.487,0.124,2.7,9.1,6.0,20.5,2.3,0.2,14.0,20.2,2.1,1.8,3.9,0.111,1.9,-1.2,0.7,1.2
Jordan Farmar,PG,22,LAL,2008-09,65,1192,9.9,0.466,0.354,0.187,2.1,8.9,5.5,18.6,2.4,0.6,16.3,19.6,-0.7,1.5,0.8,0.034,-2.4,-0.5,-2.9,-0.3
Jordan Farmar,PG,23,LAL,2009-10,82,1474,12.3,0.535,0.445,0.165,1.1,8.8,5.0,13.4,1.8,0.6,11.5,19.0,1.0,1.8,2.8,0.093,-0.5,-1.0,-1.4,0.2
Jordan Farmar,PG,24,NJN,2010-11,73,1796,14.1,0.504,0.467,0.154,1.5,10.1,5.7,34.9,1.8,0.3,16.7,21.6,0.8,1.0,1.9,0.05,1.2,-2.1,-0.9,0.5
Jordan Farmar,PG,25,NJN,2011-12,39,831,17.4,0.592,0.397,0.2,1.0,7.8,4.3,29.0,1.5,0.2,16.6,22.6,1.8,0.0,1.8,0.104,2.4,-4.1,-1.8,0.1
Jordan Farmar,PG,27,LAL,2013-14,41,912,15.0,0.533,0.44,0.162,2.3,9.8,6.1,34.6,2.0,0.6,19.6,23.2,0.4,0.4,0.7,0.039,0.9,-2.0,-1.1,0.2
Jordan Farmar,PG,28,LAC,2014-15,36,529,9.9,0.513,0.614,0.07,1.7,7.1,4.5,18.0,1.9,0.8,16.4,16.6,0.2,0.4,0.6,0.053,-0.7,-1.3,-2.0,0.0
Jordan Farmar,PG,29,MEM,2015-16,12,291,13.2,0.527,0.45,0.1,1.5,8.6,4.9,20.6,2.7,0.6,14.7,18.9,0.2,0.2,0.4,0.064,0.2,-1.4,-1.2,0.1
Jordan Farmar,PG,30,SAC,2016-17,2,35,14.4,0.5,0.75,0.0,3.3,6.5,5.0,38.6,2.9,0.0,20.0,19.4,0.0,0.0,0.0,0.063,0.7,-3.7,-3.0,0.0
Jordan Hamilton,SF,21,DEN,2011-12,26,258,13.9,0.508,0.423,0.045,5.1,22.4,14.0,12.6,0.8,0.9,12.4,22.3,0.1,0.2,0.3,0.055,-0.6,-1.8,-2.4,0.0
Jordan Hamilton,SF,22,DEN,2012-13,40,397,16.9,0.49,0.363,0.129,9.2,17.4,13.4,9.2,1.9,1.6,8.2,25.3,0.4,0.5,0.8,0.1,0.6,-1.6,-1.0,0.1
Jordan Hamilton,SF,23,TOT,2013-14,60,1019,12.7,0.507,0.527,0.136,3.5,17.1,10.4,7.9,2.1,1.5,10.4,18.7,0.4,1.1,1.6,0.073,-0.9,-0.1,-1.0,0.3
Jordan Hamilton,SF,24,LAC,2014-15,14,122,8.3,0.543,0.6,0.0,1.9,12.7,7.4,8.2,0.8,0.0,10.3,14.4,0.1,0.1,0.1,0.059,-1.1,-2.1,-3.2,0.0
Jordan Hamilton,SF,25,NOP,2015-16,11,304,12.4,0.499,0.388,0.181,4.2,18.9,11.3,12.9,1.3,0.8,12.0,20.7,0.0,0.2,0.2,0.03,-1.2,-1.0,-2.2,0.0
Jordan Hill,PF,22,TOT,2009-10,47,624,15.0,0.528,0.01,0.338,13.5,18.7,16.0,5.2,1.1,2.5,11.5,18.7,0.8,0.6,1.4,0.105,-2.3,-0.8,-3.1,-0.2
Jordan Hill,C,23,HOU,2010-11,72,1125,13.0,0.521,0.006,0.241,12.9,18.0,15.4,4.0,0.6,3.2,13.7,17.7,0.8,1.0,1.8,0.079,-2.8,-0.6,-3.4,-0.4
Jordan Hill,C,24,TOT,2011-12,39,551,15.8,0.522,0.018,0.285,12.8,26.3,19.5,4.7,1.3,3.6,14.3,17.9,0.5,0.8,1.4,0.118,-2.8,0.8,-2.1,0.0
Jordan Hill,PF,25,LAL,2012-13,29,458,18.5,0.533,0.013,0.394,20.3,19.7,20.0,4.7,0.9,3.0,12.5,20.2,0.9,0.5,1.4,0.147,-0.7,-0.9,-1.6,0.0
Jordan Hill,PF,26,LAL,2013-14,72,1500,19.3,0.579,0.002,0.347,13.8,24.3,19.0,5.9,0.9,3.1,11.1,19.7,3.1,1.3,4.4,0.141,-0.5,-0.2,-0.7,0.5
Jordan Hill,C,27,LAL,2014-15,70,1874,16.2,0.494,0.014,0.216,9.9,23.4,16.4,9.5,0.9,2.3,11.1,22.7,1.1,1.1,2.2,0.055,-2.0,-0.6,-2.6,-0.3
Jordan Hill,C,28,IND,2015-16,73,1513,16.4,0.534,0.002,0.228,11.3,21.2,16.3,9.5,1.2,2.0,13.2,20.3,1.6,2.3,3.9,0.124,-1.7,0.9,-0.7,0.5
Jordan Hill,C,29,MIN,2016-17,7,47,5.5,0.432,0.0,0.154,19.6,15.1,17.4,0.0,1.1,0.0,22.4,16.8,-0.1,0.0,0.0,-0.033,-6.7,-6.2,-12.9,-0.1
Jordan Loyd,PG,25,TOR,2018-19,12,55,16.3,0.635,0.444,0.611,2.0,15.3,8.8,15.1,0.0,0.0,8.1,19.4,0.2,0.0,0.2,0.19,1.0,-3.0,-2.0,0.0
Jordan McRae,PG,24,TOT,2015-16,22,195,14.2,0.548,0.282,0.359,2.3,9.2,5.7,20.9,0.7,0.4,14.2,23.9,0.2,0.1,0.4,0.087,-0.9,-3.3,-4.3,-0.1
Jordan McRae,SG,25,CLE,2016-17,37,384,9.7,0.488,0.34,0.227,1.8,9.7,5.9,7.4,1.0,1.3,7.8,20.8,-0.1,0.2,0.2,0.02,-3.7,-2.8,-6.5,-0.4
Jordan McRae,SG,27,WAS,2018-19,27,333,14.3,0.55,0.269,0.269,1.9,11.3,6.5,13.2,1.8,1.8,9.4,20.4,0.3,0.2,0.5,0.066,-1.9,-1.8,-3.7,-0.1
Jordan Mickey,PF,21,BOS,2015-16,16,57,15.3,0.398,0.0,0.455,11.0,13.3,12.1,2.6,0.0,15.1,3.6,20.5,0.0,0.1,0.1,0.068,-7.3,4.1,-3.2,0.0
Jordan Mickey,PF,22,BOS,2016-17,25,141,9.8,0.473,0.029,0.412,10.4,16.4,13.4,7.1,1.1,3.5,18.3,15.5,-0.1,0.2,0.1,0.036,-5.7,0.9,-4.9,-0.1
Jordan Mickey,PF,23,MIA,2017-18,23,284,10.6,0.515,0.195,0.232,7.1,24.9,16.0,4.8,1.1,3.0,16.6,17.1,-0.1,0.4,0.3,0.054,-5.5,0.4,-5.1,-0.2
Jordan Sibert,SG,26,ATL,2018-19,1,4,29.7,1.5,1.0,0.0,0.0,0.0,0.0,0.0,0.0,0.0,0.0,10.2,0.0,0.0,0.0,0.183,13.0,-6.7,6.3,0.0
Jordan Williams,C,21,NJN,2011-12,43,635,14.5,0.544,0.0,0.434,11.7,16.9,14.3,2.9,1.8,1.8,11.3,14.7,1.0,0.4,1.3,0.101,-1.9,-1.1,-3.1,-0.2
Jorge Garbajosa,PF,29,TOR,2006-07,67,1909,12.1,0.503,0.365,0.147,2.9,17.5,10.2,10.1,2.1,0.6,10.2,15.2,0.6,2.4,3.0,0.074,-0.8,1.7,0.8,1.4
Jorge Garbajosa,PF,30,TOR,2007-08,7,74,10.4,0.44,0.64,0.0,3.2,20.9,12.0,5.9,2.2,0.0,3.8,16.6,0.0,0.1,0.1,0.047,-1.9,-0.8,-2.7,0.0
Jorge Gutiérrez,PG,25,BRK,2013-14,15,244,8.7,0.523,0.222,0.222,1.5,9.3,5.4,19.4,2.2,0.3,19.1,14.1,0.1,0.2,0.2,0.048,-2.6,-0.8,-3.4,-0.1
Jorge Gutiérrez,PG,26,TOT,2014-15,20,175,11.0,0.567,0.073,0.317,3.3,12.9,8.1,19.6,1.8,0.0,20.4,15.2,0.1,0.2,0.3,0.088,-2.5,-0.6,-3.1,0.0
Jorge Gutiérrez,PG,27,CHO,2015-16,12,63,19.1,0.694,0.182,1.0,0.0,12.3,6.1,40.3,2.4,0.0,27.5,15.6,0.2,0.1,0.3,0.201,-0.8,-2.4,-3.2,0.0
Jose Calderon,PG,35,TOT,2016-17,41,539,8.9,0.506,0.478,0.09,3.0,12.2,7.5,23.3,1.0,0.2,22.7,14.4,0.0,0.3,0.3,0.023,-2.9,-1.8,-4.7,-0.4
Josh Akognon,PG,26,DAL,2012-13,3,9,15.3,0.625,0.5,0.0,0.0,12.1,6.2,19.4,0.0,0.0,0.0,20.3,0.0,0.0,0.0,0.196,4.7,-4.9,-0.2,0.0
Josh Boone,PF,22,NJN,2006-07,61,669,14.6,0.587,0.0,0.602,11.4,19.6,15.5,2.6,0.9,2.5,13.2,17.4,0.9,0.8,1.7,0.122,-3.0,-1.4,-4.4,-0.4
Josh Boone,PF,23,NJN,2007-08,70,1773,14.8,0.543,0.0,0.5,12.5,20.8,16.6,5.3,1.1,2.7,11.4,15.4,1.9,1.8,3.7,0.1,-1.8,0.6,-1.2,0.3
Josh Boone,C,24,NJN,2008-09,62,995,13.3,0.513,0.0,0.397,12.3,18.7,15.4,5.0,1.2,3.9,11.0,13.3,0.9,0.9,1.8,0.089,-2.4,1.1,-1.3,0.2
Josh Boone,PF,25,NJN,2009-10,63,1045,13.7,0.509,0.0,0.26,13.1,22.0,17.4,4.6,1.5,3.4,13.0,12.5,0.7,1.1,1.8,0.084,-3.0,1.1,-1.9,0.0
Josh Childress,SF,22,ATL,2005-06,74,2249,15.8,0.626,0.129,0.399,7.0,13.9,10.3,9.4,2.0,1.3,14.6,14.0,4.6,1.1,5.7,0.121,1.4,0.1,1.5,2.0
Josh Childress,SG,23,ATL,2006-07,55,2024,16.2,0.586,0.149,0.405,7.2,13.1,10.1,10.8,1.5,1.4,11.6,15.7,4.1,1.4,5.5,0.13,1.6,0.4,2.0,2.0
Josh Childress,SF,24,ATL,2007-08,76,2274,17.8,0.647,0.105,0.48,9.0,10.2,9.6,8.5,1.6,1.4,12.4,15.8,6.0,1.5,7.6,0.16,2.5,0.0,2.4,2.5
Josh Childress,SG,27,PHO,2010-11,54,894,13.0,0.567,0.075,0.276,8.9,11.1,10.0,7.0,1.9,1.9,15.5,14.3,0.8,0.6,1.4,0.076,-0.7,1.3,0.5,0.6
Josh Childress,SF,28,PHO,2011-12,34,491,11.1,0.501,0.242,0.02,7.2,14.6,10.9,10.0,1.5,0.9,8.3,10.1,0.6,0.4,0.9,0.092,-0.3,1.4,1.1,0.4
Josh Childress,SF,29,BRK,2012-13,14,100,7.0,0.32,0.143,0.095,7.0,10.7,8.9,7.3,1.1,1.5,0.0,10.1,0.0,0.1,0.1,0.029,-3.8,0.3,-3.5,0.0
Josh Childress,SF,30,NOP,2013-14,4,24,3.9,,,,0.0,14.7,7.3,10.7,2.2,0.0,100.0,1.9,0.0,0.0,0.0,-0.003,-6.2,2.0,-4.3,0.0
Josh Davis,PF,25,TOT,2005-06,6,17,13.6,0.361,0.286,0.429,20.4,7.1,13.7,8.8,6.0,0.0,10.7,24.8,0.0,0.0,0.0,0.018,-2.0,-0.2,-2.2,0.0
Josh Davis,PF,25,MIL,2005-06,4,12,5.2,0.25,0.25,0.0,19.4,10.1,14.9,12.5,4.4,0.0,20.0,19.0,0.0,0.0,0.0,-0.089,-4.5,1.5,-3.0,0.0
Josh Davis,PF,25,HOU,2005-06,1,0,,,,,,,,,,,,,0.0,0.0,0.0,,-7.2,0.9,-6.3,0.0
Josh Davis,PF,25,PHO,2005-06,1,5,33.7,0.463,0.333,1.0,22.7,0.0,11.1,0.0,10.0,0.0,0.0,38.7,0.0,0.0,0.0,0.275,4.2,-4.4,-0.3,0.0
Josh Davis,PF,31,MEM,2011-12,15,130,11.3,0.459,0.481,0.296,14.1,10.1,12.1,6.8,2.8,0.6,8.9,11.7,0.2,0.2,0.3,0.124,0.9,0.8,1.7,0.1
Josh Gray,PG,24,PHO,2017-18,5,86,7.2,0.349,0.317,0.268,2.4,10.1,6.2,20.8,4.5,1.9,13.2,26.1,-0.3,0.1,-0.2,-0.118,-5.9,0.4,-5.5,-0.1
Josh Harrellson,PF,22,NYK,2011-12,37,540,13.7,0.505,0.396,0.174,10.0,21.0,15.4,3.3,2.2,3.0,11.1,15.0,0.4,1.0,1.4,0.127,-1.6,1.2,-0.4,0.2
Josh Harrellson,C,23,MIA,2012-13,6,31,8.5,0.506,0.556,0.222,12.6,15.0,13.9,0.0,1.7,2.6,23.3,19.9,0.0,0.0,0.0,0.002,-5.1,-4.5,-9.6,-0.1
Josh Harrellson,C,24,DET,2013-14,32,317,13.4,0.547,0.378,0.085,9.8,16.7,13.1,6.9,1.0,3.8,10.5,12.8,0.5,0.2,0.7,0.108,-0.5,0.2,-0.2,0.1
Josh Hart,SG,22,LAL,2017-18,63,1461,12.2,0.596,0.525,0.251,3.1,16.0,9.6,7.6,1.5,0.9,10.1,13.5,1.9,1.5,3.4,0.111,-0.3,0.2,-0.1,0.7
Josh Hart,SG,23,LAL,2018-19,67,1715,9.3,0.526,0.591,0.172,2.2,12.6,7.5,7.0,1.7,1.9,10.4,13.5,0.2,1.9,2.1,0.059,-1.8,1.1,-0.7,0.6
Josh Howard,SF,25,DAL,2005-06,59,1915,19.3,0.536,0.085,0.359,7.9,15.3,11.7,10.4,1.9,1.0,8.4,22.9,4.4,2.3,6.7,0.168,2.2,0.1,2.3,2.0
Josh Howard,SF,26,DAL,2006-07,70,2455,20.0,0.548,0.222,0.273,6.5,16.6,11.7,9.2,1.8,1.7,9.3,25.2,5.0,3.8,8.8,0.173,2.1,0.7,2.8,3.0
Josh Howard,SF,27,DAL,2007-08,76,2757,18.3,0.534,0.168,0.308,5.2,16.7,11.2,10.6,1.1,0.9,7.5,25.9,4.8,3.2,8.0,0.14,1.3,-0.5,0.8,1.9
Josh Howard,SF,28,DAL,2008-09,52,1663,17.0,0.532,0.215,0.281,4.1,14.0,9.1,8.6,1.7,1.3,9.2,26.7,1.5,1.7,3.2,0.091,0.1,-1.0,-0.9,0.5
Josh Howard,SF,29,TOT,2009-10,35,918,12.7,0.496,0.222,0.358,3.8,11.8,7.8,8.5,1.5,0.9,9.3,24.8,0.2,0.9,1.0,0.054,-1.8,-1.5,-3.3,-0.3
Josh Howard,SF,30,WAS,2010-11,18,409,9.2,0.416,0.179,0.29,4.8,16.2,10.3,9.4,1.6,0.9,9.9,21.9,-0.5,0.3,-0.2,-0.027,-4.1,-1.6,-5.8,-0.4
Josh Howard,SF,31,UTA,2011-12,43,991,10.5,0.461,0.102,0.269,4.5,13.9,9.2,7.9,1.7,0.8,11.6,20.7,-0.2,0.7,0.5,0.025,-2.6,-0.9,-3.4,-0.4
Josh Howard,SF,32,MIN,2012-13,11,207,9.5,0.45,0.208,0.156,4.8,15.4,9.9,3.2,2.5,1.1,10.8,20.0,-0.2,0.3,0.0,0.009,-4.6,-0.6,-5.2,-0.2
Josh Huestis,PF,24,OKC,2015-16,5,55,6.7,0.509,0.5,0.333,4.2,15.0,9.9,0.0,0.9,2.8,17.9,13.0,0.0,0.1,0.0,0.01,-4.9,-2.5,-7.4,-0.1
Josh Huestis,PF,25,OKC,2016-17,2,31,26.1,0.612,0.364,0.091,14.3,17.9,16.1,15.5,0.0,7.7,0.0,15.7,0.1,0.0,0.2,0.265,3.9,1.8,5.7,0.1
Josh Huestis,PF,26,OKC,2017-18,69,982,5.4,0.417,0.632,0.11,4.6,13.9,9.1,2.7,0.8,4.0,12.0,9.5,-0.5,1.0,0.5,0.024,-4.6,0.7,-3.9,-0.5
Josh Jackson,SF,20,PHO,2017-18,77,1959,11.8,0.48,0.233,0.299,5.1,14.2,9.6,10.1,2.0,1.4,12.2,26.0,-2.0,1.2,-0.7,-0.018,-3.1,-1.2,-4.3,-1.1
Josh Jackson,SG,21,PHO,2018-19,79,1988,10.6,0.487,0.268,0.253,3.6,15.9,9.7,14.1,1.8,2.3,15.6,23.9,-2.8,1.1,-1.7,-0.04,-4.3,-0.5,-4.8,-1.4
Josh Magette,PG,28,ATL,2017-18,18,216,11.9,0.464,0.478,0.174,1.0,8.8,4.9,36.4,1.8,0.4,15.4,11.8,0.3,0.1,0.4,0.092,-2.3,-3.1,-5.4,-0.2
Josh McRoberts,PF,20,POR,2007-08,8,28,20.3,0.6,0.1,0.0,8.4,33.5,21.0,13.7,2.0,0.0,16.7,20.3,0.0,0.0,0.1,0.131,-1.0,0.8,-0.3,0.0
Josh McRoberts,PF,21,IND,2008-09,33,279,12.5,0.451,0.12,0.157,10.2,19.1,14.6,8.4,2.1,4.3,11.9,15.7,0.0,0.4,0.4,0.073,-3.3,2.2,-1.1,0.1
Josh McRoberts,C,22,IND,2009-10,42,524,14.8,0.55,0.158,0.26,8.3,18.2,13.2,13.5,1.6,2.2,10.5,15.3,0.8,0.7,1.5,0.134,-0.7,1.4,0.7,0.4
Josh McRoberts,PF,23,IND,2010-11,72,1597,16.0,0.608,0.155,0.308,7.6,18.8,13.3,15.0,1.5,2.6,17.5,14.7,2.6,2.2,4.9,0.147,0.4,2.5,2.9,2.0
Josh McRoberts,PF,24,LAL,2011-12,50,718,10.9,0.516,0.059,0.305,9.9,16.4,13.3,10.5,1.1,1.8,18.8,10.5,0.6,0.8,1.4,0.095,-1.8,1.6,-0.2,0.3
Josh McRoberts,PF,25,TOT,2012-13,67,1487,12.7,0.527,0.245,0.248,7.0,18.1,12.4,14.8,1.1,1.4,14.8,13.7,1.5,0.7,2.2,0.072,-1.0,0.1,-0.8,0.4
Josh McRoberts,PF,26,CHA,2013-14,78,2360,13.8,0.548,0.514,0.15,4.0,13.8,8.9,21.9,1.3,1.5,12.1,13.4,3.5,3.0,6.5,0.132,1.3,1.6,2.9,2.9
Josh McRoberts,PF,27,MIA,2014-15,17,296,10.2,0.613,0.358,0.245,2.9,15.1,9.1,17.5,2.1,0.9,27.3,12.8,0.1,0.3,0.4,0.07,-1.7,0.6,-1.1,0.1
Josh McRoberts,PF,28,MIA,2015-16,42,595,9.9,0.453,0.331,0.27,4.3,15.3,10.0,19.4,1.6,0.9,15.3,15.0,0.1,0.7,0.8,0.064,-1.9,0.6,-1.4,0.1
Josh McRoberts,PF,29,MIA,2016-17,22,381,9.8,0.439,0.263,0.076,6.6,15.0,10.7,18.9,1.3,0.8,15.9,16.9,-0.1,0.4,0.3,0.036,-2.9,0.6,-2.4,0.0
Josh McRoberts,PF,30,DAL,2017-18,2,6,-12.5,0.0,1.0,0.0,0.0,0.0,0.0,0.0,0.0,0.0,0.0,7.6,0.0,0.0,0.0,-0.19,-9.8,-2.4,-12.2,0.0
Josh Okogie,SG,20,MIN,2018-19,74,1757,9.4,0.492,0.423,0.319,2.5,10.9,6.6,6.9,2.4,1.6,9.8,15.4,-0.1,1.4,1.2,0.034,-2.0,0.4,-1.7,0.1
Josh Powell,PF,23,DAL,2005-06,37,429,9.2,0.546,0.0,0.556,8.0,14.6,11.4,3.2,0.9,0.7,17.9,13.4,0.3,0.4,0.7,0.079,-2.5,-1.1,-3.6,-0.2
Josh Powell,PF,24,TOT,2006-07,37,353,9.6,0.52,0.0,0.452,7.4,20.5,13.8,8.7,0.7,2.6,20.6,17.1,-0.1,0.3,0.3,0.036,-5.2,0.0,-5.3,-0.3
Josh Powell,PF,24,IND,2006-07,7,64,-1.3,0.296,0.0,0.8,12.4,22.1,17.2,6.7,0.0,0.0,19.8,17.7,-0.2,0.1,-0.1,-0.096,-9.2,-2.0,-11.1,-0.1
Josh Powell,PF,24,GSW,2006-07,30,289,12.0,0.57,0.0,0.385,6.3,20.1,13.1,9.1,0.8,3.2,20.8,17.0,0.1,0.3,0.4,0.065,-4.4,0.4,-4.0,-0.1
Josh Powell,C,25,LAC,2007-08,64,1228,10.7,0.5,0.01,0.276,10.7,20.4,15.6,6.4,0.6,1.4,15.5,15.7,0.1,1.0,1.1,0.042,-3.9,-0.3,-4.1,-0.7
Josh Powell,PF,26,LAL,2008-09,60,703,9.9,0.479,0.0,0.209,11.6,16.7,14.1,5.6,0.7,1.9,16.3,19.5,-0.3,0.9,0.6,0.043,-4.6,-0.9,-5.5,-0.6
Josh Powell,PF,27,LAL,2009-10,63,581,6.7,0.407,0.082,0.16,8.5,13.7,11.2,9.0,0.8,0.8,13.7,18.6,-0.7,0.7,0.0,0.001,-5.5,-0.8,-6.2,-0.6
Josh Powell,PF,28,ATL,2010-11,54,653,8.0,0.492,0.005,0.216,9.1,15.8,12.5,5.5,0.4,0.6,18.9,20.4,-0.7,0.5,-0.2,-0.012,-5.8,-2.3,-8.0,-1.0
Josh Powell,PF,31,HOU,2013-14,1,19,2.5,0.333,0.0,0.0,0.0,27.7,14.6,0.0,0.0,3.9,14.3,16.1,-0.1,0.0,0.0,-0.094,-13.5,-3.0,-16.4,-0.1
Josh Richardson,SG,22,MIA,2015-16,52,1107,11.4,0.569,0.423,0.232,2.2,8.5,5.5,9.7,1.7,1.7,10.5,13.8,1.3,1.2,2.5,0.109,0.2,0.4,0.6,0.7
Josh Richardson,SG,23,MIA,2016-17,53,1614,10.7,0.493,0.442,0.15,2.4,9.2,5.8,12.7,1.9,1.9,10.6,16.8,0.3,1.9,2.2,0.066,-1.0,1.1,0.2,0.9
Josh Richardson,SF,24,MIA,2017-18,81,2689,13.6,0.551,0.38,0.16,2.9,9.0,6.0,13.2,2.3,2.4,12.9,18.2,1.8,3.5,5.4,0.096,-0.1,1.5,1.4,2.3
Josh Richardson,SG,25,MIA,2018-19,73,2539,14.0,0.536,0.448,0.225,2.3,8.8,5.5,17.9,1.5,1.2,9.1,20.9,3.0,2.6,5.6,0.106,1.0,-0.4,0.6,1.7
Josh Selby,PG,20,MEM,2011-12,28,237,3.3,0.403,0.208,0.194,1.0,6.5,3.7,19.3,1.6,0.0,27.1,20.5,-0.7,0.2,-0.5,-0.105,-7.4,-2.4,-9.8,-0.5
Josh Selby,PG,21,MEM,2012-13,10,59,0.1,0.373,0.273,0.5,0.0,10.2,5.0,10.5,1.8,0.0,20.7,26.4,-0.3,0.1,-0.2,-0.143,-9.4,-2.2,-11.6,-0.1
Josh Smith,SF,20,ATL,2005-06,80,2559,15.5,0.5,0.142,0.377,8.0,17.2,12.5,12.2,1.3,6.2,15.2,18.9,1.5,2.1,3.6,0.067,-1.3,2.3,1.0,1.9
Josh Smith,SF,21,ATL,2006-07,72,2647,18.3,0.506,0.153,0.39,7.4,21.0,14.1,16.3,2.0,6.1,16.3,24.1,0.4,4.0,4.4,0.079,-0.6,3.6,3.0,3.4
Josh Smith,PF,22,ATL,2007-08,81,2873,19.0,0.52,0.087,0.414,6.6,20.4,13.5,16.6,2.3,5.9,15.5,25.0,1.2,4.6,5.8,0.097,-0.7,3.8,3.1,3.7
Josh Smith,PF,23,ATL,2008-09,69,2421,17.2,0.533,0.102,0.423,6.5,17.6,12.1,12.1,2.1,3.5,13.8,22.6,1.3,3.6,4.9,0.097,-0.8,2.5,1.7,2.3
Josh Smith,PF,24,ATL,2009-10,81,2871,21.0,0.536,0.007,0.422,9.0,19.8,14.3,19.0,2.4,4.5,14.3,22.2,4.2,5.1,9.3,0.155,1.2,4.3,5.5,5.4
Josh Smith,PF,25,ATL,2010-11,77,2645,19.2,0.54,0.148,0.304,6.2,23.7,15.0,17.1,2.0,3.5,14.3,24.7,1.9,4.5,6.4,0.116,0.2,3.0,3.1,3.4
Josh Smith,PF,26,ATL,2011-12,66,2329,21.1,0.499,0.099,0.292,6.9,24.8,15.9,20.6,2.1,3.8,11.7,28.4,1.9,4.9,6.8,0.139,0.3,3.7,4.1,3.5
Josh Smith,PF,27,ATL,2012-13,76,2683,17.7,0.501,0.17,0.272,5.8,21.3,13.6,20.9,1.8,3.9,14.6,26.7,-0.3,4.5,4.2,0.075,-1.0,3.2,2.1,2.8
Josh Smith,SF,28,DET,2013-14,77,2730,14.1,0.463,0.215,0.244,3.9,17.6,10.4,15.0,1.9,3.2,12.7,24.5,-1.4,2.5,1.1,0.02,-1.7,1.1,-0.6,0.9
Josh Smith,PF,29,TOT,2014-15,83,2300,14.9,0.467,0.231,0.258,7.2,18.3,12.6,20.5,1.9,3.9,15.8,24.8,-1.1,3.4,2.3,0.048,-1.7,2.6,1.0,1.7
Josh Smith,PF,30,TOT,2015-16,55,880,10.6,0.439,0.41,0.192,6.4,17.4,11.9,15.9,1.9,4.3,16.9,22.9,-1.2,1.2,0.0,0.0,-3.6,1.6,-2.0,0.0
Josh Smith,PF,32,NOP,2017-18,3,12,3.5,0.25,0.0,0.0,28.1,8.7,18.1,0.0,0.0,0.0,0.0,14.4,0.0,0.0,0.0,-0.013,-6.0,-7.4,-13.4,0.0
José Calderón,SG,24,TOR,2005-06,64,1487,11.4,0.495,0.138,0.295,2.4,9.5,5.8,29.1,1.5,0.2,22.3,14.1,0.9,0.0,0.9,0.029,-1.8,-2.1,-3.9,-0.7
José Calderón,PG,25,TOR,2006-07,77,1614,19.1,0.588,0.149,0.283,1.5,8.3,4.9,39.7,2.0,0.2,16.2,19.5,4.0,1.5,5.4,0.162,2.1,-2.0,0.1,0.9
José Calderón,PG,26,TOR,2007-08,82,2484,20.5,0.607,0.26,0.17,1.6,9.7,5.6,42.3,1.9,0.2,14.2,16.8,8.1,2.2,10.2,0.197,4.0,-1.5,2.6,2.9
José Calderón,PG,27,TOR,2008-09,68,2333,18.8,0.613,0.314,0.239,0.8,8.9,4.9,41.0,1.7,0.2,16.7,16.9,6.2,1.3,7.5,0.154,3.3,-2.4,0.9,1.7
José Calderón,PG,28,TOR,2009-10,68,1817,16.5,0.569,0.301,0.183,1.5,7.5,4.6,33.8,1.3,0.3,13.9,17.9,4.2,0.0,4.2,0.111,2.7,-3.4,-0.6,0.6
José Calderón,PG,29,TOR,2010-11,68,2102,16.3,0.522,0.262,0.173,1.7,9.9,5.7,43.0,2.0,0.3,18.8,16.8,3.2,0.4,3.7,0.084,1.4,-2.7,-1.3,0.4
José Calderón,PG,30,TOR,2011-12,53,1799,16.7,0.547,0.333,0.143,1.3,9.1,5.2,44.2,1.4,0.1,17.0,16.0,3.9,1.2,5.1,0.136,2.2,-2.6,-0.4,0.7
José Calderón,PG,31,TOT,2012-13,73,2160,18.8,0.616,0.444,0.126,1.1,8.6,4.8,39.8,1.4,0.3,15.8,17.0,6.6,0.9,7.4,0.165,3.7,-3.3,0.4,1.3
José Calderón,PG,32,DAL,2013-14,81,2468,15.2,0.596,0.568,0.084,1.4,7.6,4.5,22.4,1.4,0.4,11.7,16.2,5.4,0.8,6.3,0.122,3.3,-2.0,1.3,2.1
José Calderón,PG,33,NYK,2014-15,42,1270,11.3,0.519,0.401,0.09,1.7,9.8,5.6,25.6,1.3,0.0,16.9,16.1,0.8,0.1,0.9,0.033,-0.5,-2.6,-3.2,-0.4
José Calderón,PG,34,NYK,2015-16,72,2024,12.3,0.571,0.446,0.105,1.2,11.0,6.2,22.3,1.6,0.3,15.4,12.6,2.7,1.4,4.0,0.096,0.5,-0.6,-0.1,1.0
José Calderón,PG,36,CLE,2017-18,57,914,11.3,0.643,0.524,0.162,1.7,8.5,5.2,17.4,1.4,0.2,17.1,11.6,1.5,0.3,1.8,0.095,0.1,-2.0,-1.9,0.0
José Calderón,PG,37,DET,2018-19,49,632,7.1,0.453,0.475,0.092,1.8,8.8,5.2,24.9,1.2,0.4,21.9,10.9,0.0,0.5,0.6,0.043,-4.0,-1.2,-5.1,-0.5
Jrue Holiday,PG,19,PHI,2009-10,73,1767,12.3,0.526,0.306,0.165,3.7,9.1,6.4,24.4,2.3,0.8,21.9,18.4,0.2,1.0,1.2,0.032,-0.8,-1.0,-1.8,0.1
Jrue Holiday,PG,20,PHI,2010-11,82,2901,15.4,0.525,0.222,0.209,2.7,10.5,6.6,29.0,2.2,0.8,16.7,20.8,2.2,3.5,5.7,0.094,0.8,0.6,1.4,2.5
Jrue Holiday,PG,21,PHI,2011-12,65,2196,14.7,0.496,0.205,0.144,2.9,7.9,5.4,21.6,2.5,0.6,13.2,21.8,0.9,3.3,4.2,0.092,0.2,0.6,0.9,1.6
Jrue Holiday,PG,22,PHI,2012-13,78,2926,16.7,0.496,0.192,0.188,3.3,9.5,6.4,36.5,2.2,0.9,17.3,26.6,0.6,2.7,3.3,0.055,1.0,-0.4,0.6,1.9
Jrue Holiday,PG,23,NOP,2013-14,34,1143,17.1,0.505,0.17,0.139,2.8,11.8,7.2,38.9,2.6,0.9,17.9,23.3,0.8,0.7,1.5,0.064,1.5,-0.8,0.7,0.8
Jrue Holiday,PG,24,NOP,2014-15,40,1303,18.8,0.522,0.253,0.142,2.8,9.0,5.9,34.9,2.5,1.3,13.8,23.1,2.3,1.1,3.4,0.124,3.0,-0.7,2.3,1.4
Jrue Holiday,PG,25,NOP,2015-16,65,1831,19.7,0.529,0.277,0.231,1.6,10.5,5.9,37.3,2.4,1.0,14.0,28.9,2.2,1.2,3.4,0.089,3.1,-1.3,1.7,1.7
Jrue Holiday,PG,26,NOP,2016-17,67,2190,17.1,0.532,0.315,0.188,2.2,10.6,6.4,35.9,2.2,1.6,16.7,23.5,1.3,2.6,3.8,0.084,1.2,0.5,1.7,2.0
Jrue Holiday,SG,27,NOP,2017-18,81,2927,17.8,0.57,0.286,0.191,2.4,10.8,6.8,24.9,2.0,1.7,13.6,23.1,4.2,2.9,7.1,0.116,1.8,0.3,2.1,3.0
Jrue Holiday,SG,28,NOP,2018-19,67,2402,19.4,0.555,0.313,0.234,3.3,11.0,7.2,31.8,2.1,1.8,14.1,25.4,3.5,1.9,5.4,0.108,2.9,-0.1,2.8,2.9
Juan Carlos Navarro,SG,27,MEM,2007-08,82,2117,11.9,0.54,0.564,0.191,1.8,9.4,5.6,13.3,1.1,0.0,13.9,20.2,1.0,0.4,1.4,0.031,0.4,-2.7,-2.3,-0.1
Juan Dixon,SG,27,POR,2005-06,76,1920,14.6,0.516,0.207,0.236,1.9,9.3,5.5,14.9,1.7,0.2,11.1,25.2,1.1,0.1,1.2,0.03,0.1,-3.1,-2.9,-0.5
Juan Dixon,SG,28,TOT,2006-07,81,1926,11.8,0.516,0.321,0.165,1.7,8.4,5.0,11.0,2.1,0.4,11.8,20.7,0.5,1.2,1.7,0.042,-0.6,-1.4,-2.0,0.0
Juan Dixon,SG,28,POR,2006-07,55,1243,11.2,0.515,0.322,0.162,1.6,7.0,4.3,11.6,2.1,0.4,13.9,20.9,0.1,0.5,0.6,0.023,-0.8,-1.8,-2.6,-0.2
Juan Dixon,SG,28,TOR,2006-07,26,683,12.9,0.517,0.32,0.17,1.9,10.8,6.3,9.9,2.0,0.2,7.9,20.5,0.4,0.7,1.1,0.076,-0.2,-0.7,-0.9,0.2
Juan Dixon,PG,29,TOT,2007-08,53,668,11.3,0.488,0.279,0.101,2.7,10.7,6.7,23.3,1.7,0.2,16.7,22.8,-0.3,0.7,0.4,0.026,-1.8,-1.2,-3.0,-0.2
Juan Dixon,PG,29,TOR,2007-08,36,424,10.7,0.454,0.244,0.119,2.5,10.7,6.6,23.4,2.6,0.4,17.2,22.6,-0.5,0.5,0.0,0.002,-2.8,-0.3,-3.2,-0.1
Juan Dixon,PG,29,DET,2007-08,17,244,12.4,0.544,0.337,0.071,2.9,10.8,6.9,23.1,0.0,0.0,15.8,23.2,0.1,0.2,0.3,0.068,0.1,-2.8,-2.7,0.0
Juan Dixon,PG,30,WAS,2008-09,50,816,9.3,0.478,0.293,0.152,1.1,8.7,4.8,22.7,2.3,0.6,20.4,19.1,-0.8,0.2,-0.5,-0.031,-3.2,-2.4,-5.6,-0.8
Juan Hernangomez,PF,21,DEN,2016-17,62,842,13.4,0.592,0.504,0.339,5.7,18.7,12.3,4.7,1.7,1.1,10.7,14.6,1.2,0.6,1.8,0.104,-0.1,-1.2,-1.3,0.1
Juan Hernangómez,PF,22,DEN,2017-18,25,277,9.7,0.511,0.667,0.16,7.4,14.6,11.0,5.9,1.1,0.9,10.1,14.0,0.2,0.1,0.4,0.061,-1.1,-2.2,-3.3,-0.1
Juan Hernangómez,PF,23,DEN,2018-19,70,1358,11.0,0.58,0.576,0.274,5.1,16.1,10.6,5.3,1.0,1.6,9.5,12.2,1.6,1.4,3.0,0.105,-0.9,0.0,-0.9,0.4
Julian Washburn,SF,27,MEM,2018-19,18,254,6.5,0.402,0.5,0.083,3.5,14.8,9.1,7.7,2.5,0.7,12.3,10.0,-0.2,0.3,0.1,0.023,-4.8,1.4,-3.4,-0.1
Julian Wright,SF,20,NOH,2007-08,57,640,15.4,0.581,0.142,0.308,5.9,15.7,10.7,9.5,2.4,1.5,15.1,16.4,0.7,0.9,1.7,0.126,-1.0,1.6,0.6,0.4
Julian Wright,SF,21,NOH,2008-09,54,772,12.6,0.479,0.09,0.128,7.2,16.6,11.9,9.4,2.5,2.1,14.8,18.1,-0.4,1.2,0.8,0.048,-3.7,1.6,-2.1,0.0
Julian Wright,SF,22,NOH,2009-10,68,871,11.8,0.518,0.026,0.177,7.7,11.8,9.7,7.0,1.7,1.6,15.0,15.4,0.2,0.6,0.8,0.044,-3.0,0.2,-2.8,-0.2
Julian Wright,SF,23,TOR,2010-11,52,766,12.1,0.525,0.063,0.269,7.1,11.3,9.1,11.0,2.6,2.0,19.4,13.0,0.2,0.4,0.6,0.038,-1.6,1.2,-0.4,0.3
Julius Hodge,SG,22,DEN,2005-06,14,33,4.2,0.393,0.0,0.615,17.9,7.0,12.4,29.3,3.1,0.0,32.6,33.3,-0.2,0.0,-0.2,-0.219,-6.9,0.0,-6.9,0.0
Julius Hodge,SG,23,TOT,2006-07,9,65,14.0,0.545,0.0,0.333,3.6,10.7,7.1,25.4,3.1,0.0,17.9,11.4,0.1,0.1,0.2,0.115,-2.1,-1.2,-3.3,0.0
Julius Hodge,SG,23,DEN,2006-07,4,37,16.0,0.51,0.0,0.4,3.1,6.0,4.6,36.2,4.0,0.0,14.5,8.0,0.1,0.0,0.1,0.174,-0.9,-1.1,-2.1,0.0
Julius Hodge,SG,23,MIL,2006-07,5,28,11.4,0.571,0.0,0.286,4.2,17.0,10.5,11.1,1.9,0.0,20.2,15.9,0.0,0.0,0.0,0.037,-3.6,-1.4,-5.0,0.0
Julius Randle,PF,20,LAL,2014-15,1,14,-7.5,0.258,0.0,0.667,0.0,0.0,0.0,0.0,0.0,0.0,20.5,15.5,-0.1,0.0,-0.1,-0.276,-12.3,-4.5,-16.8,-0.1
Julius Randle,PF,21,LAL,2015-16,81,2286,13.9,0.482,0.043,0.323,7.8,32.0,19.5,11.0,1.2,1.0,13.5,21.2,-0.3,1.9,1.6,0.035,-3.7,0.0,-3.6,-0.9
Julius Randle,PF,22,LAL,2016-17,74,2132,16.3,0.543,0.082,0.365,7.4,25.8,16.3,19.3,1.1,1.4,16.2,21.4,2.0,1.5,3.5,0.08,-0.8,0.7,0.0,1.1
Julius Randle,C,23,LAL,2017-18,82,2190,19.9,0.606,0.05,0.47,8.9,22.8,15.9,15.8,0.9,1.7,16.3,25.3,4.0,2.6,6.6,0.145,0.4,0.6,0.9,1.6
Julius Randle,PF,24,NOP,2018-19,73,2232,21.0,0.6,0.179,0.447,7.6,21.6,14.7,15.8,1.1,1.6,13.8,27.8,4.2,1.9,6.1,0.131,1.8,-0.4,1.4,1.9
Julyan Stone,SG,23,DEN,2011-12,22,179,13.0,0.502,0.355,0.355,3.4,12.6,8.1,28.3,2.3,2.6,23.5,11.7,0.2,0.2,0.4,0.101,-1.1,0.9,-0.2,0.1
Julyan Stone,PG,24,DEN,2012-13,4,28,11.4,0.931,0.0,2.0,8.2,3.9,6.0,9.3,1.8,0.0,34.7,8.9,0.1,0.0,0.1,0.128,1.4,-0.7,0.7,0.0
Julyan Stone,SG,25,TOR,2013-14,21,120,6.6,0.491,0.471,0.176,1.9,17.6,9.7,14.5,1.3,0.0,21.4,8.8,0.0,0.1,0.2,0.061,-3.5,0.5,-3.0,0.0
Julyan Stone,SG,29,CHO,2017-18,23,175,7.6,0.684,1.0,0.154,0.6,17.6,9.0,19.2,1.1,1.0,33.5,5.2,0.2,0.2,0.3,0.087,-2.1,0.3,-1.8,0.0
Jumaine Jones,PF,26,CHA,2005-06,76,2089,12.1,0.506,0.455,0.164,5.5,16.1,10.4,5.0,1.7,0.8,8.6,18.3,1.2,1.8,3.0,0.068,-0.4,-0.8,-1.2,0.4
Jumaine Jones,SF,27,PHO,2006-07,18,138,3.2,0.386,0.627,0.039,5.3,13.7,9.7,1.0,1.8,0.5,11.9,19.2,-0.3,0.1,-0.2,-0.061,-5.2,-2.6,-7.9,-0.2
Junior Harrington,PG,26,MEM,2006-07,29,543,8.9,0.483,0.19,0.336,2.6,12.3,7.5,25.4,2.0,0.7,24.9,17.4,-0.4,0.2,-0.2,-0.015,-2.9,-1.0,-3.9,-0.3
Justin Anderson,SF,22,DAL,2015-16,55,647,12.3,0.522,0.474,0.314,3.1,19.3,11.2,6.8,1.5,3.2,10.8,15.8,0.3,0.8,1.1,0.083,-2.5,1.3,-1.2,0.1
Justin Anderson,SF,23,TOT,2016-17,75,1228,13.9,0.537,0.442,0.294,6.2,16.9,11.4,8.8,1.7,1.6,11.7,20.9,0.6,1.3,1.9,0.074,-1.2,-0.3,-1.6,0.1
Justin Anderson,SF,24,PHI,2017-18,38,519,13.0,0.54,0.51,0.188,5.4,13.6,9.6,7.1,1.4,1.1,6.8,19.3,0.6,0.7,1.2,0.115,-0.5,-1.5,-2.0,0.0
Justin Anderson,SF,25,ATL,2018-19,48,463,11.2,0.516,0.49,0.223,5.3,13.9,9.5,6.9,2.2,2.4,11.8,17.2,0.1,0.4,0.4,0.043,-2.6,-0.7,-3.2,-0.1
Justin Dentmon,PG,26,TOT,2011-12,6,91,4.8,0.424,0.5,0.214,0.0,10.2,5.1,18.0,1.2,0.0,18.6,19.4,-0.2,0.1,-0.1,-0.049,-4.4,-2.4,-6.8,-0.1
Justin Dentmon,PG,27,DAL,2012-13,2,4,-19.4,0.0,0.0,0.0,0.0,0.0,0.0,0.0,0.0,0.0,0.0,22.8,0.0,0.0,0.0,-0.571,-21.4,-6.5,-27.8,0.0
Justin Hamilton,C,23,TOT,2013-14,8,72,11.9,0.586,0.45,0.25,7.2,5.0,6.1,0.0,3.6,0.0,15.3,17.4,0.1,0.1,0.1,0.089,-1.2,-2.8,-4.0,0.0
Justin Hamilton,C,24,TOT,2014-15,41,712,14.6,0.551,0.174,0.264,9.3,12.7,11.0,8.1,2.0,3.4,11.6,14.2,1.0,0.5,1.5,0.102,-0.1,0.9,0.7,0.5
Justin Hamilton,C,26,BRK,2016-17,64,1177,13.6,0.55,0.475,0.137,6.5,17.0,11.8,7.3,1.2,2.8,9.7,16.2,1.0,1.0,2.1,0.084,-0.9,0.2,-0.8,0.4
Justin Harper,PF,22,ORL,2011-12,14,84,1.7,0.318,0.419,0.032,4.1,12.5,8.2,3.9,1.3,2.8,16.0,20.9,-0.3,0.1,-0.3,-0.145,-8.9,-0.9,-9.8,-0.2
Justin Harper,PF,26,DET,2015-16,5,35,6.9,0.597,0.9,0.2,0.0,3.2,1.6,0.0,1.4,0.0,15.5,16.0,0.0,0.0,0.0,0.039,-1.3,-3.3,-4.6,0.0
Justin Harper,PF,27,PHI,2016-17,3,31,4.9,0.5,0.583,0.0,7.1,10.7,8.9,10.5,0.0,0.0,25.0,22.4,-0.1,0.0,-0.1,-0.103,-5.1,-3.8,-8.9,-0.1
Justin Holiday,SG,23,PHI,2012-13,9,142,7.6,0.408,0.333,0.167,0.0,11.5,5.6,16.0,1.1,3.3,14.9,19.6,-0.3,0.1,-0.1,-0.042,-6.0,-0.7,-6.7,-0.2
Justin Holiday,SG,25,GSW,2014-15,59,657,12.1,0.498,0.464,0.191,2.0,9.7,6.0,10.1,3.0,1.4,10.2,18.8,0.2,1.0,1.3,0.092,-1.4,0.5,-1.0,0.2
Justin Holiday,SG,26,TOT,2015-16,53,773,9.4,0.489,0.461,0.162,1.7,10.5,6.2,10.7,2.1,1.8,13.8,16.2,-0.3,0.9,0.6,0.04,-2.7,0.3,-2.5,-0.1
Justin Holiday,SG,27,NYK,2016-17,82,1639,12.7,0.549,0.507,0.149,1.8,13.1,7.4,9.2,2.0,1.5,10.3,16.9,1.3,1.2,2.5,0.073,-0.3,-0.8,-1.1,0.4
Justin Holiday,SG,28,CHI,2017-18,72,2265,10.8,0.513,0.574,0.21,1.4,12.8,6.9,10.1,1.7,1.2,9.8,18.2,0.1,1.6,1.7,0.036,-1.0,-0.3,-1.3,0.4
Justin Holiday,SG,29,TOT,2018-19,82,2607,10.0,0.52,0.598,0.136,1.9,11.9,6.8,8.1,2.3,1.2,11.2,15.7,-0.4,2.5,2.1,0.038,-1.3,0.6,-0.8,0.8
Justin Holiday,SG,29,CHI,2018-19,38,1325,11.0,0.531,0.685,0.117,1.5,12.4,6.9,9.1,2.5,1.4,10.2,15.2,0.2,1.1,1.3,0.047,-0.1,0.8,0.7,0.9
Justin Holiday,SG,29,MEM,2018-19,44,1282,8.9,0.509,0.509,0.157,2.3,11.3,6.7,7.1,2.1,1.1,12.2,16.3,-0.6,1.4,0.8,0.029,-2.6,0.3,-2.2,-0.1
Justin Jackson,SF,22,SAC,2017-18,68,1506,9.2,0.521,0.442,0.086,2.0,12.6,7.1,7.2,0.9,0.8,8.4,14.2,0.4,0.5,1.0,0.031,-2.0,-1.5,-3.5,-0.6
Justin Jackson,SF,23,TOT,2018-19,81,1614,11.3,0.561,0.505,0.163,2.8,11.0,6.9,8.1,0.9,0.7,5.3,14.3,2.0,0.9,2.9,0.086,-0.4,-1.2,-1.6,0.2
Justin Jackson,SF,23,SAC,2018-19,52,1083,10.1,0.546,0.539,0.169,2.3,11.8,6.9,8.0,1.0,1.0,6.5,12.9,1.0,0.6,1.6,0.072,-0.9,-0.7,-1.6,0.1
Justin Jackson,SF,23,DAL,2018-19,29,531,13.9,0.584,0.453,0.153,3.9,9.4,6.7,8.4,0.8,0.2,3.3,17.0,1.0,0.3,1.3,0.114,0.7,-2.1,-1.4,0.1
Justin Patton,C,20,MIN,2017-18,1,4,19.8,0.5,0.0,0.0,0.0,0.0,0.0,0.0,12.5,0.0,0.0,22.1,0.0,0.0,0.0,0.151,-0.7,4.0,3.3,0.0
Justin Patton,C,21,PHI,2018-19,3,21,10.5,0.317,0.286,0.286,10.4,19.6,15.1,18.7,4.5,0.0,0.0,15.7,0.0,0.0,0.0,0.079,-2.3,2.1,-0.2,0.0
Justin Reed,SF,24,TOT,2005-06,72,997,7.9,0.467,0.003,0.407,6.6,8.4,7.5,6.8,1.2,1.1,13.0,18.9,-0.4,0.8,0.4,0.021,-4.2,-1.3,-5.5,-0.9
Justin Reed,SF,24,BOS,2005-06,32,291,3.3,0.409,0.0,0.541,5.6,6.5,6.1,3.7,0.9,1.1,14.1,16.8,-0.4,0.1,-0.3,-0.045,-6.6,-2.3,-8.9,-0.5
Justin Reed,SF,24,MIN,2005-06,40,706,9.8,0.488,0.005,0.362,7.0,9.1,8.1,8.1,1.4,1.2,12.6,19.7,0.0,0.7,0.7,0.048,-3.2,-0.9,-4.1,-0.4
Justin Reed,PF,25,MIN,2006-07,41,318,6.3,0.441,0.0,0.28,5.8,11.4,8.7,8.6,0.8,0.7,15.5,20.8,-0.4,0.2,-0.2,-0.037,-6.3,-2.3,-8.6,-0.5
Justin Williams,C,22,SAC,2006-07,26,333,17.3,0.566,0.011,0.716,17.6,23.0,20.3,1.0,0.8,3.7,11.5,17.6,0.6,0.4,0.9,0.132,-2.2,-2.4,-4.6,-0.2
Justin Williams,C,23,TOT,2007-08,23,123,13.2,0.42,0.0,0.897,19.5,27.3,23.5,0.0,2.1,3.1,9.0,16.2,0.0,0.2,0.2,0.071,-5.9,-4.4,-10.3,-0.3
Justin Williams,C,23,SAC,2007-08,22,117,14.5,0.434,0.0,0.846,19.6,28.7,24.2,0.0,2.2,3.3,7.8,14.8,0.1,0.2,0.2,0.096,-5.3,-4.1,-9.4,-0.2
Justin Williams,C,23,HOU,2007-08,1,6,-13.0,0.315,0.0,1.333,19.1,0.0,9.4,0.0,0.0,0.0,17.4,43.9,-0.1,0.0,-0.1,-0.425,-17.4,-10.8,-28.2,0.0
Justise Winslow,SF,19,MIA,2015-16,78,2232,8.4,0.489,0.251,0.253,4.2,15.8,10.2,7.4,1.6,0.9,15.6,12.5,-0.2,2.7,2.5,0.054,-2.2,1.6,-0.6,0.8
Justise Winslow,SF,20,MIA,2016-17,18,625,8.2,0.399,0.156,0.209,4.0,12.7,8.3,15.5,2.1,0.8,11.8,19.8,-0.9,0.8,-0.1,-0.009,-4.0,1.2,-2.8,-0.1
Justise Winslow,PF,21,MIA,2017-18,68,1680,11.5,0.496,0.264,0.213,4.3,20.5,12.4,13.0,1.6,1.7,12.6,16.3,0.2,2.4,2.6,0.075,-2.7,1.7,-1.0,0.4
Justise Winslow,SF,22,MIA,2018-19,66,1959,12.8,0.513,0.342,0.183,3.4,15.9,9.6,21.9,1.8,0.9,14.9,20.8,0.2,2.6,2.8,0.067,-1.1,1.0,-0.1,1.0
Jusuf Nurkic,C,22,TOT,2016-17,65,1391,17.5,0.528,0.002,0.393,12.3,24.8,18.6,13.9,1.8,4.2,18.6,23.9,0.2,1.8,2.0,0.068,-2.3,2.2,-0.2,0.6
Jusuf Nurkić,C,20,DEN,2014-15,62,1103,14.8,0.483,0.005,0.345,11.8,26.1,18.7,7.3,2.4,4.8,16.3,20.7,-0.2,1.8,1.6,0.069,-3.7,3.1,-0.6,0.4
Jusuf Nurkić,C,21,DEN,2015-16,32,547,16.0,0.46,0.012,0.409,12.9,22.7,17.7,12.3,2.2,6.5,16.1,27.2,-0.5,0.9,0.4,0.031,-4.1,2.8,-1.3,0.1
Jusuf Nurkić,C,23,POR,2017-18,79,2088,19.2,0.528,0.007,0.287,10.0,26.9,18.5,11.7,1.5,4.3,14.6,26.4,0.8,3.9,4.7,0.108,-2.6,2.8,0.3,1.2
Jusuf Nurkić,C,24,POR,2018-19,72,1974,23.4,0.57,0.035,0.442,13.4,26.7,20.2,17.9,1.7,4.2,14.6,24.7,4.4,3.3,7.8,0.189,1.6,3.6,5.1,3.5
Juwan Howard,PF,32,HOU,2005-06,80,2537,12.5,0.499,0.005,0.222,7.9,16.7,12.4,8.4,1.1,0.3,12.4,20.2,0.6,3.0,3.7,0.069,-2.6,0.3,-2.3,-0.2
Juwan Howard,PF,33,HOU,2006-07,80,2123,12.8,0.517,0.0,0.283,7.5,17.9,12.7,10.5,0.7,0.3,13.0,18.9,1.7,3.2,4.9,0.11,-2.7,0.9,-1.8,0.1
Juwan Howard,PF,34,DAL,2007-08,50,353,4.1,0.406,0.0,0.219,7.1,19.0,13.3,6.9,0.8,0.4,19.5,11.5,-0.3,0.4,0.1,0.016,-5.4,0.5,-4.9,-0.3
Juwan Howard,SF,35,TOT,2008-09,42,472,10.9,0.534,0.0,0.231,7.9,11.9,9.9,9.7,0.8,1.0,13.8,18.8,0.2,0.4,0.7,0.067,-2.9,-1.0,-3.9,-0.2
Juwan Howard,PF,35,DEN,2008-09,3,22,9.6,0.5,0.0,0.0,5.4,15.4,10.6,12.5,2.3,3.5,0.0,4.0,0.0,0.0,0.1,0.141,-1.9,3.7,1.8,0.0
Juwan Howard,SF,35,CHA,2008-09,39,450,10.9,0.535,0.0,0.234,8.0,11.7,9.9,9.6,0.7,0.9,14.0,19.5,0.2,0.4,0.6,0.064,-2.9,-1.2,-4.2,-0.2
Juwan Howard,C,36,POR,2009-10,73,1632,10.0,0.538,0.003,0.187,8.1,17.3,12.7,5.9,0.9,0.5,15.1,13.9,1.1,1.6,2.6,0.077,-2.1,0.3,-1.7,0.1
Juwan Howard,PF,37,MIA,2010-11,57,592,8.4,0.495,0.0,0.28,7.7,16.3,12.2,5.8,0.9,0.5,15.1,13.1,0.2,0.8,0.9,0.074,-3.8,-0.3,-4.1,-0.3
Juwan Howard,PF,38,MIA,2011-12,28,190,3.6,0.354,0.0,0.182,11.8,17.6,14.8,7.8,1.1,0.4,25.2,19.4,-0.6,0.3,-0.3,-0.076,-8.1,-0.8,-8.9,-0.3
Juwan Howard,PF,39,MIA,2012-13,7,51,9.9,0.54,0.0,0.053,0.0,18.3,9.7,19.8,0.0,0.0,17.1,22.0,0.0,0.0,0.0,0.039,-4.7,-3.0,-7.7,-0.1
K.J. McDaniels,SG,21,TOT,2014-15,62,1352,10.6,0.494,0.346,0.306,5.0,11.4,8.0,9.3,1.6,4.2,17.6,19.3,-0.9,1.5,0.6,0.02,-3.8,1.1,-2.7,-0.2
K.J. McDaniels,SF,22,HOU,2015-16,37,235,10.6,0.522,0.347,0.417,7.5,12.3,9.9,6.5,1.5,2.1,16.6,18.7,0.1,0.1,0.2,0.043,-3.1,-1.9,-5.0,-0.2
K.J. McDaniels,SF,23,TOT,2016-17,49,505,11.5,0.555,0.391,0.225,3.2,14.1,8.7,4.0,1.8,2.8,13.5,18.1,0.0,0.5,0.5,0.051,-3.5,-0.6,-4.1,-0.3
Kadeem Allen,PG,25,BOS,2017-18,18,107,2.6,0.366,0.5,0.409,4.1,7.1,5.6,15.2,1.4,1.6,25.7,14.6,-0.2,0.1,-0.1,-0.038,-6.7,0.3,-6.4,-0.1
Kadeem Allen,SG,26,NYK,2018-19,19,416,16.2,0.574,0.255,0.383,2.0,11.1,6.4,28.7,1.9,0.8,13.6,19.6,0.7,0.2,1.0,0.111,0.5,-1.6,-1.1,0.1
Kalin Lucas,PG,25,MEM,2014-15,1,6,-0.7,0.0,0.0,0.0,0.0,0.0,0.0,0.0,8.7,0.0,0.0,7.6,0.0,0.0,0.0,-0.057,-7.9,6.6,-1.3,0.0
Kalin Lucas,PG,29,DET,2018-19,1,6,16.6,0.532,1.0,2.0,0.0,56.7,27.3,20.8,0.0,0.0,0.0,13.5,0.0,0.0,0.0,0.238,-1.0,0.5,-0.6,0.0
Kaniel Dickens,PF,29,CLE,2007-08,5,12,6.6,0.333,0.0,0.0,0.0,9.8,4.7,12.7,0.0,6.6,0.0,11.3,0.0,0.0,0.0,0.023,-7.6,1.0,-6.6,0.0
Kareem Rush,SG,25,CHA,2005-06,47,1111,9.8,0.471,0.35,0.164,1.8,9.5,5.4,7.7,1.8,0.9,11.4,22.7,-1.0,0.7,-0.2,-0.01,-2.6,-1.7,-4.3,-0.6
Kareem Rush,SG,27,IND,2007-08,71,1504,10.0,0.5,0.46,0.074,1.3,11.0,6.1,9.3,1.4,1.0,9.5,18.7,-0.2,1.2,1.0,0.033,-1.9,-1.3,-3.1,-0.4
Kareem Rush,SG,28,PHI,2008-09,25,199,6.3,0.452,0.569,0.069,0.0,9.1,4.5,11.5,1.3,0.4,14.3,16.0,-0.1,0.1,0.0,-0.003,-3.6,-2.2,-5.7,-0.2
Kareem Rush,SG,29,LAC,2009-10,7,58,4.8,0.409,0.273,0.0,2.0,10.0,6.0,10.0,1.8,3.8,21.4,10.9,-0.1,0.1,0.0,-0.019,-6.1,1.7,-4.5,0.0
Karl-Anthony Towns,C,20,MIN,2015-16,82,2627,22.5,0.59,0.076,0.239,10.3,27.5,19.0,11.3,1.1,4.3,12.6,24.9,5.5,2.8,8.3,0.151,1.6,1.1,2.8,3.2
Karl-Anthony Towns,C,21,MIN,2016-17,82,3030,25.9,0.618,0.186,0.289,11.2,27.8,19.4,13.2,0.9,2.9,11.3,27.5,9.9,2.8,12.7,0.201,4.7,0.2,4.9,5.3
Karl-Anthony Towns,C,22,MIN,2017-18,82,2918,24.9,0.646,0.243,0.343,9.3,30.9,20.0,10.8,1.1,3.5,10.5,22.9,10.6,3.4,14.0,0.23,4.4,1.1,5.5,5.5
Karl-Anthony Towns,C,23,MIN,2018-19,77,2545,26.3,0.622,0.27,0.342,10.9,29.3,20.0,17.2,1.3,4.2,13.7,28.9,7.2,3.2,10.4,0.197,4.8,2.0,6.8,5.7
Kasib Powell,SF,26,MIA,2007-08,11,304,9.0,0.424,0.347,0.095,3.1,14.4,8.7,10.0,1.6,0.5,4.8,16.2,-0.2,0.2,0.0,0.006,-3.1,-0.8,-3.9,-0.1
Kawhi Leonard,SF,20,SAS,2011-12,64,1534,16.6,0.573,0.27,0.218,7.9,16.4,12.2,6.6,2.9,1.1,9.0,14.5,3.1,2.4,5.5,0.171,2.0,2.3,4.3,2.4
Kawhi Leonard,SF,21,SAS,2012-13,58,1810,16.4,0.592,0.331,0.24,4.3,17.1,11.1,7.7,2.7,1.3,9.6,16.4,3.0,3.3,6.2,0.166,1.4,2.5,3.9,2.7
Kawhi Leonard,SF,22,SAS,2013-14,66,1923,19.4,0.602,0.282,0.195,4.6,18.9,12.1,10.4,3.0,1.9,10.3,18.3,3.8,3.9,7.7,0.193,2.3,3.4,5.8,3.8
Kawhi Leonard,SF,23,SAS,2014-15,64,2033,22.0,0.567,0.234,0.307,4.8,20.6,12.9,13.0,3.7,1.8,9.4,23.0,4.2,4.4,8.6,0.204,2.6,3.5,6.1,4.1
Kawhi Leonard,SF,24,SAS,2015-16,72,2380,26.0,0.616,0.267,0.306,4.7,18.4,11.8,13.0,2.8,2.3,7.8,25.8,8.3,5.5,13.7,0.277,5.5,2.8,8.3,6.2
Kawhi Leonard,SF,25,SAS,2016-17,74,2474,27.6,0.61,0.295,0.406,3.7,15.7,9.8,18.9,2.7,1.8,9.1,31.1,8.9,4.7,13.6,0.264,6.4,1.5,7.9,6.2
Kawhi Leonard,SF,26,SAS,2017-18,9,210,26.0,0.572,0.315,0.342,3.1,19.1,11.1,17.7,4.3,3.6,11.1,30.6,0.3,0.5,0.9,0.196,2.7,3.2,5.9,0.4
Kawhi Leonard,SF,27,TOR,2018-19,60,2040,25.8,0.606,0.267,0.377,4.2,18.6,11.6,16.4,2.5,1.0,8.4,30.3,6.1,3.4,9.5,0.224,4.3,0.7,5.0,3.6
Kay Felder,PG,21,CLE,2016-17,42,386,11.4,0.462,0.139,0.31,0.9,10.5,5.9,22.7,2.3,1.5,14.3,24.2,-0.3,0.4,0.1,0.008,-4.8,-1.2,-6.0,-0.4
Kay Felder,PG,22,TOT,2017-18,16,140,3.6,0.379,0.271,0.171,2.3,12.0,6.9,22.0,1.0,0.6,17.5,28.4,-0.6,0.1,-0.5,-0.175,-8.6,-3.8,-12.4,-0.4
Keita Bates-Diop,SF,23,MIN,2018-19,30,503,9.6,0.489,0.366,0.197,3.4,14.4,8.8,4.6,1.7,2.4,8.3,14.1,0.0,0.4,0.3,0.032,-3.2,0.0,-3.1,-0.1
Keith Appling,PG,23,ORL,2015-16,5,27,-4.8,0.338,0.375,0.25,0.0,4.2,2.1,5.0,1.9,0.0,25.3,19.5,-0.1,0.0,-0.1,-0.199,-10.3,-2.7,-13.0,-0.1
Keith Benson,C,23,GSW,2011-12,3,9,6.0,0.0,0.0,0.0,25.3,12.6,18.9,0.0,0.0,0.0,0.0,5.1,0.0,0.0,0.0,-0.005,-5.4,-5.1,-10.4,0.0
Keith Bogans,SG,25,TOT,2005-06,72,1912,10.7,0.497,0.368,0.342,3.3,12.4,7.8,11.2,2.0,0.4,12.6,17.2,0.3,2.0,2.3,0.058,-1.4,0.3,-1.1,0.4
Keith Bogans,SG,25,CHA,2005-06,39,848,12.4,0.51,0.34,0.365,3.7,11.3,7.2,8.7,2.4,0.3,10.9,19.6,0.4,0.7,1.2,0.066,-0.8,-0.8,-1.6,0.1
Keith Bogans,SF,25,HOU,2005-06,33,1064,9.3,0.482,0.398,0.316,2.9,13.3,8.2,13.3,1.6,0.5,14.4,15.3,-0.1,1.3,1.2,0.053,-1.9,1.2,-0.7,0.3
Keith Bogans,SG,26,ORL,2006-07,59,990,9.2,0.546,0.559,0.257,2.0,9.4,5.8,9.5,1.5,0.2,14.4,14.9,0.7,1.0,1.7,0.08,-0.4,-1.0,-1.3,0.2
Keith Bogans,SG,27,ORL,2007-08,82,2198,10.9,0.559,0.696,0.187,2.3,11.3,7.0,7.1,1.4,0.3,7.7,14.4,2.6,2.3,4.9,0.106,1.2,0.1,1.3,1.8
Keith Bogans,SG,28,TOT,2008-09,65,1272,9.7,0.521,0.673,0.176,2.8,15.6,9.1,7.7,1.8,0.2,10.5,14.0,0.7,1.9,2.5,0.096,-0.9,0.8,-0.1,0.6
Keith Bogans,SG,28,ORL,2008-09,36,787,8.0,0.509,0.72,0.137,2.2,13.4,7.9,5.9,1.5,0.2,9.3,12.0,0.3,1.2,1.5,0.093,-1.4,1.4,0.0,0.4
Keith Bogans,SG,28,MIL,2008-09,29,485,12.5,0.535,0.617,0.221,3.7,19.1,11.1,10.5,2.1,0.3,11.9,17.2,0.4,0.6,1.0,0.101,-0.1,-0.1,-0.2,0.2
Keith Bogans,SF,29,SAS,2009-10,79,1559,7.7,0.542,0.658,0.168,1.9,11.2,6.6,8.5,1.5,0.6,14.2,11.0,0.7,1.9,2.6,0.081,-1.0,1.1,0.1,0.8
Keith Bogans,SG,30,CHI,2010-11,82,1461,9.0,0.559,0.772,0.104,1.6,10.1,5.9,10.1,1.4,0.5,11.3,11.4,1.4,2.2,3.6,0.118,-0.4,0.4,0.0,0.7
Keith Bogans,SF,31,NJN,2011-12,5,94,4.8,0.453,0.571,0.238,6.0,7.6,6.8,5.1,1.1,0.0,11.5,12.8,0.0,0.0,0.0,-0.005,-2.3,-2.7,-5.1,-0.1
Keith Bogans,SG,32,BRK,2012-13,74,1408,6.7,0.533,0.863,0.06,1.3,8.8,5.0,8.1,1.1,0.2,14.4,11.2,0.7,0.7,1.4,0.047,-0.4,-0.9,-1.3,0.3
Keith Bogans,SG,33,BOS,2013-14,6,55,9.9,0.82,1.0,0.5,0.0,6.4,3.1,7.7,0.9,0.0,12.0,6.7,0.1,0.0,0.1,0.121,0.1,-2.2,-2.1,0.0
Keith Langford,SG,24,SAS,2007-08,2,10,-2.4,0.25,0.0,0.0,0.0,23.3,11.8,0.0,0.0,0.0,0.0,19.2,0.0,0.0,0.0,-0.142,-14.9,-5.1,-19.9,0.0
Keith McLeod,PG,26,UTA,2005-06,66,1232,8.6,0.464,0.241,0.391,1.1,6.7,3.8,20.7,1.9,0.6,16.0,17.8,-0.2,0.8,0.6,0.024,-3.0,-2.3,-5.3,-1.0
Keith McLeod,PG,27,TOT,2006-07,48,718,10.2,0.52,0.239,0.415,0.6,6.3,3.4,18.7,1.7,0.5,17.1,16.3,0.3,0.4,0.8,0.051,-3.0,-2.2,-5.2,-0.6
Keith McLeod,PG,27,GSW,2006-07,26,379,12.3,0.538,0.219,0.505,0.9,5.3,3.0,16.6,2.2,0.6,15.2,17.0,0.4,0.2,0.6,0.073,-2.4,-2.1,-4.5,-0.2
Keith McLeod,PG,27,IND,2006-07,22,339,8.0,0.495,0.265,0.301,0.3,7.3,3.8,21.0,1.1,0.4,19.7,15.5,0.0,0.2,0.2,0.027,-3.7,-2.3,-6.0,-0.3
Keith Van Horn,SF,30,DAL,2005-06,53,1090,13.8,0.54,0.351,0.292,6.1,15.0,10.6,5.7,1.6,0.8,14.0,21.8,1.1,1.2,2.3,0.101,0.1,-1.6,-1.5,0.1
Kelenna Azubuike,SG,23,GSW,2006-07,41,669,13.4,0.572,0.359,0.355,4.2,11.4,7.7,6.2,1.6,1.1,13.3,18.7,0.7,0.5,1.2,0.083,-1.1,-1.6,-2.7,-0.1
Kelenna Azubuike,SG,24,GSW,2007-08,81,1732,13.5,0.534,0.332,0.235,6.4,14.0,10.0,6.1,1.3,1.4,8.2,17.2,2.3,1.1,3.4,0.094,-0.3,-1.2,-1.5,0.2
Kelenna Azubuike,SF,25,GSW,2008-09,74,2375,14.7,0.562,0.249,0.271,5.1,11.8,8.5,7.6,1.2,1.5,9.1,18.7,3.6,0.5,4.1,0.083,0.9,-1.6,-0.7,0.8
Kelenna Azubuike,SF,26,GSW,2009-10,9,231,19.8,0.623,0.307,0.318,5.7,14.2,9.9,6.8,1.0,2.8,6.5,19.9,0.6,0.1,0.7,0.148,1.9,-2.0,0.0,0.1
Kelenna Azubuike,SG,28,DAL,2011-12,3,18,-3.4,0.438,0.375,0.0,0.0,0.0,0.0,0.0,2.9,0.0,33.3,30.9,-0.1,0.0,-0.1,-0.325,-12.9,-3.2,-16.0,-0.1
Kelly Olynyk,C,22,BOS,2013-14,70,1400,15.2,0.546,0.227,0.243,11.0,18.8,14.8,13.1,1.3,1.5,16.0,21.0,1.5,1.4,2.9,0.101,0.3,0.2,0.5,0.9
Kelly Olynyk,C,23,BOS,2014-15,64,1423,15.9,0.558,0.331,0.258,7.0,16.5,11.7,12.2,2.3,2.1,14.3,21.1,1.5,2.1,3.6,0.12,0.7,1.4,2.1,1.5
Kelly Olynyk,C,24,BOS,2015-16,69,1395,16.3,0.561,0.378,0.23,5.4,16.2,10.7,11.9,1.8,1.8,10.8,20.9,2.1,2.0,4.1,0.141,0.8,0.4,1.2,1.1
Kelly Olynyk,C,25,BOS,2016-17,75,1538,15.3,0.603,0.378,0.242,5.3,20.7,13.1,15.2,1.4,1.5,14.6,19.0,2.2,1.9,4.1,0.127,0.1,0.5,0.7,1.0
Kelly Olynyk,PF,26,MIA,2017-18,76,1779,17.8,0.612,0.44,0.274,5.6,21.6,13.6,18.7,1.7,1.7,17.1,21.7,2.8,2.7,5.5,0.148,1.6,1.3,2.9,2.2
Kelly Olynyk,PF,27,MIA,2018-19,79,1812,14.4,0.61,0.566,0.328,4.2,17.8,11.0,11.4,1.4,1.8,15.0,18.0,2.3,2.5,4.7,0.126,0.3,0.8,1.1,1.4
Kelly Oubre,SF,20,WAS,2015-16,63,671,8.2,0.507,0.374,0.232,4.1,18.4,11.1,2.8,1.6,0.8,12.8,17.4,-0.3,0.7,0.4,0.031,-4.3,-1.6,-5.8,-0.7
Kelly Oubre,SF,21,WAS,2016-17,79,1605,9.1,0.516,0.425,0.224,4.3,14.0,9.2,4.0,1.8,0.9,9.3,14.6,0.6,1.5,2.0,0.061,-1.8,-0.5,-2.3,-0.1
Kelly Oubre,SF,22,WAS,2017-18,81,2231,11.9,0.534,0.467,0.295,3.0,15.4,9.2,6.4,1.8,1.4,9.2,19.4,1.4,2.3,3.7,0.08,-0.8,-0.4,-1.2,0.4
Kelly Oubre,SF,23,TOT,2018-19,69,1935,15.2,0.551,0.401,0.29,4.0,14.6,9.2,6.8,2.1,2.5,9.8,23.2,0.9,1.3,2.2,0.054,-0.9,-1.2,-2.2,-0.1
Kelly Oubre,SF,23,WAS,2018-19,29,755,13.3,0.545,0.433,0.279,3.4,15.3,9.3,3.8,1.7,2.2,8.1,20.9,0.3,0.5,0.8,0.053,-1.7,-1.9,-3.6,-0.3
Kelly Oubre,SF,23,PHO,2018-19,40,1180,16.4,0.555,0.384,0.296,4.3,14.2,9.2,8.7,2.3,2.8,10.7,24.7,0.5,0.8,1.3,0.054,-0.4,-0.8,-1.2,0.2
Kelvin Cato,C,31,TOT,2005-06,27,333,9.3,0.493,0.0,0.417,7.6,18.0,12.9,1.9,1.0,2.8,15.3,16.7,0.0,0.4,0.3,0.045,-5.2,-1.3,-6.5,-0.4
Kelvin Cato,C,31,ORL,2005-06,23,299,9.4,0.503,0.0,0.486,8.1,17.7,13.0,1.1,1.1,2.6,15.5,16.4,0.0,0.3,0.3,0.052,-4.9,-1.5,-6.4,-0.3
Kelvin Cato,C,31,DET,2005-06,4,34,7.7,0.417,0.0,0.0,3.5,21.2,12.2,9.7,0.0,4.3,14.3,19.6,-0.1,0.1,0.0,-0.013,-7.9,0.5,-7.4,0.0
Kelvin Cato,C,32,NYK,2006-07,18,95,12.3,0.403,0.0,0.545,15.2,23.5,19.4,0.0,1.7,8.4,18.0,15.9,-0.1,0.2,0.1,0.036,-8.1,-0.2,-8.3,-0.2
Kemba Walker,PG,21,CHA,2011-12,66,1792,14.9,0.464,0.295,0.278,1.9,13.5,7.5,30.2,1.8,0.8,12.1,25.2,-0.2,0.5,0.3,0.009,0.6,-1.8,-1.2,0.3
Kemba Walker,PG,22,CHA,2012-13,82,2859,18.8,0.517,0.267,0.298,2.3,9.2,5.7,31.2,2.9,0.9,12.4,25.6,3.7,1.1,4.8,0.08,3.2,-1.7,1.5,2.5
Kemba Walker,PG,23,CHA,2013-14,73,2614,16.8,0.499,0.286,0.295,1.7,11.6,6.6,29.7,1.7,1.0,11.6,25.8,1.8,3.3,5.1,0.093,1.6,0.2,1.7,2.4
Kemba Walker,PG,24,CHO,2014-15,62,2119,17.6,0.486,0.285,0.288,1.8,9.9,5.7,27.1,2.2,1.2,8.3,25.9,1.8,2.6,4.5,0.101,2.2,0.1,2.2,2.3
Kemba Walker,PG,25,CHO,2015-16,81,2885,20.8,0.554,0.368,0.329,2.1,11.5,6.8,25.7,2.2,1.1,10.1,26.5,6.3,3.6,9.9,0.165,4.0,0.0,4.0,4.4
Kemba Walker,PG,26,CHO,2016-17,79,2739,21.3,0.569,0.415,0.248,1.8,10.6,6.2,29.1,1.6,0.7,9.5,29.2,5.9,2.2,8.1,0.142,5.3,-1.7,3.6,3.9
Kemba Walker,PG,27,CHO,2017-18,80,2736,20.6,0.572,0.441,0.308,1.2,8.7,4.9,27.4,1.6,0.7,10.4,27.4,6.5,2.0,8.6,0.15,5.1,-1.9,3.2,3.6
Kemba Walker,PG,28,CHO,2018-19,82,2863,21.7,0.558,0.434,0.267,1.9,11.9,6.8,29.4,1.7,1.0,10.1,31.5,5.5,1.9,7.4,0.123,5.1,-1.7,3.3,3.9
Kendall Marshall,PG,21,PHO,2012-13,48,702,7.8,0.455,0.483,0.093,0.6,6.3,3.4,29.4,1.6,0.4,26.6,13.6,-0.4,0.2,-0.2,-0.012,-4.1,-3.2,-7.3,-0.9
Kendall Marshall,PG,22,LAL,2013-14,54,1564,12.6,0.494,0.425,0.086,1.0,9.6,5.3,44.3,1.5,0.2,25.6,16.3,0.6,0.3,0.9,0.029,-1.3,-3.2,-4.5,-1.0
Kendall Marshall,PG,23,MIL,2014-15,28,417,12.4,0.562,0.455,0.089,0.6,7.1,3.8,31.1,2.6,0.0,25.0,15.1,0.3,0.5,0.8,0.088,-1.7,-2.4,-4.1,-0.2
Kendall Marshall,PG,24,PHI,2015-16,30,400,6.7,0.449,0.415,0.11,0.5,7.3,3.8,28.4,2.0,0.4,25.8,18.3,-0.7,0.1,-0.5,-0.064,-5.5,-3.3,-8.8,-0.7
Kendrick Perkins,C,21,BOS,2005-06,68,1332,13.2,0.548,0.008,0.489,13.1,23.6,18.5,8.1,0.8,6.0,24.9,14.8,0.3,2.0,2.3,0.082,-3.0,3.1,0.0,0.7
Kendrick Perkins,C,22,BOS,2006-07,72,1576,9.5,0.518,0.011,0.372,8.4,20.1,14.1,9.4,0.8,4.7,26.5,12.2,-0.6,1.9,1.4,0.042,-3.8,3.2,-0.6,0.5
Kendrick Perkins,C,23,BOS,2007-08,78,1912,13.3,0.632,0.003,0.526,9.6,19.3,14.8,6.8,0.9,4.9,22.6,13.5,1.9,4.3,6.2,0.156,-1.7,4.3,2.6,2.2
Kendrick Perkins,C,24,BOS,2008-09,76,2253,13.2,0.591,0.004,0.335,11.5,21.4,16.7,6.5,0.5,5.3,23.1,14.8,1.1,4.5,5.6,0.119,-1.9,4.1,2.2,2.4
Kendrick Perkins,C,25,BOS,2009-10,78,2154,15.0,0.613,0.006,0.536,9.1,24.4,16.9,6.0,0.6,4.8,20.4,17.6,1.4,3.8,5.2,0.117,-2.5,2.7,0.2,1.2
Kendrick Perkins,C,26,TOT,2010-11,29,742,9.6,0.538,0.0,0.554,10.4,26.2,18.7,5.2,0.6,2.6,25.7,13.7,-0.2,1.2,1.0,0.063,-4.3,1.8,-2.5,-0.1
Kendrick Perkins,C,27,OKC,2011-12,65,1744,8.7,0.528,0.0,0.427,8.4,18.8,13.9,6.4,0.7,3.0,27.5,11.1,0.0,2.1,2.0,0.056,-2.7,2.1,-0.6,0.6
Kendrick Perkins,C,28,OKC,2012-13,78,1954,8.2,0.479,0.003,0.23,7.0,19.5,13.7,7.9,1.1,3.2,24.0,10.6,-0.5,3.0,2.5,0.062,-3.3,2.9,-0.4,0.8
Kendrick Perkins,C,29,OKC,2013-14,62,1207,6.3,0.474,0.005,0.347,8.0,19.9,14.2,7.6,1.1,2.2,28.8,11.5,-0.9,1.7,0.8,0.031,-4.7,2.1,-2.7,-0.2
Kendrick Perkins,C,30,TOT,2014-15,68,1148,7.0,0.467,0.004,0.366,8.7,21.2,15.1,6.3,0.7,2.9,26.5,13.6,-1.2,1.3,0.1,0.006,-5.5,1.3,-4.2,-0.6
Kendrick Perkins,C,31,NOP,2015-16,37,542,6.0,0.529,0.0,0.333,4.9,21.8,13.1,7.9,1.0,1.7,32.3,10.4,-0.4,0.4,-0.1,-0.007,-5.6,1.3,-4.3,-0.3
Kendrick Perkins,C,33,CLE,2017-18,1,15,8.4,0.521,0.0,1.0,0.0,7.4,3.7,17.3,3.3,0.0,25.8,11.4,0.0,0.0,0.0,0.026,-4.9,-0.8,-5.7,0.0
Kenneth Faried,PF,22,DEN,2011-12,46,1037,21.9,0.618,0.0,0.531,16.5,22.9,19.8,5.5,1.7,3.6,12.4,18.7,3.2,1.3,4.6,0.212,2.3,1.0,3.4,1.4
Kenneth Faried,PF,23,DEN,2012-13,80,2248,18.5,0.573,0.0,0.386,13.2,23.2,18.3,5.1,1.8,2.9,12.3,17.7,4.5,3.4,7.8,0.167,0.8,1.5,2.2,2.4
Kenneth Faried,PF,24,DEN,2013-14,80,2178,19.8,0.573,0.004,0.379,11.8,22.2,16.9,7.5,1.6,2.3,12.4,21.3,4.0,2.5,6.5,0.144,0.3,0.9,1.2,1.8
Kenneth Faried,PF,25,DEN,2014-15,75,2086,18.4,0.548,0.011,0.391,12.1,22.9,17.3,7.1,1.5,2.1,12.0,20.3,3.5,2.1,5.6,0.13,-0.2,0.9,0.8,1.4
Kenneth Faried,PF,26,DEN,2015-16,67,1694,21.0,0.577,0.003,0.355,15.1,23.0,19.0,8.1,0.9,2.9,11.2,21.0,4.0,1.5,5.5,0.156,1.0,-0.1,0.9,1.2
Kenneth Faried,PF,27,DEN,2016-17,61,1296,20.3,0.588,0.014,0.454,15.8,23.6,19.7,6.3,1.6,2.4,10.6,18.3,3.3,1.2,4.5,0.168,0.9,-0.1,0.8,0.9
Kenneth Faried,PF,28,DEN,2017-18,32,461,17.4,0.552,0.007,0.345,16.7,20.7,18.7,5.8,1.3,2.4,11.9,18.3,0.9,0.4,1.3,0.132,-1.1,-1.1,-2.3,0.0
Kenneth Faried,C,29,TOT,2018-19,37,728,21.6,0.622,0.094,0.374,14.4,23.4,18.8,4.6,1.1,2.7,9.7,20.3,2.1,0.9,2.9,0.193,-0.2,-1.0,-1.2,0.2
Kenneth Faried,C,29,BRK,2018-19,12,118,20.5,0.622,0.119,0.381,13.4,25.7,19.6,2.8,0.8,2.7,10.9,19.6,0.2,0.2,0.4,0.168,-2.0,-1.5,-3.5,0.0
Kenneth Faried,C,29,HOU,2018-19,25,610,21.8,0.622,0.09,0.372,14.6,23.0,18.7,4.9,1.2,2.6,9.4,20.4,1.8,0.7,2.5,0.198,0.1,-0.9,-0.7,0.2
Kenny Thomas,PF,28,SAC,2005-06,82,2293,15.0,0.539,0.002,0.338,10.3,21.2,15.8,12.0,1.6,1.2,16.3,16.6,2.2,3.3,5.5,0.115,-1.1,1.8,0.7,1.6
Kenny Thomas,PF,29,SAC,2006-07,62,1412,10.2,0.492,0.003,0.251,10.9,20.6,15.7,8.4,1.5,0.9,21.1,13.6,-0.1,1.4,1.2,0.041,-3.1,1.2,-1.8,0.1
Kenny Thomas,PF,30,SAC,2007-08,23,281,2.6,0.398,0.0,0.132,7.7,17.7,12.8,6.5,1.1,0.3,34.3,9.7,-0.5,0.2,-0.3,-0.047,-6.0,0.1,-5.9,-0.3
Kenny Thomas,PF,31,SAC,2008-09,8,62,8.8,0.375,0.0,0.0,7.5,20.9,14.1,2.3,4.9,1.2,11.1,6.5,0.0,0.1,0.1,0.056,-4.6,2.6,-2.0,0.0
Kenny Thomas,PF,32,SAC,2009-10,26,313,9.0,0.509,0.0,0.343,12.6,18.9,15.7,6.5,1.6,2.3,29.7,8.1,0.1,0.3,0.4,0.059,-3.2,2.1,-1.1,0.1
Kenrich Williams,SF,24,NOP,2018-19,46,1079,9.7,0.485,0.559,0.068,5.4,15.5,10.5,9.5,1.9,1.4,11.1,12.3,0.3,0.9,1.2,0.053,-1.2,0.9,-0.3,0.5
Kent Bazemore,SG,23,GSW,2012-13,61,267,11.3,0.454,0.293,0.379,2.1,6.8,4.5,13.1,3.2,1.2,11.7,25.7,-0.3,0.3,0.1,0.014,-3.4,-1.5,-4.9,-0.2
Kent Bazemore,SG,24,TOT,2013-14,67,911,11.2,0.515,0.373,0.318,1.2,12.6,6.9,15.7,2.3,1.0,16.8,22.6,-0.6,0.8,0.2,0.011,-2.1,-0.4,-2.5,-0.1
Kent Bazemore,SG,25,ATL,2014-15,75,1324,9.7,0.52,0.399,0.302,1.9,16.8,9.6,8.6,2.0,2.1,16.3,15.5,-0.4,1.9,1.6,0.057,-3.1,1.3,-1.8,0.1
Kent Bazemore,SF,26,ATL,2015-16,75,2083,13.4,0.551,0.421,0.208,1.5,18.0,9.9,12.7,2.3,1.4,14.8,20.0,0.3,3.8,4.1,0.094,-1.3,1.6,0.3,1.2
Kent Bazemore,SF,27,ATL,2016-17,73,1963,11.5,0.504,0.369,0.233,2.6,10.3,6.5,14.2,2.3,2.3,13.6,20.5,-0.6,2.8,2.1,0.052,-2.0,1.2,-0.8,0.6
Kent Bazemore,SG,28,ATL,2017-18,65,1789,14.5,0.547,0.405,0.297,1.6,13.9,7.7,20.1,2.7,2.2,17.0,22.5,0.2,2.0,2.2,0.059,-0.6,1.1,0.5,1.1
Kent Bazemore,SG,29,ATL,2018-19,67,1643,11.9,0.507,0.434,0.253,2.3,14.6,8.3,13.5,2.5,2.2,13.6,22.0,-0.7,1.4,0.7,0.021,-2.2,0.0,-2.2,-0.1
Kentavious Caldwell-Pope,SG,20,DET,2013-14,80,1583,9.4,0.483,0.402,0.133,2.5,8.6,5.4,5.0,2.4,0.6,5.4,13.9,1.0,0.8,1.8,0.055,-1.2,-0.8,-2.1,0.0
Kentavious Caldwell-Pope,SG,21,DET,2014-15,82,2587,11.2,0.501,0.457,0.163,1.9,9.1,5.4,6.8,1.9,0.5,8.3,19.5,1.1,1.8,2.8,0.052,-0.2,-0.9,-1.0,0.6
Kentavious Caldwell-Pope,SG,22,DET,2015-16,76,2789,12.4,0.521,0.384,0.238,2.6,8.6,5.5,7.8,2.0,0.5,9.0,18.2,2.6,2.7,5.3,0.092,0.6,0.6,1.1,2.2
Kentavious Caldwell-Pope,SG,23,DET,2016-17,76,2529,12.8,0.519,0.471,0.199,2.3,8.7,5.3,11.2,1.8,0.4,7.9,19.2,2.0,2.5,4.5,0.086,0.9,0.0,0.9,1.8
Kentavious Caldwell-Pope,SG,24,LAL,2017-18,74,2458,13.2,0.561,0.52,0.243,2.6,14.1,8.4,9.4,2.1,0.5,9.9,16.9,2.6,2.7,5.3,0.103,0.6,0.4,1.0,1.9
Kentavious Caldwell-Pope,SG,25,LAL,2018-19,82,2035,12.9,0.568,0.575,0.209,2.5,9.4,6.0,7.5,1.7,0.5,7.3,18.1,2.3,1.8,4.0,0.095,0.6,-1.2,-0.6,0.7
Kenyon Martin,PF,28,DEN,2005-06,56,1546,16.7,0.533,0.037,0.283,7.1,19.4,13.3,8.8,1.4,2.5,9.6,21.6,1.8,2.0,3.8,0.117,-0.8,0.6,-0.2,0.7
Kenyon Martin,PF,29,DEN,2006-07,2,63,5.4,0.446,0.063,0.75,10.9,24.7,17.9,2.4,0.0,0.0,19.0,17.9,-0.1,0.1,0.0,-0.036,-7.0,-3.3,-10.2,-0.1
Kenyon Martin,PF,30,DEN,2007-08,71,2159,14.7,0.553,0.016,0.303,5.4,17.5,11.6,6.3,2.0,2.8,10.3,17.4,2.0,3.0,5.0,0.111,-1.5,1.6,0.1,1.1
Kenyon Martin,PF,31,DEN,2008-09,66,2111,13.6,0.523,0.059,0.304,4.6,16.8,10.9,10.0,2.3,2.7,12.4,17.7,0.9,3.1,4.0,0.09,-1.6,2.5,0.9,1.6
Kenyon Martin,PF,32,DEN,2009-10,58,1986,13.4,0.481,0.047,0.269,8.3,23.3,15.8,8.5,1.8,2.3,11.6,17.5,0.4,2.8,3.3,0.079,-2.0,2.2,0.2,1.1
Kenyon Martin,PF,33,DEN,2010-11,48,1233,14.1,0.526,0.025,0.199,6.5,20.9,13.9,13.6,1.8,2.2,13.0,16.4,1.0,1.6,2.7,0.104,-0.9,2.7,1.8,1.2
Kenyon Martin,PF,34,LAC,2011-12,42,940,9.9,0.445,0.059,0.245,6.1,16.9,11.5,2.9,2.5,3.8,11.6,13.5,-0.3,1.2,0.9,0.048,-4.0,2.5,-1.5,0.1
Kenyon Martin,C,35,NYK,2012-13,18,431,13.9,0.583,0.0,0.43,8.9,17.1,12.9,2.9,2.0,3.4,12.6,13.7,0.6,0.6,1.2,0.128,-1.2,1.8,0.5,0.3
Kenyon Martin,PF,36,NYK,2013-14,32,633,12.2,0.521,0.008,0.154,6.5,18.7,12.5,11.9,2.1,3.8,16.5,11.6,0.5,0.7,1.2,0.09,-2.0,3.1,1.1,0.5
Kenyon Martin,PF,37,MIL,2014-15,11,104,10.0,0.437,0.0,0.091,6.7,14.2,10.5,7.0,2.5,4.9,11.6,11.2,0.0,0.2,0.2,0.086,-4.4,3.6,-0.8,0.0
Kevin Burleson,PG,26,CHA,2005-06,39,340,5.1,0.367,0.614,0.193,1.3,8.0,4.4,20.8,3.9,0.5,20.8,15.7,-0.6,0.4,-0.2,-0.032,-4.3,0.0,-4.3,-0.2
Kevin Durant,SG,19,SEA,2007-08,80,2768,15.8,0.519,0.15,0.328,2.8,10.9,6.9,12.0,1.4,1.9,12.9,28.1,0.4,1.9,2.3,0.04,-0.6,-0.7,-1.4,0.4
Kevin Durant,SF,20,OKC,2008-09,74,2885,20.8,0.577,0.165,0.377,3.0,16.4,9.6,13.5,1.7,1.4,12.2,28.3,5.2,2.7,7.9,0.132,2.2,-0.5,1.8,2.8
Kevin Durant,SF,21,OKC,2009-10,82,3239,26.2,0.607,0.21,0.504,3.8,17.9,11.0,13.5,1.8,1.9,11.7,32.0,11.1,5.0,16.1,0.238,4.9,0.2,5.1,5.8
Kevin Durant,SF,22,OKC,2010-11,78,3038,23.6,0.589,0.269,0.439,2.3,17.7,10.3,13.2,1.5,1.8,10.6,30.6,8.6,3.3,12.0,0.189,3.7,-0.8,2.9,3.7
Kevin Durant,SF,23,OKC,2011-12,66,2546,26.2,0.61,0.265,0.386,1.9,20.4,11.8,17.5,1.8,2.2,14.0,31.3,8.5,3.7,12.2,0.23,4.7,0.5,5.2,4.6
Kevin Durant,SF,24,OKC,2012-13,81,3119,28.3,0.647,0.233,0.523,1.8,20.3,11.8,21.7,1.9,2.6,13.7,29.8,13.6,5.3,18.9,0.291,6.2,1.4,7.7,7.6
Kevin Durant,SF,25,OKC,2013-14,81,3122,29.8,0.635,0.291,0.477,2.2,18.6,10.8,26.7,1.7,1.5,12.2,33.0,14.8,4.4,19.2,0.295,8.4,0.4,8.8,8.5
Kevin Durant,SF,26,OKC,2014-15,27,913,27.6,0.633,0.34,0.366,1.9,18.7,10.4,22.2,1.3,2.2,12.0,29.1,3.8,1.0,4.8,0.252,6.3,-0.2,6.1,1.9
Kevin Durant,SF,27,OKC,2015-16,72,2578,28.2,0.634,0.348,0.361,2.0,21.8,12.4,24.2,1.3,2.5,13.5,30.6,11.0,3.5,14.5,0.27,7.0,0.9,7.9,6.4
Kevin Durant,PF,28,GSW,2016-17,62,2070,27.6,0.651,0.304,0.374,2.2,23.6,13.6,23.1,1.5,3.8,10.4,27.8,8.0,4.0,12.0,0.278,5.4,2.6,8.0,5.2
Kevin Durant,SF,29,GSW,2017-18,68,2325,26.0,0.64,0.338,0.331,1.6,19.5,11.2,25.5,1.0,4.0,12.9,30.4,7.5,2.9,10.4,0.215,5.0,0.7,5.6,4.5
Kevin Durant,SF,30,GSW,2018-19,78,2702,24.2,0.631,0.281,0.366,1.4,17.5,9.8,26.2,1.0,2.6,12.3,29.0,8.6,2.9,11.5,0.204,4.2,0.1,4.3,4.3
Kevin Garnett,PF,29,MIN,2005-06,76,2957,26.8,0.589,0.025,0.411,8.9,29.7,19.6,20.2,1.9,2.7,11.3,25.5,9.0,5.9,14.9,0.242,4.4,3.5,7.9,7.4
Kevin Garnett,PF,30,MIN,2006-07,76,2995,24.1,0.546,0.042,0.371,7.5,30.8,19.5,19.5,1.6,3.2,11.6,27.4,5.7,4.9,10.7,0.171,1.8,3.2,5.0,5.2
Kevin Garnett,PF,31,BOS,2007-08,71,2328,25.3,0.588,0.011,0.339,7.3,25.1,16.8,19.9,2.3,3.1,10.8,25.5,6.6,6.2,12.9,0.265,2.7,4.7,7.4,5.5
Kevin Garnett,PF,32,BOS,2008-09,57,1772,21.2,0.563,0.011,0.178,5.6,26.7,16.6,14.7,1.9,3.1,10.1,23.4,3.0,4.1,7.1,0.193,0.2,3.7,4.0,2.7
Kevin Garnett,PF,33,BOS,2009-10,69,2060,19.4,0.569,0.006,0.286,4.8,24.8,15.1,15.7,1.7,2.2,10.4,22.1,3.6,3.8,7.3,0.171,0.0,2.6,2.6,2.4
Kevin Garnett,PF,34,BOS,2010-11,71,2220,20.6,0.575,0.006,0.264,4.9,28.7,17.5,13.5,2.3,2.0,11.1,22.3,3.4,5.6,9.0,0.194,0.0,4.1,4.0,3.4
Kevin Garnett,C,35,BOS,2011-12,60,1864,20.4,0.55,0.012,0.243,4.4,25.8,15.6,17.9,1.6,2.5,11.1,24.9,2.6,4.3,6.9,0.178,0.2,3.3,3.6,2.6
Kevin Garnett,C,36,BOS,2012-13,68,2022,19.2,0.535,0.019,0.236,4.5,25.8,15.5,14.4,2.0,2.4,10.5,24.5,1.8,3.8,5.6,0.133,-1.2,2.3,1.0,1.5
Kevin Garnett,C,37,BRK,2013-14,54,1109,13.3,0.467,0.008,0.132,6.5,32.1,19.3,12.4,2.0,3.0,15.5,18.9,-0.7,1.9,1.2,0.054,-4.7,2.8,-1.9,0.0
Kevin Garnett,PF,38,TOT,2014-15,47,952,15.2,0.496,0.023,0.147,5.7,31.1,18.3,13.1,2.5,1.4,12.4,17.8,0.4,1.5,1.9,0.096,-2.6,2.4,-0.2,0.4
Kevin Garnett,PF,39,MIN,2015-16,38,556,12.3,0.491,0.009,0.183,3.2,27.9,15.7,16.4,2.5,1.5,11.4,11.3,0.4,0.7,1.1,0.092,-2.5,2.5,0.0,0.3
Kevin Huerter,SG,20,ATL,2018-19,75,2048,10.1,0.533,0.537,0.085,3.0,9.7,6.3,14.5,1.5,1.1,13.8,15.7,0.7,0.7,1.5,0.034,-0.9,-1.0,-1.9,0.1
Kevin Jones,PF,23,CLE,2012-13,32,334,11.1,0.418,0.0,0.14,12.6,14.5,13.5,4.8,1.4,1.2,6.6,16.2,0.1,0.2,0.2,0.032,-3.4,-1.8,-5.2,-0.3
Kevin Knox,PF,19,NYK,2018-19,75,2158,8.7,0.475,0.398,0.247,2.9,13.6,8.1,6.0,1.0,0.9,10.1,22.3,-2.2,0.9,-1.3,-0.03,-3.6,-2.4,-6.0,-2.2
Kevin Love,C,20,MIN,2008-09,81,2048,18.3,0.538,0.028,0.488,15.1,27.3,21.0,6.8,0.9,1.9,12.4,21.0,3.4,1.9,5.3,0.124,-0.7,-0.4,-1.1,0.5
Kevin Love,PF,21,MIN,2009-10,60,1714,20.7,0.549,0.164,0.427,14.5,28.6,21.5,12.9,1.3,1.0,13.2,22.4,3.4,1.5,4.9,0.138,1.8,0.1,1.9,1.7
Kevin Love,PF,22,MIN,2010-11,73,2611,24.3,0.593,0.206,0.486,13.7,34.2,23.6,11.8,0.9,0.8,11.1,22.9,8.9,2.5,11.4,0.21,3.9,-0.2,3.7,3.8
Kevin Love,PF,23,MIN,2011-12,55,2145,25.4,0.568,0.266,0.434,11.6,26.4,19.0,10.0,1.1,0.9,9.2,28.8,7.6,2.3,10.0,0.223,5.1,-0.6,4.5,3.5
Kevin Love,PF,24,MIN,2012-13,18,618,17.9,0.458,0.309,0.477,11.5,35.9,23.3,11.8,1.1,1.1,9.8,28.9,0.1,0.9,1.1,0.084,-0.8,-0.3,-1.1,0.1
Kevin Love,PF,25,MIN,2013-14,77,2797,26.9,0.591,0.355,0.445,8.5,29.5,18.7,21.4,1.0,1.0,10.3,28.8,10.6,3.7,14.3,0.245,7.2,1.2,8.4,7.3
Kevin Love,PF,26,CLE,2014-15,75,2532,18.8,0.562,0.412,0.337,6.5,26.3,16.6,10.7,1.0,1.2,10.0,21.7,5.8,2.9,8.7,0.165,2.0,-0.1,1.9,2.5
Kevin Love,PF,27,CLE,2015-16,77,2424,19.0,0.553,0.449,0.321,7.0,28.4,17.8,12.2,1.2,1.4,11.3,23.4,4.7,3.8,8.5,0.169,1.7,0.9,2.5,2.8
Kevin Love,PF,28,CLE,2016-17,60,1885,21.1,0.573,0.449,0.34,8.9,29.3,19.5,9.8,1.4,0.9,10.9,26.4,4.0,2.4,6.4,0.163,1.7,-0.9,0.8,1.3
Kevin Love,C,29,CLE,2017-18,59,1651,22.4,0.614,0.453,0.365,7.0,29.8,18.6,9.8,1.3,1.2,9.6,25.1,4.7,1.6,6.4,0.185,2.7,-1.5,1.3,1.4
Kevin Love,PF,30,CLE,2018-19,22,598,19.5,0.561,0.519,0.403,5.9,40.0,22.2,12.8,0.5,0.7,11.2,27.4,1.0,0.4,1.3,0.106,0.8,-2.4,-1.7,0.0
Kevin Martin,SG,22,SAC,2005-06,72,1913,14.8,0.604,0.328,0.407,3.6,12.3,8.0,8.3,1.5,0.3,11.2,17.4,3.6,1.9,5.5,0.137,0.8,-0.7,0.1,1.0
Kevin Martin,SG,23,SAC,2006-07,80,2818,20.1,0.614,0.312,0.534,2.8,11.6,7.1,10.9,1.8,0.3,9.3,23.2,8.3,1.9,10.2,0.173,3.8,-1.4,2.4,3.2
Kevin Martin,SG,24,SAC,2007-08,61,2216,21.0,0.618,0.291,0.632,2.6,11.8,7.3,10.1,1.4,0.2,10.1,26.2,7.4,1.1,8.4,0.183,3.9,-2.8,1.1,1.7
Kevin Martin,SG,25,SAC,2008-09,51,1947,19.2,0.601,0.342,0.65,1.7,9.3,5.5,12.3,1.6,0.3,12.3,27.4,4.7,0.1,4.7,0.117,3.1,-3.4,-0.3,0.8
Kevin Martin,SG,26,TOT,2009-10,46,1633,17.0,0.561,0.303,0.491,2.0,9.7,5.8,11.2,1.4,0.3,9.8,25.3,3.2,1.0,4.2,0.123,1.5,-2.3,-0.7,0.5
Kevin Martin,SG,27,HOU,2010-11,80,2603,21.4,0.601,0.362,0.528,1.2,10.0,5.6,13.0,1.6,0.4,10.5,29.6,8.0,1.5,9.5,0.175,4.4,-2.8,1.6,2.3
Kevin Martin,SG,28,HOU,2011-12,40,1264,16.5,0.554,0.419,0.333,1.2,8.6,4.9,14.5,1.2,0.2,10.2,24.7,2.7,0.6,3.3,0.125,2.7,-2.5,0.2,0.7
Kevin Martin,SG,29,OKC,2012-13,77,2136,16.0,0.608,0.477,0.316,1.8,7.4,4.8,7.9,1.7,0.3,10.2,21.0,5.0,2.0,7.0,0.157,2.7,-2.3,0.5,1.3
Kevin Martin,SG,30,MIN,2013-14,68,2177,16.3,0.553,0.29,0.332,1.7,8.7,5.1,9.2,1.5,0.2,8.3,25.0,3.8,1.5,5.3,0.117,1.4,-2.0,-0.6,0.8
Kevin Martin,SG,31,MIN,2014-15,39,1302,16.7,0.549,0.306,0.309,1.6,11.1,6.2,12.5,1.3,0.1,9.7,26.6,2.0,-0.1,1.9,0.069,1.8,-3.9,-2.1,0.0
Kevin Martin,SG,32,TOT,2015-16,55,1095,11.5,0.52,0.325,0.411,1.5,10.0,5.8,8.2,1.2,0.2,9.8,22.6,0.7,0.5,1.2,0.054,-1.4,-3.1,-4.5,-0.7
Kevin Murphy,SG,22,UTA,2012-13,17,52,-4.5,0.268,0.179,0.0,0.0,9.1,4.5,6.1,1.0,0.0,9.7,27.1,-0.3,0.0,-0.3,-0.272,-12.4,-5.3,-17.6,-0.2
Kevin Ollie,SG,33,PHI,2005-06,70,1069,7.8,0.491,0.017,0.282,1.4,9.3,5.4,13.8,1.6,0.2,12.9,9.6,0.5,0.5,1.1,0.048,-3.4,-0.9,-4.3,-0.6
Kevin Ollie,PG,34,PHI,2006-07,53,919,8.4,0.481,0.011,0.241,1.0,8.6,4.8,21.8,1.2,0.1,18.5,12.8,0.1,0.5,0.6,0.03,-3.6,-1.5,-5.1,-0.7
Kevin Ollie,SG,35,PHI,2007-08,40,300,9.7,0.463,0.014,0.217,1.6,6.0,3.8,18.7,1.8,0.0,6.2,12.1,0.3,0.2,0.5,0.084,-2.8,-1.7,-4.6,-0.2
Kevin Ollie,PG,36,MIN,2008-09,50,850,9.9,0.525,0.007,0.64,1.7,8.9,5.2,20.2,1.2,0.4,15.0,12.0,0.9,0.3,1.2,0.067,-2.6,-1.2,-3.8,-0.4
Kevin Ollie,PG,37,OKC,2009-10,25,263,7.0,0.453,0.022,0.178,1.3,9.3,5.5,10.8,1.8,0.0,11.0,9.3,0.0,0.3,0.3,0.059,-4.0,0.4,-3.5,-0.1
Kevin Seraphin,PF,27,IND,2016-17,49,559,14.4,0.559,0.01,0.111,8.3,20.0,14.3,6.7,0.6,3.1,12.3,19.0,0.4,0.6,1.0,0.082,-3.1,-0.5,-3.6,-0.2
Kevin Séraphin,PF,21,WAS,2010-11,58,635,8.4,0.479,0.0,0.211,13.9,13.4,13.7,2.4,1.4,3.4,20.7,14.1,-0.2,0.5,0.2,0.017,-4.2,-0.2,-4.5,-0.4
Kevin Séraphin,C,22,WAS,2011-12,57,1176,15.8,0.549,0.003,0.183,9.8,17.1,13.4,4.8,0.8,5.0,13.8,18.2,1.2,1.1,2.3,0.094,-1.8,0.5,-1.3,0.2
Kevin Séraphin,C,23,WAS,2012-13,79,1721,10.3,0.478,0.0,0.123,6.8,15.5,11.1,6.1,0.7,2.7,14.7,23.5,-2.1,2.2,0.1,0.004,-5.6,-0.1,-5.7,-1.6
Kevin Séraphin,C,24,WAS,2013-14,53,578,12.5,0.533,0.0,0.141,10.5,15.3,12.8,4.9,0.3,3.7,14.9,21.5,0.2,0.6,0.8,0.066,-4.1,-1.2,-5.2,-0.5
Kevin Séraphin,C,25,WAS,2014-15,79,1235,12.5,0.535,0.004,0.182,8.1,17.9,13.1,8.0,0.4,3.8,16.8,21.5,0.0,1.7,1.7,0.066,-3.7,0.7,-3.0,-0.3
Kevin Séraphin,C,26,NYK,2015-16,48,526,10.8,0.435,0.01,0.112,6.5,19.5,13.1,14.8,0.8,5.2,16.7,22.2,-0.8,0.7,-0.2,-0.015,-5.9,1.5,-4.4,-0.3
Kevin Willis,PF,44,DAL,2006-07,5,43,6.3,0.432,0.0,0.154,5.7,16.4,11.2,3.6,2.5,1.8,12.6,17.2,0.0,0.1,0.0,0.048,-5.5,0.9,-4.6,0.0
Kevinn Pinkney,PF,23,BOS,2006-07,6,100,11.6,0.501,0.074,0.333,8.2,9.8,9.0,8.3,1.6,2.3,11.4,15.8,0.1,0.1,0.2,0.075,-2.0,0.1,-1.9,0.0
Kevon Looney,PF,19,GSW,2015-16,5,21,18.6,0.643,0.286,0.0,21.8,29.1,25.6,0.0,0.0,0.0,12.5,16.5,0.1,0.0,0.1,0.192,-1.2,-8.2,-9.5,0.0
Kevon Looney,C,20,GSW,2016-17,53,447,13.6,0.553,0.084,0.318,11.5,18.5,15.2,8.5,1.6,3.0,12.2,13.4,0.7,0.8,1.4,0.155,-1.4,1.8,0.4,0.3
Kevon Looney,C,21,GSW,2017-18,66,910,14.8,0.588,0.026,0.399,11.0,15.2,13.2,6.0,1.8,4.9,12.0,12.4,1.5,1.3,2.8,0.145,-0.9,2.1,1.2,0.7
Kevon Looney,C,22,GSW,2018-19,80,1481,17.3,0.636,0.029,0.303,14.6,15.4,15.0,10.9,1.5,3.0,11.5,12.8,4.2,1.8,6.0,0.194,1.9,1.8,3.7,2.1
Keyon Dooling,PG,25,ORL,2005-06,50,1137,12.6,0.513,0.106,0.299,1.2,7.1,4.2,16.7,2.3,0.3,15.2,22.5,0.3,0.8,1.1,0.046,-1.7,-1.6,-3.3,-0.4
Keyon Dooling,SG,26,ORL,2006-07,66,1435,11.1,0.501,0.21,0.308,1.9,5.4,3.7,13.1,1.9,0.8,12.2,19.1,0.7,1.4,2.1,0.071,-1.4,-1.0,-2.4,-0.2
Keyon Dooling,PG,27,ORL,2007-08,72,1334,14.1,0.572,0.154,0.456,0.6,7.8,4.4,16.0,1.4,0.3,10.7,19.6,2.4,1.2,3.7,0.132,-0.5,-1.3,-1.8,0.1
Keyon Dooling,PG,28,NJN,2008-09,77,2074,13.6,0.562,0.393,0.258,1.4,7.6,4.5,21.3,1.8,0.3,13.6,17.4,2.8,0.9,3.7,0.085,0.8,-1.9,-1.1,0.4
Keyon Dooling,PG,29,NJN,2009-10,53,971,11.6,0.519,0.485,0.188,0.9,5.7,3.2,24.0,1.8,0.0,14.4,19.4,0.4,0.3,0.7,0.035,-0.4,-3.8,-4.2,-0.5
Keyon Dooling,PG,30,MIL,2010-11,80,1757,11.3,0.509,0.451,0.181,0.8,7.1,3.9,23.4,1.6,0.2,14.0,17.3,0.8,2.1,2.9,0.08,-1.0,-1.2,-2.2,-0.1
Keyon Dooling,SG,31,BOS,2011-12,46,662,6.9,0.515,0.497,0.19,0.6,6.1,3.5,12.1,1.0,0.2,16.1,15.3,-0.2,0.8,0.6,0.042,-2.7,-1.2,-3.9,-0.3
Keyon Dooling,PG,32,MEM,2012-13,7,82,11.2,0.644,0.571,0.333,0.0,1.5,0.7,15.6,0.7,0.0,17.2,16.4,0.2,0.1,0.2,0.128,-0.1,-4.5,-4.7,-0.1
Khem Birch,C,25,ORL,2017-18,42,578,16.4,0.582,0.0,0.484,13.2,21.1,17.1,8.5,1.3,2.9,12.1,13.2,1.2,0.6,1.8,0.15,-1.1,1.4,0.3,0.3
Khem Birch,C,26,ORL,2018-19,50,643,19.2,0.64,0.007,0.55,13.0,18.8,15.8,8.5,1.4,3.8,9.6,14.1,1.8,1.0,2.8,0.212,0.2,2.3,2.4,0.7
Khris Middleton,SG,21,DET,2012-13,27,475,11.4,0.532,0.319,0.227,1.0,11.4,6.1,9.5,1.7,0.7,6.6,15.9,0.6,0.3,0.9,0.089,-0.9,-1.5,-2.3,0.0
Khris Middleton,SF,22,MIL,2013-14,82,2460,12.5,0.541,0.34,0.16,2.7,12.0,7.2,11.7,1.8,0.7,11.9,19.1,1.9,0.8,2.7,0.053,0.1,-1.6,-1.5,0.3
Khris Middleton,SF,23,MIL,2014-15,79,2378,15.6,0.563,0.308,0.18,2.3,14.3,8.4,12.7,2.6,0.4,10.8,19.9,3.2,3.5,6.7,0.135,0.9,0.5,1.4,2.0
Khris Middleton,SG,24,MIL,2015-16,79,2852,16.8,0.56,0.316,0.273,1.8,10.2,6.0,18.9,2.3,0.6,12.3,23.0,4.3,1.8,6.1,0.103,2.2,-1.6,0.6,1.9
Khris Middleton,SF,25,MIL,2016-17,29,889,15.0,0.57,0.312,0.276,1.5,14.5,8.1,17.5,2.3,0.7,14.8,22.5,0.7,0.9,1.6,0.085,0.0,-0.6,-0.5,0.3
Khris Middleton,SF,26,MIL,2017-18,82,2982,17.4,0.577,0.32,0.285,1.8,15.0,8.4,17.7,2.0,0.6,11.8,24.6,4.6,2.3,6.9,0.111,1.6,-1.2,0.4,1.8
Khris Middleton,SF,27,MIL,2018-19,77,2393,16.5,0.558,0.413,0.225,2.3,16.5,9.8,20.1,1.6,0.2,12.1,25.1,2.5,3.6,6.1,0.123,0.7,0.1,0.8,1.7
Khyri Thomas,SG,22,DET,2018-19,26,195,6.2,0.413,0.507,0.159,2.2,9.3,5.6,6.0,1.8,2.2,5.1,17.2,-0.2,0.2,0.0,0.005,-4.7,-0.5,-5.2,-0.2
Kim English,SG,24,DET,2012-13,41,407,7.9,0.477,0.446,0.259,2.2,8.4,5.2,9.8,2.1,0.6,13.2,16.1,0.0,0.2,0.2,0.021,-2.5,-1.6,-4.2,-0.2
Kirk Hinrich,PG,25,CHI,2005-06,81,2955,15.5,0.528,0.316,0.291,1.1,10.0,5.6,28.9,1.6,0.6,13.4,21.4,4.1,3.5,7.6,0.124,1.8,0.2,1.9,2.9
Kirk Hinrich,PG,26,CHI,2006-07,80,2839,17.0,0.559,0.318,0.268,1.3,9.7,5.5,29.2,1.8,0.6,13.9,21.6,5.5,4.6,10.1,0.171,2.7,0.2,2.9,3.5
Kirk Hinrich,PG,27,CHI,2007-08,75,2380,13.1,0.501,0.301,0.178,1.3,10.6,5.8,30.9,1.9,0.6,15.4,18.9,1.5,2.1,3.6,0.072,0.1,-0.9,-0.8,0.7
Kirk Hinrich,SG,28,CHI,2008-09,51,1339,13.9,0.551,0.403,0.205,1.4,9.1,5.3,22.7,2.5,1.0,16.0,18.1,1.3,1.3,2.6,0.092,0.8,-0.5,0.4,0.8
Kirk Hinrich,SG,29,CHI,2009-10,74,2481,11.6,0.501,0.372,0.15,1.1,10.4,5.8,20.5,1.8,0.7,12.3,16.6,1.2,2.8,4.0,0.077,-0.3,0.3,0.0,1.2
Kirk Hinrich,SG,30,TOT,2010-11,72,2157,12.3,0.543,0.302,0.202,1.1,8.9,4.9,21.1,1.8,0.6,15.1,16.7,1.8,1.2,3.0,0.068,-0.2,-1.3,-1.5,0.3
Kirk Hinrich,SG,31,ATL,2011-12,48,1237,9.2,0.511,0.461,0.108,1.1,8.5,4.8,16.3,1.6,0.7,15.8,13.9,0.4,1.4,1.8,0.069,-1.4,-0.1,-1.4,0.2
Kirk Hinrich,PG,32,CHI,2012-13,60,1764,10.8,0.493,0.431,0.232,1.0,9.3,5.1,27.5,1.9,1.1,17.5,14.7,1.0,2.1,3.1,0.085,-1.1,-0.2,-1.2,0.3
Kirk Hinrich,PG,33,CHI,2013-14,73,2116,10.8,0.494,0.391,0.202,1.7,8.5,5.2,22.6,2.0,1.0,15.1,17.3,0.4,3.3,3.8,0.085,-1.3,0.5,-0.8,0.6
Kirk Hinrich,SG,34,CHI,2014-15,66,1610,6.8,0.468,0.441,0.131,1.4,6.6,4.1,13.8,1.5,0.6,15.3,13.3,-0.3,1.3,1.0,0.03,-2.3,-0.6,-2.8,-0.3
Kirk Hinrich,PG,35,TOT,2015-16,46,631,7.2,0.504,0.481,0.124,1.4,10.2,5.9,16.0,1.2,0.2,18.1,11.6,0.1,0.5,0.6,0.044,-2.7,-1.0,-3.7,-0.3
Kirk Snyder,SG,22,NOK,2005-06,68,1310,14.6,0.537,0.285,0.258,4.9,9.9,7.3,13.9,1.2,1.4,12.2,20.5,1.4,0.9,2.2,0.082,0.6,-1.1,-0.5,0.5
Kirk Snyder,SF,23,HOU,2006-07,39,563,12.2,0.536,0.301,0.514,3.5,13.4,8.5,11.3,1.0,1.6,12.7,17.0,0.5,0.9,1.4,0.117,-2.3,0.8,-1.5,0.1
Kirk Snyder,SF,24,TOT,2007-08,36,761,13.3,0.573,0.122,0.466,4.4,15.0,9.6,12.9,1.4,1.6,18.6,16.6,0.6,0.5,1.1,0.068,-1.6,0.4,-1.2,0.2
Kirk Snyder,PF,24,HOU,2007-08,9,81,14.4,0.518,0.321,0.393,7.1,9.6,8.4,16.4,0.7,0.9,10.9,20.8,0.1,0.1,0.2,0.117,-0.3,-1.2,-1.5,0.0
Kirk Snyder,SF,24,MIN,2007-08,27,680,13.2,0.582,0.087,0.478,4.1,15.7,9.7,12.5,1.5,1.6,19.8,16.1,0.5,0.4,0.9,0.063,-1.7,0.6,-1.2,0.1
Klay Thompson,SG,21,GSW,2011-12,66,1608,14.9,0.545,0.373,0.127,1.7,9.6,5.7,14.2,1.6,1.0,12.0,24.7,1.4,0.3,1.7,0.05,0.9,-2.8,-1.9,0.1
Klay Thompson,SG,22,GSW,2012-13,82,2936,12.7,0.533,0.437,0.13,1.2,10.0,5.7,10.1,1.5,1.2,11.0,21.8,1.7,2.6,4.3,0.07,0.4,-0.6,-0.1,1.4
Klay Thompson,SG,23,GSW,2013-14,81,2868,14.3,0.555,0.425,0.147,1.5,7.9,4.7,10.2,1.3,1.0,9.2,22.6,3.5,3.2,6.7,0.112,1.3,-0.6,0.7,1.9
Klay Thompson,SG,24,GSW,2014-15,77,2455,20.8,0.591,0.42,0.197,1.2,9.4,5.4,14.6,1.7,1.8,9.5,27.6,5.7,3.1,8.8,0.172,3.6,-1.0,2.7,2.9
Klay Thompson,SG,25,GSW,2015-16,80,2666,18.6,0.597,0.469,0.159,1.5,10.3,6.2,9.8,1.1,1.4,8.5,26.3,5.5,2.6,8.0,0.144,2.9,-2.2,0.7,1.8
Klay Thompson,SG,26,GSW,2016-17,78,2649,17.4,0.592,0.47,0.158,2.2,9.2,5.9,9.3,1.2,1.2,8.0,26.1,4.2,2.9,7.1,0.129,2.4,-2.1,0.3,1.5
Klay Thompson,SG,27,GSW,2017-18,73,2506,16.0,0.598,0.442,0.083,1.5,10.3,6.2,11.2,1.1,1.1,9.5,23.7,3.1,1.8,4.9,0.094,1.8,-2.4,-0.6,0.9
Klay Thompson,SG,28,GSW,2018-19,78,2652,16.6,0.571,0.427,0.113,1.6,10.1,6.0,10.5,1.5,1.5,7.2,25.6,2.9,2.3,5.3,0.095,1.2,-2.0,-0.8,0.8
Kobe Bryant,SG,27,LAL,2005-06,80,3277,28.0,0.559,0.238,0.377,2.6,12.7,7.6,24.1,2.4,0.7,9.0,38.7,11.6,3.7,15.3,0.224,7.3,-1.5,5.8,6.5
Kobe Bryant,SG,28,LAL,2006-07,77,3140,26.1,0.58,0.227,0.437,2.8,13.5,8.2,25.5,1.8,0.9,10.9,33.6,10.8,2.2,13.0,0.199,6.1,-1.4,4.7,5.3
Kobe Bryant,SG,29,LAL,2007-08,82,3192,24.2,0.576,0.246,0.439,3.4,14.1,9.0,23.9,2.4,0.9,11.3,31.4,9.5,4.3,13.8,0.208,5.1,0.3,5.4,6.0
Kobe Bryant,SG,30,LAL,2008-09,82,2960,24.4,0.561,0.196,0.329,3.5,12.8,8.2,23.8,2.1,1.0,9.7,32.2,8.6,4.0,12.7,0.206,4.8,-0.2,4.5,4.9
Kobe Bryant,SG,31,LAL,2009-10,73,2835,21.9,0.545,0.192,0.345,3.1,12.2,7.7,23.8,2.1,0.5,11.4,32.3,5.4,4.0,9.4,0.16,3.6,-0.1,3.6,4.0
Kobe Bryant,SG,32,LAL,2010-11,82,2779,23.9,0.548,0.217,0.356,3.5,13.3,8.5,26.7,1.9,0.3,11.4,35.1,6.8,3.5,10.3,0.178,4.7,-0.9,3.8,4.1
Kobe Bryant,SG,33,LAL,2011-12,58,2232,21.9,0.527,0.215,0.338,3.5,11.8,7.8,23.7,1.6,0.6,11.7,35.7,4.2,2.0,6.2,0.132,3.6,-1.4,2.3,2.4
Kobe Bryant,SG,34,LAL,2012-13,78,3013,23.0,0.57,0.255,0.392,2.5,13.1,7.9,29.7,1.8,0.6,13.3,31.9,8.4,2.6,10.9,0.174,5.2,-0.5,4.7,5.1
Kobe Bryant,SG,35,LAL,2013-14,6,177,10.7,0.505,0.219,0.288,1.2,14.5,7.8,34.6,1.9,0.4,29.2,28.7,-0.5,0.1,-0.4,-0.097,-4.7,-1.3,-5.9,-0.2
Kobe Bryant,SG,36,LAL,2014-15,35,1207,17.6,0.477,0.258,0.338,2.3,16.5,9.1,29.9,2.0,0.5,13.5,34.9,-0.4,0.6,0.2,0.006,1.6,-1.3,0.3,0.7
Kobe Bryant,SF,37,LAL,2015-16,66,1863,14.9,0.469,0.42,0.252,2.3,12.3,7.1,19.1,1.7,0.5,9.4,32.2,-0.9,0.5,-0.4,-0.01,0.8,-3.3,-2.5,-0.2
Kobi Simmons,PG,20,MEM,2017-18,32,643,7.7,0.49,0.206,0.132,2.5,6.6,4.5,16.5,1.4,0.7,18.0,17.0,-0.4,0.2,-0.2,-0.013,-3.9,-2.1,-6.0,-0.6
Kobi Simmons,PG,21,CLE,2018-19,1,2,0.0,,,,0.0,0.0,0.0,0.0,0.0,0.0,,0.0,0.0,0.0,0.0,-0.033,-6.3,-0.9,-7.3,0.0
Kosta Koufos,C,19,UTA,2008-09,48,565,15.2,0.54,0.0,0.276,10.6,18.6,14.6,5.7,1.1,4.3,11.1,18.5,0.6,0.7,1.3,0.112,-2.3,0.7,-1.6,0.1
Kosta Koufos,C,20,UTA,2009-10,36,172,7.7,0.494,0.0,0.319,11.3,19.4,15.5,5.1,0.6,1.9,21.9,17.9,-0.2,0.2,0.0,0.014,-5.7,-0.9,-6.6,-0.2
Kosta Koufos,C,21,TOT,2010-11,50,434,12.6,0.474,0.013,0.287,14.6,19.1,16.8,2.5,1.1,4.4,15.5,19.9,-0.2,0.4,0.2,0.027,-5.1,-1.5,-6.7,-0.5
Kosta Koufos,C,22,DEN,2011-12,48,792,17.3,0.608,0.0,0.286,14.4,23.3,19.0,2.9,1.5,4.1,13.2,14.0,1.7,1.0,2.7,0.163,0.0,1.0,1.0,0.6
Kosta Koufos,C,23,DEN,2012-13,81,1817,17.2,0.585,0.002,0.205,13.3,21.2,17.3,2.6,1.2,4.4,8.7,14.5,3.9,2.5,6.5,0.171,0.4,1.1,1.5,1.6
Kosta Koufos,C,24,MEM,2013-14,80,1349,16.5,0.514,0.0,0.203,14.0,22.7,18.4,4.7,1.3,4.4,11.8,19.4,1.3,2.2,3.5,0.124,-2.1,1.2,-0.9,0.4
Kosta Koufos,C,25,MEM,2014-15,81,1348,14.2,0.53,0.0,0.237,10.3,25.8,18.1,4.3,1.1,3.9,14.9,15.8,0.8,2.5,3.3,0.118,-3.4,1.9,-1.5,0.2
Kosta Koufos,C,26,SAC,2015-16,78,1482,15.1,0.54,0.0,0.234,12.4,18.4,15.4,3.3,1.3,3.8,8.9,15.4,2.1,1.4,3.5,0.113,-1.6,0.4,-1.2,0.3
Kosta Koufos,C,27,SAC,2016-17,71,1419,13.8,0.56,0.003,0.158,9.7,23.0,16.4,5.3,1.3,3.1,12.7,15.3,1.2,1.4,2.6,0.089,-2.6,0.7,-1.9,0.0
Kosta Koufos,C,28,SAC,2017-18,71,1391,17.5,0.566,0.0,0.19,11.7,27.6,19.3,9.7,1.7,2.2,10.4,15.2,2.3,1.5,3.9,0.134,-0.8,1.4,0.5,0.9
Kosta Koufos,C,29,SAC,2018-19,42,502,12.3,0.477,0.0,0.157,10.4,26.3,18.2,9.5,1.4,3.1,14.2,15.7,0.0,0.7,0.7,0.063,-4.3,1.8,-2.5,-0.1
Kosta Perović,C,22,GSW,2007-08,7,38,10.3,0.396,0.0,0.6,16.2,20.5,18.3,3.4,0.0,3.8,7.3,15.1,0.0,0.0,0.0,0.06,-4.9,-1.7,-6.7,0.0
Kostas Antetokounmpo,PF,21,DAL,2018-19,2,11,-0.9,0.21,0.0,1.333,0.0,9.7,4.9,0.0,8.8,0.0,17.4,22.5,-0.1,0.0,-0.1,-0.247,-15.9,2.7,-13.3,0.0
Kostas Papanikolaou,SF,24,HOU,2014-15,43,795,7.8,0.444,0.538,0.091,5.4,10.9,8.2,15.8,1.8,1.3,21.2,14.2,-0.4,0.9,0.5,0.029,-3.0,0.7,-2.3,-0.1
Kostas Papanikolaou,SF,25,DEN,2015-16,26,294,6.0,0.464,0.485,0.212,3.0,12.3,7.5,7.8,2.2,1.4,22.5,13.9,-0.4,0.2,-0.1,-0.022,-4.5,0.1,-4.3,-0.2
Kris Dunn,PG,22,MIN,2016-17,78,1333,8.1,0.432,0.233,0.188,2.1,12.6,7.3,19.4,3.0,2.3,20.8,14.2,-1.2,1.3,0.1,0.004,-3.7,1.5,-2.2,-0.1
Kris Dunn,PG,23,CHI,2017-18,52,1525,14.5,0.488,0.201,0.171,1.6,14.4,7.8,33.3,3.3,1.6,17.3,24.7,-1.0,1.9,0.9,0.027,-1.4,1.4,-0.1,0.7
Kris Dunn,PG,24,CHI,2018-19,46,1389,12.4,0.484,0.19,0.136,1.5,13.3,7.3,30.0,2.4,1.3,16.2,20.1,-0.5,1.2,0.6,0.022,-2.0,0.3,-1.8,0.1
Kris Humphries,PF,20,UTA,2005-06,62,619,10.3,0.406,0.025,0.32,10.9,20.0,15.4,8.6,2.0,2.2,11.8,19.7,-0.6,0.8,0.2,0.019,-4.7,-0.1,-4.8,-0.4
Kris Humphries,PF,21,TOR,2006-07,60,670,13.5,0.516,0.0,0.427,13.5,19.3,16.4,4.2,1.1,2.4,12.7,17.4,0.7,0.8,1.5,0.107,-2.6,-0.1,-2.7,-0.1
Kris Humphries,PF,22,TOR,2007-08,70,925,15.7,0.512,0.006,0.372,11.4,21.8,16.6,4.9,1.4,2.5,10.8,22.1,0.6,1.3,1.8,0.096,-2.8,-0.3,-3.2,-0.3
Kris Humphries,SF,23,TOR,2008-09,29,265,16.3,0.513,0.0,0.533,10.7,20.2,15.5,6.0,1.6,1.8,6.7,20.7,0.4,0.3,0.7,0.125,-2.0,-1.1,-3.1,-0.1
Kris Humphries,PF,24,TOT,2009-10,69,1221,15.1,0.495,0.002,0.466,11.0,25.1,17.8,4.5,1.5,2.9,11.8,21.0,0.3,1.6,1.9,0.074,-4.1,-0.5,-4.5,-0.8
Kris Humphries,PF,25,NJN,2010-11,74,2061,17.8,0.555,0.002,0.328,12.5,32.2,22.1,7.0,0.9,3.0,13.4,17.3,2.7,2.7,5.4,0.125,-1.5,1.5,0.0,1.0
Kris Humphries,PF,26,NJN,2011-12,62,2162,17.9,0.539,0.0,0.414,12.2,24.8,18.3,7.4,1.2,2.6,13.0,19.3,3.6,1.7,5.3,0.118,-0.6,0.4,-0.2,1.0
Kris Humphries,PF,27,BRK,2012-13,65,1191,13.6,0.515,0.006,0.397,12.4,23.9,18.1,4.3,0.7,2.1,13.5,16.3,1.4,1.3,2.7,0.109,-2.5,-0.2,-2.7,-0.2
Kris Humphries,PF,28,BOS,2013-14,69,1376,18.2,0.552,0.004,0.312,10.2,24.0,16.9,8.2,1.2,3.4,10.9,19.0,2.3,1.8,4.1,0.143,-1.2,1.2,0.0,0.7
Kris Humphries,PF,29,WAS,2014-15,64,1345,15.4,0.512,0.016,0.262,10.1,24.4,17.4,6.7,1.3,1.5,8.5,18.3,1.6,2.1,3.8,0.134,-2.0,0.7,-1.3,0.2
Kris Humphries,PF,30,TOT,2015-16,53,835,13.1,0.517,0.366,0.285,7.5,21.5,14.4,6.6,0.9,2.2,10.3,19.5,0.5,1.1,1.6,0.093,-2.2,-0.7,-2.9,-0.2
Kris Humphries,PF,31,ATL,2016-17,56,689,13.6,0.514,0.252,0.383,9.7,23.0,16.4,6.4,1.1,2.6,10.1,17.6,0.6,1.1,1.6,0.115,-3.0,0.3,-2.7,-0.1
Kris Joseph,SF,24,TOT,2012-13,10,54,0.6,0.257,0.214,0.571,2.3,12.9,7.7,2.8,3.0,0.0,10.2,17.0,-0.2,0.1,-0.1,-0.127,-9.6,-0.9,-10.5,-0.1
Kristaps Porzingis,PF,21,NYK,2016-17,66,2164,17.4,0.546,0.319,0.256,5.5,18.2,11.8,7.3,1.1,4.9,9.7,24.3,2.4,2.1,4.5,0.1,0.2,0.0,0.2,1.2
Kristaps Porziņģis,PF,20,NYK,2015-16,72,2047,17.7,0.518,0.274,0.271,7.1,20.7,14.0,7.9,1.3,5.0,10.9,24.6,1.5,2.9,4.4,0.102,-0.8,0.9,0.2,1.1
Kristaps Porziņģis,PF,22,NYK,2017-18,48,1553,20.4,0.539,0.256,0.309,4.4,18.1,11.3,6.2,1.1,6.4,8.4,31.0,1.4,1.8,3.2,0.099,-0.5,-0.2,-0.7,0.5
Kurt Thomas,C,33,PHO,2005-06,53,1411,13.1,0.527,0.0,0.235,8.2,24.1,16.3,5.6,0.8,2.7,11.7,15.5,1.3,2.0,3.3,0.112,-2.8,1.5,-1.2,0.3
Kurt Thomas,C,34,PHO,2006-07,67,1208,11.4,0.531,0.004,0.274,8.7,26.9,18.3,2.7,1.0,1.7,10.8,12.1,1.2,1.7,2.9,0.115,-3.0,0.8,-2.2,0.0
Kurt Thomas,C,35,TOT,2007-08,70,1584,14.2,0.514,0.003,0.202,9.2,26.4,17.8,6.5,1.8,2.6,9.6,13.5,1.3,2.7,4.1,0.123,-2.4,2.9,0.4,1.0
Kurt Thomas,C,35,SEA,2007-08,42,1060,15.8,0.536,0.0,0.207,9.7,28.2,19.0,7.6,1.6,2.9,8.7,13.2,1.4,1.6,3.0,0.134,-1.4,2.8,1.4,0.9
Kurt Thomas,PF,35,SAS,2007-08,28,524,11.1,0.465,0.008,0.192,8.2,22.7,15.5,4.2,2.2,2.0,11.7,14.0,-0.1,1.2,1.1,0.1,-4.6,3.0,-1.6,0.1
Kurt Thomas,PF,36,SAS,2008-09,79,1404,14.0,0.53,0.007,0.148,11.5,22.7,17.2,7.2,1.3,3.1,11.5,12.6,1.8,2.7,4.5,0.152,-2.2,3.2,1.1,1.1
Kurt Thomas,C,37,MIL,2009-10,70,1049,9.9,0.489,0.0,0.072,8.7,23.5,15.8,6.7,1.3,3.4,18.3,11.3,0.0,2.0,2.1,0.095,-4.6,3.8,-0.8,0.3
Kurt Thomas,PF,38,CHI,2010-11,52,1178,10.0,0.527,0.005,0.172,7.7,21.9,15.0,7.4,1.4,2.7,17.3,9.4,0.7,2.6,3.2,0.131,-2.9,4.0,1.1,0.9
Kurt Thomas,C,39,POR,2011-12,53,803,9.5,0.483,0.0,0.127,5.5,22.1,13.7,8.7,1.6,3.0,15.8,11.2,0.2,0.9,1.1,0.067,-3.7,2.4,-1.3,0.1
Kurt Thomas,PF,40,NYK,2012-13,39,392,13.3,0.547,0.012,0.157,6.9,20.1,13.3,8.3,1.4,3.5,8.3,11.5,0.6,0.5,1.1,0.135,-1.7,2.2,0.4,0.2
Kwame Brown,C,23,LAL,2005-06,72,1978,11.7,0.545,0.003,0.606,10.8,17.3,14.1,5.6,0.7,1.8,16.9,13.6,1.7,1.9,3.6,0.088,-2.0,0.3,-1.7,0.2
Kwame Brown,C,24,LAL,2006-07,41,1132,13.7,0.573,0.004,0.554,8.4,16.7,12.6,10.2,1.8,3.3,20.2,15.0,0.7,1.2,1.9,0.08,-1.4,2.1,0.7,0.8
Kwame Brown,C,25,TOT,2007-08,38,713,10.1,0.497,0.0,0.69,8.1,20.8,14.7,9.0,1.6,2.3,21.6,14.6,-0.3,1.0,0.6,0.043,-3.9,1.9,-2.0,0.0
Kwame Brown,C,25,LAL,2007-08,23,509,9.7,0.503,0.0,0.621,7.0,20.9,14.3,7.7,1.6,2.7,22.0,14.6,-0.3,0.8,0.5,0.047,-4.2,2.3,-1.9,0.0
Kwame Brown,C,25,MEM,2007-08,15,204,11.1,0.482,0.0,0.872,10.9,20.5,15.7,12.3,1.5,1.4,20.6,14.8,0.0,0.2,0.1,0.034,-3.3,0.9,-2.4,0.0
Kwame Brown,C,26,DET,2008-09,58,999,11.5,0.546,0.0,0.722,10.7,24.0,17.2,4.9,1.3,1.9,18.3,13.0,0.5,1.4,1.9,0.093,-3.1,1.2,-1.9,0.0
Kwame Brown,C,27,DET,2009-10,48,660,7.9,0.47,0.008,0.79,9.1,24.3,16.2,5.1,1.2,1.5,20.5,14.7,-0.6,0.5,-0.1,-0.009,-5.3,-0.3,-5.6,-0.6
Kwame Brown,C,28,CHA,2010-11,66,1714,12.8,0.55,0.0,0.616,10.3,21.6,15.9,4.1,0.8,1.8,12.6,14.9,1.8,1.7,3.5,0.097,-2.2,-0.1,-2.3,-0.1
Kwame Brown,C,29,GSW,2011-12,9,187,11.1,0.519,0.0,0.85,9.7,24.8,17.3,3.2,2.2,0.0,20.3,17.0,-0.1,0.2,0.1,0.031,-4.7,-1.5,-6.2,-0.2
Kwame Brown,C,30,PHI,2012-13,22,269,8.8,0.452,0.0,0.514,9.4,22.1,15.5,4.7,1.2,2.9,15.0,9.1,0.0,0.4,0.4,0.071,-5.1,1.6,-3.5,-0.1
Kyle Anderson,SF,21,SAS,2014-15,33,358,8.2,0.389,0.124,0.157,1.6,20.8,11.4,10.9,2.1,1.5,9.5,13.4,-0.3,0.6,0.3,0.044,-5.2,2.4,-2.7,-0.1
Kyle Anderson,SF,22,SAS,2015-16,78,1245,12.9,0.528,0.125,0.281,2.4,19.4,11.2,13.7,2.5,1.8,15.1,14.4,0.7,2.8,3.5,0.133,-1.9,3.7,1.8,1.2
Kyle Anderson,SF,23,SAS,2016-17,72,1020,12.5,0.525,0.191,0.273,3.7,19.0,11.5,12.4,2.5,2.1,14.3,12.1,0.7,2.0,2.7,0.127,-2.1,3.7,1.6,0.9
Kyle Anderson,SF,24,SAS,2017-18,74,1978,15.9,0.582,0.13,0.333,4.7,17.6,11.1,14.7,2.9,2.5,15.8,13.5,2.4,3.8,6.2,0.151,-0.3,4.3,4.1,3.0
Kyle Anderson,SF,25,MEM,2018-19,43,1281,12.8,0.569,0.123,0.232,4.1,18.1,11.0,15.0,2.1,2.7,16.0,12.6,0.8,1.8,2.7,0.1,-2.1,3.3,1.2,1.0
Kyle Collinsworth,SF,26,DAL,2017-18,32,480,10.0,0.433,0.172,0.404,7.2,18.0,12.4,16.4,1.8,1.7,17.1,13.3,-0.1,0.5,0.5,0.046,-4.0,2.2,-1.8,0.0
Kyle Korver,SF,24,PHI,2005-06,82,2563,12.3,0.577,0.576,0.156,1.2,11.1,6.2,10.2,1.3,0.8,10.8,16.2,3.2,1.3,4.6,0.086,1.2,-1.4,-0.2,1.1
Kyle Korver,SF,25,PHI,2006-07,74,2288,14.2,0.569,0.363,0.247,1.6,12.0,6.8,8.0,1.3,0.7,11.1,21.3,2.9,1.7,4.6,0.097,0.9,-1.5,-0.5,0.9
Kyle Korver,SG,26,TOT,2007-08,75,1732,12.8,0.585,0.515,0.226,1.5,10.5,6.0,8.8,1.3,1.4,10.6,18.3,2.7,1.5,4.2,0.116,1.3,-1.2,0.1,0.9
Kyle Korver,PF,26,PHI,2007-08,25,657,10.5,0.515,0.476,0.15,2.1,11.1,6.6,7.9,1.6,0.7,10.4,18.5,0.4,0.6,1.0,0.075,-0.5,-1.0,-1.5,0.1
Kyle Korver,SG,26,UTA,2007-08,50,1075,14.2,0.629,0.54,0.276,1.0,10.1,5.6,9.3,1.1,1.7,10.7,18.2,2.3,0.9,3.2,0.141,2.4,-1.3,1.1,0.8
Kyle Korver,SF,27,UTA,2008-09,78,1874,12.1,0.572,0.477,0.227,2.2,14.2,8.2,11.1,1.3,1.3,12.8,16.9,1.9,1.8,3.7,0.095,0.3,-0.1,0.2,1.0
Kyle Korver,SG,28,UTA,2009-10,52,952,13.9,0.62,0.393,0.175,1.3,12.2,6.9,13.9,1.4,1.0,12.2,16.2,1.6,1.0,2.6,0.13,0.9,-0.5,0.4,0.6
Kyle Korver,SG,29,CHI,2010-11,82,1649,13.0,0.572,0.519,0.156,0.9,9.5,5.3,12.1,1.1,0.9,9.2,18.3,2.7,2.4,5.1,0.149,0.8,-0.9,0.0,0.8
Kyle Korver,SG,30,CHI,2011-12,65,1469,13.6,0.6,0.658,0.16,2.0,9.9,6.0,11.7,1.3,0.7,10.7,15.3,3.1,2.1,5.3,0.172,2.5,0.0,2.5,1.7
Kyle Korver,SF,31,ATL,2012-13,74,2259,13.9,0.637,0.689,0.13,1.2,13.5,7.4,9.9,1.6,1.3,9.9,14.5,4.0,2.5,6.4,0.137,2.1,0.5,2.7,2.7
Kyle Korver,SG,32,ATL,2013-14,71,2408,13.5,0.653,0.644,0.154,1.1,12.4,6.8,13.3,1.5,0.8,13.6,14.2,3.9,2.0,5.9,0.118,2.0,0.2,2.2,2.5
Kyle Korver,SG,33,ATL,2014-15,75,2418,14.8,0.699,0.748,0.197,0.7,13.3,7.2,12.1,1.1,1.5,14.1,14.4,5.0,2.4,7.5,0.148,3.1,0.2,3.3,3.3
Kyle Korver,SG,34,ATL,2015-16,80,2401,9.7,0.578,0.644,0.088,0.7,10.9,5.9,9.9,1.2,1.1,13.3,13.7,1.2,2.9,4.1,0.082,-0.7,0.5,-0.2,1.1
Kyle Korver,SG,35,TOT,2016-17,67,1753,12.1,0.635,0.697,0.082,0.5,11.0,5.8,9.4,1.0,1.0,11.5,15.2,2.3,1.3,3.7,0.1,0.8,-1.0,-0.2,0.8
Kyle Korver,SG,36,CLE,2017-18,73,1574,13.4,0.652,0.777,0.149,0.7,10.9,5.9,8.0,1.0,1.5,9.6,16.0,2.8,0.6,3.4,0.104,2.2,-2.0,0.1,0.9
Kyle Korver,SG,37,TOT,2018-19,70,1334,11.2,0.582,0.72,0.151,0.7,12.4,6.6,8.9,0.9,0.7,10.3,18.5,1.0,1.3,2.3,0.082,0.0,-1.5,-1.5,0.2
Kyle Korver,PF,37,CLE,2018-19,16,251,11.3,0.65,0.711,0.211,0.0,13.4,6.4,10.1,0.6,0.7,17.0,17.4,0.2,0.0,0.2,0.043,-0.3,-3.4,-3.7,-0.1
Kyle Korver,SG,37,UTA,2018-19,54,1083,11.2,0.569,0.722,0.14,0.9,12.2,6.7,8.6,1.0,0.7,8.9,18.7,0.8,1.3,2.0,0.091,0.1,-1.0,-1.0,0.3
Kyle Kuzma,PF,22,LAL,2017-18,77,2401,14.2,0.549,0.418,0.2,3.9,17.4,10.7,9.1,1.0,1.1,11.0,22.5,1.5,2.3,3.8,0.077,-0.3,-1.0,-1.3,0.4
Kyle Kuzma,PF,23,LAL,2018-19,70,2314,14.0,0.546,0.388,0.23,2.7,14.1,8.5,11.5,0.8,0.9,10.0,23.8,1.2,1.9,3.1,0.065,-0.3,-1.3,-1.7,0.2
Kyle Lowry,PG,20,MEM,2006-07,10,175,18.3,0.556,0.211,0.737,8.2,13.0,10.6,27.3,4.1,0.4,19.3,16.1,0.4,0.2,0.5,0.148,2.3,1.0,3.3,0.2
Kyle Lowry,PG,21,MEM,2007-08,82,2089,14.3,0.531,0.236,0.588,2.2,11.3,6.7,21.8,2.2,0.8,14.6,18.6,2.1,1.3,3.4,0.078,-0.2,-0.4,-0.6,0.8
Kyle Lowry,PG,22,TOT,2008-09,77,1679,14.4,0.547,0.226,0.521,1.9,11.6,6.8,26.4,2.2,0.8,18.0,18.1,1.8,1.8,3.6,0.103,-0.5,-0.1,-0.7,0.6
Kyle Lowry,PG,22,MEM,2008-09,49,1071,14.1,0.54,0.254,0.592,1.5,11.4,6.4,26.9,2.4,0.6,18.7,18.4,0.9,0.9,1.8,0.081,-0.7,-0.8,-1.5,0.1
Kyle Lowry,PG,22,HOU,2008-09,28,608,15.0,0.561,0.179,0.401,2.6,12.0,7.5,25.7,1.8,1.1,16.6,17.5,0.9,0.9,1.8,0.143,-0.3,1.1,0.8,0.4
Kyle Lowry,PG,23,HOU,2009-10,68,1651,15.5,0.536,0.293,0.56,6.1,11.2,8.6,27.7,1.9,0.4,16.7,18.6,2.9,1.4,4.3,0.126,1.3,0.0,1.3,1.4
Kyle Lowry,PG,24,HOU,2010-11,75,2563,16.5,0.55,0.424,0.31,3.9,9.7,6.8,29.4,2.0,0.6,14.7,18.6,5.1,1.8,7.0,0.13,3.1,-0.4,2.7,3.0
Kyle Lowry,PG,25,HOU,2011-12,47,1510,18.8,0.558,0.411,0.386,2.8,13.7,8.2,32.3,2.5,0.7,17.8,22.0,3.3,1.6,4.9,0.156,3.6,0.5,4.1,2.3
Kyle Lowry,PG,26,TOR,2012-13,68,2020,17.5,0.543,0.448,0.384,3.2,15.9,9.5,34.6,2.5,1.0,17.7,20.3,3.5,2.1,5.6,0.133,3.0,0.7,3.7,2.9
Kyle Lowry,PG,27,TOR,2013-14,79,2862,20.1,0.567,0.463,0.356,3.6,11.5,7.5,34.7,2.2,0.4,13.4,22.9,8.4,3.3,11.7,0.197,5.8,0.1,5.9,5.7
Kyle Lowry,PG,28,TOR,2014-15,70,2414,19.3,0.527,0.375,0.299,2.6,13.1,7.8,32.4,2.3,0.4,12.8,25.4,5.1,2.0,7.1,0.141,4.2,-0.6,3.6,3.4
Kyle Lowry,PG,29,TOR,2015-16,77,2851,22.2,0.578,0.457,0.41,2.2,12.3,7.3,29.9,2.9,1.0,13.7,26.1,8.0,3.7,11.6,0.196,6.2,0.6,6.8,6.3
Kyle Lowry,PG,30,TOR,2016-17,60,2244,22.9,0.623,0.51,0.398,2.4,12.0,7.2,29.9,2.0,0.7,13.8,24.9,7.8,2.3,10.1,0.216,7.1,-0.5,6.6,4.9
Kyle Lowry,PG,31,TOR,2017-18,78,2510,19.5,0.598,0.631,0.276,3.0,16.1,9.7,30.9,1.7,0.6,14.7,21.7,7.0,3.1,10.2,0.194,5.4,0.5,5.9,5.0
Kyle Lowry,PG,32,TOR,2018-19,65,2213,16.5,0.562,0.613,0.263,2.1,12.9,7.6,34.8,2.0,1.2,18.1,19.6,3.6,3.0,6.6,0.144,2.5,0.6,3.1,2.8
Kyle O'Quinn,C,22,ORL,2012-13,57,638,15.8,0.535,0.005,0.228,11.5,25.5,18.5,13.1,0.9,3.1,14.6,18.1,0.7,0.7,1.4,0.107,-1.9,1.0,-0.9,0.2
Kyle O'Quinn,C,23,ORL,2013-14,69,1188,16.5,0.526,0.008,0.224,9.5,25.2,17.3,10.9,1.7,5.8,16.1,18.6,0.5,2.0,2.5,0.101,-3.1,3.6,0.5,0.7
Kyle O'Quinn,PF,24,ORL,2014-15,51,824,14.8,0.55,0.178,0.236,6.2,21.4,13.6,11.3,1.9,3.8,17.1,17.7,0.5,1.1,1.6,0.091,-2.1,2.0,-0.2,0.4
Kyle O'Quinn,PF,25,NYK,2015-16,65,764,17.5,0.52,0.081,0.221,11.0,24.5,17.9,15.9,1.3,4.9,17.0,21.2,0.5,1.2,1.6,0.103,-1.8,2.5,0.7,0.5
Kyle O'Quinn,C,26,NYK,2016-17,79,1229,20.5,0.552,0.041,0.201,13.7,24.8,19.2,14.8,1.5,6.9,14.5,18.5,2.1,1.8,3.9,0.151,-0.1,3.7,3.5,1.7
Kyle O'Quinn,C,27,NYK,2017-18,77,1387,20.0,0.625,0.044,0.331,9.7,27.8,18.8,16.8,1.3,6.1,18.5,17.0,2.7,2.1,4.8,0.166,0.3,4.3,4.5,2.3
Kyle O'Quinn,C,28,IND,2018-19,45,371,16.8,0.537,0.088,0.154,8.9,26.4,17.8,22.4,1.2,6.0,17.6,20.8,0.2,0.8,1.0,0.125,-2.4,4.1,1.8,0.4
Kyle Singler,SF,24,DET,2012-13,82,2293,10.0,0.517,0.312,0.193,5.4,11.3,8.3,5.3,1.3,1.3,12.3,15.8,1.1,1.2,2.3,0.048,-1.2,-0.7,-1.9,0.1
Kyle Singler,SF,25,DET,2013-14,82,2337,11.8,0.574,0.409,0.306,5.2,9.2,7.1,4.7,1.3,1.3,10.4,14.0,3.6,0.7,4.4,0.09,0.7,-0.8,-0.1,1.1
Kyle Singler,SF,26,TOT,2014-15,80,1743,8.5,0.512,0.54,0.117,2.0,10.2,6.0,7.3,1.4,1.0,10.5,13.2,0.9,1.2,2.0,0.056,-1.3,-0.3,-1.6,0.2
Kyle Singler,SF,27,OKC,2015-16,68,977,6.6,0.481,0.439,0.199,5.9,9.6,7.9,3.2,1.5,0.7,11.7,11.9,0.3,0.8,1.1,0.054,-1.7,-0.8,-2.5,-0.1
Kyle Singler,SF,28,OKC,2016-17,32,385,5.9,0.486,0.446,0.205,2.3,11.5,6.9,3.2,0.9,1.0,10.8,11.2,0.0,0.3,0.3,0.034,-4.6,-1.3,-5.9,-0.4
Kyle Singler,SF,29,OKC,2017-18,12,59,5.9,0.43,0.238,0.619,1.8,17.5,9.4,4.8,0.8,0.0,10.1,21.6,-0.1,0.0,0.0,-0.031,-7.6,-4.2,-11.8,-0.1
Kyle Weaver,SG,22,OKC,2008-09,56,1166,10.2,0.551,0.378,0.236,3.0,9.9,6.4,13.1,2.1,1.6,20.3,12.9,0.2,1.0,1.2,0.049,-1.9,0.8,-1.1,0.3
Kyle Weaver,SG,23,OKC,2009-10,12,144,10.7,0.505,0.576,0.182,0.8,13.2,7.2,11.1,2.1,3.1,10.1,12.4,0.1,0.2,0.3,0.106,-1.7,1.8,0.0,0.1
Kyle Weaver,SG,24,UTA,2010-11,5,69,11.3,0.491,0.28,0.32,3.5,14.1,8.7,15.8,1.5,2.4,19.7,23.6,-0.1,0.0,0.0,-0.018,-4.0,-1.7,-5.6,-0.1
Kyle Wiltjer,PF,24,HOU,2016-17,14,44,6.7,0.437,0.929,0.143,9.9,14.9,12.4,6.1,3.3,1.8,25.2,19.1,-0.1,0.1,0.0,-0.039,-4.0,0.0,-4.0,0.0
Kyrie Irving,PG,19,CLE,2011-12,51,1558,21.4,0.566,0.245,0.262,3.1,11.2,7.0,36.5,1.8,1.0,16.1,28.7,3.4,0.6,4.1,0.125,4.9,-1.7,3.3,2.1
Kyrie Irving,PG,20,CLE,2012-13,59,2048,21.4,0.553,0.261,0.271,1.8,10.8,6.1,32.7,2.3,0.8,13.8,30.2,4.2,1.1,5.3,0.125,4.9,-1.6,3.3,2.8
Kyrie Irving,PG,21,CLE,2013-14,71,2496,20.1,0.533,0.278,0.273,2.3,9.5,5.8,31.6,2.2,0.8,12.1,28.2,4.6,2.1,6.7,0.128,4.1,-0.9,3.2,3.3
Kyrie Irving,PG,22,CLE,2014-15,75,2730,21.5,0.583,0.306,0.296,2.3,7.5,5.0,25.0,2.2,0.6,11.8,26.2,8.4,2.0,10.4,0.183,4.7,-1.4,3.3,3.7
Kyrie Irving,PG,23,CLE,2015-16,53,1667,19.9,0.54,0.298,0.217,3.0,7.6,5.3,26.6,1.7,0.9,11.4,29.5,3.2,1.7,5.0,0.143,3.0,-1.4,1.6,1.5
Kyrie Irving,PG,24,CLE,2016-17,72,2525,23.0,0.58,0.311,0.231,2.3,7.5,5.0,29.7,1.6,0.8,10.3,30.8,7.4,1.5,8.9,0.17,4.8,-2.3,2.5,2.9
Kyrie Irving,PG,25,BOS,2017-18,60,1931,25.0,0.61,0.374,0.24,1.9,10.8,6.4,30.7,1.7,0.7,10.4,31.0,6.3,2.7,8.9,0.222,6.9,-0.7,6.2,4.0
Kyrie Irving,PG,26,BOS,2018-19,67,2214,24.3,0.592,0.35,0.197,3.4,12.7,8.1,35.0,2.2,1.4,11.3,29.6,6.2,2.9,9.1,0.197,6.0,0.4,6.4,4.7
Kyrylo Fesenko,C,21,UTA,2007-08,9,70,4.0,0.394,0.0,0.25,24.6,19.0,21.8,3.8,0.0,3.5,31.1,16.5,-0.1,0.1,0.0,-0.031,-5.3,-0.7,-6.0,-0.1
Kyrylo Fesenko,C,22,UTA,2008-09,21,156,13.0,0.542,0.0,0.583,10.7,17.6,14.2,3.9,2.3,7.6,16.6,15.6,0.0,0.3,0.3,0.095,-3.4,3.8,0.4,0.1
Kyrylo Fesenko,C,23,UTA,2009-10,49,408,9.7,0.533,0.011,0.6,9.8,16.1,13.1,5.3,0.8,3.7,16.7,15.8,0.1,0.5,0.6,0.07,-3.6,0.6,-2.9,-0.1
Kyrylo Fesenko,C,24,UTA,2010-11,53,456,5.8,0.441,0.01,0.46,8.9,19.8,14.3,5.9,0.5,2.9,17.2,14.6,-0.4,0.3,-0.1,-0.011,-5.7,-0.8,-6.5,-0.5
Kyrylo Fesenko,C,25,IND,2011-12,3,17,29.8,0.524,0.0,1.2,13.3,46.0,29.8,9.5,6.2,0.0,0.0,20.4,0.1,0.1,0.1,0.374,1.9,3.1,5.0,0.0
LaMarcus Aldridge,C,21,POR,2006-07,63,1392,17.1,0.533,0.004,0.24,12.6,15.3,13.9,3.2,0.9,4.2,7.5,19.3,2.5,1.0,3.4,0.118,-0.3,-0.6,-0.9,0.4
LaMarcus Aldridge,PF,22,POR,2007-08,76,2649,18.5,0.523,0.006,0.257,9.8,15.8,12.8,8.8,1.1,2.8,8.9,25.3,3.5,2.8,6.2,0.113,0.1,0.7,0.8,1.8
LaMarcus Aldridge,PF,23,POR,2008-09,81,3004,19.1,0.529,0.023,0.269,9.5,15.6,12.5,9.3,1.4,2.0,8.0,23.7,6.1,3.3,9.5,0.151,1.2,0.7,1.9,3.0
LaMarcus Aldridge,PF,24,POR,2009-10,78,2922,18.2,0.535,0.014,0.26,8.1,18.6,13.3,9.9,1.3,1.3,7.4,22.9,5.5,3.3,8.8,0.145,0.9,0.6,1.6,2.6
LaMarcus Aldridge,PF,25,POR,2010-11,81,3211,21.5,0.549,0.016,0.314,10.1,17.2,13.5,10.1,1.4,2.4,8.7,25.7,7.6,3.5,11.1,0.166,1.9,0.5,2.4,3.5
LaMarcus Aldridge,PF,26,POR,2011-12,55,1994,22.7,0.56,0.012,0.291,8.6,17.5,12.9,13.2,1.3,1.7,9.5,27.0,5.4,1.6,7.0,0.169,2.7,-0.2,2.4,2.2
LaMarcus Aldridge,PF,27,POR,2012-13,74,2790,20.4,0.53,0.011,0.264,7.2,20.9,14.0,13.0,1.2,2.5,8.9,26.5,4.8,2.3,7.2,0.124,0.3,0.5,0.8,2.0
LaMarcus Aldridge,PF,28,POR,2013-14,69,2498,21.8,0.507,0.011,0.253,7.2,25.5,16.5,13.0,1.3,1.9,7.2,29.8,4.0,3.5,7.5,0.144,-0.4,0.7,0.3,1.5
LaMarcus Aldridge,PF,29,POR,2014-15,71,2512,22.8,0.528,0.074,0.256,7.7,22.9,15.5,9.2,1.0,1.9,7.2,30.2,4.9,3.7,8.6,0.165,0.3,0.0,0.3,1.4
LaMarcus Aldridge,PF,30,SAS,2015-16,74,2261,22.4,0.565,0.015,0.289,9.2,22.2,15.9,8.1,0.9,2.8,7.8,25.9,5.6,4.5,10.1,0.215,0.7,1.1,1.8,2.2
LaMarcus Aldridge,PF,31,SAS,2016-17,72,2335,18.6,0.532,0.053,0.258,8.5,16.6,12.7,9.9,1.0,3.0,7.7,24.5,3.5,3.7,7.2,0.149,-0.3,1.3,1.0,1.8
LaMarcus Aldridge,C,32,SAS,2017-18,75,2509,25.0,0.57,0.068,0.296,10.8,17.3,14.0,11.3,0.9,3.0,6.8,29.1,7.4,3.5,10.9,0.209,3.0,0.3,3.3,3.3
LaMarcus Aldridge,C,33,SAS,2018-19,81,2687,22.9,0.576,0.032,0.312,10.3,19.8,15.1,11.6,0.8,3.4,8.8,26.9,6.4,2.9,9.3,0.167,1.2,0.5,1.6,2.5
Lamar Odom,PF,26,LAL,2005-06,80,3221,17.0,0.558,0.232,0.338,6.6,20.3,13.5,22.4,1.2,1.5,16.7,18.1,5.4,3.8,9.2,0.137,1.7,1.7,3.4,4.4
Lamar Odom,PF,27,LAL,2006-07,56,2202,16.1,0.552,0.267,0.416,5.5,23.5,14.5,19.5,1.2,1.1,16.8,19.8,2.6,2.1,4.7,0.102,0.8,0.9,1.7,2.0
Lamar Odom,PF,28,LAL,2007-08,77,2921,16.9,0.582,0.142,0.413,7.8,22.7,15.6,13.8,1.3,1.8,14.2,16.5,5.3,4.3,9.7,0.159,1.3,2.5,3.8,4.3
Lamar Odom,PF,29,LAL,2008-09,78,2316,16.6,0.542,0.147,0.366,8.7,22.2,15.5,12.8,1.7,3.3,14.5,18.1,2.7,4.2,6.9,0.143,-0.1,3.1,2.9,2.9
Lamar Odom,PF,30,LAL,2009-10,82,2585,15.9,0.533,0.246,0.273,8.0,26.5,17.3,15.6,1.5,1.7,15.3,17.0,2.8,4.9,7.7,0.143,0.0,3.1,3.1,3.3
Lamar Odom,PF,31,LAL,2010-11,82,2639,19.4,0.589,0.199,0.275,7.8,22.2,15.2,15.5,0.9,1.8,12.2,19.7,6.1,4.0,10.1,0.184,2.3,1.4,3.7,3.8
Lamar Odom,SF,32,DAL,2011-12,50,1027,9.2,0.423,0.318,0.281,4.0,18.7,11.4,12.9,1.0,1.4,11.7,20.1,-0.9,1.2,0.3,0.014,-3.6,0.5,-3.1,-0.3
Lamar Odom,PF,33,LAC,2012-13,82,1616,10.9,0.429,0.246,0.115,8.8,26.3,17.7,12.4,2.2,3.0,18.3,13.3,-0.3,3.0,2.7,0.081,-2.6,3.8,1.2,1.3
Lamar Patterson,SG,24,ATL,2015-16,35,395,5.1,0.468,0.613,0.275,1.1,12.4,6.9,13.6,1.1,0.4,20.4,12.8,-0.3,0.5,0.2,0.025,-4.6,-0.3,-4.9,-0.3
Lamar Patterson,SG,25,ATL,2016-17,5,40,-1.9,0.276,0.4,0.2,2.8,16.3,9.6,21.1,1.2,0.0,19.7,22.2,-0.2,0.0,-0.1,-0.176,-9.9,-1.2,-11.2,-0.1
Lamond Murray,SF,32,NJN,2005-06,57,576,10.8,0.493,0.431,0.221,5.8,21.3,13.4,3.9,1.6,1.0,10.0,18.0,-0.1,1.0,0.9,0.076,-3.8,-0.9,-4.7,-0.4
Lance Allred,C,26,CLE,2007-08,3,10,-1.0,0.307,0.0,0.5,0.0,11.8,5.7,0.0,0.0,0.0,0.0,22.1,0.0,0.0,0.0,-0.125,-12.6,-7.1,-19.7,0.0
Lance Stephenson,SG,20,IND,2010-11,12,115,5.5,0.41,0.128,0.359,1.0,16.3,8.7,28.3,1.8,0.0,26.2,23.5,-0.4,0.1,-0.2,-0.093,-7.4,-0.7,-8.1,-0.2
Lance Stephenson,SG,21,IND,2011-12,42,442,7.0,0.4,0.24,0.136,3.1,10.4,6.7,16.5,2.5,0.9,21.4,17.3,-0.8,0.5,-0.3,-0.031,-4.4,0.2,-4.2,-0.2
Lance Stephenson,SG,22,IND,2012-13,78,2278,11.8,0.53,0.314,0.192,2.3,12.3,7.4,16.2,1.9,0.5,14.4,15.2,1.8,3.6,5.5,0.115,-0.6,1.6,0.9,1.7
Lance Stephenson,SG,23,IND,2013-14,78,2752,14.7,0.564,0.28,0.226,4.1,18.1,11.4,22.1,1.0,0.2,18.0,19.4,2.6,4.8,7.4,0.13,0.7,1.7,2.3,3.0
Lance Stephenson,SG,24,CHO,2014-15,61,1573,8.8,0.419,0.191,0.2,2.7,17.1,9.7,25.4,1.2,0.4,17.6,21.1,-2.7,1.8,-0.9,-0.026,-4.0,0.5,-3.5,-0.6
Lance Stephenson,SF,25,TOT,2015-16,69,1372,13.5,0.548,0.165,0.234,3.2,15.1,9.1,16.2,1.6,0.6,15.2,20.2,0.9,1.3,2.2,0.076,-1.1,-0.3,-1.4,0.2
Lance Stephenson,SG,26,TOT,2016-17,18,361,9.6,0.485,0.167,0.108,1.2,14.8,8.0,24.8,0.7,0.7,17.1,18.7,-0.2,0.2,0.1,0.008,-3.9,-1.5,-5.4,-0.3
Lance Stephenson,SG,27,IND,2017-18,82,1850,12.4,0.495,0.327,0.179,3.8,22.0,12.9,18.6,1.2,0.8,14.6,21.6,-0.2,2.0,1.8,0.046,-2.0,-0.1,-2.0,0.0
Lance Stephenson,SG,28,LAL,2018-19,68,1123,11.8,0.529,0.456,0.169,3.0,16.5,9.9,17.3,1.7,0.5,15.6,20.3,-0.1,1.2,1.1,0.049,-1.7,-0.4,-2.1,0.0
Lance Thomas,PF,23,NOH,2011-12,42,630,10.1,0.541,0.008,0.492,9.4,14.3,11.9,3.0,0.9,0.9,13.5,13.3,0.7,0.4,1.2,0.088,-2.5,-1.1,-3.6,-0.3
Lance Thomas,SF,24,NOH,2012-13,59,646,10.1,0.565,0.0,0.557,8.0,13.3,10.6,4.0,0.9,0.9,9.6,10.5,1.0,0.2,1.2,0.087,-1.5,-1.1,-2.7,-0.1
Lance Thomas,SF,25,NOP,2013-14,5,42,0.5,0.279,0.0,0.444,5.4,14.0,9.7,9.7,0.0,0.0,15.7,13.8,-0.1,0.0,-0.1,-0.117,-8.0,-2.7,-10.7,-0.1
Lance Thomas,PF,26,TOT,2014-15,62,1490,8.0,0.456,0.05,0.224,4.8,9.9,7.3,7.4,1.3,0.4,13.2,17.0,-0.9,0.4,-0.4,-0.014,-4.1,-1.6,-5.7,-1.4
Lance Thomas,PF,27,NYK,2015-16,59,1313,10.4,0.557,0.285,0.312,2.9,8.0,5.4,6.4,0.9,0.4,11.6,16.9,1.2,0.5,1.7,0.062,-1.2,-2.1,-3.2,-0.4
Lance Thomas,PF,28,NYK,2016-17,46,968,8.4,0.516,0.348,0.209,3.5,12.3,7.9,5.0,1.1,0.4,8.6,13.1,0.6,0.4,0.9,0.046,-2.1,-1.6,-3.7,-0.4
Lance Thomas,PF,29,NYK,2017-18,73,1353,6.3,0.513,0.464,0.199,3.6,10.7,7.2,4.2,1.1,0.9,12.1,10.7,0.3,0.6,0.9,0.031,-2.1,-0.5,-2.6,-0.2
Lance Thomas,PF,30,NYK,2018-19,46,783,6.4,0.482,0.401,0.183,2.7,13.1,7.8,5.0,1.0,0.8,10.1,12.9,-0.3,0.3,0.1,0.004,-4.1,-1.2,-5.3,-0.7
Landry Fields,SG,22,NYK,2010-11,82,2541,13.5,0.598,0.364,0.244,4.7,18.9,11.7,9.0,1.6,0.5,13.8,13.5,3.4,1.8,5.3,0.1,0.5,0.1,0.6,1.7
Landry Fields,SG,23,NYK,2011-12,66,1894,12.0,0.506,0.236,0.267,3.6,13.5,8.5,14.5,2.1,0.7,15.1,16.0,0.8,2.6,3.4,0.085,-1.1,1.5,0.4,1.2
Landry Fields,SF,24,TOR,2012-13,51,1037,10.3,0.487,0.063,0.238,6.7,17.4,11.9,8.9,1.6,0.6,14.6,12.9,0.3,0.8,1.1,0.052,-2.7,0.7,-1.9,0.0
Landry Fields,SF,25,TOR,2013-14,30,322,8.6,0.443,0.075,0.328,5.4,16.0,10.7,9.3,1.6,0.7,12.5,12.4,0.0,0.4,0.4,0.057,-3.9,0.9,-2.9,-0.1
Landry Fields,SF,26,TOR,2014-15,26,216,10.8,0.527,0.049,0.146,5.3,8.5,6.9,10.1,2.6,0.0,15.5,10.8,0.2,0.1,0.3,0.072,-1.5,0.1,-1.5,0.0
Landry Shamet,SG,21,TOT,2018-19,79,1802,11.0,0.604,0.711,0.167,1.3,6.4,3.9,9.0,1.0,0.4,7.0,15.0,2.7,0.9,3.6,0.095,1.4,-2.4,-1.0,0.5
Landry Shamet,SG,21,PHI,2018-19,54,1108,10.7,0.606,0.706,0.156,1.4,5.9,3.7,7.4,1.0,0.6,6.6,15.0,1.6,0.6,2.2,0.096,1.0,-2.5,-1.5,0.1
Landry Shamet,SG,21,LAC,2018-19,25,694,11.3,0.601,0.719,0.186,1.1,7.3,4.3,11.5,0.9,0.2,7.7,15.0,1.1,0.3,1.4,0.094,2.1,-2.3,-0.2,0.3
Langston Galloway,PG,23,NYK,2014-15,45,1457,12.3,0.489,0.344,0.153,2.9,12.5,7.5,17.6,1.9,0.7,10.1,19.2,0.7,0.6,1.3,0.043,0.0,-1.1,-1.1,0.3
Langston Galloway,PG,24,NYK,2015-16,82,2033,11.7,0.49,0.381,0.194,2.3,13.0,7.7,15.7,1.9,0.8,8.7,15.6,1.4,1.8,3.3,0.077,-0.4,0.1,-0.4,0.8
Langston Galloway,PG,25,TOT,2016-17,74,1495,10.4,0.51,0.565,0.117,2.0,9.3,5.6,9.4,1.5,0.3,7.4,18.4,0.2,1.1,1.3,0.04,-0.9,-1.7,-2.6,-0.2
Langston Galloway,SG,26,DET,2017-18,58,863,12.2,0.503,0.641,0.121,1.6,10.3,5.9,10.1,2.0,0.5,4.8,19.3,0.5,0.9,1.4,0.08,-0.2,-1.6,-1.7,0.1
Langston Galloway,SG,27,DET,2018-19,80,1745,10.7,0.534,0.647,0.164,3.0,7.9,5.4,7.3,1.0,0.4,3.7,16.1,2.1,1.3,3.4,0.094,0.2,-1.6,-1.3,0.3
Laron Profit,SG,28,LAL,2005-06,25,279,11.8,0.55,0.214,0.286,3.4,14.7,9.1,8.8,2.1,1.4,20.2,19.4,0.0,0.3,0.3,0.05,-3.7,-0.5,-4.2,-0.2
Larry Drew,PG,24,PHI,2014-15,12,219,4.5,0.388,0.448,0.052,0.5,7.3,3.7,33.9,1.4,0.0,29.6,16.8,-0.5,0.1,-0.4,-0.087,-7.3,-4.1,-11.4,-0.5
Larry Drew,PG,27,TOT,2017-18,10,70,2.9,0.354,0.375,0.0,4.8,0.0,2.3,18.5,0.0,0.0,11.1,16.6,-0.1,0.0,-0.1,-0.061,-5.4,-5.3,-10.7,-0.2
Larry Hughes,SG,27,CLE,2005-06,36,1281,14.0,0.504,0.162,0.412,2.4,12.6,7.4,17.5,2.2,1.3,15.2,23.6,0.3,1.5,1.8,0.067,-1.1,0.8,-0.3,0.6
Larry Hughes,SG,28,CLE,2006-07,70,2596,12.1,0.48,0.233,0.324,1.8,10.4,6.0,16.4,1.8,0.8,12.4,21.7,0.1,3.8,3.9,0.073,-1.3,0.8,-0.5,1.0
Larry Hughes,PG,29,TOT,2007-08,68,2020,11.9,0.468,0.242,0.235,2.1,11.1,6.5,15.1,2.6,0.7,11.6,22.2,-0.5,2.3,1.8,0.042,-1.9,-0.2,-2.1,-0.1
Larry Hughes,PG,29,CLE,2007-08,40,1210,11.6,0.467,0.264,0.226,2.5,11.3,6.7,13.1,2.6,0.7,12.0,22.4,-0.4,1.5,1.1,0.042,-2.2,-0.1,-2.3,-0.1
Larry Hughes,SG,29,CHI,2007-08,28,810,12.4,0.469,0.211,0.248,1.6,10.8,6.1,17.9,2.5,0.6,10.9,22.0,-0.1,0.8,0.7,0.043,-1.5,-0.3,-1.9,0.0
Larry Hughes,SF,30,TOT,2008-09,55,1479,13.4,0.515,0.346,0.26,1.2,11.0,6.0,12.6,2.5,0.7,10.3,20.6,0.8,1.3,2.1,0.07,-0.5,-0.6,-1.1,0.3
Larry Hughes,SF,30,CHI,2008-09,30,792,14.4,0.525,0.331,0.266,0.9,12.7,6.8,11.9,2.3,0.8,9.5,21.4,0.6,0.8,1.4,0.088,-0.1,-0.8,-0.9,0.2
Larry Hughes,SG,30,NYK,2008-09,25,687,12.3,0.504,0.365,0.253,1.5,9.1,5.2,13.3,2.6,0.5,11.2,19.7,0.2,0.5,0.7,0.049,-1.1,-0.4,-1.4,0.1
Larry Hughes,SG,31,TOT,2009-10,45,1115,12.0,0.472,0.36,0.293,2.4,12.4,7.3,18.9,2.4,1.0,14.7,20.9,-0.3,1.0,0.7,0.03,-2.0,-0.2,-2.2,-0.1
Larry Hughes,PG,33,ORL,2011-12,9,114,-4.8,0.262,0.318,0.091,1.0,4.1,2.5,9.2,0.9,0.0,34.4,14.3,-0.5,0.0,-0.5,-0.193,-10.2,-1.2,-11.4,-0.3
Larry Nance,PF,23,LAL,2015-16,63,1266,13.4,0.544,0.033,0.157,8.3,18.6,13.3,5.7,2.1,1.4,11.3,12.6,1.3,0.9,2.2,0.083,-2.0,0.6,-1.4,0.2
Larry Nance,PF,24,LAL,2016-17,63,1442,15.7,0.567,0.1,0.222,8.8,19.6,14.0,9.7,2.8,2.2,12.4,13.4,2.1,1.5,3.5,0.118,-0.3,2.2,1.9,1.4
Larry Nance,C,25,TOT,2017-18,66,1421,20.2,0.605,0.029,0.332,12.4,22.0,17.3,8.6,3.0,2.2,9.7,15.9,3.5,2.3,5.8,0.196,0.9,2.4,3.3,1.9
Larry Nance,C,26,CLE,2018-19,67,1795,18.6,0.583,0.205,0.28,10.0,24.9,17.1,17.8,2.8,1.9,15.3,15.5,3.3,1.6,4.9,0.131,1.4,2.6,4.0,2.7
Larry Owens,SF,28,TOT,2010-11,12,143,11.2,0.556,0.406,0.281,0.8,11.4,6.0,8.4,3.2,2.7,12.2,12.7,0.1,0.2,0.2,0.083,-1.6,1.5,-0.1,0.1
Larry Owens,SF,29,NJN,2011-12,7,75,5.8,0.509,0.455,0.364,3.0,17.5,10.1,8.1,0.0,1.0,13.6,9.0,0.0,0.0,0.1,0.035,-3.8,-1.7,-5.5,-0.1
Larry Sanders,C,22,MIL,2010-11,60,872,11.0,0.448,0.0,0.187,7.7,16.3,11.9,3.2,1.3,6.5,11.6,17.6,-0.7,1.8,1.0,0.057,-6.2,3.0,-3.2,-0.3
Larry Sanders,PF,23,MIL,2011-12,52,643,13.3,0.463,0.011,0.207,10.3,17.3,13.7,7.8,2.5,8.9,17.6,16.7,-0.3,1.2,1.0,0.072,-3.9,5.3,1.5,0.6
Larry Sanders,C,24,MIL,2012-13,71,1937,18.7,0.523,0.003,0.225,12.0,25.8,18.6,6.8,1.4,7.6,11.6,16.9,2.3,3.7,6.0,0.149,-1.8,4.3,2.5,2.2
Larry Sanders,C,25,MIL,2013-14,23,584,14.0,0.478,0.006,0.34,11.4,21.3,16.2,5.3,1.6,5.6,12.3,16.4,0.1,0.6,0.7,0.057,-3.3,1.6,-1.8,0.0
Larry Sanders,C,26,MIL,2014-15,27,586,15.2,0.507,0.0,0.279,13.2,19.2,16.2,6.3,2.3,5.6,12.7,17.0,0.4,1.2,1.6,0.132,-2.0,3.4,1.4,0.5
Larry Sanders,C,28,CLE,2016-17,5,13,6.5,0.41,0.0,0.5,26.3,8.2,17.0,0.0,3.8,6.2,29.1,23.6,0.0,0.0,0.0,-0.029,-8.7,-0.9,-9.6,0.0
Lauri Markkanen,PF,20,CHI,2017-18,68,2020,15.6,0.552,0.465,0.193,4.0,23.7,13.5,6.4,0.9,1.8,8.2,21.9,1.7,1.6,3.3,0.079,-0.6,-1.3,-1.9,0.1
Lauri Markkanen,PF,21,CHI,2018-19,52,1682,17.1,0.553,0.418,0.245,4.7,25.9,15.2,7.2,1.1,1.7,8.8,25.1,1.3,1.5,2.7,0.078,-0.3,-1.6,-1.9,0.0
Lavoy Allen,PF,22,PHI,2011-12,41,624,12.7,0.488,0.0,0.084,8.3,22.2,15.2,8.4,1.1,2.2,10.4,14.5,0.4,1.2,1.6,0.124,-3.1,1.8,-1.3,0.1
Lavoy Allen,C,23,PHI,2012-13,79,1669,11.5,0.474,0.002,0.132,10.5,16.5,13.4,6.7,0.8,2.6,10.3,14.8,0.9,1.6,2.5,0.072,-3.2,0.6,-2.6,-0.3
Lavoy Allen,PF,24,TOT,2013-14,65,1072,12.5,0.47,0.043,0.167,11.7,20.0,15.7,10.1,1.1,2.4,12.0,14.6,0.6,0.9,1.5,0.066,-3.1,0.3,-2.8,-0.2
Lavoy Allen,C,25,IND,2014-15,63,1070,14.9,0.493,0.0,0.157,12.8,20.5,16.7,10.9,0.7,3.1,11.1,15.2,1.3,1.6,2.8,0.127,-1.4,2.2,0.8,0.8
Lavoy Allen,PF,26,IND,2015-16,79,1599,12.4,0.532,0.0,0.197,11.1,17.8,14.5,7.1,0.8,2.1,14.6,13.0,1.6,2.1,3.7,0.11,-2.1,1.4,-0.6,0.6
Lavoy Allen,PF,27,IND,2016-17,61,871,11.6,0.485,0.006,0.196,13.7,14.5,14.1,9.1,1.0,2.4,13.7,10.9,0.9,0.8,1.7,0.093,-1.5,1.3,-0.3,0.4
Lawrence Roberts,C,23,MEM,2005-06,33,181,13.8,0.471,0.045,0.523,17.6,15.3,16.4,4.8,2.5,0.9,8.5,15.9,0.2,0.3,0.5,0.144,-1.4,0.1,-1.4,0.0
Lawrence Roberts,PF,24,MEM,2006-07,54,969,13.4,0.533,0.01,0.63,12.4,19.8,16.1,4.7,1.9,1.0,11.9,14.1,1.4,0.6,2.0,0.099,-0.9,-0.6,-1.4,0.1
Lazar Hayward,SF,24,MIN,2010-11,42,419,10.8,0.464,0.39,0.273,5.9,12.8,9.3,10.3,1.4,1.3,9.9,19.5,0.1,0.2,0.3,0.035,-1.7,-1.9,-3.6,-0.2
Lazar Hayward,SF,25,OKC,2011-12,26,141,3.1,0.427,0.368,0.316,1.7,10.6,6.5,4.2,1.1,0.5,17.2,16.8,-0.2,0.1,-0.1,-0.04,-5.6,-2.4,-8.0,-0.2
Lazar Hayward,SF,26,MIN,2012-13,4,31,11.2,0.396,0.4,0.6,0.0,15.2,7.4,14.2,3.3,0.0,0.0,18.3,0.0,0.0,0.1,0.087,-2.5,-0.4,-2.9,0.0
LeBron James,SF,21,CLE,2005-06,79,3361,28.1,0.568,0.208,0.447,2.6,17.1,9.8,32.8,2.0,1.5,10.7,33.6,12.0,4.3,16.3,0.232,7.9,1.4,9.3,9.5
LeBron James,SF,22,CLE,2006-07,78,3190,24.5,0.552,0.191,0.432,3.0,16.6,9.6,29.1,2.1,1.3,11.5,31.0,8.0,5.7,13.7,0.206,5.4,2.0,7.4,7.6
LeBron James,SF,23,CLE,2007-08,75,3027,29.1,0.568,0.219,0.47,4.9,17.8,11.1,37.3,2.4,2.1,11.4,33.5,10.7,4.6,15.2,0.242,9.0,2.3,11.2,10.1
LeBron James,SF,24,CLE,2008-09,81,3054,31.7,0.591,0.238,0.472,4.3,19.0,11.9,38.0,2.4,2.4,11.0,33.8,13.7,6.5,20.3,0.318,9.4,3.6,13.0,11.6
LeBron James,SF,25,CLE,2009-10,76,2966,31.1,0.604,0.253,0.506,3.0,18.5,11.1,41.8,2.2,2.0,12.3,33.5,13.3,5.2,18.5,0.299,9.7,2.8,12.5,10.9
LeBron James,SF,26,MIA,2010-11,79,3063,27.3,0.594,0.188,0.446,3.3,18.7,11.4,34.9,2.1,1.3,13.8,31.5,10.3,5.3,15.6,0.244,6.5,2.1,8.6,8.2
LeBron James,SF,27,MIA,2011-12,62,2326,30.7,0.605,0.127,0.429,5.0,19.7,12.6,33.6,2.6,1.7,13.3,32.0,10.0,4.5,14.5,0.298,8.3,2.7,11.0,7.6
LeBron James,PF,28,MIA,2012-13,76,2877,31.6,0.64,0.188,0.395,4.4,20.8,13.1,36.4,2.4,1.9,12.4,30.2,14.6,4.7,19.3,0.322,9.2,2.4,11.6,9.8
LeBron James,PF,29,MIA,2013-14,77,2902,29.3,0.649,0.226,0.432,3.6,18.9,11.5,32.0,2.2,0.8,14.4,31.0,12.3,3.7,15.9,0.264,8.0,0.9,8.9,8.0
LeBron James,SF,30,CLE,2014-15,69,2493,25.9,0.577,0.265,0.413,2.4,16.6,9.6,38.6,2.3,1.6,15.3,32.3,7.4,2.9,10.4,0.199,6.2,1.2,7.4,5.9
LeBron James,SF,31,CLE,2015-16,76,2709,27.5,0.588,0.199,0.347,4.7,18.8,11.8,36.0,2.0,1.5,13.2,31.4,9.6,4.0,13.6,0.242,6.9,2.3,9.1,7.6
LeBron James,SF,32,CLE,2016-17,74,2794,27.0,0.619,0.254,0.395,4.0,20.7,12.6,41.3,1.6,1.3,16.1,30.0,9.8,3.0,12.9,0.221,6.8,1.6,8.4,7.3
LeBron James,PF,33,CLE,2017-18,82,3026,28.6,0.621,0.257,0.336,3.7,22.3,13.1,44.4,1.9,2.0,16.1,31.6,11.0,3.0,14.0,0.221,7.6,2.0,9.6,8.9
LeBron James,SF,34,LAL,2018-19,55,1937,25.6,0.588,0.299,0.382,3.1,21.3,12.4,39.4,1.7,1.4,13.3,31.6,4.7,2.6,7.2,0.179,6.2,1.9,8.1,4.9
Leandro Barbosa,SG,23,PHO,2005-06,57,1592,15.1,0.589,0.346,0.259,2.2,8.1,5.2,14.4,1.5,0.3,12.3,20.3,2.6,1.2,3.8,0.115,1.5,-1.1,0.3,0.9
Leandro Barbosa,SG,24,PHO,2006-07,80,2613,18.4,0.595,0.394,0.209,1.0,8.1,4.8,18.7,1.8,0.4,10.7,23.4,6.1,2.1,8.2,0.151,3.8,-0.9,2.9,3.2
Leandro Barbosa,SG,25,PHO,2007-08,82,2421,15.8,0.575,0.413,0.209,2.0,8.2,5.4,13.5,1.5,0.5,9.5,22.8,3.9,1.6,5.5,0.109,2.4,-1.8,0.6,1.6
Leandro Barbosa,SG,26,PHO,2008-09,70,1705,19.4,0.588,0.316,0.256,2.4,9.7,6.2,14.9,2.4,0.3,9.9,24.2,4.0,1.0,5.0,0.141,3.2,-2.0,1.2,1.4
Leandro Barbosa,PG,27,PHO,2009-10,44,786,14.0,0.526,0.373,0.2,1.7,7.9,5.0,12.5,1.5,1.1,10.4,24.9,0.7,0.4,1.1,0.065,0.3,-2.3,-2.0,0.0
Leandro Barbosa,SG,28,TOR,2010-11,58,1395,15.3,0.539,0.326,0.21,1.2,7.4,4.2,14.6,1.9,0.3,10.5,25.6,1.4,0.1,1.5,0.052,1.4,-3.5,-2.1,0.0
Leandro Barbosa,SG,29,TOT,2011-12,64,1382,14.0,0.512,0.267,0.195,2.8,7.9,5.3,13.3,2.2,0.4,12.0,26.5,0.5,1.2,1.7,0.06,0.0,-2.0,-2.0,0.0
Leandro Barbosa,PG,30,BOS,2012-13,41,513,13.5,0.509,0.244,0.212,1.9,8.5,5.3,19.0,1.7,0.9,9.1,21.4,0.4,0.5,0.9,0.086,-1.1,-1.8,-2.9,-0.1
Leandro Barbosa,PG,31,PHO,2013-14,20,368,11.5,0.506,0.191,0.298,1.5,9.7,5.6,13.4,1.0,0.8,11.4,20.0,0.2,0.2,0.4,0.058,-2.2,-1.8,-3.9,-0.2
Leandro Barbosa,SG,32,GSW,2014-15,66,982,15.3,0.558,0.29,0.192,2.6,7.2,5.0,14.9,2.0,0.6,9.5,20.5,1.6,1.2,2.8,0.137,0.4,-1.2,-0.8,0.3
Leandro Barbosa,SG,33,GSW,2015-16,68,1079,11.7,0.545,0.297,0.168,3.0,8.4,5.8,10.6,2.0,0.7,11.8,18.1,0.9,1.2,2.1,0.092,-1.2,-0.9,-2.1,0.0
Leandro Barbosa,SG,34,PHO,2016-17,67,963,11.5,0.509,0.25,0.115,1.6,10.3,5.9,13.0,1.5,0.7,10.4,20.0,0.3,0.4,0.6,0.031,-2.0,-2.1,-4.1,-0.5
Lee Nailon,PF,30,PHI,2005-06,22,237,14.5,0.537,0.0,0.188,11.3,9.4,10.4,5.0,1.7,1.3,10.4,18.6,0.3,0.2,0.5,0.096,-1.4,-2.2,-3.5,-0.1
Leon Powe,C,23,BOS,2006-07,63,720,14.6,0.549,0.011,0.814,15.8,20.1,17.9,2.3,1.0,2.4,16.4,18.1,0.9,0.8,1.7,0.116,-2.6,-1.8,-4.4,-0.4
Leon Powe,C,24,BOS,2007-08,56,809,20.9,0.629,0.004,0.717,14.9,18.3,16.7,3.3,1.0,1.6,10.8,22.8,2.7,1.6,4.3,0.256,0.6,-1.5,-0.9,0.2
Leon Powe,PF,25,BOS,2008-09,70,1227,17.2,0.591,0.0,0.79,15.1,18.9,17.1,6.0,1.0,2.5,14.3,20.2,2.7,2.2,4.9,0.192,-0.1,0.6,0.5,0.8
Leon Powe,SF,26,CLE,2009-10,20,236,10.2,0.515,0.0,1.286,10.1,20.2,15.4,0.0,1.3,0.7,12.5,17.3,0.1,0.3,0.5,0.097,-5.8,-4.1,-9.9,-0.5
Leon Powe,C,27,TOT,2010-11,30,328,15.0,0.524,0.017,0.605,8.3,14.2,11.2,3.6,1.6,0.9,7.4,22.4,0.4,0.2,0.6,0.09,-2.4,-3.1,-5.5,-0.3
Lester Hudson,PG,25,TOT,2009-10,25,131,13.2,0.494,0.302,0.245,6.4,9.9,8.2,15.7,3.2,1.8,19.3,25.0,-0.1,0.2,0.1,0.029,-2.4,-0.2,-2.6,0.0
Lester Hudson,PG,26,WAS,2010-11,11,73,6.0,0.349,0.625,0.167,1.5,6.5,3.9,34.1,2.8,1.0,21.4,19.8,-0.2,0.0,-0.1,-0.082,-4.2,-3.4,-7.6,-0.1
Lester Hudson,PG,27,TOT,2011-12,16,334,13.9,0.483,0.395,0.253,2.3,13.8,7.8,20.6,2.2,0.7,15.1,28.6,-0.1,0.2,0.1,0.012,-0.4,-2.2,-2.7,-0.1
Lester Hudson,SG,30,LAC,2014-15,5,56,16.0,0.571,0.429,0.286,2.1,13.8,8.0,12.6,5.4,1.5,16.0,15.1,0.1,0.1,0.2,0.141,0.0,3.3,3.3,0.1
Linas Kleiza,PF,21,DEN,2005-06,61,519,13.2,0.51,0.075,0.468,8.7,17.4,13.1,4.6,1.0,1.9,7.1,19.4,0.6,0.6,1.2,0.111,-2.5,-1.7,-4.3,-0.3
Linas Kleiza,PF,22,DEN,2006-07,79,1488,11.1,0.561,0.466,0.285,5.9,14.1,10.1,4.5,0.9,0.7,12.9,17.6,1.6,1.2,2.8,0.09,-0.5,-1.7,-2.3,-0.1
Linas Kleiza,SF,23,DEN,2007-08,79,1889,14.4,0.585,0.42,0.323,5.4,13.5,9.5,7.5,1.1,0.7,10.6,18.9,3.1,1.6,4.7,0.119,1.1,-1.7,-0.6,0.7
Linas Kleiza,SF,24,DEN,2008-09,82,1824,13.2,0.552,0.413,0.316,6.0,14.5,10.4,5.7,0.9,0.6,10.0,20.0,2.1,1.5,3.6,0.095,0.1,-2.2,-2.1,0.0
Linas Kleiza,SF,26,TOR,2010-11,39,1032,10.1,0.502,0.323,0.16,4.1,16.5,10.2,6.2,1.0,0.5,13.0,21.7,-0.5,0.2,-0.3,-0.012,-2.0,-2.7,-4.7,-0.7
Linas Kleiza,SF,27,TOR,2011-12,49,1057,12.4,0.521,0.437,0.244,4.7,17.2,11.0,7.9,1.2,0.3,12.4,23.1,0.5,1.0,1.5,0.066,-0.3,-1.9,-2.2,-0.1
Linas Kleiza,SF,28,TOR,2012-13,20,376,8.2,0.46,0.458,0.264,3.1,13.5,8.2,6.9,0.6,0.4,8.0,21.6,-0.1,0.2,0.1,0.013,-2.3,-3.4,-5.7,-0.3
Lindsey Hunter,PG,35,DET,2005-06,30,353,10.5,0.427,0.43,0.04,3.3,10.2,6.7,27.1,3.0,0.2,16.4,16.4,0.0,0.5,0.5,0.066,-1.7,0.0,-1.7,0.0
Lindsey Hunter,PG,36,DET,2006-07,52,745,12.7,0.495,0.488,0.135,1.4,6.1,3.7,20.3,2.5,0.7,11.9,18.7,0.5,0.8,1.3,0.085,0.0,-1.4,-1.4,0.1
Lindsey Hunter,PG,37,DET,2007-08,24,215,8.8,0.427,0.406,0.141,2.2,5.0,3.6,23.3,3.3,0.7,16.1,17.7,-0.1,0.3,0.2,0.048,-2.4,-0.3,-2.7,0.0
Lindsey Hunter,PG,38,CHI,2008-09,28,266,7.9,0.433,0.585,0.061,0.9,4.3,2.6,20.4,3.9,0.3,18.4,17.3,-0.3,0.3,0.0,-0.003,-2.7,-1.5,-4.2,-0.1
Lindsey Hunter,PG,39,CHI,2009-10,13,122,-2.2,0.21,0.433,0.067,0.9,11.7,6.4,10.1,0.4,0.0,11.5,12.8,-0.4,0.1,-0.3,-0.117,-8.7,-1.4,-10.1,-0.2
Linton Johnson,SF,25,TOT,2005-06,36,524,10.1,0.476,0.242,0.181,8.9,19.1,13.8,4.5,1.2,1.9,14.8,16.8,-0.2,0.6,0.4,0.036,-3.4,-0.3,-3.7,-0.2
Linton Johnson,SF,25,NJN,2005-06,9,35,4.4,0.468,0.0,0.4,0.0,23.8,11.7,10.2,3.1,0.0,25.4,21.2,-0.1,0.1,0.0,-0.065,-9.9,1.3,-8.6,-0.1
Linton Johnson,SF,25,NOK,2005-06,27,489,10.5,0.476,0.259,0.165,9.5,18.8,14.0,4.1,1.1,2.0,13.9,16.5,-0.1,0.5,0.4,0.043,-2.9,-0.4,-3.3,-0.2
Linton Johnson,PF,26,NOK,2006-07,54,720,14.0,0.548,0.158,0.195,8.2,18.2,13.1,4.0,2.4,2.0,11.6,14.8,0.8,1.0,1.9,0.125,-1.5,1.0,-0.4,0.3
Linton Johnson,PF,27,TOT,2007-08,8,63,8.2,0.528,0.158,0.105,9.8,15.2,12.6,9.2,0.0,1.0,20.1,18.0,0.0,0.0,0.0,0.024,-3.1,-1.8,-5.0,0.0
Linton Johnson,PF,27,PHO,2007-08,6,53,9.5,0.536,0.143,0.0,11.6,15.8,13.9,7.8,0.0,1.2,12.5,13.5,0.1,0.0,0.1,0.087,-1.3,-1.3,-2.6,0.0
Linton Johnson,PF,27,TOR,2007-08,2,10,1.1,0.51,0.2,0.4,0.0,11.9,5.9,16.8,0.0,0.0,33.8,41.9,-0.1,0.0,-0.1,-0.308,-12.8,-4.9,-17.7,0.0
Linton Johnson,PF,28,TOT,2008-09,10,55,3.4,0.409,0.182,0.0,6.3,10.4,8.3,5.3,0.9,0.0,15.4,10.5,0.0,0.0,0.0,-0.004,-5.1,-0.9,-6.1,-0.1
Linton Johnson,PF,28,CHA,2008-09,2,13,-1.5,,,,0.0,0.0,0.0,0.0,0.0,0.0,,0.0,0.0,0.0,0.0,0.01,-6.6,0.7,-5.9,0.0
Linton Johnson,PF,28,CHI,2008-09,8,42,5.0,0.409,0.182,0.0,8.2,13.6,10.9,6.9,1.2,0.0,15.4,13.8,0.0,0.0,0.0,-0.008,-4.7,-1.4,-6.1,0.0
London Perrantes,PG,23,CLE,2017-18,14,66,0.7,0.23,0.231,0.385,1.7,5.0,3.4,9.4,1.5,1.3,6.2,10.9,-0.1,0.0,-0.1,-0.086,-7.5,-1.3,-8.7,-0.1
Lonnie Walker,SG,20,SAS,2018-19,17,118,10.8,0.446,0.283,0.217,0.0,15.6,7.9,10.3,2.9,2.2,7.4,20.3,-0.1,0.2,0.0,0.019,-4.7,0.3,-4.4,-0.1
Lonny Baxter,C,27,TOT,2005-06,41,400,11.9,0.494,0.0,0.337,13.2,21.3,17.1,1.7,1.5,1.6,14.3,16.2,0.1,0.6,0.7,0.088,-4.8,-1.1,-5.9,-0.4
Lonny Baxter,C,27,HOU,2005-06,23,281,13.1,0.51,0.0,0.264,16.1,18.9,17.5,1.3,1.7,2.0,13.9,15.8,0.2,0.5,0.7,0.119,-3.6,-0.7,-4.3,-0.2
Lonny Baxter,PF,27,CHA,2005-06,18,119,9.2,0.461,0.0,0.5,6.4,27.1,16.1,2.6,0.9,0.7,15.2,17.2,-0.1,0.1,0.0,0.014,-7.6,-2.2,-9.8,-0.2
Lonzo Ball,PG,20,LAL,2017-18,52,1780,12.5,0.444,0.523,0.126,4.2,17.3,10.8,29.2,2.4,2.0,18.6,17.4,-0.5,2.5,2.0,0.053,-0.8,2.5,1.7,1.7
Lonzo Ball,PG,21,LAL,2018-19,47,1423,11.7,0.487,0.5,0.105,4.0,14.0,9.1,23.8,2.3,1.1,17.8,16.9,-0.2,1.7,1.6,0.052,-0.9,1.5,0.5,0.9
Loren Woods,C,27,TOR,2005-06,27,324,12.3,0.476,0.017,0.237,15.9,26.0,20.8,1.8,1.5,5.6,19.7,11.6,0.1,0.3,0.4,0.064,-3.9,1.0,-2.9,-0.1
Loren Woods,C,29,HOU,2007-08,7,17,13.4,0.6,0.0,0.0,0.0,6.5,3.3,20.1,0.0,0.0,0.0,13.4,0.0,0.0,0.1,0.179,-1.3,-3.2,-4.5,0.0
Lorenzen Wright,C,30,MEM,2005-06,78,1689,12.2,0.496,0.005,0.288,10.3,18.0,14.2,4.9,1.7,2.2,12.8,15.1,0.8,3.0,3.7,0.106,-3.0,1.6,-1.3,0.3
Lorenzen Wright,C,31,ATL,2006-07,67,1035,6.6,0.439,0.0,0.175,9.8,15.4,12.6,6.1,1.4,2.1,16.5,10.5,-0.2,0.9,0.7,0.033,-3.7,0.7,-3.0,-0.2
Lorenzen Wright,C,32,TOT,2007-08,18,161,2.5,0.317,0.0,0.286,5.8,21.6,13.8,3.5,1.0,1.4,14.5,7.8,-0.2,0.2,0.0,0.001,-7.0,0.1,-6.9,-0.2
Lorenzen Wright,C,32,ATL,2007-08,13,148,3.7,0.331,0.0,0.353,5.5,23.5,14.6,2.8,1.1,1.5,9.2,6.6,-0.1,0.2,0.1,0.028,-6.5,0.4,-6.1,-0.2
Lorenzen Wright,C,32,SAC,2007-08,5,13,-11.7,0.25,0.0,0.0,9.3,0.0,4.5,11.1,0.0,0.0,33.3,20.6,-0.1,0.0,-0.1,-0.304,-12.2,-4.3,-16.5,0.0
Lorenzen Wright,C,33,CLE,2008-09,17,125,4.0,0.377,0.0,0.296,6.9,16.5,11.9,3.5,1.7,3.2,22.8,14.9,-0.3,0.2,-0.1,-0.022,-8.4,2.0,-6.4,-0.1
Lorenzo Brown,PG,23,PHI,2013-14,26,224,8.2,0.349,0.349,0.151,3.7,10.0,6.8,27.5,2.8,1.1,14.9,20.4,-0.5,0.2,-0.3,-0.068,-5.0,-1.8,-6.8,-0.3
Lorenzo Brown,PG,24,MIN,2014-15,29,549,11.0,0.468,0.23,0.156,2.8,12.0,7.3,24.9,2.6,0.9,18.7,12.9,0.1,0.2,0.3,0.025,-1.9,-0.6,-2.6,-0.1
Lorenzo Brown,PG,25,PHO,2015-16,8,61,4.4,0.374,0.32,0.16,0.0,12.8,6.2,28.0,2.4,1.3,25.2,24.9,-0.3,0.1,-0.2,-0.157,-8.1,-1.4,-9.5,-0.1
Lorenzo Brown,PG,27,TOR,2017-18,14,139,8.2,0.459,0.353,0.059,0.8,11.1,6.0,12.4,1.8,0.0,7.9,11.9,0.0,0.1,0.2,0.06,-2.8,-0.2,-3.0,0.0
Lorenzo Brown,PG,28,TOR,2018-19,26,212,6.3,0.38,0.394,0.042,2.6,12.9,7.9,17.3,2.7,2.0,18.1,17.9,-0.5,0.3,-0.1,-0.027,-5.8,1.5,-4.3,-0.1
Lou Amundson,PF,24,TOT,2006-07,11,89,9.6,0.412,0.0,0.667,17.6,20.2,18.9,1.7,0.6,6.9,20.5,12.7,-0.1,0.1,0.1,0.039,-5.5,1.4,-4.1,0.0
Lou Amundson,PF,24,UTA,2006-07,1,2,0.0,,,,0.0,0.0,0.0,0.0,0.0,0.0,,0.0,0.0,0.0,0.0,-0.004,-5.3,0.2,-5.1,0.0
Lou Amundson,PF,24,PHI,2006-07,10,87,9.8,0.412,0.0,0.667,18.0,20.6,19.3,1.7,0.6,7.1,20.5,13.0,-0.1,0.1,0.1,0.04,-5.5,1.4,-4.1,0.0
Lou Amundson,PF,25,PHI,2007-08,16,64,7.4,0.472,0.0,0.438,12.9,9.4,11.1,0.0,0.8,1.2,9.5,14.9,0.0,0.0,0.1,0.043,-4.5,-4.3,-8.8,-0.1
Lou Amundson,PF,26,PHO,2008-09,76,1044,13.3,0.53,0.004,0.48,14.9,15.3,15.1,3.7,1.5,4.6,15.6,15.1,0.8,1.0,1.8,0.082,-1.3,0.8,-0.5,0.4
Lou Amundson,PF,27,PHO,2009-10,79,1168,14.4,0.562,0.004,0.446,13.1,19.9,16.7,3.7,1.0,4.4,14.7,14.6,1.5,1.3,2.9,0.118,-1.0,1.4,0.4,0.7
Lou Amundson,PF,28,GSW,2010-11,46,691,11.5,0.452,0.0,0.475,13.0,17.4,15.2,3.5,1.0,3.6,9.8,15.7,0.2,0.5,0.6,0.044,-4.0,-0.9,-4.9,-0.5
Lou Amundson,PF,29,IND,2011-12,60,753,11.5,0.438,0.0,0.396,14.1,19.0,16.6,3.0,1.9,4.6,15.6,17.3,-0.3,1.3,1.0,0.062,-3.9,1.2,-2.7,-0.1
Lou Amundson,PF,30,TOT,2012-13,39,372,9.3,0.392,0.0,0.444,14.7,18.7,16.7,4.5,2.3,2.6,16.4,14.2,-0.3,0.4,0.1,0.019,-4.4,1.0,-3.3,-0.1
Lou Amundson,PF,31,TOT,2013-14,19,185,9.1,0.446,0.0,0.75,17.3,17.2,17.3,4.7,2.5,5.0,24.8,13.9,-0.1,0.2,0.1,0.024,-3.4,2.1,-1.3,0.0
Lou Amundson,PF,32,TOT,2014-15,53,937,11.8,0.442,0.004,0.341,11.3,22.0,16.5,12.2,1.2,4.6,17.5,17.4,-0.6,0.9,0.3,0.017,-4.0,2.0,-2.0,0.0
Lou Amundson,PF,33,NYK,2015-16,29,204,6.7,0.401,0.0,0.509,12.5,13.7,13.1,8.8,1.5,2.6,18.8,17.7,-0.3,0.2,-0.1,-0.014,-5.3,0.4,-5.0,-0.2
Lou Williams,PG,19,PHI,2005-06,30,145,9.0,0.485,0.173,0.25,2.4,12.9,7.7,11.6,1.8,0.0,18.4,22.2,-0.2,0.1,-0.1,-0.036,-5.3,-2.8,-8.1,-0.2
Lou Williams,PG,20,PHI,2006-07,61,688,14.6,0.521,0.175,0.436,3.0,9.2,6.1,26.5,1.7,0.1,15.5,20.0,0.6,0.5,1.1,0.078,-0.6,-2.2,-2.8,-0.1
Lou Williams,PG,21,PHI,2007-08,80,1862,16.7,0.523,0.203,0.386,2.6,8.1,5.3,22.6,2.3,0.6,12.4,24.3,2.5,1.8,4.4,0.112,1.0,-1.2,-0.2,0.8
Lou Williams,SG,22,PHI,2008-09,81,1919,16.3,0.513,0.261,0.456,2.2,8.1,5.2,21.6,2.4,0.6,13.0,27.7,1.6,1.7,3.4,0.085,0.7,-1.6,-0.9,0.5
Lou Williams,PG,23,PHI,2009-10,64,1912,18.2,0.576,0.304,0.344,1.5,10.1,5.8,22.9,2.2,0.6,12.0,21.1,4.1,1.1,5.2,0.13,2.7,-1.6,1.1,1.5
Lou Williams,SG,24,PHI,2010-11,75,1747,18.9,0.54,0.318,0.448,2.1,7.7,4.9,24.1,1.4,0.7,9.7,27.8,3.5,1.6,5.1,0.141,2.9,-2.5,0.4,1.0
Lou Williams,PG,25,PHI,2011-12,64,1682,20.2,0.525,0.293,0.373,2.0,8.3,5.1,22.4,1.7,0.8,7.2,27.4,3.9,2.2,6.1,0.174,3.4,-1.5,1.9,1.7
Lou Williams,SG,26,ATL,2012-13,39,1119,15.9,0.555,0.442,0.273,0.8,7.3,4.1,20.4,2.0,0.7,13.0,23.6,1.4,1.0,2.4,0.103,1.2,-1.7,-0.5,0.4
Lou Williams,PG,27,ATL,2013-14,60,1445,14.2,0.547,0.469,0.363,0.8,9.1,5.0,22.9,1.6,0.2,13.9,20.9,1.6,1.0,2.6,0.087,0.3,-2.1,-1.8,0.1
Lou Williams,SG,28,TOR,2014-15,80,2016,19.9,0.564,0.482,0.426,1.4,7.3,4.3,13.6,2.3,0.4,8.4,27.0,5.4,1.1,6.6,0.157,4.0,-3.1,0.9,1.5
Lou Williams,SG,29,LAL,2015-16,67,1907,17.7,0.584,0.462,0.612,1.7,8.1,4.8,15.1,1.6,0.8,10.8,22.8,4.5,0.3,4.7,0.119,3.0,-2.7,0.3,1.1
Lou Williams,SG,30,TOT,2016-17,81,1994,21.4,0.593,0.447,0.458,1.4,9.9,5.5,19.9,1.9,0.8,11.8,29.1,5.1,1.0,6.1,0.148,3.7,-3.0,0.8,1.4
Lou Williams,SG,31,LAC,2017-18,79,2589,20.2,0.574,0.387,0.367,1.7,6.6,4.2,26.3,1.6,0.6,13.1,29.8,5.5,1.2,6.7,0.125,3.8,-2.9,1.0,2.0
Lou Williams,SG,32,LAC,2018-19,75,1993,21.2,0.554,0.256,0.426,2.2,9.4,5.9,33.0,1.3,0.4,11.8,32.4,3.9,1.2,5.1,0.123,3.1,-2.6,0.4,1.2
Luc Mbah a Moute,PF,22,MIL,2008-09,82,2114,12.3,0.516,0.008,0.391,10.1,17.4,13.6,6.3,2.1,1.8,14.8,14.3,1.2,2.8,4.0,0.092,-1.9,2.2,0.2,1.2
Luc Mbah a Moute,PF,23,MIL,2009-10,73,1866,11.8,0.53,0.046,0.36,9.9,14.6,12.2,6.5,1.7,1.6,14.1,12.1,1.8,3.0,4.7,0.122,-1.6,2.9,1.4,1.6
Luc Mbah a Moute,PF,24,MIL,2010-11,79,2093,11.5,0.518,0.016,0.439,9.2,14.3,11.7,5.3,1.8,1.1,13.1,13.1,1.5,3.3,4.8,0.109,-2.3,2.2,0.0,1.0
Luc Mbah a Moute,PF,25,MIL,2011-12,43,1009,13.9,0.544,0.015,0.395,8.2,16.9,12.4,4.4,2.0,1.6,11.3,15.1,1.2,1.1,2.4,0.112,-1.4,0.6,-0.8,0.3
Luc Mbah a Moute,SF,26,MIL,2012-13,58,1326,9.1,0.447,0.098,0.334,7.0,14.0,10.4,6.1,1.6,0.8,13.9,16.5,-0.8,1.2,0.5,0.017,-4.0,0.0,-4.1,-0.7
Luc Mbah a Moute,PF,27,TOT,2013-14,64,1003,8.3,0.503,0.088,0.347,6.0,10.1,8.0,5.1,1.5,1.1,15.2,11.2,0.2,0.8,1.0,0.049,-3.0,0.6,-2.4,-0.1
Luc Mbah a Moute,PF,28,PHI,2014-15,67,1916,10.6,0.466,0.318,0.256,4.4,14.6,9.3,9.8,2.1,0.9,12.3,18.3,-0.9,2.0,1.1,0.027,-3.2,0.1,-3.2,-0.6
Luc Mbah a Moute,PF,29,LAC,2015-16,75,1274,7.3,0.498,0.193,0.275,5.2,9.4,7.3,3.3,1.7,1.2,12.8,9.4,0.2,1.3,1.6,0.059,-3.0,1.5,-1.6,0.1
Luc Mbah a Moute,SF,30,LAC,2016-17,80,1787,10.2,0.581,0.291,0.23,2.8,7.7,5.3,3.1,2.3,1.6,10.0,11.6,1.3,1.8,3.1,0.084,-0.8,1.6,0.7,1.2
Luc Mbah a Moute,PF,31,HOU,2017-18,61,1564,10.3,0.595,0.501,0.275,1.6,11.7,6.7,5.0,2.3,1.4,15.0,12.8,0.8,2.1,2.8,0.087,-1.5,1.5,0.0,0.8
Luc Mbah a Moute,PF,32,LAC,2018-19,4,61,6.7,0.495,0.333,0.278,3.6,8.4,6.1,4.5,0.8,1.3,9.0,15.4,0.0,0.0,0.0,0.009,-3.3,-2.1,-5.4,-0.1
Lucas Nogueira,C,22,TOR,2014-15,6,23,5.2,0.307,0.0,0.5,10.0,45.1,27.6,6.2,4.5,0.0,17.0,23.1,-0.1,0.1,0.0,-0.071,-11.0,0.7,-10.3,0.0
Lucas Nogueira,C,23,TOR,2015-16,29,225,15.6,0.642,0.068,0.341,9.3,14.0,11.7,4.9,2.8,4.4,17.9,12.4,0.3,0.4,0.7,0.154,-0.4,2.9,2.6,0.3
Lucas Nogueira,C,24,TOR,2016-17,57,1088,15.5,0.682,0.077,0.429,8.5,16.8,12.7,5.4,2.4,7.1,19.9,9.5,1.7,2.0,3.7,0.164,-0.1,5.6,5.4,2.0
Lucas Nogueira,C,25,TOR,2017-18,49,418,17.3,0.661,0.238,0.35,4.9,18.1,11.7,7.2,2.7,8.2,14.8,11.4,0.7,1.0,1.6,0.188,-0.7,6.2,5.4,0.8
Luigi Datome,SF,26,DET,2013-14,34,238,8.0,0.409,0.402,0.103,6.1,15.5,10.6,7.0,1.3,0.3,9.8,20.2,-0.2,0.1,-0.1,-0.023,-3.8,-3.2,-7.0,-0.3
Luigi Datome,SF,27,TOT,2014-15,21,209,15.1,0.587,0.449,0.011,1.5,13.9,7.6,7.6,0.5,2.6,9.1,20.7,0.2,0.2,0.4,0.095,-0.3,-1.8,-2.1,0.0
Luis Montero,SG,22,POR,2015-16,12,42,-2.7,0.337,0.474,0.211,0.0,10.3,5.2,3.5,0.0,0.0,16.2,25.7,-0.2,0.0,-0.2,-0.238,-11.0,-5.9,-16.9,-0.2
Luis Montero,SG,24,DET,2017-18,2,8,-15.5,0.0,0.0,0.0,0.0,28.2,13.8,0.0,0.0,0.0,66.7,16.6,-0.1,0.0,-0.1,-0.445,-23.7,-2.1,-25.9,0.0
Luis Scola,PF,27,HOU,2007-08,82,2024,16.1,0.548,0.004,0.351,9.9,19.3,14.6,8.9,1.6,0.7,12.0,19.8,2.8,3.7,6.5,0.154,-0.9,1.4,0.4,1.3
Luis Scola,PF,28,HOU,2008-09,82,2488,17.0,0.572,0.004,0.323,9.8,23.4,16.9,8.6,1.5,0.3,11.9,19.3,4.3,4.3,8.6,0.165,-0.1,1.5,1.4,2.1
Luis Scola,PF,29,HOU,2009-10,82,2671,17.2,0.55,0.005,0.245,7.2,23.6,15.1,11.1,1.2,0.7,11.9,22.7,3.4,3.0,6.3,0.114,-0.8,0.4,-0.4,1.1
Luis Scola,PF,30,HOU,2010-11,74,2412,18.4,0.538,0.003,0.257,6.9,21.6,14.2,13.7,1.0,1.3,10.5,25.7,3.3,2.2,5.5,0.11,-0.2,-0.1,-0.2,1.1
Luis Scola,PF,31,HOU,2011-12,66,2067,15.4,0.526,0.003,0.223,6.8,17.3,12.0,12.0,0.9,0.9,13.6,24.8,1.8,1.6,3.4,0.08,-1.0,-0.4,-1.4,0.3
Luis Scola,PF,32,PHO,2012-13,82,2184,16.7,0.516,0.017,0.251,8.1,20.4,14.1,14.5,1.6,1.2,11.0,23.3,2.4,1.9,4.4,0.096,-0.3,0.2,-0.1,1.1
Luis Scola,PF,33,IND,2013-14,82,1399,13.4,0.505,0.013,0.243,7.2,23.4,15.7,10.4,1.0,0.9,14.8,23.8,-0.4,2.8,2.5,0.084,-4.3,0.5,-3.8,-0.6
Luis Scola,PF,34,IND,2014-15,81,1659,16.8,0.515,0.031,0.352,9.3,25.6,17.5,11.0,1.5,0.8,11.3,22.8,1.7,2.7,4.4,0.126,-1.5,0.7,-0.7,0.5
Luis Scola,PF,35,TOR,2015-16,76,1636,13.6,0.523,0.269,0.14,6.0,19.0,12.6,6.8,1.5,1.4,9.7,19.5,1.4,1.9,3.3,0.098,-0.8,-0.4,-1.2,0.3
Luis Scola,PF,36,BRK,2016-17,36,461,13.9,0.55,0.331,0.245,11.9,19.9,16.0,12.7,1.4,0.7,16.9,18.7,0.4,0.4,0.8,0.082,-0.8,-0.4,-1.1,0.1
Luka Dončić,SG,19,DAL,2018-19,72,2318,19.6,0.545,0.433,0.409,4.0,21.9,13.0,31.6,1.6,0.9,15.0,30.5,2.1,2.8,4.9,0.101,2.9,1.2,4.1,3.6
Luke Babbitt,SF,21,POR,2010-11,24,137,1.0,0.305,0.291,0.164,5.1,22.4,13.4,6.9,0.8,1.2,11.9,22.8,-0.6,0.1,-0.4,-0.143,-9.6,-2.5,-12.0,-0.3
Luke Babbitt,SF,22,POR,2011-12,40,537,11.3,0.556,0.578,0.116,3.4,17.5,10.3,4.8,1.0,0.6,12.9,17.8,0.4,0.3,0.7,0.064,-0.9,-2.5,-3.4,-0.2
Luke Babbitt,PF,23,POR,2012-13,62,730,9.4,0.509,0.761,0.056,2.4,19.7,10.9,6.2,1.0,0.5,8.4,16.4,0.3,0.4,0.7,0.047,-1.2,-2.3,-3.6,-0.3
Luke Babbitt,PF,24,NOP,2013-14,27,473,12.1,0.525,0.617,0.117,4.4,17.5,10.8,9.4,0.8,1.9,8.5,17.0,0.5,0.2,0.7,0.074,0.5,-1.9,-1.4,0.1
Luke Babbitt,SF,25,NOP,2014-15,63,830,11.1,0.639,0.599,0.099,1.6,13.5,7.6,4.3,1.1,1.0,11.5,12.4,1.1,0.5,1.6,0.092,0.0,-1.4,-1.4,0.1
Luke Babbitt,SF,26,NOP,2015-16,47,845,11.6,0.526,0.377,0.173,3.2,16.7,9.7,9.6,0.6,0.7,6.9,17.5,0.8,0.3,1.1,0.064,-0.9,-2.0,-2.9,-0.2
Luke Babbitt,SF,27,MIA,2016-17,68,1065,8.3,0.563,0.747,0.053,1.2,13.5,7.3,4.8,0.9,0.8,8.0,13.0,0.8,1.0,1.8,0.081,-1.1,-0.9,-1.9,0.0
Luke Babbitt,SF,28,TOT,2017-18,50,715,9.8,0.576,0.726,0.102,1.1,13.9,7.5,6.5,0.5,0.8,7.8,15.0,0.5,0.4,0.9,0.06,-1.0,-2.2,-3.2,-0.2
Luke Harangody,PF,23,TOT,2010-11,49,640,10.1,0.444,0.32,0.126,7.5,18.9,13.2,7.6,1.2,2.0,6.9,16.8,-0.1,0.7,0.6,0.048,-2.8,0.0,-2.8,-0.1
Luke Harangody,PF,24,CLE,2011-12,21,231,10.4,0.427,0.323,0.185,9.5,16.9,13.0,4.3,1.4,1.0,5.4,14.5,0.1,0.1,0.2,0.046,-2.7,-1.9,-4.6,-0.2
Luke Jackson,SF,24,CLE,2005-06,36,315,7.9,0.482,0.424,0.388,6.0,9.1,7.5,12.4,1.9,0.5,23.8,19.2,-0.3,0.3,0.0,-0.003,-3.3,-0.9,-4.2,-0.2
Luke Jackson,SF,25,TOT,2006-07,13,138,10.3,0.511,0.395,0.209,1.7,6.9,4.3,14.9,1.9,0.6,13.0,18.1,0.0,0.1,0.1,0.043,-1.4,-1.7,-3.1,0.0
Luke Jackson,SF,25,LAC,2006-07,3,16,-6.0,0.188,0.5,0.0,0.0,7.4,3.7,37.5,0.0,0.0,11.1,26.0,-0.1,0.0,-0.1,-0.273,-9.2,-6.8,-16.1,-0.1
Luke Jackson,SF,25,TOR,2006-07,10,122,12.5,0.578,0.371,0.257,1.9,6.8,4.3,11.9,2.1,0.6,13.3,17.1,0.1,0.1,0.2,0.084,-0.4,-1.0,-1.4,0.0
Luke Jackson,SF,26,MIA,2007-08,14,228,9.1,0.438,0.375,0.288,3.6,13.9,8.7,12.6,1.9,0.0,9.1,20.6,-0.2,0.2,0.0,-0.004,-3.1,-1.9,-5.0,-0.2
Luke Kennard,SG,21,DET,2017-18,73,1463,12.1,0.56,0.419,0.163,1.6,11.9,6.6,12.7,1.5,0.8,12.2,17.2,1.1,1.4,2.6,0.085,-1.1,-0.4,-1.5,0.2
Luke Kennard,SG,22,DET,2018-19,63,1437,11.9,0.56,0.517,0.117,0.9,13.5,7.0,12.3,0.9,0.6,9.4,18.1,1.3,1.3,2.5,0.085,-0.5,-1.0,-1.5,0.2
Luke Kornet,PF,22,NYK,2017-18,20,326,13.6,0.516,0.632,0.088,3.8,18.0,10.9,11.6,0.9,4.2,8.5,19.0,0.2,0.3,0.5,0.077,0.1,0.1,0.2,0.2
Luke Kornet,PF,23,NYK,2018-19,46,784,14.8,0.531,0.682,0.163,3.6,14.6,9.0,10.5,1.7,4.5,7.6,17.9,0.6,0.7,1.4,0.083,0.1,0.6,0.7,0.5
Luke Ridnour,PG,24,SEA,2005-06,79,2625,16.0,0.506,0.186,0.284,2.1,8.8,5.4,32.3,2.5,0.6,15.3,18.1,4.4,0.0,4.4,0.081,1.4,-1.9,-0.5,1.0
Luke Ridnour,PG,25,SEA,2006-07,71,2091,13.7,0.509,0.2,0.229,1.6,7.9,4.7,28.2,2.1,0.7,16.9,20.0,1.4,0.8,2.3,0.052,-0.2,-1.6,-1.8,0.1
Luke Ridnour,PG,26,SEA,2007-08,61,1223,11.3,0.482,0.193,0.247,1.2,7.2,4.2,29.5,1.5,0.8,16.4,17.3,0.3,0.6,0.9,0.035,-2.0,-2.0,-4.0,-0.6
Luke Ridnour,PG,27,MIL,2008-09,72,2033,12.9,0.5,0.253,0.246,1.8,11.3,6.3,28.2,2.3,0.7,15.7,18.0,1.2,2.2,3.4,0.081,-0.5,0.2,-0.3,0.9
Luke Ridnour,PG,28,MIL,2009-10,82,1759,17.7,0.57,0.264,0.204,1.5,8.1,4.6,31.9,1.6,0.3,12.4,22.0,4.0,2.2,6.2,0.168,2.4,-1.5,0.9,1.3
Luke Ridnour,PG,29,MIN,2010-11,71,2159,15.0,0.567,0.27,0.201,1.9,8.6,5.1,28.1,2.1,0.4,17.6,17.8,3.2,0.8,4.0,0.089,1.2,-1.5,-0.3,0.9
Luke Ridnour,SG,30,MIN,2011-12,53,1750,13.6,0.53,0.276,0.216,1.2,7.8,4.5,24.0,1.6,0.7,13.7,17.8,2.4,0.9,3.3,0.09,0.9,-0.6,0.3,1.0
Luke Ridnour,SG,31,MIN,2012-13,82,2474,13.0,0.532,0.261,0.202,1.8,7.9,4.8,21.0,1.7,0.5,12.8,18.3,2.6,1.8,4.3,0.084,0.3,-0.7,-0.4,1.0
Luke Ridnour,PG,32,TOT,2013-14,61,1141,9.0,0.452,0.33,0.08,2.2,7.6,4.8,24.3,1.5,0.6,16.3,16.1,-0.3,0.4,0.1,0.005,-2.7,-2.4,-5.1,-0.9
Luke Ridnour,PG,33,ORL,2014-15,47,683,10.0,0.507,0.358,0.119,1.3,10.1,5.6,21.0,1.5,0.5,17.0,14.8,0.3,0.3,0.6,0.042,-2.3,-1.7,-4.0,-0.3
Luke Schenscher,C,23,CHI,2005-06,20,149,9.3,0.567,0.0,0.5,6.2,16.1,11.2,7.3,0.3,1.6,13.6,11.1,0.1,0.2,0.3,0.095,-3.3,0.9,-2.4,0.0
Luke Schenscher,C,24,POR,2006-07,11,118,3.9,0.364,0.0,0.304,10.3,16.1,13.2,1.3,0.9,2.7,13.3,12.0,-0.1,0.1,0.0,-0.013,-5.9,-0.8,-6.8,-0.1
Luke Walton,SF,25,LAL,2005-06,69,1333,11.6,0.477,0.168,0.232,7.8,14.0,10.9,17.9,1.6,0.9,17.7,15.0,0.6,1.3,2.0,0.071,-1.8,0.4,-1.3,0.2
Luke Walton,SF,26,LAL,2006-07,60,1982,14.7,0.551,0.223,0.26,5.2,12.6,8.9,20.2,1.6,0.8,16.0,16.8,2.6,1.2,3.8,0.092,0.7,-0.1,0.6,1.3
Luke Walton,SF,27,LAL,2007-08,74,1729,12.3,0.509,0.176,0.228,5.7,12.7,9.3,18.1,1.7,0.8,16.0,16.0,1.2,2.0,3.2,0.088,-0.9,0.7,-0.2,0.8
Luke Walton,SF,28,LAL,2008-09,65,1166,11.3,0.491,0.186,0.186,5.4,12.0,8.7,21.1,1.4,0.7,17.2,15.1,0.7,1.3,2.0,0.083,-1.6,0.1,-1.5,0.2
Luke Walton,SF,29,LAL,2009-10,29,272,9.7,0.402,0.202,0.048,5.0,10.6,7.8,21.5,1.9,0.3,12.3,16.1,-0.1,0.4,0.3,0.047,-3.2,-0.2,-3.4,-0.1
Luke Walton,SF,30,LAL,2010-11,54,484,5.1,0.378,0.293,0.086,2.2,13.1,7.8,18.0,1.0,0.6,20.5,14.3,-0.7,0.5,-0.2,-0.016,-5.7,-0.5,-6.2,-0.5
Luke Walton,PF,31,TOT,2011-12,30,364,3.4,0.423,0.308,0.0,4.0,11.4,7.6,14.8,0.7,0.2,29.3,11.4,-0.4,0.1,-0.4,-0.05,-5.3,-1.3,-6.7,-0.4
Luke Walton,PF,32,CLE,2012-13,50,857,11.3,0.453,0.37,0.11,4.9,15.2,9.8,28.7,2.5,1.2,24.0,13.0,0.1,0.7,0.8,0.045,-1.8,0.5,-1.3,0.2
Luke Zeller,C,25,PHO,2012-13,16,58,5.6,0.365,0.192,0.0,1.9,18.0,9.8,8.4,0.0,0.0,0.0,19.9,-0.1,0.0,-0.1,-0.047,-6.2,-4.2,-10.4,-0.1
Luol Deng,SF,20,CHI,2005-06,78,2604,15.8,0.517,0.082,0.289,5.6,17.1,11.4,9.7,1.4,1.5,8.9,20.4,2.7,3.8,6.5,0.12,-0.8,1.7,0.9,1.9
Luol Deng,SF,21,CHI,2006-07,82,3071,18.7,0.56,0.006,0.295,5.5,15.9,10.8,11.8,1.6,1.2,10.0,22.2,5.7,5.6,11.3,0.176,0.8,1.9,2.7,3.6
Luol Deng,SF,22,CHI,2007-08,63,2128,17.0,0.528,0.025,0.296,7.0,14.2,10.4,13.2,1.4,1.1,10.6,23.6,2.4,1.9,4.4,0.098,0.2,-0.1,0.1,1.1
Luol Deng,SF,23,CHI,2008-09,49,1665,14.7,0.511,0.034,0.323,5.5,14.7,10.1,9.0,1.9,1.1,9.6,20.0,1.3,1.6,3.0,0.085,-1.1,0.3,-0.8,0.5
Luol Deng,SF,24,CHI,2009-10,70,2651,16.1,0.531,0.082,0.325,5.6,15.8,10.7,9.1,1.3,1.8,10.4,21.9,2.5,3.4,5.9,0.106,-0.6,0.7,0.2,1.4
Luol Deng,SF,25,CHI,2010-11,82,3208,15.5,0.549,0.288,0.291,4.4,12.8,8.7,11.9,1.3,1.1,10.7,20.9,4.7,5.2,9.9,0.149,1.2,1.0,2.2,3.4
Luol Deng,SF,26,CHI,2011-12,54,2129,14.1,0.5,0.285,0.219,4.1,14.0,9.2,11.7,1.4,1.2,10.4,19.8,2.3,3.6,5.8,0.132,0.5,1.6,2.1,2.2
Luol Deng,SF,27,CHI,2012-13,75,2903,15.1,0.508,0.213,0.258,6.3,12.6,9.4,13.2,1.5,0.8,10.6,21.5,3.0,3.3,6.3,0.105,0.6,0.4,1.1,2.2
Luol Deng,SF,28,TOT,2013-14,63,2213,15.2,0.517,0.22,0.312,5.0,13.4,9.2,14.6,1.5,0.3,10.4,22.3,2.2,2.3,4.5,0.098,0.4,-0.2,0.2,1.2
Luol Deng,SF,29,MIA,2014-15,72,2421,15.5,0.561,0.28,0.319,5.2,13.3,9.3,9.9,1.4,0.8,10.7,19.5,3.7,1.6,5.4,0.106,1.1,-0.6,0.5,1.5
Luol Deng,PF,30,MIA,2015-16,74,2394,15.0,0.549,0.344,0.258,5.3,15.4,10.5,9.0,1.6,0.9,8.9,17.4,3.5,2.8,6.4,0.128,1.3,0.6,1.9,2.3
Luol Deng,SF,31,LAL,2016-17,56,1486,10.1,0.47,0.389,0.149,4.5,17.7,10.8,7.0,1.6,1.1,8.7,14.2,0.1,0.8,0.9,0.029,-2.3,-0.2,-2.5,-0.2
Luol Deng,SF,32,LAL,2017-18,1,13,5.5,0.5,0.0,0.0,0.0,0.0,0.0,10.1,3.7,0.0,33.3,9.8,0.0,0.0,0.0,-0.018,-7.2,-1.3,-8.5,0.0
Luol Deng,SF,33,MIN,2018-19,22,392,14.6,0.588,0.373,0.297,5.4,14.6,10.0,6.5,1.8,1.7,9.5,15.8,0.5,0.3,0.8,0.101,-0.2,-0.5,-0.6,0.1
Luther Head,SG,23,HOU,2005-06,80,2310,11.2,0.517,0.497,0.195,1.7,11.6,6.8,16.2,2.1,0.3,14.8,16.6,0.5,2.9,3.5,0.072,-0.6,0.8,0.2,1.3
Luther Head,SG,24,HOU,2006-07,80,2211,13.7,0.584,0.573,0.15,1.6,11.4,6.6,14.8,1.8,0.2,15.5,18.6,2.2,3.4,5.7,0.123,0.8,0.7,1.5,2.0
Luther Head,SG,25,HOU,2007-08,73,1379,13.6,0.543,0.472,0.17,1.5,9.4,5.5,16.4,1.7,0.5,12.0,19.3,1.5,2.0,3.5,0.121,0.1,-0.3,-0.2,0.6
Luther Head,PG,26,TOT,2008-09,32,498,9.9,0.482,0.375,0.167,1.4,10.7,6.2,18.1,1.8,0.3,13.9,16.8,0.0,0.6,0.6,0.058,-2.6,-0.5,-3.0,-0.1
Luther Head,PG,26,HOU,2008-09,22,322,9.8,0.491,0.376,0.158,1.1,8.4,4.9,17.4,1.0,0.2,12.9,17.9,0.0,0.3,0.4,0.058,-2.4,-1.4,-3.8,-0.1
Luther Head,SG,26,MIA,2008-09,10,176,10.2,0.462,0.372,0.186,2.0,15.1,8.5,19.5,3.3,0.5,16.2,14.8,0.0,0.3,0.2,0.059,-2.9,1.1,-1.7,0.0
Luther Head,SG,27,IND,2009-10,47,813,11.5,0.53,0.338,0.186,0.8,10.0,5.4,14.8,1.1,0.8,13.8,21.2,-0.1,0.6,0.6,0.034,-2.2,-1.9,-4.1,-0.4
Luther Head,PG,28,SAC,2010-11,36,586,11.7,0.538,0.39,0.305,3.0,8.8,5.8,17.7,0.9,1.1,14.7,16.1,0.6,0.2,0.9,0.073,-0.7,-1.7,-2.5,-0.1
Lynn Greer,SG,27,MIL,2006-07,41,432,14.0,0.538,0.369,0.227,0.5,6.9,3.7,19.0,2.0,0.2,10.4,18.1,0.7,0.1,0.7,0.083,-0.2,-3.5,-3.8,-0.2
Maalik Wayns,PG,21,TOT,2012-13,27,202,5.0,0.394,0.352,0.216,0.5,3.5,2.0,20.7,1.6,0.0,13.5,25.4,-0.4,0.1,-0.3,-0.079,-5.6,-5.1,-10.7,-0.4
Maalik Wayns,PG,22,LAC,2013-14,2,9,19.3,0.5,0.0,0.0,0.0,23.9,12.3,31.7,11.1,0.0,0.0,9.8,0.0,0.0,0.1,0.313,2.0,9.2,11.2,0.0
Maceo Baston,PF,31,IND,2006-07,47,405,13.7,0.714,0.092,0.618,5.9,15.4,10.6,6.5,1.5,3.4,24.9,14.2,0.5,0.5,1.1,0.127,-1.9,1.4,-0.6,0.1
Maceo Baston,PF,32,TOR,2007-08,15,103,17.6,0.697,0.0,0.4,10.3,19.7,14.9,4.6,1.0,3.2,12.0,15.3,0.3,0.1,0.4,0.201,0.4,0.4,0.8,0.1
Maceo Baston,PF,33,IND,2008-09,27,217,12.3,0.579,0.022,0.587,11.1,15.4,13.2,4.6,1.4,3.4,17.2,14.0,0.2,0.2,0.5,0.105,-2.4,0.6,-1.7,0.0
Maciej Lampe,C,20,TOT,2005-06,6,28,-4.4,0.168,0.0,0.182,16.9,21.3,19.0,10.0,0.0,0.0,20.2,25.2,-0.2,0.0,-0.2,-0.332,-15.4,-5.2,-20.6,-0.1
Maciej Lampe,C,20,NOK,2005-06,2,16,-6.1,0.0,0.0,0.0,7.2,22.9,14.9,17.5,0.0,0.0,20.0,14.6,-0.1,0.0,-0.1,-0.257,-12.8,-0.2,-13.0,0.0
Maciej Lampe,C,20,HOU,2005-06,4,12,-2.1,0.254,0.0,0.286,29.8,19.2,24.4,0.0,0.0,0.0,20.2,39.3,-0.1,0.0,-0.1,-0.432,-18.9,-11.8,-30.7,-0.1
Malachi Richardson,SG,21,SAC,2016-17,22,198,9.6,0.517,0.412,0.279,1.8,11.5,6.7,8.7,1.3,0.5,9.5,19.3,0.0,0.1,0.1,0.028,-2.5,-3.0,-5.5,-0.2
Malachi Richardson,SG,22,TOT,2017-18,26,324,5.9,0.446,0.444,0.244,1.7,10.6,6.0,5.6,1.6,0.3,9.1,15.2,-0.2,0.1,-0.1,-0.015,-4.3,-2.1,-6.4,-0.4
Malachi Richardson,SG,23,TOR,2018-19,22,103,0.9,0.481,0.862,0.172,2.2,11.2,6.8,0.0,0.5,0.0,20.4,16.4,-0.2,0.1,-0.1,-0.06,-6.3,-4.5,-10.8,-0.2
Malcolm Brogdon,SG,24,MIL,2016-17,75,1982,14.9,0.555,0.304,0.198,2.8,9.6,6.3,24.3,2.2,0.5,14.1,18.5,2.6,1.5,4.1,0.1,0.6,-1.1,-0.5,0.8
Malcolm Brogdon,PG,25,MIL,2017-18,48,1436,14.3,0.578,0.32,0.169,1.9,10.8,6.4,16.3,1.4,0.8,10.9,19.1,2.0,0.7,2.7,0.091,0.6,-1.9,-1.3,0.2
Malcolm Brogdon,SG,26,MIL,2018-19,64,1832,17.8,0.614,0.326,0.203,3.8,11.7,8.0,16.2,1.2,0.6,10.0,20.7,4.2,2.3,6.5,0.171,1.9,-0.3,1.5,1.6
Malcolm Delaney,PG,27,ATL,2016-17,73,1248,7.5,0.456,0.284,0.24,0.9,9.8,5.4,23.1,1.5,0.1,18.1,18.3,-1.2,1.3,0.1,0.005,-4.6,-1.3,-5.9,-1.2
Malcolm Delaney,PG,28,ATL,2017-18,54,1014,10.6,0.519,0.435,0.323,1.0,10.0,5.5,23.4,1.7,0.5,16.9,16.9,0.4,0.6,1.0,0.047,-2.0,-1.5,-3.6,-0.4
Malcolm Lee,SG,21,MIN,2011-12,19,243,9.3,0.466,0.169,0.288,4.1,7.8,5.9,19.8,1.7,1.2,20.4,15.3,0.0,0.1,0.1,0.024,-3.0,-0.1,-3.0,-0.1
Malcolm Lee,SG,22,MIN,2012-13,16,289,9.8,0.46,0.316,0.263,5.8,9.8,7.7,10.7,2.1,1.6,10.5,14.7,0.1,0.3,0.4,0.059,-1.8,0.9,-0.9,0.1
Malcolm Lee,SG,24,PHI,2014-15,1,2,-19.7,0.0,0.0,0.0,0.0,0.0,0.0,0.0,0.0,0.0,0.0,21.8,0.0,0.0,0.0,-0.527,-21.9,-6.7,-28.5,0.0
Malcolm Miller,SF,24,TOR,2017-18,15,126,8.9,0.638,0.75,0.143,3.6,9.6,6.7,3.2,0.4,1.3,14.4,12.1,0.1,0.1,0.2,0.087,-0.5,-1.5,-2.0,0.0
Malcolm Miller,SF,25,TOR,2018-19,10,67,13.7,0.63,0.808,0.154,1.7,6.3,4.0,2.1,0.7,1.2,3.5,18.5,0.1,0.1,0.2,0.13,1.8,-3.8,-2.0,0.0
Malcolm Thomas,PF,23,SAS,2011-12,3,15,7.1,0.129,0.0,0.667,7.8,15.0,11.5,8.1,3.4,4.8,0.0,11.8,0.0,0.0,0.0,-0.028,-7.1,5.0,-2.1,0.0
Malcolm Thomas,PF,24,TOT,2012-13,12,57,13.8,0.555,0.0,0.8,10.0,21.6,15.9,10.3,1.9,2.7,18.2,13.2,0.1,0.1,0.2,0.133,-2.7,2.2,-0.5,0.0
Malcolm Thomas,PF,25,TOT,2013-14,8,63,4.6,0.444,0.25,0.125,9.0,28.9,19.0,5.1,0.0,3.5,34.8,18.7,-0.2,0.1,-0.2,-0.132,-10.4,-1.6,-12.0,-0.2
Malcolm Thomas,PF,26,PHI,2014-15,17,194,8.2,0.492,0.175,0.325,8.5,23.5,15.6,6.0,0.8,0.4,22.1,13.2,-0.1,0.2,0.1,0.023,-6.4,-1.0,-7.4,-0.3
Malik Allen,PF,27,CHI,2005-06,54,701,11.5,0.504,0.004,0.154,7.2,15.7,11.5,4.9,1.0,1.8,11.4,19.2,0.0,1.0,1.0,0.068,-3.9,0.0,-3.9,-0.3
Malik Allen,PF,28,CHI,2006-07,60,638,10.4,0.443,0.004,0.132,7.6,13.7,10.6,4.2,1.4,2.0,7.1,20.5,-0.2,1.1,1.0,0.073,-4.9,-0.3,-5.2,-0.5
Malik Allen,PF,29,TOT,2007-08,73,1096,9.8,0.5,0.006,0.076,7.0,13.6,10.4,6.8,0.9,2.2,11.7,16.1,0.1,0.9,1.0,0.045,-3.6,-0.3,-3.9,-0.5
Malik Allen,PF,29,NJN,2007-08,48,763,10.1,0.489,0.008,0.05,6.4,13.1,9.7,6.8,1.0,2.1,10.7,17.9,-0.2,0.5,0.4,0.023,-4.3,-0.9,-5.1,-0.6
Malik Allen,PF,29,DAL,2007-08,25,333,9.1,0.54,0.0,0.182,8.6,14.8,11.8,6.7,0.6,2.2,15.4,11.8,0.3,0.4,0.7,0.096,-2.2,1.0,-1.1,0.1
Malik Allen,PF,30,MIL,2008-09,49,579,7.3,0.435,0.006,0.124,6.8,14.5,10.5,9.5,0.6,1.7,10.0,15.4,-0.2,0.5,0.3,0.024,-4.5,-0.1,-4.6,-0.4
Malik Allen,PF,31,DEN,2009-10,51,456,5.9,0.431,0.052,0.112,9.2,11.5,10.4,5.1,1.2,0.8,15.3,14.0,-0.3,0.3,0.1,0.009,-4.2,-0.8,-5.0,-0.3
Malik Allen,PF,32,ORL,2010-11,18,178,3.3,0.361,0.0,0.065,8.1,12.8,10.5,3.3,0.3,1.7,8.6,9.1,-0.1,0.2,0.2,0.046,-5.3,1.4,-3.9,-0.1
Malik Beasley,SG,20,DEN,2016-17,22,165,13.7,0.536,0.384,0.137,3.4,8.0,5.7,10.2,2.1,0.0,9.4,22.0,0.1,0.1,0.2,0.057,-0.5,-3.5,-3.9,-0.1
Malik Beasley,SG,21,DEN,2017-18,62,583,9.0,0.509,0.461,0.185,2.7,11.0,6.9,7.4,1.3,1.0,11.1,16.2,0.1,0.3,0.3,0.028,-2.8,-2.4,-5.1,-0.5
Malik Beasley,SG,22,DEN,2018-19,81,1879,14.2,0.599,0.55,0.09,2.0,9.5,5.8,7.5,1.4,0.5,6.7,18.7,2.9,1.6,4.5,0.115,1.4,-1.9,-0.5,0.7
Malik Hairston,SG,21,SAS,2008-09,15,155,12.0,0.48,0.02,0.143,8.6,12.9,10.8,13.8,2.1,3.3,18.7,20.0,-0.1,0.3,0.1,0.045,-4.3,2.7,-1.6,0.0
Malik Hairston,SG,22,SAS,2009-10,47,317,11.6,0.555,0.145,0.395,4.9,13.1,9.1,7.5,0.7,2.0,11.0,14.5,0.3,0.4,0.7,0.107,-2.3,0.3,-2.0,0.0
Malik Monk,SG,19,CHO,2017-18,63,854,10.3,0.477,0.572,0.089,1.0,7.5,4.2,16.9,1.1,0.9,10.0,24.9,-0.5,0.5,0.0,0.0,-1.0,-3.4,-4.5,-0.5
Malik Monk,SG,20,CHO,2018-19,73,1258,11.8,0.518,0.563,0.174,1.3,10.6,5.9,14.3,1.4,1.3,12.0,24.6,-0.4,0.7,0.3,0.012,-1.1,-2.7,-3.9,-0.6
Malik Rose,PF,31,NYK,2005-06,72,1119,10.2,0.466,0.004,0.488,9.0,19.2,14.1,9.7,2.0,1.0,19.0,17.1,-0.3,0.8,0.5,0.021,-3.2,0.5,-2.7,-0.2
Malik Rose,PF,32,NYK,2006-07,65,810,7.7,0.46,0.043,0.28,7.0,18.6,12.8,12.7,1.7,0.9,23.7,15.3,-0.6,0.8,0.1,0.007,-4.4,0.8,-3.6,-0.3
Malik Rose,PF,33,NYK,2007-08,49,494,7.3,0.422,0.039,0.283,6.9,17.1,11.9,9.3,1.7,1.1,16.5,22.0,-0.9,0.4,-0.5,-0.052,-6.2,-1.0,-7.2,-0.6
Malik Rose,SF,34,TOT,2008-09,38,470,5.3,0.424,0.053,0.389,4.0,19.5,11.6,11.5,1.1,0.5,19.0,17.7,-0.8,0.4,-0.4,-0.039,-6.8,-0.5,-7.3,-0.6
Malik Rose,PF,34,NYK,2008-09,18,160,-1.9,0.327,0.098,0.268,2.6,19.1,10.6,8.6,0.3,0.5,27.1,17.1,-0.6,0.1,-0.6,-0.167,-11.1,-1.0,-12.1,-0.4
Malik Rose,SF,34,OKC,2008-09,20,310,9.0,0.465,0.033,0.444,4.8,19.7,12.1,13.0,1.5,0.5,15.0,18.1,-0.1,0.3,0.2,0.027,-4.6,-0.2,-4.8,-0.2
Mangok Mathiang,C,25,CHO,2017-18,4,20,18.0,0.538,0.0,0.143,16.0,38.5,27.1,0.0,2.4,0.0,0.0,16.1,0.0,0.0,0.1,0.183,-4.1,-5.8,-9.8,0.0
Manny Harris,SG,21,CLE,2010-11,54,933,10.4,0.486,0.318,0.322,4.3,13.2,8.6,14.8,1.7,0.6,16.0,19.1,-0.4,0.4,0.0,0.002,-2.5,-1.1,-3.6,-0.4
Manny Harris,SG,22,CLE,2011-12,26,456,11.7,0.492,0.24,0.393,2.6,15.3,8.7,11.8,1.5,1.0,13.3,20.0,0.1,0.2,0.3,0.03,-2.7,-1.5,-4.3,-0.3
Manny Harris,SG,24,LAL,2013-14,9,180,10.9,0.485,0.286,0.171,4.1,16.0,10.1,9.5,1.1,0.4,10.7,20.4,-0.1,0.1,0.0,0.002,-2.9,-2.0,-4.9,-0.1
Manny Harris,SG,27,DAL,2016-17,4,25,-2.2,0.239,0.133,0.267,13.3,29.3,20.9,12.7,0.0,0.0,10.7,35.4,-0.2,0.0,-0.2,-0.364,-15.1,-3.8,-18.8,-0.1
Manu Ginobili,SG,39,SAS,2016-17,69,1291,13.9,0.532,0.517,0.244,2.5,11.1,6.9,20.8,3.2,1.0,16.5,20.4,0.6,2.4,3.0,0.11,0.5,1.4,1.9,1.3
Manu Ginóbili,SG,28,SAS,2005-06,65,1813,22.4,0.593,0.324,0.538,2.8,12.0,7.5,22.2,3.0,1.0,12.8,25.0,5.1,3.7,8.8,0.234,4.3,1.7,6.0,3.7
Manu Ginóbili,SG,29,SAS,2006-07,75,2060,24.1,0.609,0.378,0.436,3.6,15.1,9.6,22.6,2.8,1.0,13.4,27.1,6.3,4.3,10.6,0.246,5.4,1.8,7.2,4.8
Manu Ginóbili,SG,30,SAS,2007-08,74,2299,24.3,0.612,0.395,0.449,3.3,14.7,9.1,26.4,2.6,1.1,14.5,28.7,6.6,4.5,11.1,0.232,6.1,1.9,8.1,5.9
Manu Ginóbili,SG,31,SAS,2008-09,44,1181,22.9,0.594,0.426,0.387,2.5,17.3,10.0,23.1,2.9,1.0,13.3,27.2,2.7,2.3,5.0,0.203,4.2,1.8,6.0,2.4
Manu Ginóbili,SG,32,SAS,2009-10,75,2150,22.5,0.584,0.388,0.393,3.8,11.6,7.7,28.2,2.5,0.8,12.7,25.8,6.5,3.2,9.7,0.216,5.6,0.7,6.3,4.5
Manu Ginóbili,SG,33,SAS,2010-11,80,2426,21.7,0.581,0.433,0.403,2.1,11.8,7.1,26.4,2.6,0.8,12.7,26.0,6.6,3.2,9.9,0.195,4.9,0.4,5.3,4.5
Manu Ginóbili,SG,34,SAS,2011-12,34,792,24.1,0.668,0.442,0.354,2.7,13.9,8.4,30.3,1.6,1.1,16.3,22.7,3.4,0.9,4.2,0.257,6.5,-0.1,6.4,1.7
Manu Ginóbili,SG,35,SAS,2012-13,60,1393,19.0,0.56,0.436,0.382,2.6,13.4,8.3,30.6,2.9,0.7,17.3,25.2,2.1,2.4,4.5,0.155,2.8,1.0,3.7,2.0
Manu Ginóbili,SG,36,SAS,2013-14,68,1550,20.0,0.59,0.411,0.3,2.3,12.0,7.3,29.0,2.3,0.8,16.4,24.7,3.3,2.4,5.7,0.176,3.6,0.4,4.0,2.4
Manu Ginóbili,SG,37,SAS,2014-15,70,1587,16.2,0.544,0.438,0.346,2.0,12.8,7.5,28.6,2.2,0.9,18.5,23.9,1.4,2.3,3.7,0.111,1.4,0.3,1.7,1.5
Manu Ginóbili,SG,38,SAS,2015-16,58,1134,17.8,0.573,0.411,0.257,2.7,11.7,7.3,23.6,3.0,0.8,17.0,23.6,1.5,2.3,3.8,0.16,2.3,1.3,3.6,1.6
Manu Ginóbili,SG,40,SAS,2017-18,65,1299,12.9,0.553,0.415,0.283,1.6,10.6,6.1,19.1,1.7,1.0,16.8,21.5,0.6,1.6,2.2,0.082,-0.5,-0.5,-1.0,0.3
MarShon Brooks,SG,23,NJN,2011-12,56,1648,12.9,0.502,0.234,0.231,4.8,9.4,7.0,14.6,1.7,0.7,14.3,22.9,0.5,0.3,0.8,0.022,-0.7,-1.8,-2.5,-0.2
MarShon Brooks,SG,24,BRK,2012-13,73,912,13.5,0.523,0.164,0.281,4.1,9.4,6.7,14.6,2.0,1.3,15.5,22.5,0.5,0.8,1.3,0.068,-1.4,-0.8,-2.2,0.0
MarShon Brooks,SG,25,TOT,2013-14,35,316,15.5,0.551,0.2,0.352,3.4,15.5,9.3,12.9,2.2,0.9,14.3,23.4,0.1,0.3,0.4,0.06,-2.1,-1.6,-3.7,-0.1
MarShon Brooks,SG,29,MEM,2017-18,7,193,26.1,0.629,0.314,0.225,4.7,8.0,6.3,25.9,2.9,1.5,12.5,29.8,0.6,0.2,0.7,0.179,5.7,-1.7,4.1,0.3
MarShon Brooks,SG,30,MEM,2018-19,29,387,11.6,0.518,0.32,0.195,3.4,9.7,6.5,11.0,1.2,1.0,10.3,23.6,-0.2,0.3,0.1,0.018,-2.9,-2.6,-5.6,-0.3
Marc Gasol,C,24,MEM,2008-09,82,2521,16.7,0.59,0.002,0.567,9.6,20.0,14.7,9.7,1.3,2.9,16.6,18.3,3.7,2.7,6.4,0.121,-0.2,1.5,1.2,2.1
Marc Gasol,C,25,MEM,2009-10,69,2469,19.3,0.617,0.002,0.578,9.8,20.5,15.1,10.2,1.4,3.4,14.2,16.9,5.9,2.5,8.4,0.164,2.1,2.3,4.3,3.9
Marc Gasol,C,26,MEM,2010-11,81,2586,16.8,0.58,0.01,0.425,7.1,19.4,13.1,11.6,1.5,4.3,15.1,16.9,4.0,3.9,7.9,0.146,0.2,3.4,3.6,3.6
Marc Gasol,C,27,MEM,2011-12,65,2370,18.4,0.541,0.016,0.428,5.8,23.1,14.3,14.1,1.4,4.1,12.1,19.1,4.2,4.0,8.2,0.166,0.3,3.6,3.9,3.5
Marc Gasol,C,28,MEM,2012-13,80,2796,19.5,0.559,0.016,0.364,7.6,18.9,13.1,19.1,1.6,4.1,13.5,19.2,6.1,5.4,11.5,0.197,1.7,4.4,6.1,5.7
Marc Gasol,C,29,MEM,2013-14,59,1970,18.2,0.526,0.015,0.339,5.0,20.5,12.7,17.7,1.6,3.2,12.0,21.7,2.6,3.1,5.6,0.137,0.0,2.9,2.9,2.4
Marc Gasol,C,30,MEM,2014-15,81,2687,21.7,0.558,0.016,0.41,4.9,21.8,13.4,19.7,1.4,4.0,12.2,24.6,5.5,4.7,10.2,0.182,1.3,3.5,4.8,4.6
Marc Gasol,C,31,MEM,2015-16,52,1791,17.7,0.528,0.004,0.347,3.5,20.2,11.5,18.9,1.4,3.6,12.7,23.4,1.8,1.9,3.7,0.098,-0.7,1.7,1.0,1.3
Marc Gasol,C,32,MEM,2016-17,74,2531,20.3,0.554,0.231,0.286,2.6,18.8,10.5,24.8,1.4,3.7,11.3,26.4,4.2,3.5,7.7,0.145,2.1,2.2,4.2,4.0
Marc Gasol,C,33,MEM,2017-18,73,2408,17.4,0.532,0.31,0.326,3.7,25.3,14.2,21.7,1.1,3.9,14.1,25.6,1.5,2.6,4.0,0.08,-0.1,1.6,1.5,2.1
Marc Gasol,C,34,TOT,2018-19,79,2436,16.7,0.546,0.314,0.291,3.6,25.1,14.3,22.2,1.7,3.2,13.6,20.7,2.0,4.0,6.0,0.118,-0.3,3.1,2.8,3.0
Marc Gasol,C,34,MEM,2018-19,53,1788,16.9,0.541,0.324,0.294,3.5,25.5,14.3,22.6,1.7,3.3,13.4,22.3,1.0,2.8,3.9,0.104,-0.3,3.0,2.7,2.1
Marc Gasol,C,34,TOR,2018-19,26,648,16.0,0.565,0.278,0.278,4.1,24.0,14.3,21.2,1.8,2.9,14.6,16.3,0.9,1.2,2.1,0.157,-0.3,3.5,3.2,0.9
Marc Jackson,C,31,TOT,2005-06,64,1027,12.5,0.512,0.005,0.222,9.7,15.4,12.5,7.9,0.7,0.6,13.8,21.5,0.3,0.9,1.2,0.057,-2.9,-1.5,-4.4,-0.6
Marc Jackson,C,31,NJN,2005-06,37,433,10.7,0.503,0.0,0.324,8.0,16.2,12.1,9.2,0.6,1.1,14.2,21.4,0.0,0.6,0.6,0.061,-4.7,-0.9,-5.6,-0.4
Marc Jackson,C,31,NOK,2005-06,27,594,13.9,0.519,0.009,0.154,10.9,14.8,12.8,7.0,0.7,0.3,13.6,21.5,0.3,0.4,0.7,0.054,-1.6,-1.9,-3.5,-0.2
Marc Jackson,PF,32,NOK,2006-07,56,1025,11.9,0.471,0.003,0.265,6.8,15.0,10.8,9.6,1.1,0.5,13.0,22.2,-0.2,0.9,0.7,0.033,-3.5,-1.1,-4.6,-0.7
Marcelo Huertas,PG,32,LAL,2015-16,53,869,10.4,0.488,0.265,0.126,2.2,9.2,5.6,33.9,1.5,0.6,24.8,16.3,-0.2,0.1,-0.1,-0.006,-3.1,-2.9,-6.0,-0.9
Marcelo Huertas,PG,33,LAL,2016-17,23,237,9.1,0.417,0.279,0.25,0.9,10.5,5.5,30.8,2.1,0.7,20.1,17.0,-0.2,0.1,-0.1,-0.025,-4.6,-2.4,-7.0,-0.3
Marcin Gortat,C,23,ORL,2007-08,6,41,19.8,0.491,0.0,0.176,23.5,21.6,22.5,8.4,1.3,1.8,9.8,22.7,0.1,0.1,0.1,0.158,-0.3,-0.6,-0.8,0.0
Marcin Gortat,PF,24,ORL,2008-09,63,794,17.0,0.578,0.005,0.241,14.0,26.3,20.3,2.9,1.2,4.8,10.8,13.5,1.4,1.9,3.3,0.202,-2.3,2.9,0.6,0.5
Marcin Gortat,C,25,ORL,2009-10,81,1088,13.9,0.563,0.013,0.33,11.5,24.3,18.1,2.4,0.8,4.8,15.0,13.0,1.2,2.2,3.4,0.151,-3.0,2.5,-0.5,0.4
Marcin Gortat,C,26,TOT,2010-11,80,2032,17.8,0.594,0.007,0.32,8.5,27.4,18.0,5.5,0.9,3.3,10.5,17.1,3.7,2.7,6.4,0.152,-1.0,1.7,0.7,1.4
Marcin Gortat,C,27,PHO,2011-12,66,2114,21.2,0.578,0.003,0.326,10.0,25.0,17.6,4.8,1.2,3.4,9.3,20.8,4.9,2.7,7.6,0.172,0.8,1.2,2.0,2.1
Marcin Gortat,C,28,PHO,2012-13,61,1876,15.4,0.543,0.005,0.244,7.6,24.0,15.6,6.5,1.1,3.9,13.6,17.2,1.3,2.1,3.4,0.086,-2.4,1.8,-0.6,0.7
Marcin Gortat,C,29,WAS,2013-14,81,2655,17.6,0.568,0.001,0.273,8.7,25.1,16.7,8.4,0.8,3.8,11.8,18.2,4.1,4.0,8.1,0.146,-1.1,2.1,1.0,2.0
Marcin Gortat,C,30,WAS,2014-15,82,2453,18.2,0.587,0.004,0.226,8.5,24.1,16.5,6.5,1.0,3.6,10.5,17.6,4.4,4.2,8.6,0.168,-0.4,2.3,1.8,2.4
Marcin Gortat,C,31,WAS,2015-16,75,2256,19.0,0.592,0.001,0.271,10.8,26.3,18.4,7.5,1.0,3.4,12.4,18.9,4.2,3.1,7.3,0.156,-0.5,1.7,1.2,1.8
Marcin Gortat,C,32,WAS,2016-17,82,2556,15.4,0.593,0.003,0.236,10.6,26.8,18.7,6.8,0.8,2.0,13.8,14.7,3.9,2.9,6.8,0.127,-0.9,1.2,0.3,1.5
Marcin Gortat,C,33,WAS,2017-18,82,2075,14.7,0.546,0.0,0.291,9.9,24.0,17.0,10.6,1.0,2.6,13.5,15.5,2.4,2.4,4.9,0.113,-1.6,1.9,0.3,1.2
Marcin Gortat,C,34,LAC,2018-19,47,751,12.8,0.562,0.0,0.258,9.8,26.5,18.4,12.0,0.4,2.5,19.4,14.4,0.6,0.8,1.4,0.089,-2.5,1.4,-1.1,0.2
Marco Belinelli,SG,21,GSW,2007-08,33,241,8.2,0.49,0.441,0.097,1.3,5.1,3.1,8.8,1.0,0.0,11.0,19.1,0.0,0.0,0.0,-0.002,-2.8,-4.3,-7.2,-0.3
Marco Belinelli,SG,22,GSW,2008-09,42,882,11.8,0.547,0.413,0.164,1.2,7.5,4.4,15.3,2.0,0.1,14.8,19.3,0.4,0.1,0.5,0.028,-0.2,-3.0,-3.2,-0.3
Marco Belinelli,SG,23,TOR,2009-10,66,1121,12.6,0.543,0.417,0.319,1.5,8.3,5.0,11.8,1.9,0.3,12.2,20.1,0.9,0.2,1.2,0.049,0.4,-2.6,-2.2,-0.1
Marco Belinelli,SG,24,NOH,2010-11,80,1957,12.1,0.56,0.469,0.181,1.1,8.4,4.7,8.0,1.1,0.3,9.4,20.0,1.9,1.5,3.4,0.084,0.7,-1.7,-1.1,0.5
Marco Belinelli,SG,25,NOH,2011-12,66,1966,11.9,0.525,0.414,0.188,1.2,9.1,5.2,8.9,1.3,0.2,8.5,19.5,1.9,1.0,2.9,0.071,0.5,-1.8,-1.4,0.3
Marco Belinelli,SG,26,CHI,2012-13,73,1882,10.4,0.513,0.362,0.275,0.8,7.8,4.3,12.9,1.3,0.2,10.7,18.7,1.3,1.6,3.0,0.076,-1.1,-1.6,-2.7,-0.3
Marco Belinelli,SF,27,SAS,2013-14,80,2016,15.0,0.605,0.422,0.188,1.0,11.2,6.3,13.2,1.3,0.3,11.2,19.0,3.5,2.4,5.9,0.14,1.9,-0.3,1.7,1.9
Marco Belinelli,SG,28,SAS,2014-15,62,1388,12.4,0.553,0.489,0.211,2.2,10.5,6.4,10.3,1.1,0.2,10.6,18.8,1.5,1.4,2.9,0.1,0.6,-1.1,-0.5,0.5
Marco Belinelli,SG,29,SAC,2015-16,68,1672,9.4,0.5,0.468,0.217,0.7,6.9,3.8,11.1,1.1,0.1,10.3,19.7,0.2,0.3,0.5,0.014,-1.3,-2.9,-4.2,-0.9
Marco Belinelli,SG,30,CHO,2016-17,74,1778,13.3,0.566,0.46,0.273,0.9,10.2,5.5,13.1,1.2,0.4,9.2,19.2,2.0,1.2,3.2,0.087,0.1,-2.0,-1.9,0.1
Marco Belinelli,SG,31,TOT,2017-18,80,1947,14.1,0.581,0.517,0.213,1.1,7.3,4.3,11.9,1.6,0.5,10.1,20.7,2.4,1.3,3.7,0.092,0.8,-2.1,-1.3,0.3
Marco Belinelli,SG,32,SAS,2018-19,79,1815,11.9,0.557,0.572,0.18,1.0,10.8,5.9,10.1,0.9,0.4,8.8,19.8,1.4,1.1,2.5,0.065,0.3,-2.4,-2.1,0.0
Marcus Banks,PG,24,TOT,2005-06,58,1497,13.6,0.543,0.135,0.314,1.9,8.8,5.4,25.3,1.9,0.6,18.3,20.6,0.9,1.4,2.3,0.074,-0.7,-0.9,-1.6,0.1
Marcus Banks,PG,24,BOS,2005-06,18,269,9.4,0.531,0.238,0.375,1.9,6.6,4.3,19.2,1.4,0.0,19.8,19.9,0.0,0.1,0.2,0.033,-2.7,-3.1,-5.8,-0.3
Marcus Banks,PG,24,MIN,2005-06,40,1228,14.5,0.545,0.113,0.302,1.9,9.2,5.7,26.6,2.1,0.7,17.9,20.7,0.8,1.3,2.1,0.083,-0.3,-0.4,-0.7,0.4
Marcus Banks,PG,25,PHO,2006-07,45,503,11.3,0.497,0.148,0.306,2.4,6.2,4.4,17.4,2.3,0.4,15.2,23.5,-0.1,0.4,0.4,0.037,-2.8,-1.3,-4.1,-0.3
Marcus Banks,PG,26,TOT,2007-08,36,569,12.6,0.579,0.534,0.183,0.9,8.3,4.6,17.7,1.3,1.6,15.2,19.7,0.5,0.3,0.8,0.068,0.1,-2.2,-2.1,0.0
Marcus Banks,PG,26,PHO,2007-08,24,310,10.1,0.539,0.596,0.147,1.2,5.7,3.6,11.3,1.3,1.7,12.1,19.1,0.1,0.2,0.3,0.046,-0.4,-2.2,-2.6,0.0
Marcus Banks,PG,26,MIA,2007-08,12,259,15.5,0.631,0.451,0.232,0.5,11.3,5.8,25.5,1.2,1.5,18.9,20.4,0.4,0.1,0.5,0.093,0.7,-2.2,-1.5,0.0
Marcus Banks,PG,27,TOT,2008-09,22,206,7.8,0.431,0.333,0.316,0.6,9.9,5.2,20.6,2.8,0.8,17.7,17.9,-0.3,0.2,0.0,-0.008,-4.6,-0.7,-5.4,-0.2
Marcus Banks,PG,27,MIA,2008-09,16,166,8.7,0.461,0.359,0.385,0.0,10.9,5.4,19.8,3.2,1.0,19.4,16.0,-0.1,0.2,0.1,0.023,-4.4,0.1,-4.3,-0.1
Marcus Banks,PG,27,TOR,2008-09,6,40,4.0,0.362,0.278,0.167,3.0,5.8,4.4,24.2,1.3,0.0,13.4,25.7,-0.1,0.0,-0.1,-0.139,-5.6,-4.1,-9.7,-0.1
Marcus Banks,PG,28,TOR,2009-10,22,244,15.3,0.635,0.329,0.397,1.5,9.4,5.6,16.4,2.5,0.6,18.9,19.8,0.4,0.1,0.5,0.095,1.1,-1.8,-0.7,0.1
Marcus Banks,PG,29,TOR,2010-11,3,22,6.8,0.543,0.0,4.0,0.0,5.5,2.7,17.2,2.3,0.0,26.6,15.3,0.0,0.0,0.0,0.011,-5.0,-2.8,-7.8,0.0
Marcus Camby,C,31,DEN,2005-06,56,1857,19.9,0.499,0.017,0.24,8.4,33.3,21.0,10.2,2.2,7.5,11.4,19.5,1.0,4.5,5.5,0.141,-2.2,6.0,3.8,2.7
Marcus Camby,C,32,DEN,2006-07,70,2369,19.1,0.519,0.003,0.335,7.9,30.5,19.4,14.1,1.8,7.0,13.9,15.9,2.5,5.1,7.6,0.155,-1.3,6.7,5.3,4.4
Marcus Camby,C,33,DEN,2007-08,79,2758,17.2,0.498,0.031,0.318,9.2,31.1,20.3,12.9,1.5,7.3,14.0,13.0,2.6,5.9,8.5,0.148,-1.8,6.6,4.8,4.7
Marcus Camby,C,34,LAC,2008-09,62,1925,18.7,0.556,0.008,0.367,9.4,32.7,20.7,10.8,1.4,5.1,13.9,15.8,2.3,2.9,5.2,0.129,-2.0,3.7,1.8,1.8
Marcus Camby,PF,35,TOT,2009-10,74,2314,17.9,0.501,0.014,0.244,12.7,31.9,22.2,12.3,2.2,4.8,14.1,12.8,2.5,4.3,6.8,0.142,-1.0,5.5,4.5,3.8
Marcus Camby,C,36,POR,2010-11,59,1540,14.8,0.426,0.003,0.238,13.8,35.2,24.1,11.7,1.4,5.0,16.0,11.7,0.8,3.0,3.7,0.116,-2.9,5.2,2.3,1.7
Marcus Camby,C,37,TOT,2011-12,59,1352,16.2,0.455,0.017,0.223,13.3,32.7,22.8,11.9,1.9,4.8,15.3,12.6,1.1,2.5,3.6,0.127,-1.9,4.9,3.0,1.7
Marcus Camby,PF,38,NYK,2012-13,24,250,8.6,0.342,0.0,0.358,10.9,27.1,18.7,8.1,1.5,4.8,19.6,14.3,-0.4,0.4,0.0,0.007,-6.6,3.4,-3.2,-0.1
Marcus Cousin,C,24,UTA,2010-11,4,18,7.8,0.667,0.0,0.0,0.0,20.3,10.1,0.0,0.0,4.5,25.0,10.2,0.0,0.0,0.0,0.008,-7.5,-2.4,-9.9,0.0
Marcus Derrickson,PF,22,GSW,2018-19,11,67,19.4,0.653,0.606,0.152,13.3,7.6,10.4,2.2,0.0,1.3,7.9,24.4,0.2,0.0,0.2,0.155,3.9,-6.6,-2.8,0.0
Marcus Fizer,PF,27,NOK,2005-06,3,39,14.1,0.559,0.059,0.118,3.0,18.8,10.7,5.3,0.0,0.0,10.1,23.8,0.0,0.0,0.0,0.056,-3.0,-4.4,-7.4,-0.1
Marcus Georges-Hunt,SG,22,ORL,2016-17,5,48,10.2,0.614,0.286,1.429,2.2,18.7,10.2,8.3,1.0,0.0,14.9,12.3,0.1,0.0,0.1,0.107,-3.4,-1.3,-4.7,0.0
Marcus Georges-Hunt,SG,23,MIN,2017-18,42,224,6.9,0.515,0.313,0.438,3.6,4.7,4.1,4.1,1.3,0.0,5.0,11.9,0.2,0.0,0.2,0.049,-1.7,-2.7,-4.4,-0.1
Marcus Haislip,SF,29,SAS,2009-10,10,44,15.4,0.539,0.238,0.238,10.9,15.7,13.3,0.0,0.0,3.3,11.5,27.3,0.0,0.1,0.1,0.065,-4.2,-6.3,-10.5,-0.1
Marcus Landry,SF,24,TOT,2009-10,18,111,7.2,0.487,0.651,0.116,5.0,14.6,9.7,0.0,0.5,1.3,11.7,20.9,-0.1,0.0,-0.1,-0.034,-5.0,-6.8,-11.8,-0.3
Marcus Morris,PF,22,HOU,2011-12,17,126,3.8,0.348,0.315,0.148,4.6,10.2,7.4,3.7,0.8,1.2,6.5,22.2,-0.3,0.1,-0.2,-0.083,-6.5,-3.5,-10.0,-0.3
Marcus Morris,PF,23,TOT,2012-13,77,1524,11.3,0.516,0.443,0.222,6.0,14.6,10.3,6.4,1.5,1.0,11.8,18.9,0.6,1.2,1.8,0.058,-1.0,-1.0,-1.9,0.0
Marcus Morris,SF,24,PHO,2013-14,82,1800,14.8,0.552,0.399,0.244,5.2,14.6,9.9,7.6,2.0,0.8,11.6,19.9,2.3,1.8,4.2,0.111,0.6,-0.5,0.2,1.0
Marcus Morris,PF,25,PHO,2014-15,81,2045,13.7,0.52,0.41,0.148,3.9,16.9,10.3,10.2,1.5,0.6,8.2,19.0,2.2,1.8,4.0,0.093,0.2,-0.6,-0.4,0.8
Marcus Morris,SF,26,DET,2015-16,80,2856,12.7,0.531,0.315,0.287,3.3,12.4,7.7,11.0,1.2,0.6,11.6,18.4,2.9,2.5,5.4,0.091,0.2,0.5,0.7,2.0
Marcus Morris,SF,27,DET,2016-17,79,2565,12.4,0.508,0.355,0.184,3.2,12.8,7.8,9.4,1.0,0.8,7.4,20.3,1.4,2.4,3.9,0.072,-0.3,-0.2,-0.5,1.0
Marcus Morris,PF,28,BOS,2017-18,54,1447,14.5,0.541,0.383,0.252,3.3,18.4,10.9,8.1,1.2,0.7,8.7,23.0,1.1,2.2,3.2,0.108,-1.1,-0.6,-1.7,0.1
Marcus Morris,PF,29,BOS,2018-19,75,2091,14.2,0.568,0.461,0.205,3.9,19.5,11.7,7.5,1.0,1.1,9.1,20.9,2.1,2.5,4.5,0.104,-0.4,-1.0,-1.4,0.3
Marcus Paige,PG,24,CHO,2017-18,5,28,9.1,0.403,0.571,0.143,0.0,15.7,7.7,16.1,0.0,0.0,0.0,23.0,0.0,0.0,0.0,-0.006,-2.4,-4.4,-6.9,0.0
Marcus Smart,PG,20,BOS,2014-15,67,1808,11.0,0.491,0.57,0.266,3.6,9.9,6.7,16.3,2.7,0.8,14.4,15.1,0.7,2.2,2.9,0.077,-0.1,1.3,1.1,1.4
Marcus Smart,PG,21,BOS,2015-16,61,1667,11.3,0.463,0.456,0.314,4.8,11.6,8.1,15.8,2.7,0.8,11.7,17.4,0.5,2.4,2.9,0.083,-0.6,1.3,0.7,1.1
Marcus Smart,SG,22,BOS,2016-17,79,2399,12.0,0.486,0.443,0.334,3.7,10.4,7.1,22.0,2.6,1.2,15.6,18.8,0.5,2.7,3.2,0.064,-1.1,0.9,-0.3,1.0
Marcus Smart,SG,23,BOS,2017-18,54,1614,10.8,0.479,0.483,0.258,3.0,9.8,6.4,23.7,2.2,1.2,18.4,19.4,-0.6,2.5,1.9,0.056,-1.6,1.1,-0.5,0.6
Marcus Smart,SG,24,BOS,2018-19,80,2200,13.1,0.568,0.61,0.228,2.8,8.6,5.7,19.1,3.1,1.1,16.5,14.6,2.2,3.1,5.3,0.116,0.6,1.3,1.8,2.1
Marcus Thornton,SG,22,NOH,2009-10,73,1872,17.4,0.55,0.354,0.2,4.4,8.9,6.6,10.3,1.6,0.4,7.3,25.3,3.1,0.9,4.0,0.103,2.3,-2.7,-0.4,0.8
Marcus Thornton,SG,23,TOT,2010-11,73,1775,16.5,0.525,0.297,0.228,4.0,13.3,8.6,13.2,1.9,0.4,9.5,24.9,1.9,1.6,3.5,0.095,1.2,-1.2,0.0,0.9
Marcus Thornton,SG,24,SAC,2011-12,51,1780,17.4,0.544,0.386,0.203,4.9,6.7,5.8,9.4,2.0,0.5,8.8,23.4,3.7,0.1,3.8,0.103,3.4,-2.5,1.0,1.3
Marcus Thornton,SG,25,SAC,2012-13,72,1726,16.3,0.552,0.49,0.163,3.2,9.0,6.0,9.0,1.8,0.2,7.6,23.1,3.1,0.1,3.2,0.089,2.9,-3.6,-0.7,0.6
Marcus Thornton,SG,26,TOT,2013-14,72,1741,12.0,0.511,0.495,0.175,3.7,9.4,6.6,7.3,1.7,0.5,8.9,19.7,1.0,1.0,2.0,0.055,0.1,-1.7,-1.6,0.2
Marcus Thornton,SG,27,TOT,2014-15,48,721,15.0,0.514,0.414,0.162,3.4,9.7,6.5,8.2,1.9,0.8,6.8,24.1,0.6,0.7,1.2,0.083,0.1,-2.4,-2.4,-0.1
Marcus Thornton,SG,28,TOT,2015-16,61,1109,14.7,0.511,0.498,0.146,3.8,11.3,7.5,12.9,2.1,0.3,8.1,24.4,1.0,0.7,1.7,0.074,0.7,-2.9,-2.1,0.0
Marcus Thornton,SG,29,WAS,2016-17,33,575,10.4,0.494,0.381,0.129,4.3,10.5,7.5,10.1,1.6,0.4,10.1,18.7,0.1,0.4,0.5,0.042,-1.6,-1.5,-3.2,-0.2
Marcus Vinicius,SF,22,NOK,2006-07,13,103,6.9,0.608,0.467,0.467,2.2,10.3,6.2,7.1,1.0,0.8,24.9,10.7,0.0,0.1,0.1,0.045,-3.0,-0.5,-3.5,0.0
Marcus Vinicius,SF,23,NOH,2007-08,13,69,11.6,0.564,0.6,0.55,1.7,12.1,6.8,4.3,0.8,1.1,10.8,18.8,0.0,0.1,0.1,0.073,-1.2,-2.5,-3.7,0.0
Marcus Williams,PG,21,NJN,2006-07,79,1315,11.5,0.474,0.31,0.162,2.6,11.9,7.3,34.4,1.2,0.1,20.1,25.0,-1.1,1.0,-0.1,-0.004,-2.5,-2.3,-4.8,-0.9
Marcus Williams,PG,22,NJN,2007-08,53,854,11.0,0.499,0.485,0.16,1.9,11.8,6.9,27.8,1.5,0.3,19.3,20.8,-0.4,0.5,0.2,0.009,-1.6,-2.3,-3.9,-0.4
Marcus Williams,PF,21,TOT,2007-08,11,36,6.8,0.25,0.0,0.0,12.7,25.8,19.2,14.8,1.4,2.1,0.0,25.7,-0.1,0.0,-0.1,-0.134,-8.4,-0.5,-8.9,-0.1
Marcus Williams,SF,21,SAS,2007-08,1,2,0.0,0.0,0.0,0.0,0.0,0.0,0.0,0.0,0.0,37.9,0.0,23.9,0.0,0.0,0.0,-0.364,-24.7,16.9,-7.8,0.0
Marcus Williams,PF,21,LAC,2007-08,10,34,7.2,0.263,0.0,0.0,13.5,27.4,20.4,15.6,1.5,0.0,0.0,25.8,-0.1,0.0,-0.1,-0.121,-7.5,-1.5,-9.0,-0.1
Marcus Williams,PG,23,GSW,2008-09,9,54,3.7,0.305,0.353,0.353,0.0,8.1,4.0,32.6,0.9,1.3,16.9,18.7,-0.1,0.0,-0.1,-0.127,-6.7,-4.9,-11.7,-0.1
Marcus Williams,PF,22,SAS,2008-09,2,3,53.0,1.0,0.0,0.0,0.0,0.0,0.0,0.0,0.0,0.0,0.0,32.3,0.0,0.0,0.0,0.517,17.7,-8.5,9.1,0.0
Marcus Williams,PG,24,MEM,2009-10,62,872,10.6,0.456,0.299,0.203,1.7,10.7,6.2,26.7,1.9,0.1,20.0,18.5,-0.4,0.5,0.0,0.002,-2.4,-2.0,-4.5,-0.5
Mardy Collins,SF,22,NYK,2006-07,52,777,9.2,0.445,0.206,0.36,4.3,11.5,8.0,17.4,2.2,0.3,17.8,18.8,-0.6,0.6,0.0,0.002,-3.1,-0.5,-3.7,-0.3
Mardy Collins,SG,23,NYK,2007-08,46,634,5.9,0.378,0.183,0.217,3.3,10.4,6.7,21.4,2.0,1.0,22.6,17.5,-1.4,0.3,-1.0,-0.079,-5.7,-0.5,-6.2,-0.7
Mardy Collins,PG,24,TOT,2008-09,48,890,9.5,0.47,0.126,0.186,3.9,10.1,6.9,19.8,1.8,0.8,17.8,16.6,-0.5,0.4,-0.1,-0.003,-3.6,-0.7,-4.2,-0.5
Mardy Collins,SG,24,NYK,2008-09,9,75,5.0,0.371,0.13,0.391,2.8,9.1,5.8,19.3,1.3,0.0,15.6,18.5,-0.2,0.0,-0.1,-0.077,-6.6,-2.1,-8.7,-0.1
Mardy Collins,PG,24,LAC,2008-09,39,815,9.9,0.481,0.125,0.165,4.0,10.2,7.0,19.9,1.9,0.9,18.1,16.4,-0.3,0.4,0.1,0.004,-3.3,-0.6,-3.8,-0.4
Mardy Collins,SG,25,LAC,2009-10,43,470,5.7,0.404,0.133,0.164,3.2,9.2,6.2,14.1,2.5,0.2,18.9,16.3,-0.8,0.3,-0.5,-0.049,-5.7,-0.4,-6.2,-0.5
Mario Chalmers,PG,22,MIA,2008-09,82,2626,13.3,0.548,0.47,0.292,1.7,8.8,5.2,23.5,3.3,0.2,18.1,16.3,2.1,3.1,5.2,0.095,0.4,0.3,0.8,1.8
Mario Chalmers,PG,23,MIA,2009-10,73,1807,10.7,0.519,0.52,0.242,1.6,7.1,4.4,21.0,2.7,0.5,19.7,16.3,0.3,2.4,2.7,0.072,-0.7,0.3,-0.4,0.7
Mario Chalmers,PG,24,MIA,2010-11,70,1579,10.3,0.538,0.595,0.16,1.0,9.5,5.5,16.8,2.5,0.3,18.0,15.0,0.7,2.3,2.9,0.089,-0.3,0.3,0.0,0.8
Mario Chalmers,PG,25,MIA,2011-12,64,1825,13.0,0.578,0.522,0.203,1.1,9.8,5.6,19.0,2.8,0.5,20.7,17.4,1.5,2.8,4.3,0.112,1.0,0.4,1.4,1.5
Mario Chalmers,PG,26,MIA,2012-13,77,2068,13.3,0.576,0.569,0.212,1.2,8.6,5.1,19.4,3.0,0.5,17.1,16.1,2.6,2.5,5.2,0.12,1.3,-0.2,1.1,1.6
Mario Chalmers,PG,27,MIA,2013-14,73,2178,14.0,0.567,0.404,0.291,2.5,9.6,6.2,24.3,2.9,0.6,20.4,17.4,2.4,2.5,4.8,0.106,1.0,0.2,1.2,1.7
Mario Chalmers,PG,28,MIA,2014-15,80,2368,11.7,0.521,0.374,0.401,1.2,9.0,5.2,21.0,2.7,0.4,18.2,18.9,0.8,2.0,2.8,0.056,-0.6,-0.4,-1.0,0.6
Mario Chalmers,PG,29,TOT,2015-16,61,1373,17.3,0.561,0.336,0.59,1.9,11.5,6.5,26.6,3.3,0.9,16.4,21.9,2.3,1.5,3.8,0.132,1.8,-0.3,1.5,1.2
Mario Chalmers,PG,31,MEM,2017-18,66,1421,10.4,0.503,0.431,0.312,1.0,12.0,6.4,21.5,2.8,0.9,18.8,19.6,-0.6,1.3,0.6,0.021,-2.2,-0.5,-2.7,-0.3
Mario Hezonja,SF,20,ORL,2015-16,79,1413,9.4,0.541,0.459,0.129,2.2,11.8,6.9,11.2,1.4,1.0,18.0,16.9,-0.1,1.0,0.9,0.029,-1.9,-0.9,-2.8,-0.3
Mario Hezonja,SF,21,ORL,2016-17,65,960,7.2,0.45,0.436,0.152,2.2,14.7,8.3,9.6,1.5,1.3,14.1,18.8,-1.4,0.8,-0.7,-0.033,-4.8,-0.9,-5.7,-0.9
Mario Hezonja,SF,22,ORL,2017-18,75,1657,13.7,0.544,0.433,0.17,2.7,16.1,9.3,10.0,2.4,1.5,11.5,19.9,0.5,1.8,2.3,0.066,-1.0,0.2,-0.8,0.5
Mario Hezonja,SF,23,NYK,2018-19,58,1206,10.8,0.497,0.328,0.246,2.4,18.7,10.4,11.5,2.3,0.6,14.6,21.3,-1.1,1.1,-0.1,-0.003,-3.6,-0.4,-4.0,-0.6
Mario Kasun,C,25,ORL,2005-06,28,213,8.9,0.506,0.0,0.333,14.3,20.3,17.4,2.4,0.5,1.1,15.9,20.9,0.1,0.2,0.3,0.059,-4.1,-3.7,-7.8,-0.3
Mario West,SG,23,ATL,2007-08,64,269,8.6,0.488,0.082,0.531,11.3,9.5,10.4,7.2,2.4,1.1,13.0,11.7,0.2,0.2,0.5,0.082,-1.9,0.0,-1.9,0.0
Mario West,SG,24,ATL,2008-09,53,269,10.0,0.456,0.029,0.882,10.5,13.9,12.2,10.1,3.6,1.1,21.6,10.5,0.0,0.4,0.4,0.08,-2.9,2.8,-0.1,0.1
Mario West,SG,25,ATL,2009-10,39,142,9.9,0.591,0.048,0.476,6.5,15.8,11.1,8.8,3.0,0.0,21.6,10.5,0.1,0.2,0.3,0.106,-2.1,1.3,-0.8,0.0
Mario West,SG,26,NJN,2010-11,6,116,9.1,0.474,0.19,0.238,2.0,9.4,5.6,13.2,3.2,0.0,7.9,10.1,0.1,0.1,0.2,0.069,-2.3,0.9,-1.4,0.0
Mark Blount,C,30,TOT,2005-06,81,2240,12.1,0.549,0.0,0.302,5.3,14.2,9.8,7.8,1.0,2.6,18.9,21.4,-0.5,2.3,1.7,0.037,-3.5,-0.1,-3.6,-0.9
Mark Blount,C,30,BOS,2005-06,39,1083,12.0,0.556,0.0,0.334,4.2,13.8,9.1,10.8,0.7,2.5,21.6,23.6,-0.6,0.9,0.2,0.01,-3.9,-0.5,-4.5,-0.7
Mark Blount,C,30,MIN,2005-06,42,1157,12.1,0.542,0.0,0.268,6.4,14.5,10.5,5.0,1.2,2.6,15.8,19.3,0.1,1.4,1.5,0.063,-3.1,0.3,-2.8,-0.2
Mark Blount,C,31,MIN,2006-07,82,2544,12.7,0.546,0.037,0.232,6.6,16.9,11.9,4.5,0.9,1.8,14.7,19.8,0.6,2.2,2.8,0.052,-2.7,-0.5,-3.2,-0.8
Mark Blount,C,32,MIA,2007-08,69,1542,11.4,0.505,0.085,0.268,5.3,15.3,10.2,4.8,1.1,1.8,10.8,19.8,-0.3,1.0,0.7,0.021,-4.1,-1.3,-5.4,-1.3
Mark Blount,C,33,MIA,2008-09,20,207,8.7,0.472,0.346,0.167,5.7,18.1,11.8,3.1,0.3,2.8,14.3,22.2,-0.3,0.2,-0.1,-0.024,-6.1,-2.9,-9.0,-0.4
Mark Madsen,C,30,MIN,2005-06,62,676,5.3,0.427,0.106,0.712,9.1,15.7,12.5,2.4,1.8,1.9,23.1,7.9,-0.3,0.9,0.6,0.043,-4.9,1.5,-3.4,-0.2
Mark Madsen,C,31,MIN,2006-07,56,473,4.5,0.547,0.0,0.674,9.1,12.8,11.0,3.0,1.1,1.6,27.4,7.5,0.0,0.4,0.4,0.042,-4.0,0.5,-3.5,-0.2
Mark Madsen,PF,32,MIN,2007-08,20,151,0.2,0.185,0.0,0.632,13.4,15.8,14.6,3.5,1.0,1.1,27.0,9.9,-0.4,0.1,-0.3,-0.102,-7.8,-0.1,-7.9,-0.2
Mark Madsen,C,33,MIN,2008-09,19,116,-0.1,0.19,0.0,0.286,9.7,8.4,9.1,4.7,0.5,0.7,16.0,7.3,-0.2,0.0,-0.1,-0.061,-6.4,-0.1,-6.4,-0.1
Markel Brown,SG,23,BRK,2014-15,47,781,9.1,0.459,0.305,0.271,2.3,13.0,7.7,7.4,2.1,1.2,10.3,15.3,-0.2,0.7,0.5,0.031,-3.0,0.3,-2.7,-0.1
Markel Brown,SG,24,BRK,2015-16,62,982,11.3,0.5,0.376,0.292,2.6,11.5,7.0,13.9,2.0,1.2,12.9,18.9,0.2,0.4,0.6,0.031,-1.4,-1.3,-2.6,-0.2
Markel Brown,SG,26,HOU,2017-18,4,31,-1.2,0.357,0.714,0.0,3.7,14.4,9.1,8.7,0.0,0.0,22.2,12.8,-0.1,0.0,0.0,-0.063,-6.7,-1.7,-8.4,-0.1
Markelle Fultz,SG,19,PHI,2017-18,14,253,12.4,0.416,0.009,0.189,4.9,13.1,9.2,31.3,2.3,1.3,12.4,23.1,-0.2,0.4,0.2,0.043,-3.8,0.8,-3.0,-0.1
Markelle Fultz,SG,20,PHI,2018-19,19,427,10.5,0.452,0.09,0.239,6.6,10.6,8.7,19.5,1.9,0.9,12.7,19.3,-0.1,0.4,0.3,0.035,-2.9,-0.1,-3.1,-0.1
Markieff Morris,PF,22,PHO,2011-12,63,1227,12.1,0.484,0.284,0.243,6.4,19.1,12.8,8.2,1.7,2.5,12.7,20.4,0.1,1.4,1.5,0.059,-1.6,1.0,-0.6,0.4
Markieff Morris,PF,23,PHO,2012-13,82,1837,12.6,0.473,0.205,0.194,7.9,16.7,12.3,9.4,2.2,2.6,12.8,19.7,-0.2,1.9,1.7,0.044,-2.1,1.1,-1.0,0.5
Markieff Morris,PF,24,PHO,2013-14,81,2153,18.4,0.564,0.128,0.387,7.3,18.0,12.6,10.9,1.6,1.8,12.9,23.2,4.0,2.4,6.4,0.143,0.5,0.4,1.0,1.6
Markieff Morris,PF,25,PHO,2014-15,82,2581,15.8,0.523,0.163,0.211,4.6,17.0,10.7,12.4,2.0,1.2,12.4,23.3,1.8,2.7,4.6,0.085,-0.7,0.5,-0.2,1.2
Markieff Morris,PF,26,TOT,2015-16,64,1629,12.2,0.489,0.216,0.205,4.8,19.3,11.9,12.7,1.7,1.7,14.7,24.2,-1.2,1.7,0.5,0.015,-2.9,0.1,-2.8,-0.3
Markieff Morris,PF,27,WAS,2016-17,76,2374,13.7,0.54,0.22,0.242,5.1,18.2,11.7,7.8,1.7,1.5,11.6,20.5,1.6,2.5,4.1,0.083,-1.3,0.3,-1.0,0.6
Markieff Morris,PF,28,WAS,2017-18,73,1968,13.2,0.566,0.301,0.186,4.3,19.2,11.8,11.0,1.4,1.7,14.6,19.5,1.2,2.1,3.3,0.08,-1.0,0.5,-0.5,0.7
Markieff Morris,PF,29,TOT,2018-19,58,1270,11.7,0.521,0.419,0.19,5.0,17.5,11.1,8.8,1.3,1.5,9.3,19.1,0.6,1.1,1.6,0.061,-1.7,-1.1,-2.8,-0.3
Markieff Morris,PF,29,WAS,2018-19,34,883,12.3,0.543,0.439,0.223,5.0,16.6,10.7,9.6,1.3,1.9,11.5,19.5,0.4,0.5,0.9,0.051,-1.1,-1.0,-2.0,0.0
Markieff Morris,PF,29,OKC,2018-19,24,387,10.4,0.475,0.378,0.122,5.2,19.6,12.1,6.8,1.3,0.4,4.1,18.0,0.2,0.5,0.7,0.083,-3.1,-1.4,-4.5,-0.2
Marko Jarić,PG,27,MIN,2005-06,75,2102,11.7,0.468,0.235,0.244,3.5,9.6,6.7,22.5,2.8,0.8,16.8,17.0,-0.3,2.6,2.3,0.053,-1.3,1.0,-0.3,0.9
Marko Jarić,SG,28,MIN,2006-07,70,1555,9.6,0.51,0.262,0.271,4.3,9.7,7.1,14.1,2.5,0.8,19.5,13.5,0.1,1.5,1.5,0.048,-1.8,1.0,-0.8,0.5
Marko Jarić,SG,29,MIN,2007-08,75,2189,12.1,0.518,0.241,0.309,2.0,10.1,5.9,21.0,2.3,1.2,17.6,15.0,1.1,1.3,2.4,0.053,-0.9,0.3,-0.6,0.8
Marko Jarić,SG,30,MEM,2008-09,53,605,7.3,0.417,0.193,0.283,4.6,8.6,6.6,19.0,2.6,1.5,23.1,16.4,-0.9,0.5,-0.4,-0.03,-4.7,0.2,-4.5,-0.4
Marquese Chriss,PF,19,PHO,2016-17,82,1743,12.3,0.529,0.354,0.286,5.8,16.1,10.8,5.2,1.8,3.2,13.2,19.7,0.3,1.5,1.8,0.05,-1.6,0.0,-1.6,0.2
Marquese Chriss,PF,20,PHO,2017-18,72,1527,11.1,0.509,0.398,0.331,5.2,22.7,13.8,8.1,1.6,3.7,16.4,18.1,-0.8,1.5,0.7,0.023,-3.3,1.3,-2.0,0.0
Marquese Chriss,PF,21,TOT,2018-19,43,499,9.2,0.455,0.4,0.25,8.6,23.6,15.8,6.5,1.7,1.9,15.3,20.6,-0.6,0.4,-0.2,-0.023,-4.8,-1.4,-6.2,-0.5
Marquese Chriss,PF,21,HOU,2018-19,16,104,3.4,0.391,0.441,0.206,7.3,22.8,14.9,8.2,0.9,3.3,24.4,20.5,-0.3,0.1,-0.2,-0.101,-9.2,-0.2,-9.4,-0.2
Marquese Chriss,PF,21,CLE,2018-19,27,395,10.7,0.47,0.39,0.26,8.9,23.8,16.0,6.1,1.9,1.5,12.9,20.7,-0.3,0.2,0.0,-0.003,-3.7,-1.7,-5.4,-0.3
Marquis Daniels,SG,25,DAL,2005-06,62,1766,14.9,0.535,0.037,0.357,5.6,9.6,7.6,16.2,2.1,0.6,14.4,18.3,2.4,1.7,4.2,0.114,0.9,0.4,1.4,1.5
Marquis Daniels,SG,26,IND,2006-07,45,800,11.6,0.506,0.093,0.285,3.7,8.3,5.9,12.6,1.8,0.7,14.8,20.8,-0.1,0.7,0.6,0.036,-2.7,-1.0,-3.7,-0.4
Marquis Daniels,SG,27,IND,2007-08,74,1546,11.6,0.487,0.182,0.248,4.6,10.5,7.5,14.1,2.5,0.9,15.3,20.6,-0.7,1.6,0.9,0.028,-2.7,0.2,-2.5,-0.2
Marquis Daniels,SF,28,IND,2008-09,54,1700,12.8,0.491,0.131,0.187,5.1,11.0,8.0,10.7,1.8,1.1,11.2,21.5,-0.1,1.4,1.3,0.037,-1.6,-0.3,-1.9,0.0
Marquis Daniels,SF,29,BOS,2009-10,51,937,9.6,0.526,0.112,0.225,3.6,8.7,6.2,11.1,1.5,0.5,13.3,15.8,0.2,1.0,1.3,0.064,-2.5,-0.1,-2.5,-0.1
Marquis Daniels,SF,30,BOS,2010-11,49,938,11.7,0.527,0.091,0.246,3.3,11.0,7.4,10.6,2.2,1.8,12.9,15.1,0.3,1.7,2.0,0.103,-2.3,2.6,0.3,0.6
Marquis Daniels,SG,31,BOS,2011-12,38,484,8.1,0.395,0.07,0.161,4.1,11.6,8.0,15.5,2.3,1.4,15.5,18.0,-0.8,0.9,0.1,0.008,-5.4,1.8,-3.6,-0.2
Marquis Daniels,SF,32,MIL,2012-13,59,1085,9.2,0.432,0.205,0.154,4.6,10.5,7.4,9.0,2.4,0.7,10.7,16.9,-0.6,1.1,0.5,0.023,-3.4,0.1,-3.3,-0.4
Marquis Teague,PG,19,CHI,2012-13,48,392,6.0,0.412,0.204,0.142,0.9,12.1,6.4,25.6,1.2,1.3,22.6,18.2,-0.7,0.4,-0.3,-0.031,-6.3,-1.0,-7.3,-0.5
Marquis Teague,SG,20,TOT,2013-14,40,443,3.8,0.398,0.151,0.294,0.3,10.2,5.3,20.6,1.2,0.9,22.5,18.2,-1.0,0.4,-0.5,-0.059,-7.6,-1.2,-8.8,-0.8
Marquis Teague,PG,24,MEM,2017-18,3,74,5.7,0.302,0.25,0.313,1.5,8.0,4.7,24.7,2.7,0.0,14.2,12.9,-0.1,0.0,-0.1,-0.038,-5.8,-1.6,-7.3,-0.1
Marreese Speights,C,21,PHI,2008-09,79,1263,17.9,0.543,0.016,0.263,11.6,16.3,13.9,4.2,1.1,3.6,7.6,21.9,2.4,1.5,3.8,0.146,-0.7,-1.0,-1.7,0.1
Marreese Speights,C,22,PHI,2009-10,62,1016,17.6,0.524,0.011,0.327,9.7,19.7,14.6,6.2,1.5,2.6,9.1,25.1,1.2,0.9,2.1,0.101,-1.9,-2.0,-3.9,-0.5
Marreese Speights,C,23,PHI,2010-11,64,734,15.3,0.532,0.014,0.251,10.1,22.9,16.5,7.0,0.6,2.0,11.0,22.8,0.7,1.0,1.7,0.11,-2.7,-1.3,-3.9,-0.4
Marreese Speights,PF,24,MEM,2011-12,60,1345,14.1,0.491,0.006,0.223,11.3,21.4,16.2,6.0,0.8,1.8,12.1,20.5,0.9,1.7,2.7,0.096,-2.4,-0.5,-2.9,-0.3
Marreese Speights,C,25,TOT,2012-13,79,1300,17.3,0.498,0.017,0.3,12.7,22.3,17.4,6.5,1.0,3.3,10.8,25.8,1.1,1.7,2.8,0.104,-2.4,-1.1,-3.5,-0.5
Marreese Speights,C,26,GSW,2013-14,79,982,15.2,0.507,0.07,0.303,11.4,20.6,16.1,5.3,0.5,2.6,11.6,25.4,0.6,1.5,2.1,0.103,-3.9,-1.3,-5.2,-0.8
Marreese Speights,C,27,GSW,2014-15,76,1207,19.5,0.546,0.028,0.276,10.1,18.7,14.5,9.9,0.8,2.1,10.2,29.1,2.2,1.8,4.0,0.158,-1.3,-1.3,-2.6,-0.2
Marreese Speights,C,28,GSW,2015-16,72,832,17.1,0.506,0.136,0.25,10.6,19.8,15.5,11.4,1.1,3.0,11.5,29.7,0.5,1.2,1.8,0.102,-2.9,-1.1,-3.9,-0.4
Marreese Speights,C,29,LAC,2016-17,82,1286,17.5,0.584,0.505,0.25,7.9,24.1,16.2,8.0,0.9,2.6,10.2,23.6,2.5,1.7,4.2,0.155,1.5,-0.8,0.7,0.9
Marreese Speights,C,30,ORL,2017-18,52,675,13.7,0.539,0.668,0.158,3.4,18.4,10.8,9.8,0.6,2.6,9.7,26.9,0.1,0.5,0.6,0.045,0.2,-2.9,-2.8,-0.1
Marshall Plumlee,C,24,NYK,2016-17,21,170,10.9,0.521,0.0,0.633,14.5,17.8,16.2,8.1,1.2,1.9,23.8,12.8,0.0,0.1,0.2,0.048,-2.9,0.1,-2.8,0.0
Marshall Plumlee,C,25,MIL,2017-18,8,52,10.9,0.697,0.0,5.333,9.0,29.2,19.2,4.8,0.0,1.6,23.0,11.3,0.1,0.0,0.2,0.143,-3.7,-1.9,-5.7,0.0
Martell Webster,SF,19,POR,2005-06,61,1070,11.6,0.533,0.523,0.204,3.2,11.5,7.3,5.5,1.1,1.0,10.2,18.7,0.8,0.1,0.9,0.039,-0.2,-3.0,-3.2,-0.3
Martell Webster,SF,20,POR,2006-07,82,1759,9.9,0.522,0.508,0.268,3.0,14.2,8.5,4.9,1.1,0.9,12.1,16.7,0.6,0.7,1.3,0.036,-1.0,-1.6,-2.6,-0.3
Martell Webster,SF,21,POR,2007-08,75,2132,12.0,0.548,0.483,0.253,3.0,13.3,8.2,7.0,1.1,1.0,10.2,18.0,1.8,1.7,3.5,0.079,0.4,-0.3,0.0,1.1
Martell Webster,SF,22,POR,2008-09,1,5,-8.4,0.0,1.0,0.0,0.0,0.0,0.0,0.0,0.0,0.0,0.0,9.4,0.0,0.0,0.0,-0.204,-8.8,-2.9,-11.7,0.0
Martell Webster,SF,23,POR,2009-10,82,2005,12.5,0.543,0.52,0.243,2.9,13.7,8.3,5.0,1.2,1.6,7.8,18.2,2.4,2.0,4.4,0.105,0.5,-0.7,-0.2,0.9
Martell Webster,SF,24,MIN,2010-11,46,1094,12.4,0.575,0.388,0.359,3.6,11.6,7.5,7.5,1.3,0.6,12.8,17.6,1.4,0.3,1.8,0.077,0.1,-1.7,-1.5,0.1
Martell Webster,SF,25,MIN,2011-12,47,1140,10.0,0.533,0.401,0.265,4.1,12.3,8.2,5.5,1.4,1.1,13.2,13.6,0.8,0.7,1.5,0.064,-1.0,0.6,-0.4,0.5
Martell Webster,SF,26,WAS,2012-13,76,2200,13.9,0.601,0.517,0.311,2.7,12.2,7.4,10.7,1.2,0.6,11.1,16.9,3.9,2.4,6.3,0.138,1.6,-0.1,1.5,1.9
Martell Webster,SF,27,WAS,2013-14,78,2157,11.5,0.591,0.634,0.213,2.0,10.1,6.0,6.7,1.0,0.6,8.3,14.7,3.3,1.7,5.0,0.112,1.0,-1.1,-0.1,1.0
Martell Webster,SF,28,WAS,2014-15,32,352,5.9,0.445,0.473,0.703,3.3,11.3,7.4,6.7,1.0,0.2,15.6,18.2,-0.3,0.3,0.0,0.0,-4.4,-1.6,-6.1,-0.4
Martynas Andriuškevičius,C,19,CLE,2005-06,6,9,15.5,0.0,0.0,0.0,13.0,39.8,26.3,0.0,11.9,0.0,0.0,5.1,0.0,0.0,0.0,0.155,-6.8,6.8,0.1,0.0
Marvin Bagley,PF,19,SAC,2018-19,62,1567,18.9,0.562,0.136,0.371,10.4,20.8,15.5,5.9,1.0,3.2,10.7,24.2,2.0,1.6,3.6,0.11,-1.2,-0.7,-1.8,0.1
Marvin Williams,PF,19,ATL,2005-06,79,1952,12.2,0.523,0.1,0.476,7.3,16.5,11.8,5.2,1.3,0.9,11.4,16.9,2.1,0.7,2.8,0.069,-1.7,-1.9,-3.7,-0.8
Marvin Williams,PF,20,ATL,2006-07,64,2179,12.2,0.51,0.064,0.375,4.6,14.2,9.3,9.7,1.3,1.1,13.4,20.0,0.9,1.4,2.3,0.051,-2.0,-0.7,-2.7,-0.4
Marvin Williams,SF,21,ATL,2007-08,80,2765,14.5,0.54,0.011,0.446,5.0,14.2,9.6,8.3,1.5,0.9,10.4,20.1,3.6,2.1,5.7,0.099,-1.0,-0.6,-1.6,0.3
Marvin Williams,SF,22,ATL,2008-09,61,2093,16.0,0.569,0.249,0.439,6.2,15.2,10.7,6.3,1.5,1.4,8.6,18.2,3.9,2.2,6.1,0.14,0.8,0.1,0.9,1.5
Marvin Williams,SF,23,ATL,2009-10,81,2468,13.0,0.54,0.199,0.324,5.0,14.8,9.8,5.6,1.4,1.4,8.7,15.5,3.1,2.6,5.7,0.112,-0.5,0.4,-0.2,1.1
Marvin Williams,SF,24,ATL,2010-11,65,1865,13.5,0.551,0.205,0.324,4.4,15.7,10.1,7.6,1.0,0.9,9.2,17.2,2.3,1.7,4.0,0.102,-0.9,-0.4,-1.3,0.3
Marvin Williams,SF,25,ATL,2011-12,57,1500,15.8,0.542,0.317,0.311,6.0,16.9,11.5,7.7,1.7,0.9,6.8,18.0,2.7,2.1,4.9,0.156,0.8,0.2,1.0,1.1
Marvin Williams,SF,26,UTA,2012-13,73,1727,10.9,0.515,0.353,0.211,3.7,14.3,8.9,6.9,1.1,1.7,10.5,15.1,1.1,1.1,2.3,0.063,-1.1,-0.3,-1.4,0.3
Marvin Williams,PF,27,UTA,2013-14,66,1674,14.0,0.54,0.445,0.139,5.5,17.9,11.5,7.7,1.7,1.5,8.7,16.7,1.9,1.0,2.9,0.084,0.5,-0.3,0.2,0.9
Marvin Williams,PF,28,CHO,2014-15,78,2035,11.8,0.541,0.535,0.176,3.1,18.2,10.4,7.8,1.8,1.4,10.1,13.3,1.5,2.9,4.3,0.102,-0.8,1.8,1.0,1.5
Marvin Williams,PF,29,CHO,2015-16,81,2338,16.8,0.585,0.506,0.193,5.9,18.6,12.2,7.6,1.2,2.7,7.1,16.8,4.7,3.2,7.8,0.161,1.7,1.0,2.7,2.7
Marvin Williams,PF,30,CHO,2016-17,76,2295,13.7,0.551,0.503,0.213,4.2,19.8,12.0,7.1,1.3,2.0,7.2,16.3,2.4,2.6,5.0,0.105,-0.3,0.5,0.2,1.3
Marvin Williams,PF,31,CHO,2017-18,78,2006,13.9,0.603,0.542,0.218,3.9,16.2,10.0,7.0,1.4,1.6,9.7,14.8,3.1,1.9,5.0,0.119,1.1,0.5,1.7,1.9
Marvin Williams,PF,32,CHO,2018-19,75,2133,12.6,0.548,0.586,0.132,3.8,17.1,10.3,6.1,1.6,2.5,6.4,14.9,1.9,1.9,3.8,0.086,-0.2,0.5,0.3,1.3
Mason Plumlee,C,23,BRK,2013-14,70,1275,19.0,0.67,0.01,0.646,9.3,19.6,14.5,8.1,2.0,3.6,16.6,17.1,3.0,1.7,4.7,0.176,0.5,1.9,2.4,1.4
Mason Plumlee,C,24,BRK,2014-15,82,1743,18.0,0.57,0.006,0.648,11.3,21.6,16.5,7.0,1.9,2.9,14.4,19.2,2.5,2.3,4.8,0.131,-0.5,1.4,0.8,1.2
Mason Plumlee,C,25,POR,2015-16,82,2084,17.2,0.564,0.008,0.648,10.4,22.2,16.3,16.2,1.6,3.2,18.8,17.1,3.4,2.7,6.1,0.14,-0.2,3.0,2.8,2.5
Mason Plumlee,C,26,TOT,2016-17,81,2148,18.1,0.558,0.01,0.482,8.8,22.4,15.6,19.8,1.6,3.4,15.1,18.1,3.6,2.4,6.0,0.135,0.0,2.6,2.7,2.5
Mason Plumlee,C,27,DEN,2017-18,74,1439,16.9,0.586,0.003,0.486,10.4,20.9,15.6,14.4,1.7,4.7,18.7,16.6,1.8,1.8,3.6,0.12,-0.9,2.7,1.8,1.4
Mason Plumlee,C,28,DEN,2018-19,82,1731,17.8,0.602,0.023,0.448,10.3,22.5,16.4,19.5,1.9,3.9,19.2,16.2,2.9,2.9,5.8,0.16,-0.1,3.9,3.8,2.6
Mateen Cleaves,PG,28,SEA,2005-06,27,230,9.1,0.448,0.225,0.338,1.0,6.4,3.7,27.4,0.7,0.7,14.7,18.6,0.1,-0.1,0.0,-0.005,-2.7,-5.4,-8.1,-0.4
Matt Barnes,PF,25,TOT,2005-06,56,631,10.7,0.545,0.107,0.336,8.9,13.7,11.3,7.0,1.6,0.8,15.7,13.8,0.5,0.4,1.0,0.075,-1.9,-0.9,-2.8,-0.1
Matt Barnes,SF,25,NYK,2005-06,6,93,9.8,0.409,0.133,0.133,9.1,22.5,15.7,10.9,2.3,0.0,15.9,18.4,-0.1,0.1,0.0,-0.012,-3.7,-0.2,-3.9,0.0
Matt Barnes,PF,25,PHI,2005-06,50,538,10.8,0.578,0.1,0.391,8.9,12.2,10.5,6.3,1.5,1.0,15.7,13.0,0.6,0.4,1.0,0.09,-1.6,-1.0,-2.6,-0.1
Matt Barnes,PF,26,GSW,2006-07,76,1813,14.7,0.547,0.462,0.196,5.4,16.0,10.6,12.8,1.9,1.7,13.3,18.5,1.9,1.8,3.7,0.099,0.5,0.3,0.9,1.3
Matt Barnes,PF,27,GSW,2007-08,73,1414,12.9,0.51,0.41,0.179,6.8,18.1,12.3,13.5,1.6,1.9,15.1,16.7,1.0,1.3,2.3,0.077,-0.7,0.5,-0.2,0.6
Matt Barnes,PF,28,PHO,2008-09,77,2082,12.6,0.537,0.506,0.202,4.6,18.5,11.8,14.2,1.2,0.9,15.0,18.3,1.6,1.4,3.0,0.069,0.9,-0.4,0.5,1.3
Matt Barnes,SF,29,ORL,2009-10,81,2097,13.6,0.576,0.372,0.262,6.1,18.0,12.3,10.1,1.5,1.1,15.3,16.2,2.5,3.4,5.9,0.135,0.5,2.2,2.7,2.5
Matt Barnes,SF,30,LAL,2010-11,53,1020,14.6,0.569,0.384,0.276,8.4,16.7,12.7,10.5,2.0,1.6,15.6,16.6,1.4,1.6,3.0,0.142,0.6,1.2,1.8,1.0
Matt Barnes,SF,31,LAL,2011-12,63,1440,15.5,0.554,0.357,0.331,7.9,18.3,13.3,13.8,1.3,2.4,14.1,16.4,2.4,1.8,4.3,0.142,1.1,1.5,2.6,1.7
Matt Barnes,SF,32,LAC,2012-13,80,2058,15.5,0.566,0.481,0.173,6.5,14.5,10.6,9.2,2.1,2.6,11.0,18.1,3.5,2.8,6.3,0.146,2.2,1.1,3.4,2.8
Matt Barnes,SF,33,LAC,2013-14,63,1735,12.0,0.552,0.537,0.171,4.0,14.4,9.3,10.6,1.6,1.2,13.0,16.6,1.5,2.0,3.5,0.097,0.7,0.8,1.5,1.5
Matt Barnes,SF,34,LAC,2014-15,76,2271,11.3,0.574,0.603,0.152,2.6,12.2,7.5,7.2,1.5,1.8,11.6,14.9,2.2,2.1,4.3,0.091,0.9,0.7,1.6,2.1
Matt Barnes,SF,35,MEM,2015-16,76,2190,11.7,0.503,0.534,0.199,4.2,18.3,10.9,11.6,1.8,2.4,13.8,17.9,0.4,2.2,2.6,0.056,-0.4,0.8,0.4,1.3
Matt Barnes,SF,36,TOT,2016-17,74,1777,10.3,0.514,0.556,0.188,4.6,19.7,12.3,15.7,1.3,1.3,17.3,15.6,0.3,1.7,2.0,0.053,-1.2,0.6,-0.6,0.6
Matt Bonner,PF,25,TOR,2005-06,78,1710,13.7,0.582,0.52,0.163,5.9,14.8,10.2,5.2,1.5,1.4,6.0,14.4,3.5,0.5,4.1,0.114,1.9,-1.2,0.7,1.2
Matt Bonner,PF,26,SAS,2006-07,56,653,16.4,0.542,0.397,0.16,12.3,16.4,14.4,5.7,1.4,1.2,9.0,20.3,1.1,1.2,2.2,0.163,1.0,-0.6,0.4,0.4
Matt Bonner,PF,27,SAS,2007-08,68,853,12.4,0.525,0.471,0.151,7.4,19.0,13.3,6.2,0.9,1.5,11.2,19.6,0.5,1.5,2.0,0.11,-1.4,-0.2,-1.6,0.1
Matt Bonner,PF,28,SAS,2008-09,81,1928,15.0,0.611,0.5,0.043,6.1,17.6,11.9,6.8,1.3,1.0,6.3,14.6,3.8,3.0,6.8,0.169,1.6,0.9,2.6,2.2
Matt Bonner,PF,29,SAS,2009-10,65,1161,14.9,0.581,0.621,0.129,5.3,16.1,10.8,9.0,1.4,1.5,9.0,17.0,2.1,1.6,3.7,0.153,2.1,0.5,2.5,1.3
Matt Bonner,PF,30,SAS,2010-11,66,1432,13.5,0.617,0.62,0.116,5.0,14.2,9.7,6.2,0.9,1.0,6.5,13.4,3.0,1.4,4.4,0.147,2.1,-0.1,2.0,1.5
Matt Bonner,PF,31,SAS,2011-12,65,1326,13.2,0.597,0.714,0.06,2.6,15.7,9.3,6.5,0.6,1.1,3.8,12.8,2.7,1.2,4.0,0.143,2.3,-0.3,2.0,1.3
Matt Bonner,PF,32,SAS,2012-13,68,909,11.8,0.609,0.522,0.065,3.4,12.5,8.2,5.8,1.0,1.5,6.3,12.8,1.4,1.1,2.5,0.133,0.4,0.0,0.5,0.6
Matt Bonner,PF,33,SAS,2013-14,61,690,11.2,0.582,0.598,0.073,2.7,17.9,10.6,6.1,1.1,1.2,8.6,12.1,0.8,1.0,1.8,0.123,-0.4,0.7,0.3,0.4
Matt Bonner,PF,34,SAS,2014-15,72,935,10.1,0.536,0.548,0.161,3.6,10.2,7.0,7.1,0.5,1.0,4.3,12.5,1.3,0.9,2.1,0.11,-0.2,-0.7,-0.9,0.3
Matt Bonner,C,35,SAS,2015-16,30,206,14.1,0.647,0.596,0.07,1.7,12.8,7.5,6.3,1.5,0.4,4.9,13.7,0.4,0.3,0.8,0.181,1.8,-0.3,1.6,0.2
Matt Carroll,SG,25,CHA,2005-06,78,1275,13.9,0.54,0.389,0.353,2.9,12.0,7.1,4.6,1.9,0.7,8.0,20.8,1.6,1.0,2.6,0.097,-0.4,-2.1,-2.5,-0.2
Matt Carroll,SG,26,CHA,2006-07,72,1878,14.6,0.58,0.406,0.316,2.1,11.2,6.5,8.2,1.5,0.4,8.9,19.9,3.4,1.2,4.6,0.117,1.4,-1.7,-0.3,0.8
Matt Carroll,SG,27,CHA,2007-08,80,2016,10.7,0.554,0.409,0.234,1.9,11.1,6.4,5.8,1.2,0.7,8.2,16.1,1.9,1.0,3.0,0.071,-0.7,-1.5,-2.2,-0.1
Matt Carroll,SG,28,TOT,2008-09,55,616,5.5,0.451,0.31,0.146,1.4,12.2,6.8,7.2,1.8,0.8,15.3,16.4,-0.8,0.7,-0.1,-0.008,-5.2,-0.2,-5.4,-0.5
Matt Carroll,SG,28,CHA,2008-09,34,475,7.0,0.475,0.326,0.138,1.3,12.9,7.2,8.4,2.1,0.9,15.1,17.1,-0.5,0.6,0.1,0.015,-4.5,0.2,-4.3,-0.3
Matt Carroll,SG,28,DAL,2008-09,21,141,0.5,0.351,0.242,0.182,1.6,9.7,5.7,2.9,1.1,0.5,16.4,13.9,-0.3,0.1,-0.2,-0.084,-7.8,-1.2,-9.0,-0.2
Matt Carroll,SG,29,DAL,2009-10,25,121,7.1,0.437,0.38,0.12,3.8,7.5,5.7,7.7,2.1,0.0,11.7,22.7,-0.2,0.1,-0.1,-0.029,-4.1,-2.5,-6.6,-0.1
Matt Carroll,SG,30,CHA,2010-11,54,582,12.2,0.53,0.231,0.261,2.5,11.7,7.1,6.9,1.6,0.8,9.4,19.8,0.3,0.5,0.8,0.062,-2.3,-2.0,-4.3,-0.3
Matt Carroll,SG,31,CHA,2011-12,53,596,5.6,0.409,0.274,0.242,1.5,10.0,5.6,10.6,1.4,0.9,12.1,15.3,-0.7,0.1,-0.6,-0.051,-5.3,-2.1,-7.3,-0.8
Matt Carroll,SG,32,CHA,2012-13,1,6,2.9,,,,0.0,0.0,0.0,23.4,0.0,0.0,,0.0,0.0,0.0,0.0,0.029,-7.6,-7.8,-15.4,0.0
Matt Costello,C,24,SAS,2017-18,4,32,9.7,0.5,0.0,0.0,3.4,27.9,15.6,8.3,3.2,5.2,20.0,7.0,0.0,0.1,0.1,0.127,-5.0,6.6,1.6,0.0
Matt Freije,PF,25,ATL,2006-07,19,147,6.1,0.353,0.407,0.111,6.5,13.3,9.8,7.9,1.1,0.5,5.0,18.7,-0.2,0.1,-0.1,-0.034,-4.2,-3.3,-7.5,-0.2
Matt Harpring,SF,29,UTA,2005-06,71,1944,16.3,0.542,0.058,0.462,9.8,13.2,11.5,9.6,1.7,0.6,11.8,22.0,3.1,1.6,4.7,0.115,0.6,-1.2,-0.6,0.7
Matt Harpring,SF,30,UTA,2006-07,77,1965,14.7,0.564,0.059,0.471,7.3,14.6,10.9,8.2,1.4,0.5,13.0,20.8,3.1,1.6,4.7,0.115,0.0,-0.8,-0.8,0.6
Matt Harpring,SF,31,UTA,2007-08,76,1374,14.1,0.551,0.021,0.432,8.6,12.7,10.7,9.0,1.7,0.8,14.4,21.5,1.4,1.4,2.8,0.096,-0.8,-0.7,-1.5,0.2
Matt Harpring,SG,32,UTA,2008-09,63,693,12.3,0.508,0.008,0.299,8.1,13.1,10.6,6.4,2.2,1.0,9.6,19.5,0.4,0.8,1.2,0.086,-2.4,-0.6,-3.0,-0.2
Matt Walsh,SG,23,MIA,2005-06,2,3,-2.4,0.532,0.0,2.0,0.0,0.0,0.0,0.0,0.0,0.0,34.7,44.3,0.0,0.0,0.0,-0.642,-17.7,-8.2,-25.9,0.0
Matt Williams,SG,24,MIA,2017-18,3,11,-0.7,0.417,0.833,0.0,0.0,10.2,5.1,0.0,0.0,0.0,14.3,28.6,-0.1,0.0,0.0,-0.197,-8.5,-8.6,-17.1,0.0
Matthew Dellavedova,SG,23,CLE,2013-14,72,1271,10.7,0.534,0.524,0.162,2.5,8.5,5.4,22.1,1.3,0.3,15.9,13.2,1.4,0.7,2.1,0.078,-0.5,-1.7,-2.1,0.0
Matthew Dellavedova,SG,24,CLE,2014-15,67,1380,8.5,0.493,0.544,0.124,3.1,7.3,5.2,21.1,0.9,0.1,15.9,12.6,1.4,0.5,1.9,0.067,-0.6,-2.0,-2.6,-0.2
Matthew Dellavedova,PG,25,CLE,2015-16,76,1867,11.3,0.527,0.468,0.129,2.0,7.8,4.9,26.2,1.2,0.4,17.7,15.9,2.2,1.6,3.8,0.098,-0.2,-1.4,-1.6,0.2
Matthew Dellavedova,PG,26,MIL,2016-17,76,1986,9.4,0.501,0.403,0.18,1.4,7.1,4.3,25.7,1.4,0.0,18.8,16.3,0.3,0.9,1.2,0.029,-1.9,-2.8,-4.7,-1.4
Matthew Dellavedova,PG,27,MIL,2017-18,38,712,8.6,0.5,0.513,0.178,2.3,8.2,5.3,27.4,1.0,0.0,23.0,13.5,0.3,0.2,0.5,0.032,-2.3,-3.6,-5.9,-0.7
Matthew Dellavedova,PG,28,TOT,2018-19,48,812,11.1,0.532,0.537,0.215,0.8,9.9,5.2,31.9,0.8,0.2,20.4,17.9,0.5,0.0,0.5,0.028,-1.3,-4.1,-5.5,-0.7
Matthew Dellavedova,PG,28,MIL,2018-19,12,97,7.5,0.482,0.579,0.211,0.0,9.9,5.2,35.7,1.0,0.0,34.6,13.7,0.0,0.1,0.1,0.043,-5.5,-3.1,-8.6,-0.2
Matthew Dellavedova,PG,28,CLE,2018-19,36,715,11.5,0.537,0.534,0.215,0.9,9.9,5.2,31.3,0.8,0.2,18.9,18.4,0.5,-0.1,0.4,0.026,-0.8,-4.3,-5.1,-0.6
Maurice Ager,SG,22,DAL,2006-07,32,214,2.9,0.408,0.214,0.471,0.6,11.0,5.9,5.0,1.0,1.1,15.1,21.7,-0.5,0.2,-0.3,-0.06,-7.5,-1.8,-9.3,-0.4
Maurice Ager,SG,23,TOT,2007-08,26,165,1.8,0.363,0.292,0.185,2.8,6.3,4.6,8.0,0.0,0.4,7.9,21.3,-0.4,0.0,-0.4,-0.114,-6.8,-4.5,-11.3,-0.4
Maurice Ager,SG,23,DAL,2007-08,12,77,-4.4,0.253,0.296,0.222,1.6,4.4,3.0,7.4,0.0,1.0,9.2,19.8,-0.3,0.0,-0.3,-0.181,-9.6,-3.5,-13.1,-0.2
Maurice Ager,SG,23,NJN,2007-08,14,88,7.1,0.443,0.289,0.158,3.9,7.9,5.9,8.4,0.0,0.0,6.9,22.7,-0.1,0.0,-0.1,-0.056,-4.4,-5.4,-9.8,-0.2
Maurice Ager,SG,24,NJN,2008-09,20,97,2.2,0.365,0.14,0.186,3.6,8.7,6.1,5.3,0.6,1.7,7.9,24.4,-0.3,0.0,-0.3,-0.133,-8.5,-4.3,-12.8,-0.3
Maurice Ager,SG,26,MIN,2010-11,4,29,10.1,0.682,0.364,0.0,0.0,7.9,3.8,6.0,1.7,0.0,26.7,22.0,0.0,0.0,0.0,-0.015,-2.7,-3.6,-6.3,0.0
Maurice Evans,SG,27,DET,2005-06,80,1139,14.0,0.545,0.34,0.191,7.8,9.2,8.5,8.5,2.0,1.0,9.5,17.0,1.8,1.4,3.2,0.135,0.7,-0.1,0.6,0.8
Maurice Evans,SG,28,LAL,2006-07,76,1732,12.1,0.523,0.245,0.286,6.3,8.6,7.5,6.7,1.1,0.6,8.5,17.3,2.0,0.6,2.6,0.072,-0.7,-2.2,-2.9,-0.4
Maurice Evans,SG,29,TOT,2007-08,75,1720,13.9,0.571,0.383,0.152,6.4,8.1,7.3,7.5,1.4,0.4,6.4,16.5,3.2,1.6,4.9,0.135,1.8,-0.6,1.3,1.4
Maurice Evans,SG,29,LAL,2007-08,7,96,13.3,0.448,0.25,0.536,4.8,5.6,5.2,17.2,2.6,0.8,0.0,15.9,0.2,0.1,0.3,0.14,-0.1,-0.9,-1.0,0.0
Maurice Evans,SG,29,ORL,2007-08,68,1624,14.0,0.579,0.391,0.132,6.5,8.2,7.4,6.9,1.3,0.4,6.8,16.6,3.1,1.5,4.6,0.135,2.0,-0.6,1.4,1.4
Maurice Evans,SF,30,ATL,2008-09,80,1840,11.1,0.558,0.515,0.151,5.6,9.9,7.7,4.6,1.5,0.4,7.7,14.2,2.3,1.5,3.8,0.099,0.5,-1.0,-0.5,0.7
Maurice Evans,SF,31,ATL,2009-10,79,1317,12.2,0.539,0.43,0.155,5.2,8.5,6.8,5.5,1.4,1.0,4.5,15.4,2.1,1.1,3.1,0.114,0.7,-1.4,-0.7,0.4
Maurice Evans,SF,32,TOT,2010-11,73,1549,9.1,0.513,0.394,0.137,3.9,8.0,5.9,4.5,1.1,0.7,6.8,14.2,1.0,0.7,1.7,0.054,-1.3,-1.6,-2.9,-0.4
Maurice Evans,SF,33,WAS,2011-12,24,343,9.0,0.497,0.402,0.116,2.6,5.3,3.9,4.2,2.1,0.0,7.8,16.7,0.2,0.1,0.3,0.041,-1.2,-2.6,-3.8,-0.2
Maurice Harkless,SF,19,ORL,2012-13,76,1974,12.5,0.504,0.207,0.227,7.0,12.2,9.6,3.9,2.3,2.4,10.0,15.9,0.7,1.7,2.4,0.059,-1.8,0.7,-1.0,0.5
Maurice Harkless,SF,20,ORL,2013-14,80,1950,11.8,0.542,0.319,0.296,4.0,11.4,7.7,6.4,2.6,2.0,13.6,14.8,0.6,2.1,2.8,0.068,-1.6,1.5,0.0,1.0
Maurice Harkless,SF,21,ORL,2014-15,45,674,8.4,0.449,0.354,0.259,6.3,11.6,8.9,5.4,2.4,1.1,13.3,13.7,-0.3,0.6,0.3,0.021,-3.1,0.2,-2.9,-0.1
Maurice Harkless,SF,22,POR,2015-16,78,1457,13.3,0.541,0.341,0.27,7.5,13.3,10.4,6.9,1.7,1.9,11.9,15.6,1.6,1.3,2.9,0.096,-0.4,0.2,-0.2,0.7
Maurice Harkless,SF,23,POR,2016-17,77,2223,13.1,0.57,0.311,0.199,6.2,10.8,8.5,5.9,1.9,2.5,11.2,15.2,2.3,1.9,4.2,0.091,0.0,0.7,0.7,1.5
Maurice Harkless,SF,24,POR,2017-18,59,1264,12.6,0.596,0.397,0.199,4.0,9.9,7.0,6.0,1.9,2.8,11.0,12.6,1.6,1.7,3.2,0.123,-0.2,2.0,1.8,1.2
Maurice Harkless,SF,25,POR,2018-19,60,1415,13.2,0.547,0.309,0.188,5.9,14.1,10.1,7.1,2.3,3.0,9.7,13.9,1.5,1.9,3.4,0.114,-0.1,2.3,2.2,1.5
Maurice Ndour,PF,24,NYK,2016-17,32,331,11.3,0.503,0.081,0.302,7.1,13.7,10.4,3.5,2.3,2.0,11.0,14.3,0.1,0.3,0.4,0.059,-3.5,-0.3,-3.8,-0.1
Maurice Taylor,PF,29,NYK,2005-06,67,1210,8.5,0.496,0.003,0.213,6.5,16.7,11.5,7.9,0.9,0.9,19.5,19.8,-1.0,0.4,-0.5,-0.021,-4.1,-1.3,-5.4,-1.0
Maurice Taylor,PF,30,SAC,2006-07,12,103,6.3,0.356,0.0,0.464,11.2,21.0,16.0,7.3,2.0,0.7,15.1,17.3,-0.2,0.1,-0.1,-0.03,-6.6,-0.2,-6.8,-0.1
Maxi Kleber,PF,26,DAL,2017-18,72,1206,13.4,0.576,0.414,0.191,6.3,15.6,10.8,6.4,1.1,3.5,8.2,13.7,1.6,1.2,2.8,0.113,-1.0,1.2,0.2,0.7
Maxi Kleber,PF,27,DAL,2018-19,71,1502,13.1,0.579,0.565,0.192,6.5,16.9,11.7,6.8,1.2,4.4,11.4,13.5,1.6,1.8,3.5,0.111,-0.8,2.3,1.5,1.3
Mehmet Okur,PF,26,UTA,2005-06,82,2945,19.0,0.554,0.207,0.402,8.6,22.2,15.4,12.8,0.7,2.1,10.9,23.5,6.3,3.0,9.3,0.152,2.3,-0.3,2.1,3.0
Mehmet Okur,C,27,UTA,2006-07,80,2664,18.1,0.571,0.317,0.365,7.3,19.1,13.2,9.9,0.7,1.2,9.2,22.8,6.5,2.3,8.8,0.158,3.0,-1.0,2.0,2.7
Mehmet Okur,C,28,UTA,2007-08,72,2390,15.2,0.556,0.35,0.273,6.8,21.5,14.2,9.0,1.2,1.0,9.9,19.6,4.0,2.7,6.7,0.134,1.7,0.0,1.7,2.3
Mehmet Okur,C,29,UTA,2008-09,72,2409,17.5,0.592,0.227,0.376,6.1,21.5,13.8,8.1,1.2,1.7,11.3,21.7,4.5,2.9,7.4,0.148,1.2,0.2,1.4,2.1
Mehmet Okur,C,30,UTA,2009-10,73,2149,15.6,0.561,0.275,0.308,7.5,20.6,14.2,8.5,0.9,3.0,12.6,21.0,2.6,3.0,5.6,0.126,0.1,0.8,0.8,1.5
Mehmet Okur,C,31,UTA,2010-11,13,168,12.6,0.452,0.258,0.323,6.4,15.2,10.8,17.7,1.3,1.9,9.0,21.2,0.1,0.1,0.2,0.048,-1.4,-1.6,-3.0,0.0
Mehmet Okur,C,32,NJN,2011-12,17,454,8.4,0.46,0.518,0.036,5.5,15.5,10.4,11.1,1.1,0.8,15.0,16.8,-0.2,0.1,0.0,-0.004,-1.8,-1.3,-3.1,-0.1
Melvin Ely,PF,27,CHA,2005-06,57,1348,14.3,0.55,0.005,0.452,7.6,16.8,11.9,9.7,1.1,2.5,16.4,20.1,0.8,1.2,2.0,0.072,-2.0,0.6,-1.4,0.2
Melvin Ely,PF,28,TOT,2006-07,30,309,5.2,0.442,0.0,0.588,5.7,14.8,10.2,9.0,1.0,2.0,21.8,19.1,-0.6,0.3,-0.3,-0.039,-7.1,-0.1,-7.2,-0.4
Melvin Ely,PF,28,CHA,2006-07,24,244,4.8,0.464,0.0,0.583,5.7,13.5,9.5,8.9,0.4,1.9,23.4,18.3,-0.4,0.1,-0.2,-0.047,-6.9,-0.9,-7.8,-0.4
Melvin Ely,C,28,SAS,2006-07,6,65,6.7,0.376,0.0,0.6,5.8,19.7,13.0,9.2,3.3,2.3,16.5,22.1,-0.2,0.2,0.0,-0.009,-8.0,3.0,-5.0,0.0
Melvin Ely,C,29,NOH,2007-08,52,621,9.0,0.491,0.0,0.322,5.1,22.6,13.6,5.4,0.6,2.3,17.0,18.5,-0.5,0.8,0.3,0.022,-6.2,0.1,-6.0,-0.6
Melvin Ely,C,30,NOH,2008-09,31,373,6.0,0.438,0.0,0.379,9.7,11.0,10.4,7.6,0.3,2.0,17.2,17.3,-0.3,0.3,-0.1,-0.008,-5.6,-0.7,-6.2,-0.4
Melvin Ely,C,32,DEN,2010-11,30,366,8.3,0.573,0.0,0.412,8.8,14.4,11.7,5.3,0.5,2.3,18.9,9.0,0.3,0.3,0.6,0.083,-2.0,1.0,-1.0,0.1
Melvin Ely,C,35,NOP,2013-14,2,27,3.9,0.5,0.0,0.0,0.0,4.4,2.2,0.0,0.0,3.1,0.0,10.1,0.0,0.0,0.0,0.011,-4.9,-2.8,-7.6,0.0
Melvin Frazier,SG,22,ORL,2018-19,10,44,1.2,0.33,0.286,0.19,7.2,4.9,6.1,3.3,1.1,0.0,4.2,23.5,-0.2,0.0,-0.1,-0.133,-8.4,-4.5,-12.9,-0.1
Melvin Sanders,SG,25,SAS,2005-06,16,113,10.5,0.548,0.091,0.303,4.3,19.4,12.0,4.3,2.4,0.0,17.6,19.2,0.0,0.2,0.2,0.093,-4.5,0.2,-4.2,-0.1
Metta World Peace,SF,26,TOT,2005-06,56,2207,15.2,0.491,0.292,0.352,4.0,11.0,7.6,15.8,2.9,1.4,11.6,23.6,0.5,3.2,3.7,0.081,0.3,1.3,1.6,2.0
Metta World Peace,SF,26,IND,2005-06,16,603,18.1,0.534,0.228,0.511,5.1,9.6,7.5,11.1,3.7,1.3,12.9,25.7,0.4,1.1,1.5,0.117,0.9,2.0,2.9,0.7
Metta World Peace,SF,26,SAC,2005-06,40,1604,14.1,0.474,0.316,0.292,3.6,11.5,7.6,17.6,2.6,1.4,11.0,22.8,0.1,2.1,2.2,0.067,0.0,1.1,1.1,1.2
Metta World Peace,SF,27,SAC,2006-07,70,2641,18.5,0.538,0.25,0.399,4.4,16.0,10.1,15.6,2.9,1.3,10.7,23.3,3.6,3.1,6.7,0.122,1.9,1.4,3.3,3.5
Metta World Peace,SF,28,SAC,2007-08,57,2172,18.8,0.535,0.23,0.307,5.6,12.1,8.9,16.2,3.1,1.4,11.9,25.5,2.4,2.2,4.7,0.103,2.2,0.5,2.7,2.6
Metta World Peace,SF,29,HOU,2008-09,69,2452,15.6,0.512,0.369,0.253,3.2,13.4,8.5,16.2,2.3,0.7,10.8,24.5,1.6,4.0,5.5,0.108,1.1,1.2,2.3,2.7
Metta World Peace,SF,30,LAL,2009-10,77,2605,12.1,0.514,0.4,0.251,4.3,9.9,7.1,13.3,2.1,0.6,12.8,16.2,1.8,3.5,5.3,0.098,0.3,1.2,1.5,2.3
Metta World Peace,SF,31,LAL,2010-11,82,2410,11.2,0.485,0.354,0.207,4.9,7.6,6.3,10.7,2.7,1.1,11.1,15.3,1.2,3.2,4.4,0.088,-0.3,1.4,1.1,1.9
Metta World Peace,SF,32,LAL,2011-12,64,1720,11.0,0.478,0.406,0.247,4.8,9.1,7.1,12.5,2.1,1.1,11.8,15.6,0.9,1.7,2.6,0.073,-0.2,0.7,0.5,1.1
Metta World Peace,SF,33,LAL,2012-13,75,2530,12.5,0.517,0.5,0.205,4.5,11.5,8.1,6.9,2.5,1.2,9.8,17.5,1.9,2.6,4.6,0.086,0.6,0.8,1.4,2.2
Metta World Peace,SF,34,NYK,2013-14,29,388,11.7,0.469,0.383,0.113,5.3,12.8,8.9,7.1,3.3,1.8,11.4,20.0,-0.2,0.4,0.3,0.032,-1.9,-0.1,-2.1,0.0
Metta World Peace,SF,36,LAL,2015-16,35,590,8.3,0.435,0.475,0.322,3.4,13.2,8.1,7.2,1.9,1.5,6.9,16.2,-0.2,0.3,0.1,0.008,-2.8,-1.0,-3.8,-0.3
Metta World Peace,SF,37,LAL,2016-17,25,160,6.5,0.38,0.559,0.235,3.3,10.6,6.8,9.8,3.0,1.0,8.5,21.9,-0.3,0.1,-0.2,-0.061,-4.1,-2.1,-6.2,-0.2
Meyers Leonard,C,20,POR,2012-13,69,1206,12.1,0.596,0.025,0.321,7.6,17.1,12.3,4.3,0.5,2.4,13.4,13.9,1.8,0.7,2.4,0.097,-2.2,-0.5,-2.6,-0.2
Meyers Leonard,C,21,POR,2013-14,40,355,9.4,0.489,0.066,0.231,8.0,25.5,16.8,7.3,1.0,1.0,13.0,14.2,0.2,0.5,0.6,0.086,-3.6,0.4,-3.3,-0.1
Meyers Leonard,C,22,POR,2014-15,55,847,14.8,0.631,0.457,0.131,5.9,25.3,15.8,5.8,0.6,1.2,13.1,15.8,1.6,1.2,2.8,0.158,0.1,0.0,0.2,0.5
Meyers Leonard,PF,23,POR,2015-16,61,1333,11.3,0.561,0.524,0.106,4.1,21.4,12.8,10.6,0.3,1.1,14.5,17.4,1.2,1.0,2.2,0.078,-0.5,-1.0,-1.5,0.2
Meyers Leonard,PF,24,POR,2016-17,74,1222,8.9,0.507,0.563,0.106,2.4,19.1,10.8,8.4,0.5,1.8,8.1,15.5,0.5,0.8,1.4,0.053,-2.1,-1.3,-3.3,-0.4
Meyers Leonard,C,25,POR,2017-18,33,254,17.8,0.676,0.333,0.141,5.2,24.7,15.0,10.6,1.4,0.0,10.8,16.1,0.7,0.3,1.1,0.2,1.2,-0.2,0.9,0.2
Meyers Leonard,C,26,POR,2018-19,61,878,15.8,0.675,0.459,0.211,6.1,21.8,14.2,11.8,0.7,0.8,14.0,14.8,2.1,0.9,3.0,0.164,1.8,-0.4,1.4,0.8
Michael Beasley,PF,20,MIA,2008-09,81,2009,17.2,0.528,0.085,0.252,6.5,19.8,13.1,7.7,1.1,1.5,10.2,27.7,1.2,2.2,3.4,0.081,-2.4,-1.9,-4.3,-1.2
Michael Beasley,PF,21,MIA,2009-10,78,2328,16.1,0.505,0.098,0.231,6.3,18.8,12.6,7.8,1.8,1.7,10.3,25.8,0.8,3.8,4.6,0.095,-2.0,0.3,-1.7,0.2
Michael Beasley,SF,22,MIN,2010-11,73,2361,15.5,0.51,0.132,0.234,5.4,14.1,9.6,12.3,1.1,1.7,12.4,28.3,0.7,1.0,1.7,0.035,-0.8,-1.6,-2.4,-0.3
Michael Beasley,SF,23,MIN,2011-12,47,1087,13.0,0.502,0.203,0.191,4.0,17.2,10.6,7.7,0.9,1.2,12.9,25.3,-0.3,0.8,0.5,0.022,-2.5,-1.4,-3.9,-0.5
Michael Beasley,SF,24,PHO,2012-13,75,1554,10.8,0.462,0.188,0.164,3.7,17.2,10.3,12.5,1.0,1.6,14.9,27.6,-2.5,1.0,-1.5,-0.047,-4.4,-1.7,-6.1,-1.6
Michael Beasley,SF,25,MIA,2013-14,55,831,16.8,0.559,0.152,0.223,4.9,20.5,13.0,8.8,1.5,2.2,12.8,25.7,0.5,1.1,1.6,0.092,-2.2,-1.2,-3.5,-0.3
Michael Beasley,PF,26,MIA,2014-15,24,505,10.6,0.474,0.16,0.123,2.9,17.9,10.6,11.5,1.6,2.2,14.2,24.2,-0.6,0.5,-0.1,-0.007,-4.3,-0.4,-4.7,-0.3
Michael Beasley,PF,27,HOU,2015-16,20,363,22.5,0.563,0.044,0.239,8.8,21.1,14.9,9.1,1.5,2.1,9.6,29.7,0.6,0.3,1.0,0.128,-0.8,-2.5,-3.4,-0.1
Michael Beasley,PF,28,MIL,2016-17,56,935,17.8,0.584,0.106,0.259,5.0,18.9,12.0,9.9,1.5,2.5,12.7,25.3,0.8,1.0,1.8,0.092,-1.7,-1.1,-2.9,-0.2
Michael Beasley,PF,29,NYK,2017-18,74,1653,17.8,0.556,0.107,0.197,6.5,21.2,13.9,12.5,1.1,2.3,14.0,26.9,0.9,1.5,2.4,0.069,-1.0,-0.4,-1.5,0.2
Michael Beasley,PF,30,LAL,2018-19,26,277,15.9,0.532,0.111,0.255,4.9,17.2,11.2,14.8,1.5,3.0,13.7,29.5,-0.1,0.4,0.2,0.039,-3.7,-0.4,-4.0,-0.1
Michael Bradley,PF,26,PHI,2005-06,46,367,8.4,0.417,0.063,0.038,12.7,21.4,17.1,6.9,0.7,1.4,19.1,12.3,-0.2,0.3,0.1,0.019,-4.7,-0.7,-5.4,-0.3
Michael Carter-Williams,PG,22,PHI,2013-14,70,2414,15.5,0.48,0.197,0.348,4.3,15.6,9.8,30.2,2.6,1.4,16.9,25.7,-0.8,2.1,1.3,0.026,-0.6,0.4,-0.2,1.1
Michael Carter-Williams,PG,23,TOT,2014-15,66,2149,14.1,0.461,0.166,0.317,3.2,15.3,9.0,37.3,2.6,1.1,19.5,26.7,-2.1,2.9,0.8,0.017,-1.6,0.9,-0.7,0.7
Michael Carter-Williams,PG,24,MIL,2015-16,54,1649,13.9,0.497,0.099,0.292,3.4,15.7,9.6,26.6,2.5,2.1,19.6,21.3,-0.4,1.6,1.2,0.035,-1.6,0.9,-0.8,0.5
Michael Carter-Williams,PG,25,CHI,2016-17,45,846,9.9,0.437,0.209,0.252,3.0,16.6,9.8,20.0,2.3,2.2,16.3,20.9,-1.0,1.3,0.2,0.013,-4.1,1.7,-2.4,-0.1
Michael Carter-Williams,PG,26,CHO,2017-18,52,835,10.8,0.446,0.258,0.389,4.7,13.3,8.9,19.4,2.6,2.3,16.2,16.6,-0.2,1.1,0.9,0.05,-2.6,2.0,-0.6,0.3
Michael Carter-Williams,PG,27,TOT,2018-19,28,372,14.7,0.458,0.309,0.431,5.4,15.0,10.1,26.5,2.6,3.4,12.0,19.4,0.2,0.6,0.8,0.099,-2.0,2.0,0.0,0.2
Michael Carter-Williams,PG,27,HOU,2018-19,16,145,12.7,0.476,0.311,0.426,2.2,7.8,5.0,22.7,3.0,3.5,12.1,24.7,0.0,0.2,0.1,0.044,-3.3,-0.3,-3.7,-0.1
Michael Carter-Williams,PG,27,ORL,2018-19,12,227,16.1,0.44,0.306,0.435,7.4,19.6,13.5,28.9,2.4,3.3,11.9,16.1,0.2,0.4,0.6,0.134,-1.1,3.5,2.4,0.3
Michael Doleac,C,28,MIA,2005-06,31,371,9.9,0.484,0.0,0.341,7.6,18.9,13.5,3.2,1.4,1.4,12.2,14.3,0.1,0.5,0.6,0.079,-4.3,-0.1,-4.4,-0.2
Michael Doleac,C,29,MIA,2006-07,56,698,11.0,0.518,0.006,0.234,7.6,18.3,13.1,5.1,1.4,1.7,13.5,15.1,0.3,0.9,1.2,0.086,-3.9,0.2,-3.6,-0.3
Michael Doleac,C,30,MIN,2007-08,24,257,7.5,0.446,0.0,0.032,7.0,15.4,11.1,4.1,2.0,3.1,15.8,13.3,-0.2,0.2,0.0,0.005,-5.2,1.1,-4.1,-0.1
Michael Finley,SG,32,SAS,2005-06,77,2038,12.7,0.523,0.401,0.165,1.8,12.2,7.2,9.3,1.0,0.2,7.7,18.9,2.0,2.9,5.0,0.117,-0.1,-0.3,-0.4,0.8
Michael Finley,SF,33,SAS,2006-07,82,1823,13.7,0.524,0.431,0.148,2.3,12.0,7.4,9.7,0.9,0.6,6.1,19.6,2.1,2.6,4.7,0.125,0.1,-0.6,-0.4,0.7
Michael Finley,SG,34,SAS,2007-08,82,2204,11.4,0.519,0.469,0.105,1.5,12.0,6.8,8.6,0.7,0.3,6.6,18.5,1.3,2.9,4.2,0.091,-0.6,-0.4,-1.0,0.5
Michael Finley,SF,35,SAS,2008-09,81,2336,11.4,0.547,0.463,0.09,1.3,12.3,6.9,7.7,0.9,0.5,7.8,16.1,1.6,2.8,4.4,0.091,-0.6,0.1,-0.5,0.9
Michael Finley,SF,36,TOT,2009-10,46,709,9.0,0.53,0.446,0.082,1.0,10.7,6.0,9.2,0.7,0.6,9.9,13.8,0.3,0.7,1.0,0.066,-1.9,-0.7,-2.6,-0.1
Michael Gbinije,SG,24,DET,2016-17,9,32,-2.1,0.184,0.4,0.2,6.6,3.5,5.1,7.9,0.0,0.0,0.0,15.0,-0.1,0.0,-0.1,-0.136,-7.7,-2.8,-10.5,-0.1
Michael Kidd-Gilchrist,SF,19,CHA,2012-13,78,2025,14.0,0.506,0.015,0.305,7.2,18.9,12.9,10.1,1.4,2.8,12.7,17.9,1.1,1.0,2.1,0.051,-2.3,0.1,-2.2,-0.1
Michael Kidd-Gilchrist,SF,20,CHA,2013-14,62,1502,12.0,0.516,0.025,0.521,8.2,16.2,12.2,5.4,1.5,2.1,12.1,15.2,0.9,2.2,3.1,0.098,-2.7,1.7,-0.9,0.4
Michael Kidd-Gilchrist,SF,21,CHO,2014-15,55,1587,15.1,0.519,0.0,0.444,7.4,21.9,14.4,8.2,1.0,1.9,9.9,18.4,1.6,2.2,3.8,0.114,-2.2,1.3,-0.8,0.5
Michael Kidd-Gilchrist,SF,22,CHO,2015-16,7,205,16.9,0.603,0.115,0.475,6.3,17.8,12.0,7.3,0.7,1.2,9.8,18.0,0.4,0.2,0.6,0.152,-0.7,-0.7,-1.4,0.0
Michael Kidd-Gilchrist,SF,23,CHO,2016-17,81,2349,14.3,0.528,0.015,0.314,7.3,19.3,13.2,7.4,1.7,2.9,7.4,14.6,2.7,3.1,5.8,0.119,-2.0,2.2,0.2,1.3
Michael Kidd-Gilchrist,SF,24,CHO,2017-18,74,1850,12.5,0.536,0.004,0.305,4.8,13.0,8.8,5.9,1.3,1.4,7.7,16.1,1.7,1.6,3.3,0.084,-2.0,0.3,-1.7,0.1
Michael Kidd-Gilchrist,PF,25,CHO,2018-19,64,1179,13.3,0.553,0.142,0.37,7.9,14.8,11.3,7.4,1.3,2.9,10.0,15.7,1.5,1.0,2.5,0.1,-1.7,0.4,-1.3,0.2
Michael Olowokandi,C,30,TOT,2005-06,48,919,8.3,0.456,0.0,0.196,6.7,21.7,14.4,4.1,1.3,2.7,17.4,16.2,-1.1,1.4,0.3,0.014,-6.0,0.8,-5.2,-0.7
Michael Olowokandi,C,30,MIN,2005-06,32,752,8.6,0.455,0.0,0.2,7.4,20.8,14.3,3.7,1.4,2.7,16.2,16.0,-0.8,1.2,0.4,0.023,-5.6,1.0,-4.6,-0.5
Michael Olowokandi,C,30,BOS,2005-06,16,167,6.8,0.464,0.0,0.178,3.7,25.6,15.0,5.8,0.9,2.7,22.4,17.2,-0.3,0.2,-0.1,-0.028,-8.1,0.1,-8.1,-0.3
Michael Olowokandi,C,31,BOS,2006-07,24,234,4.5,0.423,0.0,0.065,7.0,17.8,12.3,3.3,1.8,4.3,26.4,12.5,-0.4,0.3,-0.1,-0.017,-7.1,2.3,-4.8,-0.2
Michael Redd,SG,26,MIL,2005-06,80,3130,21.2,0.574,0.272,0.377,2.9,10.2,6.5,13.8,1.6,0.1,8.8,28.3,8.8,2.0,10.8,0.166,4.5,-2.0,2.4,3.5
Michael Redd,SF,27,MIL,2006-07,53,2036,22.3,0.586,0.299,0.406,2.4,9.0,5.7,11.0,1.6,0.3,9.2,29.5,5.8,0.3,6.1,0.145,4.2,-3.6,0.5,1.3
Michael Redd,SG,28,MIL,2007-08,72,2702,18.8,0.559,0.289,0.394,3.5,10.2,6.7,16.4,1.3,0.4,11.0,27.3,5.6,0.2,5.8,0.104,3.4,-2.9,0.5,1.7
Michael Redd,SG,29,MIL,2008-09,33,1203,17.9,0.566,0.349,0.294,2.3,8.5,5.3,13.2,1.5,0.1,7.9,25.0,2.3,0.9,3.2,0.128,3.2,-2.0,1.1,1.0
Michael Redd,SG,30,MIL,2009-10,18,492,12.1,0.444,0.282,0.31,2.4,10.4,6.2,13.0,2.0,0.3,5.8,23.7,-0.1,0.7,0.6,0.059,-1.6,-0.5,-2.1,0.0
Michael Redd,SG,31,MIL,2010-11,10,134,9.7,0.47,0.378,0.089,0.0,7.1,3.5,15.6,0.8,0.6,7.9,17.7,0.0,0.1,0.1,0.048,-3.0,-2.1,-5.1,-0.1
Michael Redd,SG,32,PHO,2011-12,51,770,13.9,0.511,0.367,0.308,2.1,9.1,5.6,7.1,0.9,0.0,8.3,26.3,0.6,0.2,0.8,0.052,-0.2,-4.0,-4.2,-0.4
Michael Ruffin,C,29,WAS,2005-06,76,1010,8.1,0.479,0.026,0.961,13.6,17.7,15.6,3.7,1.7,2.4,25.8,6.5,0.6,1.1,1.7,0.081,-2.4,2.1,-0.3,0.4
Michael Ruffin,PF,30,WAS,2006-07,30,271,4.4,0.322,0.0,1.056,14.4,11.8,13.1,2.9,1.1,2.3,31.3,6.2,-0.1,0.1,0.0,0.002,-3.9,0.6,-3.3,-0.1
Michael Ruffin,C,31,MIL,2007-08,46,632,12.1,0.507,0.0,1.016,16.1,18.6,17.3,5.4,2.6,2.4,17.5,7.7,0.7,0.6,1.2,0.095,-1.2,2.0,0.8,0.4
Michael Ruffin,PF,32,POR,2008-09,11,35,10.3,0.381,0.0,0.286,20.9,18.0,19.5,0.0,4.7,2.3,20.2,13.3,0.0,0.1,0.1,0.08,-4.5,0.0,-4.5,0.0
Mickaël Gelabale,SF,23,SEA,2006-07,70,1239,9.8,0.535,0.178,0.311,5.7,11.1,8.4,6.7,1.0,1.4,14.0,12.8,0.9,0.4,1.3,0.05,-1.7,-0.6,-2.3,-0.1
Mickaël Gelabale,SG,24,SEA,2007-08,39,465,10.5,0.509,0.236,0.115,3.8,9.8,6.8,11.1,1.1,1.4,14.1,17.9,0.0,0.2,0.2,0.021,-2.6,-1.0,-3.6,-0.2
Mickaël Gelabale,SF,29,MIN,2012-13,36,644,11.8,0.605,0.374,0.173,5.5,12.3,8.8,6.4,1.3,0.5,9.7,11.5,1.0,0.5,1.5,0.114,-0.1,0.0,-0.1,0.3
Mickaël Piétrus,SF,23,GSW,2005-06,52,1179,10.0,0.5,0.421,0.342,5.4,10.2,7.7,6.2,1.4,0.6,14.0,21.1,-0.3,0.9,0.6,0.024,-1.9,-1.5,-3.4,-0.4
Mickaël Piétrus,SF,24,GSW,2006-07,72,1937,13.0,0.59,0.41,0.358,4.5,14.2,9.3,4.7,1.2,2.2,13.4,17.2,2.0,1.5,3.6,0.088,-0.4,-0.5,-0.9,0.5
Mickaël Piétrus,SF,25,GSW,2007-08,66,1316,12.7,0.549,0.473,0.253,5.2,14.8,9.8,5.1,2.4,2.4,10.0,15.3,1.4,1.4,2.8,0.104,-0.2,0.5,0.3,0.8
Mickaël Piétrus,SG,26,ORL,2008-09,54,1329,11.6,0.538,0.523,0.258,3.8,10.9,7.5,8.0,1.2,1.3,10.6,18.4,1.0,2.0,3.0,0.108,-0.2,0.7,0.5,0.8
Mickaël Piétrus,SF,27,ORL,2009-10,75,1687,11.9,0.555,0.568,0.202,2.8,11.6,7.4,4.7,1.6,1.4,10.5,18.0,1.2,2.5,3.6,0.103,0.2,0.5,0.7,1.1
Mickaël Piétrus,SG,28,TOT,2010-11,57,1107,9.8,0.526,0.647,0.156,1.6,11.5,6.6,4.6,1.3,1.4,9.1,17.6,0.3,1.0,1.3,0.055,-0.7,-0.7,-1.4,0.2
Mickaël Piétrus,SG,29,BOS,2011-12,42,921,8.5,0.509,0.674,0.115,2.4,13.7,8.3,4.4,1.2,0.8,10.4,16.5,-0.2,1.4,1.2,0.063,-1.4,-0.3,-1.6,0.1
Mickaël Piétrus,SF,30,TOR,2012-13,19,386,6.0,0.472,0.653,0.184,1.5,9.7,5.5,3.5,1.7,1.2,13.1,14.7,-0.3,0.2,0.0,-0.004,-2.7,-0.9,-3.6,-0.2
Mickell Gladness,PF,25,TOT,2011-12,26,252,9.5,0.436,0.0,0.203,6.4,19.8,13.2,2.9,0.8,6.1,9.8,13.1,-0.1,0.2,0.2,0.029,-5.9,1.1,-4.8,-0.2
Mikal Bridges,SF,22,PHO,2018-19,82,2417,10.8,0.556,0.556,0.21,2.5,9.7,6.0,9.8,2.5,1.3,10.2,12.2,1.7,1.2,2.9,0.058,-0.5,0.3,-0.2,1.1
Mike Bibby,PG,27,SAC,2005-06,82,3167,17.9,0.554,0.36,0.292,1.1,7.7,4.4,25.2,1.4,0.2,11.3,25.4,6.0,2.4,8.4,0.127,3.2,-2.3,1.0,2.4
Mike Bibby,PG,28,SAC,2006-07,82,2784,16.0,0.532,0.413,0.298,1.6,9.6,5.5,24.3,1.6,0.2,13.0,24.5,2.9,1.5,4.4,0.076,2.1,-2.0,0.1,1.4
Mike Bibby,PG,29,TOT,2007-08,48,1573,14.5,0.515,0.411,0.166,1.2,10.6,6.0,30.9,1.8,0.2,15.5,22.0,1.1,0.9,2.1,0.063,1.3,-2.3,-1.0,0.4
Mike Bibby,PG,29,SAC,2007-08,15,473,13.5,0.494,0.318,0.161,2.8,11.0,7.0,26.3,2.0,0.3,15.6,23.0,0.0,0.3,0.3,0.035,0.1,-1.7,-1.6,0.1
Mike Bibby,PG,29,ATL,2007-08,33,1100,14.9,0.526,0.455,0.168,0.5,10.4,5.5,32.9,1.7,0.1,15.5,21.5,1.1,0.6,1.7,0.076,1.7,-2.6,-0.8,0.3
Mike Bibby,PG,30,ATL,2008-09,79,2740,16.3,0.544,0.426,0.17,1.6,10.3,6.0,24.2,1.9,0.3,10.6,20.6,4.4,2.5,6.9,0.121,2.6,-0.9,1.7,2.6
Mike Bibby,PG,31,ATL,2009-10,80,2195,12.7,0.538,0.503,0.123,1.1,8.8,4.9,20.8,1.6,0.1,11.7,16.1,3.0,1.7,4.8,0.104,1.2,-1.5,-0.2,1.0
Mike Bibby,PG,32,TOT,2010-11,80,2285,10.9,0.57,0.604,0.108,0.9,9.2,5.1,17.9,1.2,0.3,14.3,14.6,2.2,1.8,4.0,0.085,0.6,-1.2,-0.6,0.8
Mike Bibby,PG,33,NYK,2011-12,39,557,7.8,0.404,0.685,0.065,1.0,11.3,6.1,21.2,1.9,0.4,13.6,11.9,0.0,0.7,0.7,0.061,-2.3,-0.2,-2.5,-0.1
Mike Conley,PG,20,MEM,2007-08,53,1381,12.6,0.502,0.206,0.278,1.7,9.7,5.6,25.3,1.6,0.1,15.2,18.8,0.6,0.5,1.1,0.038,-1.1,-1.8,-3.0,-0.3
Mike Conley,PG,21,MEM,2008-09,82,2508,14.3,0.548,0.297,0.27,1.2,12.5,6.8,23.7,1.9,0.3,14.9,17.9,2.7,1.9,4.5,0.086,0.5,-0.7,-0.2,1.1
Mike Conley,PG,22,MEM,2009-10,80,2569,13.9,0.526,0.255,0.225,1.4,7.3,4.3,24.8,2.2,0.4,15.7,18.4,2.6,1.3,4.0,0.074,0.7,-1.4,-0.7,0.8
Mike Conley,PG,23,MEM,2010-11,81,2872,15.9,0.521,0.228,0.259,1.3,9.0,5.1,28.0,2.6,0.5,14.2,19.4,3.4,3.2,6.6,0.111,1.4,-0.1,1.3,2.4
Mike Conley,PG,24,MEM,2011-12,62,2174,16.8,0.523,0.232,0.231,1.2,7.4,4.2,29.8,3.3,0.4,14.2,18.3,3.6,2.8,6.4,0.141,1.8,0.1,1.9,2.1
Mike Conley,PG,25,MEM,2012-13,80,2757,18.3,0.549,0.312,0.3,1.8,7.9,4.8,29.5,3.4,0.7,15.1,21.0,5.1,4.7,9.9,0.172,3.1,1.1,4.1,4.3
Mike Conley,PG,26,MEM,2013-14,73,2446,20.0,0.545,0.283,0.268,2.0,8.4,5.2,30.1,2.4,0.4,11.5,24.6,5.5,2.7,8.2,0.161,4.1,-0.7,3.4,3.3
Mike Conley,PG,27,MEM,2014-15,70,2225,18.6,0.558,0.314,0.282,1.5,9.2,5.4,28.0,2.1,0.5,13.6,23.7,4.2,2.7,6.8,0.147,3.2,-0.5,2.7,2.6
Mike Conley,PG,28,MEM,2015-16,56,1761,19.4,0.538,0.309,0.329,1.6,9.3,5.3,32.7,2.0,0.8,9.5,22.4,4.2,1.1,5.3,0.145,3.7,-1.9,1.7,1.7
Mike Conley,PG,29,MEM,2016-17,69,2292,23.2,0.604,0.415,0.365,1.5,10.8,6.0,34.5,2.1,0.8,11.8,26.3,7.5,2.5,10.0,0.209,6.5,-0.8,5.7,4.5
Mike Conley,PG,30,MEM,2017-18,12,373,15.4,0.52,0.458,0.393,0.0,8.6,4.2,22.2,1.6,0.8,8.4,25.9,0.4,0.2,0.6,0.077,1.2,-3.5,-2.3,0.0
Mike Conley,PG,31,MEM,2018-19,70,2342,21.4,0.569,0.38,0.363,1.9,9.7,5.7,33.4,2.0,0.9,9.1,27.3,5.7,2.3,8.0,0.164,4.8,-1.3,3.4,3.2
Mike Dunleavy,SF,25,GSW,2005-06,81,2578,12.5,0.503,0.319,0.309,3.3,14.2,8.6,15.0,1.2,0.9,11.5,18.1,1.9,2.3,4.2,0.077,-0.7,0.4,-0.3,1.1
Mike Dunleavy,SG,26,TOT,2006-07,82,2580,14.1,0.542,0.264,0.316,3.6,15.5,9.4,14.2,1.6,0.6,13.3,19.0,2.6,2.5,5.1,0.095,-0.1,0.3,0.2,1.4
Mike Dunleavy,PF,26,GSW,2006-07,39,1051,14.6,0.538,0.281,0.273,4.1,15.7,9.8,16.7,1.8,0.9,14.6,19.7,1.0,0.9,1.9,0.086,-0.3,0.0,-0.3,0.4
Mike Dunleavy,SG,26,IND,2006-07,43,1529,13.8,0.544,0.25,0.35,3.3,15.4,9.2,12.4,1.6,0.5,12.3,18.5,1.6,1.6,3.2,0.102,0.1,0.4,0.6,1.0
Mike Dunleavy,SG,27,IND,2007-08,82,2953,17.3,0.605,0.348,0.361,2.1,13.7,7.8,16.1,1.4,0.8,12.8,21.8,5.9,2.6,8.5,0.138,2.5,-0.4,2.1,3.1
Mike Dunleavy,SG,28,IND,2008-09,18,495,14.4,0.52,0.388,0.28,3.1,12.1,7.6,14.2,1.2,1.3,12.7,26.3,0.1,0.4,0.5,0.048,-0.1,-2.0,-2.1,0.0
Mike Dunleavy,SF,29,IND,2009-10,67,1486,13.1,0.531,0.423,0.283,1.8,15.6,8.7,11.3,1.3,0.7,10.3,20.7,0.8,1.5,2.3,0.075,-0.9,-1.0,-1.9,0.0
Mike Dunleavy,SG,30,IND,2010-11,61,1683,14.6,0.593,0.488,0.24,1.9,16.2,9.1,10.1,1.2,1.3,10.7,16.9,2.6,1.9,4.5,0.129,1.1,0.2,1.3,1.4
Mike Dunleavy,SF,31,MIL,2011-12,55,1445,16.6,0.597,0.413,0.284,2.2,13.7,7.8,13.0,1.0,0.4,9.3,19.0,3.5,0.9,4.4,0.146,2.6,-1.7,1.0,1.1
Mike Dunleavy,SF,32,MIL,2012-13,75,1943,13.6,0.577,0.479,0.205,1.7,14.9,8.0,11.5,1.0,1.3,11.7,17.3,2.7,1.7,4.4,0.109,0.5,-0.6,-0.1,0.9
Mike Dunleavy,SF,33,CHI,2013-14,82,2584,12.6,0.549,0.419,0.212,2.1,13.0,7.6,12.3,1.3,1.4,11.3,17.0,2.4,4.1,6.5,0.121,-0.3,1.1,0.7,1.8
Mike Dunleavy,SF,34,CHI,2014-15,63,1838,11.6,0.573,0.547,0.181,1.7,12.7,7.3,9.7,1.1,0.8,10.4,14.2,2.4,1.7,4.1,0.108,0.6,-0.2,0.4,1.1
Mike Dunleavy,SF,35,CHI,2015-16,31,703,9.1,0.543,0.527,0.197,1.2,11.0,6.2,8.1,1.0,1.0,11.3,14.4,0.4,0.5,0.9,0.063,-1.2,-0.9,-2.1,0.0
Mike Dunleavy,SF,36,TOT,2016-17,53,841,10.1,0.573,0.609,0.205,2.4,12.4,7.5,8.6,0.9,0.7,10.5,14.0,0.8,0.7,1.5,0.086,-1.0,-1.2,-2.2,0.0
Mike Hall,SF,22,WAS,2006-07,2,13,3.1,0.25,0.0,0.0,8.6,9.1,8.8,11.0,0.0,0.0,0.0,13.5,0.0,0.0,0.0,-0.073,-5.9,-3.5,-9.4,0.0
Mike Harris,PF,24,HOU,2007-08,17,159,17.1,0.519,0.037,0.241,17.3,21.0,19.2,3.2,2.0,1.4,13.1,19.7,0.1,0.3,0.5,0.143,-2.5,-0.3,-2.8,0.0
Mike Harris,PF,26,TOT,2009-10,13,96,7.2,0.416,0.033,0.367,11.5,17.3,14.3,4.8,2.7,0.8,20.5,20.2,-0.2,0.1,-0.1,-0.037,-6.9,-0.6,-7.5,-0.1
Mike Harris,PF,27,HOU,2010-11,4,16,17.9,0.515,0.0,0.667,14.1,21.3,17.7,10.2,0.0,4.3,11.4,24.2,0.0,0.0,0.0,0.102,-2.3,-1.1,-3.4,0.0
Mike Harris,PF,30,UTA,2013-14,20,225,15.3,0.576,0.033,0.443,7.4,9.5,8.4,3.6,3.7,2.4,13.1,17.1,0.3,0.2,0.5,0.116,-1.4,0.6,-0.7,0.1
Mike James,PG,30,TOR,2005-06,79,2925,19.8,0.583,0.311,0.275,1.8,9.5,5.5,28.2,1.3,0.1,13.0,25.0,7.7,-0.1,7.6,0.125,4.8,-2.9,1.9,2.9
Mike James,PG,31,MIN,2006-07,82,2069,13.3,0.528,0.306,0.262,1.5,7.8,4.7,23.7,1.4,0.3,14.1,20.5,1.8,1.1,2.8,0.065,0.0,-2.3,-2.3,-0.2
Mike James,PG,32,TOT,2007-08,54,720,8.6,0.437,0.334,0.166,2.2,8.7,5.5,13.4,1.6,0.2,10.4,22.1,-0.5,0.9,0.3,0.023,-3.4,-1.4,-4.8,-0.5
Mike James,PG,32,HOU,2007-08,33,537,9.6,0.44,0.327,0.186,2.3,8.5,5.5,16.4,1.7,0.3,10.6,23.3,-0.3,0.7,0.4,0.037,-3.0,-1.1,-4.0,-0.3
Mike James,PG,32,NOH,2007-08,21,183,5.7,0.428,0.359,0.094,1.9,9.2,5.4,4.8,1.2,0.0,9.5,18.7,-0.2,0.1,-0.1,-0.018,-4.8,-2.3,-7.1,-0.2
Mike James,PG,33,TOT,2008-09,61,1649,9.7,0.483,0.358,0.16,1.7,7.9,4.7,19.1,1.4,0.3,14.6,17.8,-0.2,0.0,-0.1,-0.004,-1.4,-2.6,-4.0,-0.8
Mike James,PG,33,NOH,2008-09,8,74,5.8,0.386,0.16,0.08,1.6,9.8,5.7,17.2,1.5,0.0,10.4,18.8,-0.1,0.1,0.0,-0.031,-5.8,-2.0,-7.7,-0.1
Mike James,PG,33,WAS,2008-09,53,1575,9.9,0.487,0.368,0.164,1.7,7.8,4.7,19.2,1.4,0.3,14.8,17.8,-0.1,0.0,-0.1,-0.003,-1.2,-2.7,-3.8,-0.7
Mike James,PG,34,WAS,2009-10,4,46,5.5,0.383,0.3,0.4,2.5,5.1,3.8,17.3,3.4,0.0,17.5,28.1,-0.2,0.0,-0.1,-0.14,-5.9,-2.5,-8.5,-0.1
Mike James,PG,36,CHI,2011-12,11,120,13.7,0.505,0.204,0.163,1.9,7.3,4.6,39.8,1.8,1.2,21.0,25.3,0.1,0.2,0.3,0.111,-0.9,-1.9,-2.9,0.0
Mike James,PG,37,DAL,2012-13,45,862,9.5,0.481,0.461,0.107,1.2,8.0,4.7,23.7,1.5,0.3,16.2,17.9,0.0,0.5,0.4,0.024,-1.3,-2.2,-3.4,-0.3
Mike James,PG,38,CHI,2013-14,11,77,1.5,0.251,0.238,0.095,0.0,10.2,5.2,34.1,1.4,0.0,18.6,16.1,-0.2,0.1,-0.1,-0.073,-8.6,-2.1,-10.6,-0.2
Mike James,PG,27,TOT,2017-18,36,687,13.9,0.469,0.305,0.262,2.0,12.2,7.0,29.4,2.0,0.8,12.0,25.1,-0.1,0.3,0.2,0.017,-0.9,-1.8,-2.6,-0.1
Mike Miller,SG,25,MEM,2005-06,74,2268,17.2,0.595,0.446,0.276,2.3,18.8,10.6,16.5,1.3,1.0,14.1,21.3,3.9,3.5,7.4,0.157,2.1,0.5,2.6,2.6
Mike Miller,SG,26,MEM,2006-07,70,2740,16.4,0.588,0.493,0.201,2.3,14.2,8.2,18.7,1.0,0.5,14.0,21.1,4.6,0.3,4.8,0.085,3.7,-1.6,2.1,2.8
Mike Miller,SG,27,MEM,2007-08,70,2474,16.1,0.625,0.436,0.257,2.3,19.0,10.6,16.0,0.7,0.5,16.6,19.8,3.9,1.1,5.0,0.098,2.2,-0.8,1.4,2.1
Mike Miller,SF,28,MIN,2008-09,73,2356,13.8,0.588,0.411,0.272,3.5,21.2,12.0,21.6,0.7,1.0,19.1,14.5,2.8,1.4,4.2,0.086,0.6,0.8,1.4,2.1
Mike Miller,SG,29,WAS,2009-10,54,1805,13.9,0.623,0.395,0.196,3.5,18.2,10.7,18.4,1.1,0.5,19.6,14.7,2.5,1.4,3.9,0.104,1.4,0.7,2.0,1.8
Mike Miller,SG,30,MIA,2010-11,41,838,9.7,0.525,0.584,0.168,5.7,19.5,13.0,9.1,1.3,0.2,15.9,14.4,0.4,1.2,1.6,0.09,-0.8,0.2,-0.6,0.3
Mike Miller,SG,31,MIA,2011-12,39,752,11.4,0.561,0.56,0.024,3.6,16.2,10.2,8.7,1.0,0.6,12.4,14.9,0.8,1.0,1.8,0.113,0.1,-0.7,-0.6,0.3
Mike Miller,SF,32,MIA,2012-13,59,900,13.5,0.596,0.758,0.048,2.6,18.0,10.7,16.2,1.2,0.4,12.9,14.4,1.6,1.0,2.6,0.137,1.6,-1.0,0.6,0.6
Mike Miller,SF,33,MEM,2013-14,82,1707,12.5,0.619,0.526,0.126,2.1,12.3,7.2,11.5,0.8,0.2,14.1,14.7,2.6,1.4,3.9,0.111,1.0,-1.0,0.1,0.9
Mike Miller,SF,34,CLE,2014-15,52,701,4.6,0.471,0.86,0.035,0.7,14.0,7.4,9.0,1.0,0.5,16.6,8.9,-0.1,0.5,0.4,0.028,-2.6,-0.3,-3.0,-0.2
Mike Miller,SF,35,DEN,2015-16,47,373,6.5,0.508,0.839,0.0,1.8,14.2,7.9,14.9,1.7,0.9,21.5,9.3,0.1,0.3,0.3,0.04,-2.5,-0.3,-2.7,-0.1
Mike Miller,SF,36,DEN,2016-17,20,151,7.6,0.586,0.87,0.087,1.5,26.1,13.9,18.3,0.6,0.0,35.2,10.4,0.0,0.1,0.1,0.018,-3.2,-0.8,-4.1,-0.1
Mike Muscala,PF,22,ATL,2013-14,20,215,10.8,0.48,0.041,0.192,9.2,18.7,14.0,5.2,0.7,3.7,13.2,19.3,-0.1,0.2,0.2,0.04,-5.6,-0.4,-6.0,-0.2
Mike Muscala,PF,23,ATL,2014-15,40,502,18.0,0.608,0.146,0.166,12.2,14.8,13.5,8.0,1.6,3.2,11.5,16.7,1.2,0.7,1.9,0.179,0.8,0.9,1.7,0.5
Mike Muscala,C,24,ATL,2015-16,60,565,13.6,0.576,0.257,0.257,7.5,14.9,11.3,9.1,1.1,3.8,13.8,15.5,0.7,0.9,1.6,0.136,-2.0,1.5,-0.5,0.2
Mike Muscala,C,25,ATL,2016-17,70,1237,14.4,0.596,0.326,0.19,6.9,14.4,10.7,11.9,1.2,2.8,13.1,14.8,1.8,1.6,3.4,0.132,-0.4,1.5,1.1,1.0
Mike Muscala,C,26,ATL,2017-18,53,1060,14.4,0.597,0.535,0.199,5.9,18.3,12.1,7.3,1.4,2.2,11.0,15.7,1.5,0.9,2.4,0.109,0.0,0.2,0.2,0.6
Mike Muscala,PF,27,TOT,2018-19,64,1306,10.8,0.564,0.709,0.235,4.7,14.7,9.8,7.7,0.8,2.3,10.8,14.3,1.2,1.2,2.5,0.091,-0.3,-0.3,-0.7,0.4
Mike Muscala,PF,27,PHI,2018-19,47,1041,10.4,0.56,0.716,0.277,5.3,14.7,10.2,7.9,0.8,2.0,12.1,14.3,0.9,1.0,1.9,0.087,-0.3,-0.4,-0.7,0.4
Mike Muscala,PF,27,LAL,2018-19,17,265,12.5,0.578,0.687,0.096,2.4,14.5,8.6,7.1,0.7,3.4,5.5,14.3,0.3,0.3,0.6,0.107,-0.6,0.0,-0.6,0.1
Mike Scott,PF,24,ATL,2012-13,40,376,16.3,0.533,0.007,0.381,12.1,21.3,16.7,5.4,0.6,0.4,10.9,23.7,0.5,0.4,0.9,0.11,-3.2,-3.2,-6.4,-0.4
Mike Scott,PF,25,ATL,2013-14,80,1482,15.3,0.559,0.318,0.21,4.9,17.2,11.1,8.9,1.0,0.4,10.3,23.5,1.3,1.2,2.6,0.084,-0.7,-2.3,-3.0,-0.4
Mike Scott,PF,26,ATL,2014-15,68,1123,15.1,0.543,0.424,0.17,4.7,15.2,10.1,10.9,1.1,0.2,7.4,21.4,1.6,1.1,2.7,0.115,0.6,-2.1,-1.6,0.1
Mike Scott,PF,27,ATL,2015-16,75,1146,14.0,0.575,0.42,0.168,5.2,14.2,9.8,10.5,1.1,1.2,9.4,17.4,1.7,1.5,3.2,0.132,-0.2,-0.4,-0.6,0.4
Mike Scott,PF,28,ATL,2016-17,18,195,5.9,0.36,0.458,0.136,5.7,15.0,10.4,12.5,1.0,1.3,11.3,15.8,-0.3,0.2,-0.1,-0.014,-5.3,-0.1,-5.3,-0.2
Mike Scott,PF,29,WAS,2017-18,76,1406,13.6,0.599,0.311,0.145,4.0,15.8,9.9,9.1,0.8,0.6,12.4,20.0,1.4,1.0,2.5,0.085,-0.5,-1.8,-2.3,-0.1
Mike Scott,PF,30,TOT,2018-19,79,1395,8.6,0.528,0.6,0.079,3.4,17.2,10.5,6.4,0.9,0.7,9.2,14.4,0.4,1.2,1.6,0.053,-1.5,-1.2,-2.7,-0.2
Mike Scott,PF,30,LAC,2018-19,52,748,9.4,0.521,0.578,0.078,3.5,20.6,12.3,8.1,1.1,0.8,10.2,14.9,0.1,0.7,0.9,0.055,-1.6,-0.7,-2.3,-0.1
Mike Scott,PF,30,PHI,2018-19,27,647,7.7,0.537,0.626,0.079,3.2,13.2,8.3,4.6,0.7,0.6,8.0,13.8,0.2,0.5,0.7,0.052,-1.4,-1.7,-3.1,-0.2
Mike Sweetney,C,23,CHI,2005-06,66,1222,13.9,0.499,0.0,0.459,11.2,21.7,16.5,8.2,0.8,3.6,15.1,23.2,0.1,2.1,2.1,0.084,-3.5,1.5,-2.1,0.0
Mike Sweetney,C,24,CHI,2006-07,48,385,10.9,0.469,0.0,0.493,13.4,22.1,17.8,11.7,1.2,2.2,20.5,23.7,-0.4,0.8,0.4,0.049,-4.9,1.3,-3.5,-0.2
Mike Taylor,PG,23,LAC,2008-09,51,771,10.1,0.477,0.15,0.303,3.2,10.0,6.5,22.9,2.4,0.0,19.4,22.2,-0.9,0.4,-0.4,-0.028,-3.8,-1.7,-5.5,-0.7
Mike Tobey,C,22,CHO,2016-17,2,25,-0.1,0.25,0.0,0.0,8.7,4.4,6.6,5.4,0.0,0.0,20.0,9.0,0.0,0.0,0.0,-0.07,-7.4,-1.5,-8.9,0.0
Mike Wilks,PG,26,TOT,2005-06,47,348,5.8,0.398,0.211,0.456,3.1,10.4,6.7,13.9,2.1,0.2,18.2,17.3,-0.5,0.2,-0.3,-0.042,-5.3,-1.0,-6.3,-0.4
Mike Wilks,PG,26,CLE,2005-06,37,243,2.0,0.327,0.237,0.203,2.9,10.3,6.6,11.2,1.8,0.3,18.9,15.1,-0.6,0.2,-0.4,-0.075,-7.0,-0.4,-7.3,-0.3
Mike Wilks,PG,26,SEA,2005-06,10,105,14.6,0.503,0.161,0.935,3.4,10.5,6.9,20.2,3.0,0.0,17.1,22.5,0.1,0.0,0.1,0.035,-1.4,-2.4,-3.8,0.0
Mike Wilks,PG,27,SEA,2006-07,47,534,12.7,0.533,0.106,0.298,3.3,8.8,6.1,22.9,1.5,0.6,16.3,16.2,0.6,0.1,0.8,0.07,-1.2,-2.0,-3.2,-0.2
Mike Wilks,PG,28,TOT,2007-08,15,188,8.6,0.543,0.222,0.111,3.0,8.3,5.6,11.3,2.4,0.0,19.2,10.7,0.0,0.2,0.2,0.052,-2.6,-0.4,-2.9,0.0
Mike Wilks,PG,28,DEN,2007-08,8,122,6.4,0.503,0.217,0.087,3.6,7.0,5.3,6.6,2.0,0.0,17.3,10.1,0.0,0.1,0.1,0.032,-3.3,-0.3,-3.6,0.0
Mike Wilks,PG,28,WAS,2007-08,4,44,10.1,0.625,0.5,0.0,2.6,13.7,8.0,9.7,3.7,0.0,20.0,5.2,0.0,0.0,0.1,0.094,-1.4,1.6,0.2,0.0
Mike Wilks,PG,28,SEA,2007-08,3,22,17.7,0.607,0.111,0.222,0.0,4.9,2.5,40.5,2.3,0.0,23.3,25.3,0.0,0.0,0.0,0.074,-0.6,-4.9,-5.6,0.0
Mike Wilks,PG,30,OKC,2009-10,4,59,5.9,0.581,0.25,0.333,2.0,5.7,3.9,10.1,0.0,0.0,22.5,13.5,0.0,0.0,0.0,0.023,-3.6,-2.6,-6.2,-0.1
Mikki Moore,C,30,SEA,2005-06,47,583,8.6,0.509,0.016,0.5,9.0,18.1,13.5,6.8,0.6,2.0,20.9,14.7,0.1,0.0,0.1,0.006,-3.4,-1.4,-4.8,-0.4
Mikki Moore,C,31,NJN,2006-07,79,2082,14.8,0.637,0.002,0.464,8.3,14.5,11.4,6.1,1.2,2.3,15.6,16.2,3.5,2.3,5.7,0.131,-0.7,0.8,0.1,1.1
Mikki Moore,PF,32,SAC,2007-08,82,2385,11.5,0.613,0.004,0.372,8.1,16.2,12.2,5.4,0.7,1.5,16.2,12.7,3.2,1.4,4.6,0.092,-0.7,-0.1,-0.8,0.7
Mikki Moore,PF,33,TOT,2008-09,70,1202,8.9,0.593,0.0,0.296,7.6,17.7,12.7,6.6,0.7,1.2,17.1,10.6,1.2,0.9,2.1,0.083,-2.3,0.1,-2.2,-0.1
Mikki Moore,PF,33,SAC,2008-09,46,746,8.6,0.574,0.0,0.347,7.0,16.9,11.9,5.6,0.9,1.4,16.2,10.0,0.6,0.2,0.8,0.052,-3.0,-0.6,-3.6,-0.3
Mikki Moore,C,33,BOS,2008-09,24,456,9.3,0.621,0.0,0.224,8.7,19.1,14.1,8.3,0.5,0.9,18.4,11.7,0.6,0.7,1.3,0.135,-1.3,1.3,0.1,0.2
Mikki Moore,C,34,GSW,2009-10,23,406,11.2,0.606,0.0,0.122,7.0,12.0,9.5,12.5,0.6,2.3,18.1,12.2,0.5,0.1,0.6,0.071,-1.5,-0.4,-1.9,0.0
Mikki Moore,C,36,GSW,2011-12,7,118,6.3,0.52,0.0,0.35,6.8,14.4,10.6,6.0,1.3,2.0,23.3,11.8,0.0,0.1,0.1,0.022,-4.2,0.1,-4.1,-0.1
Mile Ilić,C,22,NJN,2006-07,5,6,-48.6,0.0,0.0,0.0,0.0,19.5,9.8,0.0,0.0,0.0,50.0,46.6,-0.2,0.0,-0.2,-1.264,-46.4,-7.2,-53.6,-0.1
Miles Bridges,SF,20,CHO,2018-19,80,1696,13.1,0.548,0.391,0.151,4.2,16.6,10.3,8.1,1.6,2.5,8.4,15.1,1.4,1.5,2.9,0.083,-1.2,0.5,-0.6,0.6
Miles Plumlee,C,24,IND,2012-13,14,55,8.8,0.286,0.0,0.19,24.8,19.9,22.3,5.7,0.0,4.0,11.6,21.4,-0.1,0.1,0.0,-0.015,-7.1,-0.6,-7.8,-0.1
Miles Plumlee,C,25,PHO,2013-14,80,1964,14.6,0.529,0.0,0.239,11.3,24.4,17.9,3.3,1.3,3.5,15.4,16.2,1.2,2.8,4.0,0.098,-2.8,1.3,-1.5,0.2
Miles Plumlee,C,26,TOT,2014-15,73,1194,13.4,0.536,0.0,0.181,10.3,19.3,14.8,4.2,1.7,4.3,15.7,12.0,0.9,1.7,2.6,0.103,-2.8,2.5,-0.2,0.5
Miles Plumlee,C,27,MIL,2015-16,61,870,17.4,0.606,0.0,0.253,12.5,18.0,15.2,2.9,1.2,4.9,13.4,15.5,1.4,0.8,2.2,0.124,-1.4,-0.4,-1.8,0.0
Miles Plumlee,C,28,TOT,2016-17,45,484,8.4,0.518,0.0,0.424,9.0,13.3,11.1,6.1,1.9,2.4,21.6,13.1,-0.1,0.5,0.5,0.045,-4.4,0.7,-3.6,-0.2
Miles Plumlee,C,29,ATL,2017-18,55,918,10.6,0.574,0.0,0.333,9.4,18.3,13.9,7.2,0.9,2.8,23.4,12.8,0.1,0.7,0.9,0.046,-3.8,1.3,-2.5,-0.1
Miles Plumlee,C,30,ATL,2018-19,18,173,18.9,0.654,0.0,0.625,9.5,14.3,11.8,14.7,1.6,2.0,14.0,16.7,0.4,0.1,0.5,0.145,0.2,-0.3,-0.1,0.1
Miloš Teodosić,PG,30,LAC,2017-18,45,1134,11.6,0.564,0.644,0.128,1.6,10.5,6.1,26.2,1.0,0.4,20.3,18.2,0.9,0.5,1.4,0.058,0.8,-2.2,-1.4,0.2
Miloš Teodosić,PG,31,LAC,2018-19,15,150,6.5,0.557,0.675,0.175,2.2,8.9,5.7,28.8,0.9,0.5,32.8,18.0,-0.1,0.1,-0.1,-0.019,-2.9,-3.2,-6.1,-0.2
Milt Palacio,PG,27,UTA,2005-06,71,1376,9.9,0.47,0.04,0.372,1.5,10.4,5.9,24.4,1.9,0.8,19.0,19.5,-0.9,1.1,0.2,0.008,-3.7,-1.3,-5.1,-1.1
Milton Doyle,SG,24,BRK,2017-18,10,125,5.2,0.337,0.489,0.17,2.5,12.9,7.6,11.7,2.3,1.2,3.8,18.2,-0.3,0.1,-0.1,-0.052,-5.2,-0.6,-5.8,-0.1
Mindaugas Kuzminskas,SF,27,NYK,2016-17,68,1016,12.4,0.533,0.455,0.184,5.0,8.4,6.7,10.3,1.4,0.9,11.3,19.2,0.8,0.4,1.2,0.055,-0.2,-2.5,-2.7,-0.2
Mindaugas Kuzminskas,SF,28,NYK,2017-18,1,2,-41.1,0.0,0.0,0.0,0.0,0.0,0.0,0.0,0.0,0.0,0.0,43.7,0.0,0.0,0.0,-1.065,-36.7,-12.7,-49.4,0.0
Miroslav Raduljica,C,26,MIL,2013-14,48,465,15.3,0.603,0.0,0.437,12.9,13.7,13.3,8.3,0.8,2.3,15.7,17.3,1.0,0.1,1.1,0.112,-0.6,-1.8,-2.3,0.0
Miroslav Raduljica,C,27,MIN,2014-15,5,23,3.3,0.45,0.0,0.25,9.7,15.4,12.4,0.0,2.2,0.0,18.4,20.9,0.0,0.0,0.0,-0.057,-8.2,-6.2,-14.4,-0.1
Mirza Teletovic,PF,31,MIL,2016-17,70,1133,8.8,0.515,0.73,0.108,1.1,15.4,8.3,6.4,0.5,1.0,7.8,19.1,-0.1,0.7,0.6,0.025,-1.5,-3.4,-4.9,-0.8
Mirza Teletović,PF,27,BRK,2012-13,53,499,12.3,0.495,0.584,0.059,7.8,14.8,11.2,7.7,1.4,1.2,9.5,19.4,0.5,0.5,0.9,0.087,0.4,-1.6,-1.1,0.1
Mirza Teletović,SF,28,BRK,2013-14,72,1396,14.3,0.559,0.66,0.117,5.2,17.6,11.4,7.1,1.1,1.4,8.8,20.5,1.6,1.1,2.7,0.094,1.5,-2.0,-0.5,0.5
Mirza Teletović,PF,29,BRK,2014-15,40,892,10.7,0.5,0.605,0.144,3.4,20.9,12.2,8.1,0.8,1.4,13.5,20.1,-0.3,0.8,0.5,0.026,-1.4,-1.1,-2.6,-0.1
Mirza Teletović,PF,30,PHO,2015-16,79,1686,16.2,0.571,0.592,0.199,3.5,16.3,9.7,9.1,0.9,1.0,9.0,23.4,2.9,0.9,3.8,0.109,2.3,-2.7,-0.5,0.7
Mirza Teletović,PF,32,MIL,2017-18,10,159,13.5,0.623,0.789,0.0,2.2,14.7,8.5,9.5,1.3,0.5,10.9,18.2,0.2,0.1,0.3,0.09,1.6,-3.3,-1.6,0.0
Mitch Creek,SF,26,TOT,2018-19,5,48,20.2,0.55,0.125,0.438,13.2,13.1,13.2,18.6,2.0,0.0,5.0,17.6,0.1,0.0,0.2,0.196,1.9,-0.3,1.7,0.0
Mitch Creek,SF,26,BRK,2018-19,4,36,21.5,0.573,0.1,0.7,14.6,14.5,14.6,20.2,1.3,0.0,0.0,15.3,0.2,0.0,0.2,0.258,3.2,0.0,3.2,0.0
Mitch Creek,SF,26,MIN,2018-19,1,12,16.3,0.5,0.167,0.0,8.8,9.0,8.9,13.6,4.0,0.0,14.3,24.5,0.0,0.0,0.0,0.011,-1.9,-0.9,-2.9,0.0
Mitch McGary,PF,22,OKC,2014-15,32,485,16.6,0.55,0.012,0.242,11.9,24.4,18.2,4.6,1.7,2.6,14.5,19.0,0.6,0.7,1.3,0.127,-2.3,-0.1,-2.4,-0.1
Mitch McGary,PF,23,OKC,2015-16,20,72,7.4,0.474,0.174,0.435,6.4,20.1,13.6,6.0,0.7,2.1,20.3,20.4,-0.1,0.1,0.0,-0.018,-6.2,-1.5,-7.7,-0.1
Mitchell Robinson,C,20,NYK,2018-19,66,1360,22.0,0.692,0.0,0.464,13.3,19.4,16.3,4.2,1.8,10.0,9.1,12.1,4.0,2.2,6.1,0.217,0.5,5.2,5.7,2.7
Mo Williams,PG,23,MIL,2005-06,58,1531,15.0,0.518,0.304,0.18,2.3,8.9,5.5,26.1,1.8,0.4,13.4,23.4,1.5,1.0,2.5,0.079,1.2,-1.7,-0.6,0.6
Mo Williams,PG,24,MIL,2006-07,68,2472,16.3,0.519,0.217,0.177,2.5,13.3,7.8,28.2,1.8,0.2,15.2,24.4,2.2,0.9,3.2,0.061,1.2,-1.3,-0.1,1.2
Mo Williams,PG,25,MIL,2007-08,66,2410,17.0,0.566,0.251,0.211,1.7,9.8,5.6,30.0,1.7,0.3,15.3,22.1,4.1,0.5,4.5,0.091,2.6,-2.3,0.2,1.4
Mo Williams,PG,26,CLE,2008-09,81,2834,17.2,0.588,0.373,0.202,2.1,9.4,5.9,20.1,1.3,0.3,12.7,23.4,6.1,3.7,9.8,0.165,3.0,-0.7,2.3,3.1
Mo Williams,PG,27,CLE,2009-10,69,2359,16.1,0.58,0.434,0.232,1.5,8.6,5.2,25.0,1.6,0.7,15.5,22.0,4.0,2.7,6.7,0.136,2.5,-0.9,1.6,2.2
Mo Williams,PG,28,TOT,2010-11,58,1788,13.9,0.503,0.334,0.242,1.3,8.7,5.0,36.9,1.5,0.4,17.5,24.7,0.4,0.6,1.0,0.026,0.6,-2.9,-2.3,-0.1
Mo Williams,SG,29,LAC,2011-12,52,1472,15.0,0.53,0.391,0.131,1.8,6.2,4.0,18.5,1.9,0.4,11.7,22.9,2.2,0.7,2.8,0.093,1.7,-2.2,-0.5,0.5
Mo Williams,PG,30,UTA,2012-13,46,1418,14.4,0.519,0.289,0.159,2.0,7.2,4.5,33.2,1.7,0.5,18.0,22.3,1.2,0.7,1.8,0.062,1.1,-2.5,-1.4,0.2
Mo Williams,PG,31,POR,2013-14,74,1834,11.8,0.507,0.335,0.132,2.5,6.4,4.5,26.7,1.5,0.4,17.3,20.5,1.0,1.2,2.2,0.056,-0.2,-1.7,-2.0,0.0
Mo Williams,PG,32,TOT,2014-15,68,1980,15.4,0.512,0.405,0.217,1.2,8.9,4.9,37.4,1.2,0.6,15.4,25.2,1.6,0.6,2.1,0.052,2.1,-3.5,-1.3,0.3
Mo Williams,PG,33,CLE,2015-16,41,748,12.4,0.527,0.338,0.139,0.9,9.9,5.4,21.1,1.0,0.5,15.1,22.8,0.4,0.7,1.1,0.067,-1.3,-2.1,-3.3,-0.2
Mohamed Bamba,C,20,ORL,2018-19,47,766,14.9,0.539,0.288,0.259,8.8,24.0,16.3,7.4,0.8,7.0,13.7,17.8,0.3,1.4,1.7,0.106,-3.3,3.1,-0.2,0.4
Monta Ellis,SG,20,GSW,2005-06,49,886,11.1,0.486,0.258,0.186,2.7,10.7,6.6,14.9,1.9,0.9,14.4,20.2,-0.3,0.8,0.5,0.028,-2.7,-0.4,-3.1,-0.2
Monta Ellis,SG,21,GSW,2006-07,77,2638,15.0,0.545,0.142,0.354,2.5,7.7,5.1,18.8,2.4,0.6,15.9,22.4,2.0,1.9,4.0,0.072,-0.4,-0.6,-1.0,0.7
Monta Ellis,SG,22,GSW,2007-08,81,3071,19.0,0.58,0.042,0.34,4.5,9.8,7.0,15.8,2.0,0.6,10.9,21.7,7.1,1.8,9.0,0.14,2.1,-0.4,1.7,2.9
Monta Ellis,SG,23,GSW,2008-09,25,892,14.5,0.503,0.06,0.219,1.7,11.5,6.6,17.5,2.1,0.6,12.4,25.8,-0.1,0.3,0.2,0.012,-1.5,-1.8,-3.3,-0.3
Monta Ellis,SG,24,GSW,2009-10,64,2647,16.7,0.517,0.162,0.276,1.9,9.0,5.4,21.2,2.6,0.7,13.4,29.5,0.0,1.3,1.3,0.023,-0.1,-1.4,-1.5,0.3
Monta Ellis,SG,25,GSW,2010-11,80,3227,18.6,0.536,0.235,0.268,1.5,8.5,4.9,23.4,2.6,0.5,12.3,28.1,4.3,1.7,6.0,0.089,2.0,-1.8,0.2,1.8
Monta Ellis,SG,26,TOT,2011-12,58,2120,17.5,0.509,0.193,0.264,1.1,9.6,5.3,28.6,2.1,0.6,13.2,28.7,1.6,0.9,2.6,0.059,1.3,-1.9,-0.6,0.8
Monta Ellis,SG,27,MIL,2012-13,82,3076,16.2,0.493,0.228,0.26,1.5,9.8,5.5,27.1,2.8,0.9,13.7,26.3,1.2,3.3,4.6,0.071,0.8,0.0,0.8,2.2
Monta Ellis,SG,28,DAL,2013-14,82,3023,16.8,0.532,0.164,0.336,1.5,9.8,5.6,24.8,2.4,0.6,15.2,26.0,2.8,2.1,4.9,0.078,0.6,-0.6,0.0,1.5
Monta Ellis,SG,29,DAL,2014-15,80,2699,16.5,0.509,0.21,0.224,1.4,6.4,3.9,20.5,2.8,0.8,11.7,27.9,1.4,2.2,3.6,0.065,0.7,-0.7,-0.1,1.3
Monta Ellis,SG,30,IND,2015-16,81,2734,13.7,0.504,0.276,0.202,1.7,9.1,5.4,22.2,2.7,1.1,15.4,21.2,0.4,3.9,4.3,0.075,-0.6,0.9,0.3,1.6
Monta Ellis,SG,31,IND,2016-17,74,1998,9.9,0.514,0.242,0.23,1.1,10.3,5.7,17.2,2.0,1.2,18.0,16.8,-0.7,1.7,1.1,0.026,-2.5,0.2,-2.3,-0.2
Monte Morris,PG,22,DEN,2017-18,3,25,27.1,0.727,0.167,0.333,0.0,9.0,4.5,41.2,5.9,0.0,12.7,13.7,0.1,0.0,0.2,0.312,3.6,-1.6,2.0,0.0
Monte Morris,PG,23,DEN,2018-19,82,1970,16.2,0.577,0.323,0.115,1.9,8.8,5.3,21.7,1.8,0.2,6.6,17.1,4.4,1.8,6.2,0.151,1.5,-1.3,0.2,1.1
Montrezl Harrell,PF,22,HOU,2015-16,39,379,14.6,0.635,0.011,0.511,7.2,11.7,9.5,7.2,1.4,2.4,13.4,14.5,0.7,0.2,0.9,0.118,-1.2,-0.7,-1.9,0.0
Montrezl Harrell,C,23,HOU,2016-17,58,1064,19.2,0.662,0.02,0.351,8.3,14.2,11.2,9.6,0.9,3.2,9.9,17.6,3.1,1.0,4.1,0.183,0.8,0.2,0.9,0.8
Montrezl Harrell,C,24,LAC,2017-18,76,1293,24.7,0.647,0.013,0.405,8.9,17.0,13.0,10.1,1.4,3.4,9.5,23.8,4.3,1.3,5.5,0.205,2.4,0.0,2.4,1.5
Montrezl Harrell,C,25,LAC,2018-19,82,2158,23.4,0.636,0.019,0.466,9.3,16.7,13.1,12.5,1.6,4.0,11.0,23.5,6.1,2.6,8.7,0.193,2.6,1.6,4.2,3.4
Moochie Norris,PG,32,TOT,2005-06,45,424,10.1,0.479,0.125,0.375,3.4,11.7,7.5,20.1,2.6,0.2,20.2,18.2,-0.3,0.5,0.3,0.029,-3.7,0.2,-3.5,-0.2
Moochie Norris,PG,32,HOU,2005-06,29,241,10.4,0.448,0.077,0.262,4.5,12.0,8.3,20.9,3.2,0.3,18.1,17.5,-0.2,0.4,0.2,0.046,-3.9,1.3,-2.6,0.0
Moochie Norris,PG,32,NOK,2005-06,16,183,9.6,0.517,0.191,0.532,1.9,11.4,6.5,19.0,1.8,0.0,22.7,19.1,-0.1,0.1,0.0,0.006,-3.4,-1.3,-4.8,-0.1
Moritz Wagner,C,21,LAL,2018-19,43,446,10.1,0.533,0.45,0.31,4.0,15.4,9.8,7.4,1.1,2.4,16.7,21.7,-0.3,0.5,0.2,0.02,-4.0,-1.1,-5.1,-0.3
Morris Almond,SG,22,UTA,2007-08,9,39,2.0,0.368,0.267,0.4,0.0,6.2,3.1,10.5,1.3,0.0,10.2,22.5,-0.1,0.0,-0.1,-0.081,-6.9,-4.0,-11.0,-0.1
Morris Almond,SG,23,UTA,2008-09,25,255,7.3,0.498,0.21,0.321,4.2,12.6,8.4,4.2,0.8,1.2,14.8,19.1,-0.1,0.2,0.1,0.01,-4.7,-2.1,-6.8,-0.3
Morris Almond,SG,26,WAS,2011-12,4,67,8.7,0.382,0.176,0.176,1.7,11.9,6.7,4.4,5.4,0.0,5.2,12.9,-0.1,0.1,0.0,0.032,-3.8,1.8,-2.0,0.0
Morris Peterson,SG,28,TOR,2005-06,82,3140,15.3,0.561,0.409,0.268,2.4,12.8,7.4,10.0,1.7,0.4,9.3,19.9,5.2,0.6,5.9,0.09,2.4,-1.4,1.0,2.4
Morris Peterson,SF,29,TOR,2006-07,71,1515,13.2,0.555,0.571,0.238,2.5,16.1,9.2,5.0,1.5,0.6,8.5,19.1,1.3,1.6,2.9,0.091,0.4,-1.2,-0.7,0.5
Morris Peterson,SG,30,NOH,2007-08,76,1796,11.2,0.549,0.556,0.165,2.3,11.3,6.7,5.5,1.4,0.3,6.9,15.4,2.1,1.7,3.8,0.101,0.5,-0.6,-0.1,0.9
Morris Peterson,SG,31,NOH,2008-09,43,515,10.7,0.499,0.464,0.104,3.1,16.6,9.9,5.2,1.6,0.3,7.3,19.3,0.0,0.6,0.6,0.058,-2.3,-2.0,-4.3,-0.3
Morris Peterson,SG,32,NOH,2009-10,46,973,9.3,0.503,0.568,0.179,2.0,13.4,7.6,6.2,1.3,0.4,7.7,16.5,0.3,0.5,0.8,0.039,-1.2,-1.6,-2.8,-0.2
Morris Peterson,SG,33,OKC,2010-11,4,23,1.7,0.4,0.2,0.0,0.0,14.8,7.6,6.4,0.0,0.0,0.0,9.9,0.0,0.0,0.0,0.015,-5.1,-2.1,-7.3,0.0
Mouhamed Sene,C,20,SEA,2006-07,28,169,8.5,0.429,0.0,0.592,11.3,20.8,16.0,0.0,0.9,5.5,15.1,19.5,-0.2,0.2,0.0,-0.011,-8.5,-3.4,-11.9,-0.4
Mouhamed Sene,C,21,SEA,2007-08,13,62,18.2,0.476,0.0,0.708,12.3,15.8,14.1,2.6,0.0,8.1,0.0,22.0,0.1,0.1,0.2,0.121,-2.9,-0.8,-3.7,0.0
Mouhamed Sene,C,22,TOT,2008-09,6,29,32.9,0.746,0.0,1.111,19.0,35.9,27.3,0.0,1.8,7.6,23.0,26.5,0.1,0.1,0.2,0.274,-2.9,-3.9,-6.7,0.0
Mouhamed Sene,C,22,OKC,2008-09,5,23,33.2,0.776,0.0,1.286,14.8,30.6,22.5,0.0,2.2,6.4,21.5,26.8,0.1,0.0,0.1,0.292,-1.4,-3.8,-5.2,0.0
Mouhamed Sene,C,22,NYK,2008-09,1,6,32.0,0.615,0.0,0.5,35.3,56.6,45.6,0.0,0.0,12.2,29.1,25.0,0.0,0.0,0.0,0.207,-8.4,-4.1,-12.4,0.0
Mustafa Shakur,PG,26,WAS,2010-11,22,159,6.8,0.389,0.169,0.254,4.8,11.2,7.9,24.9,1.6,1.4,21.5,23.2,-0.5,0.1,-0.4,-0.112,-5.8,-1.8,-7.6,-0.2
Mustafa Shakur,PG,29,OKC,2013-14,3,11,-8.8,0.129,0.333,0.667,0.0,0.0,0.0,45.1,0.0,0.0,34.0,23.7,-0.1,0.0,-0.1,-0.347,-17.4,-12.5,-29.9,-0.1
Mychel Thompson,SG,23,CLE,2011-12,5,95,2.2,0.375,0.458,0.0,0.0,6.2,3.0,11.6,1.1,0.8,17.2,13.7,-0.2,0.0,-0.2,-0.079,-5.9,-2.5,-8.3,-0.2
Myke Henry,SF,25,MEM,2017-18,20,378,9.7,0.472,0.532,0.092,3.0,8.8,5.8,8.9,4.1,1.5,14.4,15.7,-0.3,0.4,0.1,0.017,-2.3,1.1,-1.3,0.1
Myles Turner,C,19,IND,2015-16,60,1367,15.4,0.531,0.026,0.228,5.5,21.0,13.3,5.0,0.9,5.1,10.3,20.9,0.8,2.3,3.1,0.109,-3.7,1.4,-2.3,-0.1
Myles Turner,C,20,IND,2016-17,81,2541,18.5,0.585,0.132,0.349,6.2,19.6,13.0,6.6,1.5,5.9,9.5,19.5,4.3,3.7,8.0,0.151,-0.3,2.6,2.4,2.8
Myles Turner,C,21,IND,2017-18,65,1836,16.6,0.567,0.246,0.322,5.8,19.8,12.8,7.0,1.0,5.7,11.6,20.0,2.2,2.5,4.7,0.122,-1.1,1.8,0.7,1.3
Myles Turner,C,22,IND,2018-19,74,2119,18.0,0.567,0.251,0.258,5.4,22.0,13.9,8.0,1.4,8.4,10.3,20.0,1.9,4.4,6.3,0.144,-1.4,4.7,3.3,2.8
Nando De Colo,SG,25,SAS,2012-13,72,920,11.1,0.53,0.34,0.183,3.1,13.7,8.7,21.6,2.3,0.5,23.7,17.1,0.0,1.4,1.3,0.07,-2.1,1.0,-1.0,0.2
Nando De Colo,SF,26,TOT,2013-14,47,494,13.1,0.526,0.346,0.229,3.3,13.3,8.4,19.7,2.3,0.9,17.2,18.6,0.3,0.7,1.0,0.1,-1.0,0.6,-0.4,0.2
Nate Robinson,PG,21,NYK,2005-06,72,1544,12.6,0.512,0.258,0.358,4.4,8.8,6.6,17.0,2.0,0.1,14.8,22.5,1.0,0.5,1.5,0.046,0.4,-1.9,-1.5,0.2
Nate Robinson,PG,22,NYK,2006-07,64,1356,15.2,0.552,0.407,0.266,4.9,8.4,6.7,11.9,2.0,0.4,11.0,22.0,2.4,0.8,3.2,0.114,2.1,-1.9,0.2,0.7
Nate Robinson,PG,23,NYK,2007-08,72,1883,15.3,0.526,0.373,0.251,3.0,10.7,6.7,19.7,1.7,0.0,10.6,23.1,2.5,0.7,3.2,0.082,2.0,-2.1,0.0,0.9
Nate Robinson,PG,24,NYK,2008-09,74,2209,18.9,0.549,0.375,0.288,4.7,9.8,7.2,22.9,2.1,0.2,10.7,25.6,4.4,1.5,5.9,0.128,3.7,-1.1,2.6,2.6
Nate Robinson,PG,25,TOT,2009-10,56,1115,16.3,0.543,0.452,0.136,2.9,8.6,5.8,24.9,2.3,0.3,12.3,24.4,1.4,0.8,2.2,0.095,2.3,-2.2,0.1,0.6
Nate Robinson,PG,26,TOT,2010-11,59,1013,10.0,0.507,0.532,0.117,1.9,8.6,5.5,17.8,1.5,0.3,14.7,21.9,-0.4,1.5,1.1,0.051,-0.7,-1.0,-1.7,0.1
Nate Robinson,PG,27,GSW,2011-12,51,1192,18.0,0.534,0.374,0.233,1.4,8.1,4.8,31.8,2.6,0.1,12.3,23.6,2.4,0.4,2.8,0.111,2.9,-2.9,0.0,0.6
Nate Robinson,PG,28,CHI,2012-13,82,2086,17.4,0.54,0.378,0.183,1.6,8.6,5.1,31.4,2.2,0.4,12.6,25.1,3.5,2.4,5.9,0.136,3.3,-1.6,1.7,1.9
Nate Robinson,PG,29,DEN,2013-14,44,866,15.6,0.544,0.402,0.222,2.6,7.5,5.0,21.3,2.0,0.3,12.1,23.5,1.3,0.5,1.8,0.101,1.9,-2.1,-0.2,0.4
Nate Robinson,PG,30,TOT,2014-15,42,591,10.6,0.432,0.439,0.18,3.1,6.2,4.6,25.7,1.7,0.4,9.8,22.5,0.0,0.2,0.3,0.021,-0.4,-2.8,-3.3,-0.2
Nate Robinson,PG,31,NOP,2015-16,2,23,2.6,0.0,1.0,0.0,0.0,0.0,0.0,21.8,2.2,0.0,0.0,1.9,0.0,0.0,0.0,0.038,-6.1,-4.7,-10.8,-0.1
Nate Wolters,PG,22,MIL,2013-14,58,1309,12.7,0.486,0.159,0.231,2.8,10.5,6.5,23.3,1.4,0.9,11.7,16.8,0.9,0.2,1.2,0.043,-1.4,-2.1,-3.4,-0.5
Nate Wolters,PG,23,TOT,2014-15,21,247,4.6,0.352,0.123,0.105,3.7,11.9,7.8,12.2,1.7,0.6,17.9,13.3,-0.4,0.2,-0.2,-0.036,-6.1,0.0,-6.1,-0.3
Nate Wolters,PG,26,UTA,2017-18,5,19,-2.9,0.167,0.0,0.0,6.0,5.9,6.0,7.1,0.0,0.0,0.0,14.2,-0.1,0.0,-0.1,-0.137,-10.3,-2.1,-12.4,0.0
Nathan Jawai,PF,22,TOR,2008-09,6,19,-7.6,0.25,0.0,0.0,6.2,6.1,6.2,0.0,0.0,0.0,33.3,14.6,-0.1,0.0,-0.1,-0.233,-12.6,-3.7,-16.3,-0.1
Nathan Jawai,C,23,MIN,2009-10,39,412,11.0,0.485,0.009,0.342,13.1,15.2,14.1,8.7,1.2,1.6,17.5,16.3,0.0,0.2,0.3,0.031,-3.0,-0.5,-3.5,-0.2
Naz Mitrou-Long,SG,24,UTA,2017-18,1,1,133.8,1.5,1.0,0.0,0.0,0.0,0.0,0.0,0.0,0.0,0.0,45.0,0.1,0.0,0.1,2.712,68.6,-14.2,54.4,0.0
Naz Mitrou-Long,SG,25,UTA,2018-19,14,84,2.2,0.383,0.55,0.1,1.3,6.3,3.9,23.3,0.6,0.9,27.7,14.7,-0.2,0.1,-0.1,-0.046,-7.0,-1.9,-8.9,-0.1
Nazr Mohammed,C,28,SAS,2005-06,80,1389,15.0,0.56,0.0,0.382,14.2,21.2,17.8,4.7,0.8,2.5,17.1,18.3,1.7,2.8,4.5,0.156,-2.0,1.0,-1.0,0.4
Nazr Mohammed,C,29,DET,2006-07,51,773,16.5,0.554,0.0,0.369,13.7,21.5,17.6,2.0,1.9,4.0,14.3,18.5,0.9,1.5,2.3,0.145,-2.3,0.5,-1.8,0.0
Nazr Mohammed,C,30,TOT,2007-08,82,1650,15.8,0.533,0.002,0.309,13.5,21.1,17.3,7.6,1.4,2.8,14.4,19.5,1.3,2.0,3.4,0.098,-1.6,0.7,-0.9,0.5
Nazr Mohammed,C,30,DET,2007-08,21,228,13.1,0.478,0.017,0.508,15.1,23.2,19.1,4.1,1.7,2.8,13.2,17.2,0.1,0.5,0.5,0.112,-3.1,1.0,-2.1,0.0
Nazr Mohammed,C,30,CHA,2007-08,61,1422,16.2,0.54,0.0,0.284,13.3,20.8,17.0,8.1,1.4,2.8,14.6,19.9,1.3,1.6,2.8,0.096,-1.3,0.7,-0.7,0.5
Nazr Mohammed,C,31,CHA,2008-09,39,341,7.7,0.438,0.0,0.396,12.8,15.9,14.3,3.9,0.8,3.9,16.2,19.6,-0.4,0.5,0.0,0.004,-6.4,-0.1,-6.5,-0.4
Nazr Mohammed,C,32,CHA,2009-10,58,984,19.6,0.578,0.0,0.365,14.2,22.9,18.6,5.4,0.8,3.6,11.8,21.3,1.8,1.8,3.6,0.174,-1.0,0.3,-0.7,0.3
Nazr Mohammed,C,33,TOT,2010-11,75,1280,15.9,0.538,0.002,0.25,13.2,21.2,17.2,3.3,1.2,3.5,12.3,20.6,1.0,1.6,2.7,0.1,-2.5,-0.8,-3.3,-0.4
Nazr Mohammed,C,34,OKC,2011-12,63,692,11.0,0.477,0.006,0.136,10.4,17.1,14.0,3.1,1.5,3.9,12.7,13.4,0.3,1.0,1.3,0.09,-3.1,0.9,-2.2,0.0
Nazr Mohammed,C,35,CHI,2012-13,63,693,10.8,0.414,0.011,0.261,12.0,20.4,16.2,5.8,1.6,3.5,10.7,14.9,0.0,1.2,1.2,0.082,-4.6,1.8,-2.8,-0.1
Nazr Mohammed,C,36,CHI,2013-14,80,562,10.1,0.445,0.0,0.238,13.6,21.7,17.7,5.8,1.3,4.1,21.0,14.5,-0.4,1.2,0.8,0.07,-6.0,2.6,-3.3,-0.2
Nazr Mohammed,C,37,CHI,2014-15,23,128,8.7,0.431,0.0,0.1,9.6,22.3,16.1,3.6,1.6,2.8,18.3,13.4,-0.1,0.2,0.1,0.04,-6.1,0.9,-5.3,-0.1
Nazr Mohammed,C,38,OKC,2015-16,5,19,6.0,0.68,0.0,0.4,6.1,16.3,11.5,0.0,0.0,0.0,33.8,19.9,0.0,0.0,0.0,-0.009,-7.4,-5.9,-13.2,-0.1
Nemanja Bjelica,PF,27,MIN,2015-16,60,1075,11.2,0.594,0.532,0.234,5.4,17.2,11.4,11.4,1.2,1.6,15.3,12.8,1.4,0.6,1.9,0.087,0.5,-0.2,0.3,0.6
Nemanja Bjelica,PF,28,MIN,2016-17,65,1190,11.0,0.526,0.497,0.171,5.5,18.6,12.0,9.6,1.7,1.4,13.4,16.4,0.6,0.9,1.5,0.059,-0.7,-0.4,-1.1,0.3
Nemanja Bjelica,PF,29,MIN,2017-18,67,1371,12.6,0.581,0.493,0.121,4.4,18.8,11.5,8.7,1.8,1.0,11.7,14.3,1.7,1.1,2.8,0.097,0.6,-0.1,0.5,0.9
Nemanja Bjelica,PF,30,SAC,2018-19,77,1788,15.4,0.585,0.433,0.155,7.0,18.8,12.8,11.1,1.4,2.7,11.5,16.5,2.7,1.9,4.5,0.122,0.8,1.2,2.0,1.8
Nemanja Nedović,SG,22,GSW,2013-14,24,142,-1.7,0.306,0.462,0.205,2.3,9.1,5.8,12.1,0.0,0.5,23.4,17.2,-0.5,0.1,-0.4,-0.132,-8.9,-1.6,-10.6,-0.3
Nenad Krstić,PF,22,NJN,2005-06,80,2469,14.4,0.541,0.005,0.301,8.5,15.9,12.2,6.8,0.7,2.1,11.8,21.6,2.0,3.4,5.4,0.105,-2.2,0.3,-1.9,0.1
Nenad Krstić,C,23,NJN,2006-07,26,848,16.9,0.566,0.003,0.375,7.1,17.3,12.2,10.2,0.6,2.2,12.1,23.5,1.1,0.9,1.9,0.109,-1.2,-0.3,-1.5,0.1
Nenad Krstić,C,24,NJN,2007-08,45,812,8.5,0.451,0.007,0.23,5.0,23.6,14.3,5.8,0.6,1.6,11.0,20.9,-0.9,0.7,-0.1,-0.007,-6.9,-1.7,-8.5,-1.3
Nenad Krstić,C,25,OKC,2008-09,46,1141,13.6,0.504,0.0,0.194,8.4,17.2,12.8,4.3,0.9,3.2,9.2,18.9,0.6,1.1,1.7,0.07,-3.1,-0.3,-3.4,-0.4
Nenad Krstić,C,26,OKC,2009-10,76,1741,13.7,0.527,0.009,0.189,9.1,16.0,12.6,4.9,0.9,1.9,8.7,17.1,2.0,2.2,4.2,0.116,-1.7,0.0,-1.7,0.1
Nenad Krstić,C,27,TOT,2010-11,71,1571,13.1,0.557,0.0,0.323,9.9,15.4,12.7,2.8,0.9,1.2,9.8,16.9,2.3,1.7,4.0,0.122,-1.6,-1.2,-2.7,-0.3
Nene Hilario,C,34,HOU,2016-17,67,1198,18.9,0.63,0.023,0.496,8.6,17.0,12.8,8.6,2.2,2.6,13.1,19.7,2.5,1.6,4.1,0.165,-0.4,0.8,0.5,0.7
Nenê Hilário,PF,23,DEN,2005-06,1,3,-54.4,0.0,0.0,0.0,0.0,0.0,0.0,0.0,0.0,0.0,66.7,44.8,-0.1,0.0,-0.1,-1.312,-43.9,-3.8,-47.7,0.0
Nenê Hilário,C,24,DEN,2006-07,64,1715,17.8,0.611,0.002,0.548,10.0,19.4,14.7,7.1,1.8,2.5,16.5,19.2,2.9,2.4,5.3,0.148,0.0,1.5,1.5,1.5
Nenê Hilário,PF,25,DEN,2007-08,16,266,11.1,0.459,0.014,0.69,12.4,22.8,17.7,7.8,1.6,3.7,18.5,18.1,-0.1,0.4,0.3,0.052,-4.6,1.6,-3.0,-0.1
Nenê Hilário,C,26,DEN,2008-09,77,2510,18.8,0.645,0.007,0.519,8.7,18.7,13.8,7.1,1.9,3.1,14.4,18.1,5.6,3.7,9.3,0.177,1.3,2.1,3.4,3.4
Nenê Hilário,C,27,DEN,2009-10,82,2755,18.9,0.631,0.003,0.58,7.0,19.1,13.1,11.6,2.1,2.2,12.2,16.5,7.1,3.7,10.8,0.188,2.1,2.5,4.7,4.6
Nenê Hilário,C,28,DEN,2010-11,75,2291,20.4,0.657,0.008,0.615,7.5,20.8,14.4,10.4,1.8,2.4,13.9,18.8,6.4,3.1,9.6,0.201,2.3,2.3,4.6,3.8
Nenê Hilário,C,29,TOT,2011-12,39,1110,18.6,0.573,0.01,0.427,6.7,23.3,15.1,12.0,1.9,2.7,17.1,22.6,1.3,1.4,2.7,0.117,-0.6,1.7,1.1,0.9
Nenê Hilário,PF,30,WAS,2012-13,61,1659,17.0,0.538,0.002,0.453,6.7,20.6,13.6,19.0,1.7,1.8,16.3,23.4,1.3,2.7,4.0,0.116,-1.1,2.3,1.3,1.4
Nenê Hilário,PF,31,WAS,2013-14,53,1560,16.6,0.53,0.008,0.448,4.7,17.3,10.9,16.3,2.1,2.5,14.1,24.0,0.8,2.4,3.2,0.098,-1.6,1.8,0.2,0.9
Nenê Hilário,PF,32,WAS,2014-15,67,1693,14.3,0.534,0.008,0.336,5.7,17.0,11.5,12.0,2.0,1.0,15.2,21.8,0.5,2.5,3.0,0.086,-1.9,1.3,-0.6,0.6
Nenê Hilário,PF,33,WAS,2015-16,57,1094,16.8,0.564,0.008,0.482,5.2,21.6,13.2,14.1,2.4,1.9,14.0,21.6,1.1,1.6,2.7,0.12,-1.6,1.8,0.2,0.6
Nenê Hilário,C,35,HOU,2017-18,52,758,16.4,0.594,0.008,0.448,8.1,18.0,13.1,9.5,1.8,1.6,11.7,18.9,1.5,1.1,2.6,0.163,-1.5,0.7,-0.8,0.2
Nenê Hilário,C,36,HOU,2018-19,42,546,11.9,0.552,0.026,0.405,6.7,18.4,12.5,6.8,1.6,2.3,7.4,11.7,0.8,0.6,1.4,0.123,-3.0,1.1,-2.0,0.0
Nerlens Noel,C,20,PHI,2014-15,75,2311,15.0,0.493,0.0,0.352,8.3,21.0,14.3,9.8,2.9,5.0,16.2,17.0,-0.2,4.2,4.0,0.083,-3.7,4.5,0.8,1.6
Nerlens Noel,C,21,PHI,2015-16,67,1965,16.2,0.544,0.003,0.387,8.2,22.2,15.0,10.5,2.9,3.9,18.7,18.8,0.3,2.8,3.0,0.074,-2.7,3.4,0.7,1.3
Nerlens Noel,C,22,TOT,2016-17,51,1047,20.4,0.622,0.003,0.359,9.8,22.3,15.9,8.1,3.1,4.0,12.5,17.6,2.1,1.9,4.0,0.181,-0.5,3.7,3.2,1.4
Nerlens Noel,C,23,DAL,2017-18,30,472,16.2,0.558,0.01,0.267,10.9,29.3,19.8,6.3,3.3,4.1,18.1,13.8,0.4,1.0,1.3,0.135,-3.5,4.5,1.0,0.4
Nerlens Noel,C,24,OKC,2018-19,77,1055,19.3,0.608,0.0,0.286,12.1,20.0,15.9,5.9,2.9,7.7,13.4,13.8,1.9,2.5,4.3,0.198,-1.6,5.5,3.9,1.6
Nick Calathes,SG,24,MEM,2013-14,71,1173,12.3,0.506,0.196,0.232,2.3,11.5,6.9,26.5,3.0,0.6,22.8,17.5,-0.1,1.6,1.5,0.062,-1.9,0.8,-1.1,0.3
Nick Calathes,SG,25,MEM,2014-15,58,838,12.3,0.455,0.174,0.182,2.6,11.8,7.2,26.6,3.9,0.5,18.6,17.9,-0.4,1.5,1.1,0.065,-2.1,1.8,-0.3,0.4
Nick Collison,PF,25,SEA,2005-06,66,1448,14.0,0.556,0.008,0.287,11.8,19.0,15.4,8.1,0.8,1.9,14.8,16.1,2.2,0.1,2.3,0.075,-0.1,-1.0,-1.1,0.3
Nick Collison,C,26,SEA,2006-07,82,2378,14.2,0.546,0.003,0.313,11.4,22.2,16.8,5.4,1.1,2.1,14.5,16.2,2.8,1.8,4.6,0.093,-1.1,0.3,-0.8,0.7
Nick Collison,PF,27,SEA,2007-08,78,2223,15.0,0.537,0.003,0.261,12.5,23.3,17.9,7.9,1.1,1.9,14.2,16.2,2.2,2.3,4.5,0.098,-0.9,1.5,0.6,1.4
Nick Collison,C,28,OKC,2008-09,71,1831,14.8,0.599,0.005,0.318,11.2,19.7,15.4,5.8,1.4,2.0,13.0,13.5,3.0,2.0,5.0,0.13,-0.5,1.0,0.6,1.2
Nick Collison,C,29,OKC,2009-10,75,1557,13.1,0.616,0.013,0.346,11.5,16.7,14.2,3.7,1.2,2.3,15.0,12.1,2.6,2.2,4.7,0.146,-0.6,1.2,0.6,1.0
Nick Collison,C,30,OKC,2010-11,71,1524,10.8,0.6,0.0,0.302,9.5,14.6,12.1,6.7,1.4,1.5,16.7,9.8,2.1,1.5,3.6,0.113,-0.3,1.4,1.0,1.2
Nick Collison,PF,31,OKC,2011-12,63,1307,12.1,0.622,0.005,0.308,11.1,12.7,12.0,9.3,1.3,1.6,21.1,10.0,2.3,1.2,3.5,0.13,0.9,1.3,2.2,1.4
Nick Collison,C,32,OKC,2012-13,81,1583,13.6,0.624,0.014,0.264,9.6,14.2,12.1,11.3,1.7,1.4,17.3,11.5,3.2,2.1,5.2,0.158,1.0,1.4,2.4,1.8
Nick Collison,PF,33,OKC,2013-14,81,1353,11.8,0.599,0.071,0.386,10.2,14.1,12.2,10.9,1.1,1.7,20.1,11.6,2.0,1.6,3.6,0.128,-0.5,1.1,0.6,0.9
Nick Collison,PF,34,OKC,2014-15,66,1101,11.2,0.485,0.237,0.257,8.9,15.3,12.2,11.6,1.6,1.8,13.8,12.8,1.0,1.2,2.2,0.097,-1.1,1.2,0.1,0.6
Nick Collison,PF,35,OKC,2015-16,59,699,7.7,0.498,0.018,0.303,11.2,15.2,13.3,9.6,1.1,1.7,28.8,10.6,0.1,0.7,0.8,0.053,-2.5,1.3,-1.2,0.1
Nick Collison,PF,36,OKC,2016-17,20,128,12.9,0.622,0.043,0.348,7.8,19.1,13.4,13.2,0.8,1.2,13.1,10.1,0.3,0.1,0.4,0.145,-1.8,0.0,-1.8,0.0
Nick Collison,PF,37,OKC,2017-18,15,75,13.2,0.627,0.0,0.684,10.0,19.9,14.8,8.2,0.0,0.0,22.1,18.2,0.1,0.0,0.1,0.064,-3.5,-2.9,-6.5,-0.1
Nick Fazekas,PF,22,TOT,2007-08,26,269,19.6,0.584,0.024,0.268,14.5,23.7,19.1,7.5,1.6,3.1,12.4,18.0,0.5,0.4,0.8,0.148,-0.8,0.6,-0.1,0.1
Nick Fazekas,PF,22,DAL,2007-08,4,9,13.8,0.4,0.0,0.0,13.3,24.9,19.3,0.0,0.0,0.0,0.0,25.9,0.0,0.0,0.0,0.021,-8.1,-9.4,-17.5,0.0
Nick Fazekas,PF,22,LAC,2007-08,22,260,19.8,0.594,0.026,0.286,14.5,23.7,19.1,7.8,1.6,3.2,13.0,17.7,0.5,0.3,0.8,0.153,-0.5,1.0,0.5,0.2
Nick Johnson,SG,22,HOU,2014-15,28,262,4.8,0.43,0.28,0.333,5.5,10.9,8.2,6.3,1.3,0.9,18.1,17.4,-0.4,0.2,-0.1,-0.02,-6.1,-1.2,-7.3,-0.3
Nick Van Exel,PG,34,SAS,2005-06,65,986,11.0,0.492,0.449,0.12,0.7,9.9,5.5,20.2,0.9,0.2,13.6,20.2,0.1,1.3,1.4,0.07,-1.4,-1.4,-2.8,-0.2
Nick Young,SG,22,WAS,2007-08,75,1158,11.6,0.527,0.209,0.259,2.3,9.6,5.8,9.6,1.6,0.5,15.0,24.9,-0.1,0.6,0.4,0.017,-2.5,-3.1,-5.6,-1.1
Nick Young,SG,23,WAS,2008-09,82,1837,13.1,0.53,0.217,0.255,1.9,7.8,4.8,9.0,1.1,0.9,9.9,23.1,1.2,-0.1,1.2,0.03,-1.1,-3.8,-4.9,-1.3
Nick Young,SG,24,WAS,2009-10,74,1421,10.7,0.519,0.305,0.233,1.6,6.7,4.1,5.7,1.0,0.4,8.3,21.4,0.9,0.5,1.4,0.046,-1.2,-3.3,-4.5,-0.9
Nick Young,SG,25,WAS,2010-11,64,2034,14.5,0.538,0.29,0.244,1.4,8.6,4.9,6.6,1.1,0.6,8.0,24.4,2.3,0.4,2.8,0.065,0.5,-3.5,-3.0,-0.5
Nick Young,SG,26,TOT,2011-12,62,1729,12.9,0.512,0.36,0.216,2.0,6.8,4.4,5.7,1.3,0.8,8.8,24.5,1.4,0.6,1.9,0.053,0.0,-3.4,-3.4,-0.6
Nick Young,SG,27,PHI,2012-13,59,1411,13.3,0.525,0.387,0.236,1.9,8.7,5.2,9.7,1.3,0.8,7.7,21.2,1.4,1.0,2.3,0.079,-0.2,-2.3,-2.5,-0.2
Nick Young,SG,28,LAL,2013-14,64,1810,16.0,0.564,0.394,0.321,1.7,8.1,4.9,9.0,1.2,0.5,8.6,26.8,2.3,0.3,2.5,0.067,1.7,-3.6,-1.9,0.0
Nick Young,SG,29,LAL,2014-15,42,1000,14.2,0.52,0.473,0.311,1.8,9.1,5.3,6.9,1.2,0.9,7.5,26.0,1.1,0.1,1.2,0.058,0.9,-4.3,-3.5,-0.4
Nick Young,SG,30,LAL,2015-16,54,1033,9.1,0.483,0.637,0.204,1.4,9.0,5.1,5.4,1.1,0.5,6.9,18.5,0.1,0.0,0.1,0.003,-1.4,-3.5,-4.8,-0.7
Nick Young,SG,31,LAL,2016-17,60,1556,14.1,0.588,0.665,0.142,1.7,8.2,4.8,5.8,1.2,0.7,5.1,19.5,3.0,0.2,3.2,0.098,2.7,-3.4,-0.7,0.5
Nick Young,SG,32,GSW,2017-18,80,1393,10.0,0.562,0.668,0.133,1.7,7.9,5.0,3.5,1.3,0.4,7.0,17.5,0.8,0.9,1.7,0.059,-0.2,-3.4,-3.6,-0.6
Nick Young,SG,33,DEN,2018-19,4,37,2.3,0.5,0.889,0.0,0.0,2.9,1.5,6.8,0.0,2.4,18.2,12.7,0.0,0.0,0.0,-0.021,-4.4,-2.6,-7.0,0.0
Nicolas Batum,SF,20,POR,2008-09,79,1454,12.9,0.555,0.465,0.144,7.0,11.8,9.4,7.8,1.9,2.2,11.5,14.0,2.1,1.6,3.7,0.123,1.2,1.3,2.5,1.7
Nicolas Batum,SF,21,POR,2009-10,37,918,17.3,0.646,0.493,0.19,4.3,14.8,9.5,8.0,1.4,2.2,8.5,16.4,2.4,1.1,3.5,0.181,3.2,0.6,3.8,1.3
Nicolas Batum,SF,22,POR,2010-11,80,2522,14.8,0.563,0.424,0.203,5.1,12.8,8.8,8.1,1.5,1.6,8.6,17.8,4.4,2.3,6.6,0.126,1.7,0.0,1.7,2.4
Nicolas Batum,SF,23,POR,2011-12,59,1791,17.3,0.575,0.427,0.248,5.2,12.6,8.8,7.9,1.7,2.6,11.2,20.5,3.3,1.4,4.8,0.127,2.3,0.0,2.3,1.9
Nicolas Batum,SF,24,POR,2012-13,73,2807,15.7,0.566,0.533,0.252,4.0,13.2,8.5,20.3,1.7,2.2,17.0,18.2,3.8,1.9,5.8,0.099,2.3,1.1,3.4,3.8
Nicolas Batum,SF,25,POR,2013-14,82,2956,15.8,0.589,0.491,0.248,4.3,17.8,11.1,20.9,1.3,1.3,18.6,16.5,4.8,3.1,7.9,0.128,2.4,1.8,4.2,4.6
Nicolas Batum,SF,26,POR,2014-15,71,2380,13.1,0.516,0.515,0.163,2.8,15.6,9.4,20.5,1.7,1.2,17.0,14.6,2.0,3.2,5.2,0.105,0.6,2.6,3.1,3.1
Nicolas Batum,SF,27,CHO,2015-16,70,2448,15.6,0.546,0.457,0.22,2.4,16.8,9.6,26.9,1.3,1.4,17.6,21.4,2.0,2.9,5.0,0.097,1.1,0.9,2.0,2.5
Nicolas Batum,SG,28,CHO,2016-17,77,2617,15.8,0.529,0.415,0.291,1.9,18.4,10.1,27.7,1.6,1.0,15.0,22.3,1.7,2.8,4.6,0.084,0.7,0.6,1.2,2.1
Nicolas Batum,SG,29,CHO,2017-18,64,1981,14.4,0.523,0.422,0.2,3.1,13.8,8.4,26.2,1.6,1.0,15.6,18.3,1.7,1.8,3.5,0.084,0.9,0.5,1.4,1.7
Nicolas Batum,SF,30,CHO,2018-19,75,2354,11.9,0.581,0.53,0.158,3.2,14.9,8.9,14.5,1.5,1.6,16.3,13.2,2.0,1.7,3.7,0.076,-0.1,0.9,0.8,1.7
Nicolas Brussino,SG,23,DAL,2016-17,54,521,10.7,0.498,0.674,0.156,5.5,16.2,10.6,13.9,1.7,1.4,14.7,16.0,0.0,0.6,0.6,0.055,-1.7,0.7,-1.0,0.1
Nicolas Laprovittola,PG,27,SAS,2016-17,18,174,8.4,0.579,0.574,0.191,0.7,5.7,3.3,23.0,1.2,0.5,27.2,18.2,0.0,0.2,0.2,0.044,-2.5,-2.4,-4.9,-0.1
Nicolás Brussino,SF,24,ATL,2017-18,4,10,-4.6,0.0,1.0,0.0,0.0,33.5,16.7,0.0,0.0,0.0,0.0,8.7,0.0,0.0,0.0,-0.18,-13.8,-4.7,-18.5,0.0
Nigel Hayes,SF,23,TOT,2017-18,9,122,6.4,0.393,0.485,0.091,3.6,17.5,10.3,6.7,0.8,2.3,5.5,13.3,-0.2,0.1,-0.1,-0.034,-5.1,-1.3,-6.4,-0.1
Nik Stauskas,SG,21,SAC,2014-15,73,1127,7.5,0.492,0.503,0.216,1.1,7.5,4.4,9.0,0.9,1.2,11.0,14.2,0.3,0.2,0.5,0.021,-1.9,-2.0,-3.9,-0.5
Nik Stauskas,SG,22,PHI,2015-16,73,1809,9.2,0.517,0.596,0.217,1.3,10.0,5.5,12.0,1.2,0.8,13.6,16.7,0.0,0.5,0.5,0.012,-1.7,-1.9,-3.6,-0.7
Nik Stauskas,SG,23,PHI,2016-17,80,2188,9.0,0.54,0.566,0.237,1.1,10.3,5.7,12.9,1.0,1.2,15.5,16.4,0.1,1.4,1.4,0.031,-1.7,-0.7,-2.4,-0.2
Nik Stauskas,SG,24,TOT,2017-18,41,523,9.0,0.543,0.649,0.188,0.8,12.3,6.5,11.1,0.8,0.6,13.5,15.9,0.1,0.3,0.3,0.031,-2.1,-1.8,-4.0,-0.3
Nik Stauskas,SG,25,TOT,2018-19,68,1015,10.9,0.545,0.556,0.189,1.9,11.7,6.8,11.1,1.0,0.6,12.2,17.6,0.6,0.5,1.1,0.052,-0.9,-2.2,-3.2,-0.3
Nik Stauskas,SG,25,POR,2018-19,44,673,10.8,0.545,0.546,0.157,1.6,10.8,6.3,12.6,1.0,0.5,14.0,17.9,0.3,0.4,0.8,0.055,-0.9,-1.9,-2.8,-0.1
Nik Stauskas,SG,25,CLE,2018-19,24,342,11.3,0.544,0.578,0.257,2.5,13.2,7.6,8.0,1.0,0.8,8.3,16.9,0.3,0.0,0.3,0.046,-1.0,-3.0,-4.0,-0.2
Nikola Jokic,C,21,DEN,2016-17,73,2038,26.3,0.64,0.163,0.267,11.6,27.2,19.5,28.8,1.5,2.1,15.2,23.5,7.7,2.0,9.7,0.228,6.2,2.2,8.4,5.3
Nikola Jokić,C,20,DEN,2015-16,80,1733,21.5,0.582,0.14,0.317,11.4,24.7,17.9,18.1,2.3,2.3,13.2,19.9,4.5,2.2,6.7,0.185,2.6,2.2,4.8,3.0
Nikola Jokić,C,22,DEN,2017-18,75,2443,24.4,0.603,0.277,0.31,9.0,27.9,18.5,29.6,1.8,2.1,15.5,24.2,7.8,2.9,10.7,0.211,4.8,2.3,7.1,5.6
Nikola Jokić,C,23,DEN,2018-19,80,2504,26.3,0.589,0.224,0.292,9.8,27.6,18.7,37.0,2.1,1.9,15.4,27.4,7.5,4.3,11.8,0.226,5.7,3.8,9.5,7.3
Nikola Mirotic,PF,25,CHI,2016-17,70,1679,14.5,0.546,0.603,0.205,3.9,20.9,12.3,6.9,1.6,2.6,10.5,19.8,1.2,2.5,3.8,0.107,-0.1,0.4,0.4,1.0
Nikola Mirotić,PF,23,CHI,2014-15,82,1654,17.9,0.556,0.502,0.455,4.3,21.8,13.3,9.7,1.7,2.4,10.6,22.8,3.0,2.7,5.7,0.165,1.2,0.0,1.2,1.3
Nikola Mirotić,PF,24,CHI,2015-16,66,1646,15.6,0.564,0.568,0.297,3.8,19.1,11.6,9.4,1.8,2.0,12.9,21.1,1.8,2.2,3.9,0.115,1.1,0.1,1.2,1.3
Nikola Mirotić,PF,26,TOT,2017-18,55,1494,18.7,0.577,0.523,0.2,4.3,24.9,14.6,8.6,1.4,2.2,7.7,23.4,2.2,1.8,4.0,0.128,1.4,-0.7,0.6,1.0
Nikola Mirotić,PF,27,TOT,2018-19,46,1245,17.2,0.584,0.587,0.229,5.1,22.6,14.0,6.2,1.2,2.2,7.4,21.4,2.0,1.4,3.5,0.133,1.2,-1.2,0.0,0.6
Nikola Mirotić,PF,27,NOP,2018-19,32,925,17.5,0.591,0.568,0.248,5.2,24.1,14.8,5.3,1.1,2.2,7.6,21.7,1.6,0.9,2.5,0.129,1.3,-1.6,-0.3,0.4
Nikola Mirotić,PF,27,MIL,2018-19,14,320,16.2,0.562,0.644,0.17,4.7,18.3,11.9,8.6,1.5,2.4,7.0,20.4,0.4,0.6,1.0,0.147,0.7,0.2,0.9,0.2
Nikola Peković,C,25,MIN,2010-11,65,887,11.2,0.573,0.0,0.433,11.0,13.2,12.1,4.8,1.0,3.0,22.5,19.4,0.2,0.5,0.6,0.035,-3.1,-0.8,-3.9,-0.4
Nikola Peković,C,26,MIN,2011-12,47,1264,21.4,0.607,0.0,0.412,15.8,14.6,15.2,4.6,1.2,1.8,14.0,21.9,3.6,0.9,4.5,0.17,2.1,-0.6,1.5,1.1
Nikola Peković,C,27,MIN,2012-13,62,1959,20.2,0.572,0.0,0.437,13.0,19.0,15.9,4.9,1.1,2.0,10.3,22.5,4.6,2.1,6.7,0.163,0.8,-0.5,0.3,1.2
Nikola Peković,C,28,MIN,2013-14,54,1663,20.7,0.582,0.0,0.355,13.1,17.6,15.3,5.2,0.9,1.1,9.4,22.9,4.3,1.5,5.9,0.169,1.4,-1.2,0.2,0.9
Nikola Peković,C,29,MIN,2014-15,31,815,16.6,0.502,0.0,0.393,12.1,21.0,16.4,5.7,1.2,1.2,9.8,23.1,0.9,0.2,1.2,0.069,-1.7,-2.8,-4.5,-0.5
Nikola Peković,C,30,MIN,2015-16,12,156,6.5,0.459,0.0,0.4,5.3,10.3,7.8,10.7,0.3,0.0,13.3,19.5,-0.1,0.0,-0.1,-0.022,-4.7,-3.5,-8.2,-0.2
Nikola Vucevic,C,26,ORL,2016-17,75,2163,19.1,0.498,0.073,0.155,8.6,31.3,19.6,16.9,1.7,2.8,9.6,24.8,0.8,3.1,4.0,0.088,-1.4,2.3,0.9,1.6
Nikola Vučević,C,21,PHI,2011-12,51,812,14.3,0.462,0.027,0.117,12.0,21.7,16.8,6.2,1.3,3.1,9.7,19.6,0.2,1.6,1.8,0.109,-3.2,1.1,-2.1,0.0
Nikola Vučević,C,22,ORL,2012-13,77,2559,17.8,0.534,0.003,0.142,12.0,28.4,20.2,9.3,1.2,2.4,13.0,19.3,2.8,2.9,5.7,0.106,-0.9,1.4,0.4,1.6
Nikola Vučević,C,23,ORL,2013-14,57,1812,18.8,0.536,0.0,0.197,11.5,27.6,19.5,10.2,1.7,2.0,12.9,21.8,1.8,2.6,4.4,0.116,-1.0,1.5,0.5,1.2
Nikola Vučević,C,24,ORL,2014-15,74,2529,21.5,0.548,0.005,0.181,10.4,26.0,18.1,11.0,1.1,1.7,10.2,26.0,4.5,2.5,7.0,0.133,0.7,-0.1,0.5,1.6
Nikola Vučević,C,25,ORL,2015-16,65,2037,21.1,0.531,0.009,0.143,9.3,22.2,15.7,15.9,1.3,2.8,10.0,26.8,2.8,2.4,5.2,0.122,0.7,1.1,1.8,2.0
Nikola Vučević,C,27,ORL,2017-18,57,1683,19.7,0.533,0.243,0.112,6.6,27.8,17.1,19.9,1.6,3.0,11.0,25.9,1.3,2.3,3.6,0.102,0.6,2.1,2.7,2.0
Nikola Vučević,C,28,ORL,2018-19,80,2510,25.5,0.573,0.171,0.168,9.4,31.9,20.5,21.9,1.6,3.0,9.9,28.0,5.4,4.7,10.1,0.193,3.0,3.4,6.4,5.3
Nikoloz Tskitishvili,SF,22,TOT,2005-06,17,99,8.3,0.417,0.081,0.378,10.3,14.4,12.4,4.2,0.5,1.4,12.2,22.4,-0.1,0.1,0.0,-0.023,-6.7,-3.0,-9.7,-0.2
Nikoloz Tskitishvili,PF,22,MIN,2005-06,5,13,-6.7,0.307,0.0,0.5,0.0,18.0,9.2,0.0,0.0,0.0,29.1,25.1,-0.1,0.0,-0.1,-0.331,-18.7,-6.0,-24.7,-0.1
Nikoloz Tskitishvili,SF,22,PHO,2005-06,12,86,10.6,0.431,0.091,0.364,11.9,13.9,12.9,4.8,0.6,1.6,9.5,22.0,0.0,0.1,0.0,0.024,-4.9,-2.5,-7.4,-0.1
Noah Vonleh,PF,19,CHO,2014-15,25,259,13.2,0.475,0.171,0.342,11.6,25.3,18.3,2.5,0.8,2.7,11.2,17.3,0.1,0.4,0.5,0.085,-4.8,-0.9,-5.6,-0.2
Noah Vonleh,PF,20,POR,2015-16,78,1174,8.6,0.471,0.165,0.183,8.4,19.8,14.1,3.7,1.2,1.7,14.3,13.0,0.0,1.1,1.2,0.047,-4.0,0.0,-4.0,-0.6
Noah Vonleh,PF,21,POR,2016-17,74,1265,10.8,0.525,0.074,0.348,11.4,22.5,17.0,3.4,1.2,1.7,17.1,13.1,0.6,1.2,1.8,0.069,-3.5,-0.3,-3.9,-0.6
Noah Vonleh,PF,22,TOT,2017-18,54,875,12.8,0.509,0.282,0.248,8.5,30.2,19.2,5.7,1.1,1.6,10.7,14.5,0.5,1.2,1.6,0.09,-3.4,0.3,-3.1,-0.2
Noah Vonleh,PF,23,NYK,2018-19,68,1722,13.9,0.561,0.311,0.355,6.7,25.8,16.0,11.1,1.3,2.5,14.7,14.8,1.5,1.7,3.2,0.09,-1.6,1.6,0.0,0.9
Noel Felix,SF,24,SEA,2005-06,12,82,-1.1,0.316,0.12,0.32,4.4,14.9,9.6,3.5,1.3,2.8,21.9,20.0,-0.3,0.0,-0.3,-0.197,-10.4,-2.2,-12.5,-0.2
Nolan Smith,PG,23,POR,2011-12,44,541,7.8,0.434,0.25,0.156,3.6,8.6,6.0,18.2,1.8,0.4,17.9,19.8,-0.6,0.3,-0.3,-0.029,-3.7,-1.7,-5.4,-0.5
Nolan Smith,PG,24,POR,2012-13,40,288,7.1,0.435,0.246,0.246,2.8,8.2,5.5,19.9,1.3,0.3,18.7,24.7,-0.6,0.1,-0.5,-0.082,-5.3,-3.3,-8.6,-0.5
Norman Powell,SG,22,TOR,2015-16,49,725,13.3,0.541,0.389,0.231,2.6,14.8,8.8,10.4,2.1,1.1,11.3,17.8,0.7,0.9,1.6,0.105,-0.3,-0.1,-0.4,0.3
Norman Powell,SG,23,TOR,2016-17,76,1368,14.0,0.552,0.342,0.314,2.2,11.8,7.0,9.3,1.9,0.9,10.8,21.1,1.4,1.4,2.8,0.097,-0.4,-1.1,-1.5,0.2
Norman Powell,SG,24,TOR,2017-18,70,1062,8.5,0.492,0.497,0.104,1.5,10.9,6.3,11.8,1.7,1.2,14.4,18.9,-0.6,1.2,0.6,0.027,-2.5,-0.4,-2.8,-0.2
Norman Powell,SG,25,TOR,2018-19,60,1126,13.3,0.596,0.425,0.188,1.6,11.5,6.7,11.6,1.7,1.0,13.1,19.0,1.0,1.4,2.4,0.102,-0.4,-0.3,-0.7,0.4
Norris Cole,PG,23,MIA,2011-12,65,1260,7.9,0.452,0.169,0.189,2.1,6.4,4.3,17.0,1.8,0.1,17.7,21.8,-1.4,1.4,0.0,0.0,-4.1,-1.8,-5.9,-1.2
Norris Cole,PG,24,MIA,2012-13,80,1590,7.9,0.483,0.231,0.188,1.5,8.2,5.0,15.2,1.9,0.4,18.4,17.0,-0.8,1.4,0.6,0.019,-3.4,-1.1,-4.5,-1.0
Norris Cole,PG,25,MIA,2013-14,82,2014,8.8,0.497,0.348,0.136,1.1,8.6,5.0,17.9,2.0,0.2,19.3,15.6,-0.5,1.7,1.2,0.029,-2.2,-0.8,-3.0,-0.5
Norris Cole,PG,26,TOT,2014-15,75,1831,10.9,0.483,0.315,0.145,0.9,9.3,5.1,22.2,1.6,0.7,14.3,17.5,0.4,1.0,1.4,0.036,-1.5,-1.5,-3.0,-0.5
Norris Cole,PG,27,NOP,2015-16,45,1198,10.8,0.465,0.211,0.134,0.9,13.5,7.0,22.0,1.5,0.3,12.8,21.7,-0.6,0.5,-0.1,-0.004,-2.4,-1.4,-3.7,-0.5
Norris Cole,PG,28,OKC,2016-17,13,125,5.4,0.381,0.25,0.192,0.0,9.8,4.9,16.3,3.1,0.0,11.0,21.5,-0.2,0.2,-0.1,-0.033,-6.5,-1.7,-8.2,-0.2
O.J. Mayo,SG,21,MEM,2008-09,82,3120,14.2,0.539,0.295,0.219,2.2,10.1,6.1,15.5,1.6,0.3,13.8,24.5,1.5,1.8,3.4,0.052,0.7,-1.6,-0.9,0.9
O.J. Mayo,SG,22,MEM,2009-10,82,3113,14.6,0.551,0.3,0.221,2.3,9.4,5.8,12.2,1.6,0.4,11.9,20.7,4.3,1.4,5.6,0.087,1.7,-1.3,0.4,1.9
O.J. Mayo,SG,23,MEM,2010-11,71,1869,12.6,0.499,0.353,0.175,2.2,8.7,5.4,12.1,2.0,1.1,11.0,21.8,0.5,1.9,2.4,0.062,-0.2,-0.9,-1.1,0.4
O.J. Mayo,SG,24,MEM,2011-12,66,1771,14.7,0.513,0.374,0.234,1.9,12.1,6.9,16.1,2.1,1.1,13.3,23.9,1.3,2.2,3.5,0.094,0.7,-0.4,0.3,1.0
O.J. Mayo,SG,25,DAL,2012-13,82,2913,13.9,0.556,0.34,0.227,1.4,9.6,5.6,19.4,1.6,0.6,15.7,20.9,2.3,1.8,4.2,0.069,1.1,-0.7,0.4,1.7
O.J. Mayo,SG,26,MIL,2013-14,52,1346,11.2,0.516,0.413,0.16,2.0,8.8,5.3,14.6,1.1,0.8,13.9,23.0,0.0,0.0,0.1,0.002,-0.7,-3.5,-4.2,-0.7
O.J. Mayo,SG,27,MIL,2014-15,71,1697,13.5,0.529,0.395,0.198,2.0,10.5,6.3,19.4,1.7,0.9,14.4,23.6,0.9,1.9,2.8,0.079,0.0,-1.3,-1.3,0.3
O.J. Mayo,SG,28,MIL,2015-16,41,1090,7.7,0.474,0.505,0.125,1.4,9.6,5.5,15.8,2.2,0.6,17.5,17.0,-0.7,0.6,-0.1,-0.005,-2.0,-1.5,-3.5,-0.4
OG Anunoby,SF,20,TOR,2017-18,74,1481,10.0,0.587,0.569,0.179,3.4,10.4,7.0,5.0,1.7,0.8,10.8,12.4,1.4,1.6,3.0,0.098,0.2,0.4,0.6,1.0
OG Anunoby,SF,21,TOR,2018-19,67,1352,9.8,0.544,0.5,0.153,4.8,10.8,7.9,4.7,1.6,1.3,11.3,15.5,0.3,1.7,2.0,0.07,-1.3,0.1,-1.2,0.3
Ognjen Kuzmić,C,23,GSW,2013-14,21,92,3.4,0.42,0.0,0.846,12.1,12.8,12.5,2.9,1.6,3.3,35.9,13.3,-0.2,0.1,0.0,-0.025,-7.5,2.3,-5.2,-0.1
Ognjen Kuzmić,C,24,GSW,2014-15,16,72,12.9,0.727,0.0,0.333,10.8,14.5,12.7,11.1,1.4,1.0,26.7,11.3,0.2,0.1,0.3,0.171,-0.3,1.0,0.8,0.1
Okaro White,PF,24,MIA,2016-17,35,471,7.5,0.507,0.391,0.253,5.8,13.5,9.6,6.0,1.1,1.7,15.7,10.8,0.1,0.5,0.6,0.066,-3.1,1.0,-2.1,0.0
Okaro White,PF,25,MIA,2017-18,6,80,8.9,0.577,0.688,0.188,4.2,11.2,7.7,3.5,0.6,1.1,5.5,10.3,0.1,0.1,0.2,0.096,-1.5,-1.3,-2.9,0.0
Okaro White,PF,26,WAS,2018-19,3,6,-4.5,0.0,1.0,0.0,17.8,18.4,18.1,0.0,0.0,0.0,0.0,14.1,0.0,0.0,0.0,-0.251,-11.0,-8.2,-19.2,0.0
Oleksiy Pecherov,C,22,WAS,2007-08,35,320,9.6,0.451,0.48,0.248,7.5,16.9,12.1,3.6,1.0,1.3,10.9,22.4,-0.2,0.2,0.0,-0.002,-3.3,-4.0,-7.3,-0.4
Oleksiy Pecherov,C,23,WAS,2008-09,32,277,14.5,0.51,0.426,0.287,14.4,17.9,16.1,1.2,1.1,0.9,8.1,20.3,0.4,0.1,0.5,0.08,-0.8,-5.8,-6.6,-0.3
Oleksiy Pecherov,C,24,MIN,2009-10,44,447,12.0,0.487,0.277,0.17,7.9,23.4,15.5,4.0,1.0,2.4,13.7,22.8,-0.3,0.4,0.1,0.01,-4.5,-2.7,-7.1,-0.6
Oliver Lafayette,SG,25,BOS,2009-10,1,22,12.8,0.583,0.333,0.0,5.7,16.3,11.1,14.4,0.0,0.0,14.3,14.9,0.0,0.0,0.0,0.098,-1.2,-1.6,-2.8,0.0
Omari Johnson,PF,28,MEM,2017-18,4,75,10.5,0.524,0.571,0.0,6.0,11.1,8.5,14.5,1.3,0.0,12.5,14.4,0.1,0.0,0.1,0.053,-0.6,-2.2,-2.8,0.0
Omari Spellman,PF,21,ATL,2018-19,46,805,12.4,0.516,0.525,0.184,9.2,16.3,12.7,8.0,1.5,2.7,10.5,14.9,0.6,0.5,1.2,0.07,-1.0,0.0,-1.0,0.2
Omer Asik,C,30,NOP,2016-17,31,482,9.8,0.517,0.0,0.6,10.4,25.3,17.8,4.2,0.5,1.7,14.6,8.8,0.4,0.6,1.0,0.1,-4.3,1.2,-3.1,-0.1
Omri Casspi,SF,21,SAC,2009-10,77,1931,13.0,0.529,0.302,0.259,4.4,16.5,10.4,7.7,1.4,0.6,11.6,19.4,1.1,1.4,2.5,0.063,-1.0,-1.1,-2.1,-0.1
Omri Casspi,SF,22,SAC,2010-11,71,1702,11.7,0.517,0.452,0.185,4.8,16.0,10.3,6.6,1.6,0.6,10.3,16.7,1.1,1.3,2.5,0.069,-0.6,-0.7,-1.3,0.3
Omri Casspi,SF,23,CLE,2011-12,65,1341,11.2,0.499,0.408,0.262,5.1,14.5,9.7,8.4,1.5,1.2,12.2,17.6,0.6,0.6,1.2,0.044,-1.2,-1.1,-2.4,-0.1
Omri Casspi,SF,24,CLE,2012-13,43,503,12.9,0.486,0.475,0.256,4.4,22.7,13.1,8.8,2.6,1.9,11.0,17.7,0.1,0.6,0.7,0.064,-1.8,0.1,-1.7,0.0
Omri Casspi,PF,25,HOU,2013-14,71,1283,12.9,0.528,0.429,0.298,5.1,16.8,11.3,10.5,1.7,0.8,13.4,18.3,1.0,1.4,2.4,0.091,-0.6,-0.2,-0.8,0.4
Omri Casspi,SF,26,SAC,2014-15,67,1416,14.4,0.58,0.204,0.447,4.5,15.9,10.4,11.8,1.1,0.5,14.7,18.7,2.0,0.6,2.7,0.091,0.0,-1.3,-1.3,0.3
Omri Casspi,PF,27,SAC,2015-16,69,1880,13.9,0.587,0.441,0.256,3.4,20.1,11.8,7.5,1.4,0.7,12.0,17.8,2.1,1.5,3.6,0.092,0.3,-0.6,-0.3,0.8
Omri Casspi,PF,28,TOT,2016-17,36,643,10.0,0.526,0.262,0.177,4.9,15.2,10.1,8.6,1.8,0.4,14.1,14.4,0.1,0.4,0.5,0.038,-2.4,-0.6,-3.0,-0.2
Omri Casspi,SF,29,GSW,2017-18,53,740,15.5,0.632,0.106,0.333,4.9,24.0,15.1,9.5,1.2,2.0,13.5,16.3,1.2,1.0,2.2,0.141,-1.5,0.0,-1.4,0.1
Omri Casspi,SF,30,MEM,2018-19,36,520,15.7,0.606,0.267,0.36,3.6,21.5,12.4,8.1,1.9,1.6,11.0,18.0,0.6,0.7,1.3,0.119,-2.0,0.1,-1.8,0.0
Orien Greene,PG,23,BOS,2005-06,80,1235,6.4,0.449,0.158,0.269,3.7,10.4,7.2,15.8,3.2,0.6,27.8,14.6,-1.8,1.4,-0.3,-0.013,-4.6,1.1,-3.4,-0.4
Orien Greene,SG,24,IND,2006-07,41,254,6.5,0.432,0.177,0.403,5.4,14.9,10.0,13.6,3.5,1.2,27.7,17.8,-0.6,0.4,-0.2,-0.034,-6.0,2.0,-4.0,-0.1
Orien Greene,SG,25,SAC,2007-08,7,61,-3.3,0.273,0.091,0.0,0.0,11.4,5.8,6.8,2.5,1.3,38.9,13.2,-0.3,0.1,-0.2,-0.18,-10.8,1.0,-9.8,-0.1
Orien Greene,SG,28,NJN,2010-11,3,5,33.0,0.521,0.0,1.0,0.0,0.0,0.0,37.8,10.7,0.0,0.0,26.7,0.0,0.0,0.0,0.293,4.3,-1.9,2.4,0.0
Orlando Johnson,SG,23,IND,2012-13,51,619,11.4,0.523,0.522,0.178,3.7,15.9,9.9,12.5,0.9,1.1,13.0,16.4,0.5,1.0,1.5,0.115,-1.2,0.1,-1.2,0.1
Orlando Johnson,SG,24,TOT,2013-14,45,392,5.3,0.402,0.416,0.23,2.7,12.6,7.9,7.7,0.8,0.4,10.8,16.2,-0.5,0.5,0.1,0.008,-5.2,-0.9,-6.2,-0.4
Orlando Johnson,SG,26,TOT,2015-16,7,101,3.6,0.346,0.294,0.235,4.2,12.3,8.1,2.7,1.5,2.4,9.6,17.8,-0.2,0.1,-0.2,-0.087,-8.0,-2.4,-10.4,-0.2
Othella Harrington,C,32,CHI,2005-06,72,824,11.1,0.53,0.0,0.451,7.6,13.9,10.7,8.0,0.4,1.2,15.7,21.2,0.2,0.9,1.1,0.063,-3.6,-0.8,-4.4,-0.5
Othella Harrington,PF,33,CHA,2006-07,26,220,5.0,0.51,0.0,0.393,6.8,13.9,10.2,4.4,0.2,0.3,18.6,16.7,-0.1,0.1,0.0,0.003,-5.5,-2.6,-8.1,-0.3
Othella Harrington,C,34,CHA,2007-08,22,166,5.8,0.469,0.0,0.381,7.6,21.6,14.5,3.8,0.3,1.8,18.3,16.6,-0.2,0.1,0.0,-0.01,-7.2,-1.8,-9.0,-0.3
Othello Hunter,PF,22,ATL,2008-09,16,92,12.1,0.495,0.0,0.25,11.5,19.1,15.3,1.7,1.2,4.2,8.3,12.3,0.0,0.1,0.2,0.092,-4.2,0.2,-4.0,0.0
Othello Hunter,SF,23,ATL,2009-10,7,33,7.9,0.4,0.0,0.333,21.0,21.4,21.2,0.0,0.0,2.3,17.9,23.4,-0.1,0.0,0.0,-0.031,-9.2,-7.2,-16.5,-0.1
Othyus Jeffers,SG,24,UTA,2009-10,14,73,13.6,0.495,0.0,0.655,13.3,17.4,15.4,2.1,2.8,0.0,13.8,26.7,0.0,0.1,0.1,0.067,-5.0,-3.5,-8.5,-0.1
Othyus Jeffers,SG,25,TOT,2010-11,17,322,13.3,0.546,0.062,0.708,8.5,15.4,11.9,9.3,2.7,0.0,14.1,13.6,0.4,0.3,0.7,0.097,-0.9,0.4,-0.5,0.1
Othyus Jeffers,SG,28,TOT,2013-14,6,47,6.9,0.58,0.333,0.667,2.5,18.7,10.7,2.8,0.0,0.0,11.4,8.3,0.0,0.0,0.1,0.082,-3.7,-1.5,-5.2,0.0
Otto Porter,SF,20,WAS,2013-14,37,319,6.0,0.405,0.231,0.132,7.5,13.3,10.4,4.6,1.3,0.3,12.7,15.6,-0.4,0.3,0.0,-0.006,-5.4,-1.4,-6.8,-0.4
Otto Porter,SF,21,WAS,2014-15,74,1432,11.6,0.523,0.266,0.202,5.6,11.6,8.7,6.8,1.6,1.7,10.9,15.1,1.0,1.8,2.7,0.092,-1.4,0.9,-0.4,0.6
Otto Porter,SF,22,WAS,2015-16,75,2276,14.5,0.564,0.372,0.176,4.7,14.7,9.6,7.9,2.2,1.1,8.3,16.2,3.0,2.7,5.6,0.119,0.8,1.0,1.8,2.2
Otto Porter,SF,23,WAS,2016-17,80,2605,17.3,0.628,0.425,0.148,5.1,17.1,11.1,6.7,2.2,1.3,4.9,15.1,6.4,3.0,9.4,0.173,3.0,0.9,3.9,3.9
Otto Porter,SF,24,WAS,2017-18,77,2432,18.3,0.602,0.354,0.145,4.8,18.1,11.4,10.1,2.4,1.5,7.4,18.4,5.0,3.1,8.1,0.161,2.4,1.2,3.6,3.4
Otto Porter,SF,25,TOT,2018-19,56,1683,15.9,0.569,0.398,0.149,3.4,17.0,10.1,10.6,2.3,1.6,8.7,19.1,1.8,1.5,3.2,0.093,0.4,0.1,0.5,1.0
Otto Porter,SF,25,WAS,2018-19,41,1191,15.0,0.551,0.398,0.145,3.6,17.7,10.5,9.6,2.5,1.6,7.8,18.2,1.0,1.1,2.1,0.085,-0.2,0.3,0.1,0.6
Otto Porter,SF,25,CHI,2018-19,15,492,18.0,0.609,0.398,0.159,3.1,15.4,9.2,13.0,1.8,1.6,10.4,21.3,0.8,0.4,1.1,0.112,1.7,-0.4,1.3,0.4
P.J. Brown,C,36,NOK,2005-06,75,2380,12.7,0.515,0.0,0.288,8.9,18.8,13.7,6.3,1.0,1.7,12.0,14.7,2.1,2.3,4.4,0.088,-1.5,1.1,-0.3,1.0
P.J. Brown,PF,37,CHI,2006-07,72,1456,9.7,0.462,0.005,0.292,10.2,17.0,13.6,5.0,0.8,2.8,15.3,17.0,-0.4,2.7,2.3,0.075,-4.5,1.6,-3.0,-0.4
P.J. Brown,PF,38,BOS,2007-08,18,209,10.2,0.406,0.024,0.39,17.6,21.0,19.4,6.9,1.3,3.1,17.2,12.9,0.0,0.5,0.5,0.116,-3.5,3.0,-0.5,0.1
P.J. Hairston,SG,22,CHO,2014-15,45,687,9.0,0.446,0.606,0.134,3.4,11.5,7.4,5.1,1.6,1.5,7.2,20.4,-0.5,0.8,0.3,0.022,-2.2,-1.3,-3.5,-0.3
P.J. Hairston,SF,23,TOT,2015-16,66,1313,6.9,0.47,0.591,0.157,2.1,12.8,7.3,4.4,1.2,0.7,8.6,16.4,-0.6,1.1,0.6,0.021,-2.7,-1.5,-4.2,-0.7
P.J. Tucker,SF,21,TOR,2006-07,17,83,12.8,0.533,0.0,0.636,15.4,17.2,16.3,5.7,1.2,0.0,17.6,19.1,0.1,0.1,0.1,0.085,-2.5,-1.6,-4.1,0.0
P.J. Tucker,SG,27,PHO,2012-13,79,1910,11.6,0.525,0.158,0.194,7.7,13.3,10.4,8.6,1.7,0.7,12.2,12.8,1.8,1.2,2.9,0.074,-0.9,0.5,-0.4,0.8
P.J. Tucker,SF,28,PHO,2013-14,81,2490,13.3,0.54,0.311,0.327,7.3,16.6,11.9,8.1,2.2,0.7,12.7,14.2,3.3,2.8,6.1,0.117,0.7,1.6,2.3,2.7
P.J. Tucker,SF,29,PHO,2014-15,78,2383,12.5,0.541,0.423,0.24,5.2,18.0,11.5,7.4,2.2,0.7,12.7,13.9,2.2,2.7,4.9,0.098,-0.2,1.4,1.2,1.9
P.J. Tucker,SF,30,PHO,2015-16,82,2540,10.8,0.506,0.354,0.244,6.9,15.2,10.9,10.2,2.0,0.6,14.7,12.7,1.5,1.9,3.5,0.066,-0.7,1.3,0.6,1.7
P.J. Tucker,SF,31,TOT,2016-17,81,2236,10.5,0.516,0.407,0.193,5.6,17.7,11.6,6.0,2.5,0.7,11.2,11.2,1.4,2.2,3.6,0.078,-0.7,1.6,0.9,1.6
P.J. Tucker,PF,32,HOU,2017-18,82,2281,8.3,0.537,0.703,0.136,4.6,17.8,11.3,4.6,1.7,1.0,13.7,10.5,1.0,3.0,3.9,0.082,-1.5,1.5,0.0,1.2
P.J. Tucker,PF,33,HOU,2018-19,82,2802,9.2,0.547,0.74,0.113,4.7,14.4,9.5,4.6,2.3,1.2,10.3,9.5,2.0,3.0,5.0,0.086,-0.5,1.8,1.3,2.3
PJ Dozier,PG,21,OKC,2017-18,2,3,-5.0,0.5,0.0,0.0,0.0,38.3,18.5,0.0,0.0,0.0,33.3,42.9,0.0,0.0,0.0,-0.404,-23.5,-10.5,-34.0,0.0
PJ Dozier,SG,22,BOS,2018-19,6,51,16.0,0.434,0.381,0.095,12.5,23.1,17.8,13.7,1.9,0.0,0.0,18.5,0.1,0.1,0.1,0.125,-0.5,-0.5,-1.1,0.0
Pablo Prigioni,PG,35,NYK,2012-13,78,1263,13.0,0.595,0.609,0.114,3.7,9.8,6.6,27.5,2.9,0.1,27.1,11.7,2.0,1.3,3.2,0.123,0.7,-0.1,0.6,0.8
Pablo Prigioni,PG,36,NYK,2013-14,66,1283,13.0,0.642,0.733,0.063,3.2,8.8,5.9,25.6,2.8,0.1,23.4,9.3,2.5,0.9,3.4,0.127,1.5,-0.9,0.6,0.8
Pablo Prigioni,PG,37,TOT,2014-15,67,1197,12.2,0.557,0.728,0.18,2.8,8.6,5.7,21.5,3.4,0.1,20.1,11.6,1.3,1.0,2.3,0.092,0.0,-0.5,-0.5,0.5
Pablo Prigioni,PG,38,LAC,2015-16,59,823,10.2,0.482,0.646,0.054,5.1,9.9,7.5,21.8,3.2,0.1,24.6,11.0,0.3,1.1,1.5,0.087,-1.1,1.5,0.4,0.5
Pape Sow,C,24,TOR,2005-06,42,590,9.5,0.496,0.0,0.463,10.7,19.9,15.1,2.0,1.9,2.5,16.8,14.0,0.2,0.4,0.6,0.045,-3.9,-0.5,-4.3,-0.3
Pape Sow,C,25,TOR,2006-07,7,34,16.4,0.43,0.0,0.667,20.5,17.5,19.0,8.7,1.5,2.3,7.9,17.2,0.0,0.0,0.1,0.128,-1.2,0.6,-0.5,0.0
Pape Sy,SF,22,ATL,2010-11,3,21,9.2,0.478,0.167,0.5,11.6,5.7,8.6,14.5,2.6,0.0,29.1,23.3,0.0,0.0,0.0,-0.047,-5.0,-1.1,-6.0,0.0
Pascal Siakam,PF,22,TOR,2016-17,55,859,11.5,0.523,0.034,0.156,8.4,15.9,12.2,2.9,1.5,4.5,13.1,13.1,0.4,1.2,1.6,0.089,-3.0,1.9,-1.1,0.2
Pascal Siakam,PF,23,TOR,2017-18,81,1679,14.5,0.549,0.265,0.175,5.4,18.6,12.1,13.5,1.8,2.0,11.1,15.7,2.1,2.5,4.7,0.133,0.0,2.2,2.1,1.7
Pascal Siakam,PF,24,TOR,2018-19,80,2548,18.7,0.628,0.226,0.32,5.4,17.5,11.6,14.6,1.4,1.7,12.5,20.8,5.7,3.6,9.3,0.175,2.0,1.4,3.4,3.5
Pat Burke,C,32,PHO,2005-06,42,346,9.9,0.517,0.055,0.165,6.9,16.3,11.7,6.8,0.9,2.6,19.5,21.9,-0.3,0.4,0.1,0.009,-5.4,-0.4,-5.9,-0.3
Pat Burke,C,33,PHO,2006-07,23,164,9.3,0.424,0.338,0.2,9.0,23.7,16.7,4.3,0.9,0.9,9.0,21.3,-0.1,0.2,0.1,0.015,-4.6,-2.3,-6.9,-0.2
Pat Connaughton,SG,23,POR,2015-16,34,143,4.6,0.352,0.429,0.102,8.3,15.9,12.1,9.9,0.7,0.0,16.3,18.7,-0.3,0.1,-0.2,-0.076,-5.8,-2.4,-8.2,-0.2
Pat Connaughton,SG,24,POR,2016-17,39,316,11.8,0.645,0.458,0.125,3.5,14.8,9.1,12.7,0.9,0.5,18.3,13.0,0.4,0.2,0.6,0.09,-0.9,-1.6,-2.5,0.0
Pat Connaughton,SG,25,POR,2017-18,82,1488,9.3,0.539,0.538,0.113,2.7,9.1,5.9,8.7,0.8,1.2,9.5,13.4,1.2,1.3,2.5,0.08,-0.9,-0.4,-1.3,0.3
Pat Connaughton,SG,26,MIL,2018-19,61,1261,13.6,0.573,0.571,0.114,5.2,15.0,10.4,12.6,1.2,1.7,8.2,13.3,2.0,1.9,3.9,0.149,0.4,1.2,1.6,1.2
Pat Garrity,PF,29,ORL,2005-06,57,938,9.1,0.546,0.533,0.153,4.2,9.9,7.1,6.5,0.7,0.8,12.8,15.0,0.8,0.4,1.2,0.062,-0.3,-1.9,-2.2,0.0
Pat Garrity,PF,30,ORL,2006-07,33,277,6.4,0.456,0.457,0.257,5.5,13.1,9.3,7.8,1.4,0.0,15.2,15.4,-0.1,0.3,0.2,0.038,-2.7,-1.1,-3.8,-0.1
Pat Garrity,PF,31,ORL,2007-08,31,284,3.2,0.401,0.463,0.063,3.8,13.6,8.9,6.8,1.1,0.3,17.1,16.0,-0.5,0.3,-0.2,-0.038,-5.4,-0.6,-6.0,-0.3
Patricio Garino,SG,23,ORL,2016-17,5,43,-9.2,0.0,0.714,0.0,2.5,15.6,8.9,0.0,0.0,0.0,30.0,10.2,-0.2,0.0,-0.2,-0.25,-14.1,-3.3,-17.3,-0.2
Patrick Beverley,PG,24,HOU,2012-13,41,713,15.4,0.551,0.508,0.217,7.2,10.1,8.7,24.2,2.6,2.2,17.5,15.4,1.4,0.8,2.2,0.148,2.0,1.4,3.4,1.0
Patrick Beverley,PG,25,HOU,2013-14,56,1751,12.4,0.545,0.53,0.212,4.9,7.4,6.2,12.8,2.2,1.0,11.2,14.8,2.7,1.6,4.2,0.116,1.9,0.6,2.5,2.0
Patrick Beverley,PG,26,HOU,2014-15,56,1727,11.3,0.509,0.607,0.113,4.3,10.8,7.6,17.2,1.7,1.0,12.9,16.1,1.7,1.8,3.5,0.096,0.5,0.3,0.8,1.2
Patrick Beverley,PG,27,HOU,2015-16,71,2041,13.0,0.553,0.522,0.148,3.9,9.6,6.8,17.9,2.3,1.1,12.6,15.3,3.1,1.3,4.4,0.102,1.4,-0.3,1.1,1.6
Patrick Beverley,SG,28,HOU,2016-17,67,2058,13.0,0.546,0.53,0.175,5.0,15.8,10.4,18.8,2.3,1.0,14.6,14.1,2.9,2.4,5.3,0.123,0.8,1.5,2.3,2.3
Patrick Beverley,SG,29,LAC,2017-18,11,334,12.4,0.53,0.504,0.143,5.3,9.4,7.4,13.8,2.8,1.3,16.5,19.6,0.1,0.3,0.4,0.056,0.5,0.4,0.9,0.2
Patrick Beverley,PG,30,LAC,2018-19,78,2137,11.8,0.561,0.591,0.258,3.9,15.0,9.6,18.4,1.5,1.6,13.8,12.2,2.8,2.0,4.8,0.108,1.2,1.2,2.3,2.3
Patrick Christopher,SG,26,UTA,2014-15,4,29,-2.6,0.25,0.333,0.0,8.0,15.9,12.0,0.0,1.8,0.0,7.7,20.6,-0.1,0.0,-0.1,-0.15,-10.6,-5.7,-16.3,-0.1
Patrick Ewing,SF,26,NOH,2010-11,7,19,0.6,0.222,0.4,0.8,6.4,6.4,6.4,14.2,0.0,4.4,12.9,19.5,-0.1,0.0,-0.1,-0.158,-8.7,-0.6,-9.3,0.0
Patrick McCaw,SG,21,GSW,2016-17,71,1074,8.6,0.54,0.502,0.151,2.3,7.6,5.1,9.0,1.4,1.1,12.1,11.9,0.5,1.2,1.7,0.077,-1.6,-0.2,-1.8,0.1
Patrick McCaw,SG,22,GSW,2017-18,57,961,7.4,0.477,0.356,0.151,2.0,7.2,4.8,10.6,2.2,0.8,14.6,12.8,-0.3,0.8,0.6,0.029,-2.9,-0.5,-3.4,-0.3
Patrick McCaw,SG,23,TOT,2018-19,29,397,7.5,0.532,0.444,0.238,2.0,10.9,6.5,9.2,2.8,0.4,19.6,9.4,0.0,0.5,0.5,0.065,-2.8,1.6,-1.2,0.1
Patrick McCaw,SG,23,CLE,2018-19,3,53,-0.7,0.278,0.444,0.0,0.0,6.6,3.1,4.9,1.9,0.0,25.0,9.9,-0.2,0.0,-0.2,-0.137,-8.1,-1.2,-9.3,-0.1
Patrick McCaw,SG,23,TOR,2018-19,26,344,8.7,0.569,0.444,0.278,2.3,11.6,7.1,9.8,2.9,0.5,18.8,9.3,0.2,0.5,0.7,0.096,-2.0,2.1,0.1,0.2
Patrick O'Bryant,C,20,GSW,2006-07,16,119,7.3,0.393,0.0,0.531,6.3,13.2,9.7,10.2,2.4,5.1,16.8,17.0,-0.2,0.2,0.0,-0.003,-6.6,2.5,-4.1,-0.1
Patrick O'Bryant,C,21,GSW,2007-08,24,99,14.0,0.561,0.0,0.172,10.4,21.4,15.7,5.8,2.0,6.6,18.3,16.3,0.1,0.2,0.2,0.105,-3.5,2.6,-1.0,0.0
Patrick O'Bryant,C,22,TOT,2008-09,39,255,11.8,0.544,0.024,0.238,6.3,24.2,15.5,7.1,1.2,5.9,19.2,20.9,-0.2,0.5,0.3,0.056,-5.3,2.2,-3.1,-0.1
Patrick O'Bryant,C,22,BOS,2008-09,26,108,9.5,0.551,0.0,0.387,8.3,29.1,19.1,11.8,1.5,5.9,31.9,23.0,-0.2,0.3,0.1,0.025,-7.4,4.3,-3.0,0.0
Patrick O'Bryant,C,22,TOR,2008-09,13,147,13.5,0.54,0.038,0.151,4.8,20.6,12.8,3.6,1.1,5.8,8.1,19.3,0.0,0.2,0.2,0.079,-3.9,0.7,-3.2,0.0
Patrick O'Bryant,C,23,TOR,2009-10,11,51,9.9,0.539,0.067,0.4,4.8,20.3,12.7,3.0,2.0,6.0,22.1,20.3,-0.1,0.1,0.0,-0.009,-6.0,0.8,-5.2,0.0
Patrick Patterson,PF,21,HOU,2010-11,52,868,16.7,0.574,0.007,0.157,11.2,14.9,13.1,7.6,1.0,3.0,9.8,16.1,1.7,0.7,2.4,0.134,0.0,0.5,0.5,0.5
Patrick Patterson,PF,22,HOU,2011-12,64,1483,11.5,0.457,0.006,0.112,8.7,13.7,11.2,5.7,1.0,1.8,8.4,17.9,0.5,1.1,1.6,0.052,-2.7,-0.2,-2.9,-0.3
Patrick Patterson,PF,23,TOT,2012-13,71,1775,15.2,0.566,0.212,0.101,7.2,14.4,10.8,7.5,0.9,1.7,8.6,17.6,3.1,1.0,4.1,0.111,0.5,-0.7,-0.2,0.8
Patrick Patterson,PF,24,TOT,2013-14,65,1533,14.6,0.533,0.309,0.145,8.8,17.1,12.9,8.5,1.9,1.9,11.1,17.2,1.8,2.0,3.8,0.118,0.4,1.1,1.5,1.3
Patrick Patterson,PF,25,TOR,2014-15,81,2156,14.6,0.568,0.529,0.15,6.8,16.3,11.6,10.7,1.4,1.6,8.7,13.1,4.4,1.7,6.1,0.137,2.5,0.7,3.2,2.8
Patrick Patterson,PF,26,TOR,2015-16,79,2020,10.6,0.534,0.594,0.069,4.4,14.8,9.7,7.1,1.4,1.3,11.3,12.9,1.6,2.0,3.6,0.086,0.4,0.6,1.0,1.5
Patrick Patterson,PF,27,TOR,2016-17,65,1599,10.8,0.542,0.659,0.156,4.4,16.3,10.4,6.6,1.3,1.2,8.5,12.5,1.7,1.6,3.3,0.1,0.5,0.4,0.9,1.2
Patrick Patterson,PF,28,OKC,2017-18,82,1270,10.0,0.555,0.643,0.173,2.7,14.6,8.4,6.1,1.9,1.6,10.3,10.8,1.2,1.4,2.6,0.098,-1.6,0.3,-1.3,0.2
Patrick Patterson,PF,29,OKC,2018-19,63,861,8.1,0.493,0.626,0.137,4.9,13.0,8.8,4.6,0.9,1.3,8.7,12.0,0.2,0.9,1.1,0.064,-3.0,-0.6,-3.7,-0.4
Patty Mills,PG,21,POR,2009-10,10,38,11.9,0.48,0.167,0.292,3.2,3.3,3.3,27.1,0.0,0.0,12.9,38.9,0.0,0.0,0.0,-0.036,-1.8,-6.7,-8.5,-0.1
Patty Mills,PG,22,POR,2010-11,64,783,13.0,0.506,0.405,0.143,2.8,5.2,4.0,24.3,1.9,0.1,15.1,24.5,0.2,0.5,0.7,0.044,-0.1,-3.5,-3.6,-0.3
Patty Mills,PG,23,SAS,2011-12,16,261,21.5,0.604,0.431,0.115,1.8,10.3,6.2,25.9,2.0,0.3,16.0,28.4,0.6,0.3,0.9,0.161,4.3,-1.9,2.5,0.3
Patty Mills,PG,24,SAS,2012-13,58,656,14.1,0.59,0.539,0.079,1.7,6.8,4.4,14.9,2.0,0.4,13.5,20.2,0.7,0.8,1.5,0.109,1.2,-1.6,-0.4,0.3
Patty Mills,PG,25,SAS,2013-14,81,1527,18.7,0.588,0.477,0.123,2.6,9.6,6.2,15.3,2.3,0.4,8.2,22.6,3.4,2.1,5.6,0.175,3.9,-0.6,3.3,2.0
Patty Mills,PG,26,SAS,2014-15,51,801,13.0,0.496,0.542,0.119,3.0,7.5,5.3,16.9,1.8,0.2,9.0,22.1,0.6,0.9,1.4,0.087,1.0,-1.8,-0.7,0.3
Patty Mills,PG,27,SAS,2015-16,81,1662,14.6,0.541,0.523,0.095,1.9,8.7,5.4,20.1,1.8,0.3,10.7,19.7,2.2,2.6,4.8,0.139,2.1,-0.4,1.7,1.6
Patty Mills,PG,28,SAS,2016-17,80,1754,15.2,0.578,0.572,0.129,1.6,7.4,4.6,24.3,1.9,0.1,13.3,19.5,2.9,2.2,5.1,0.139,2.5,-1.2,1.3,1.5
Patty Mills,PG,29,SAS,2017-18,82,2107,11.8,0.558,0.607,0.173,1.4,6.8,4.1,16.0,1.3,0.4,12.6,17.8,2.0,2.1,4.1,0.093,0.9,-1.3,-0.4,0.9
Patty Mills,PG,30,SAS,2018-19,82,1908,13.2,0.572,0.609,0.155,1.4,8.9,5.2,17.6,1.3,0.4,11.6,18.5,2.2,1.2,3.5,0.087,1.5,-2.0,-0.5,0.7
Pau Gasol,PF,25,MEM,2005-06,80,3135,22.7,0.555,0.01,0.517,7.5,20.0,13.8,23.7,0.8,3.9,13.8,26.4,6.6,5.4,12.0,0.184,2.0,3.1,5.1,5.6
Pau Gasol,C,26,MEM,2006-07,59,2133,24.1,0.593,0.013,0.466,8.3,24.2,16.3,17.7,0.7,4.5,13.5,25.3,5.4,1.5,6.9,0.155,2.6,1.7,4.2,3.3
Pau Gasol,C,27,TOT,2007-08,66,2351,21.6,0.594,0.018,0.407,7.4,18.7,13.1,15.2,0.6,3.0,10.6,22.1,6.4,2.1,8.4,0.172,2.0,0.9,2.9,2.9
Pau Gasol,C,27,MEM,2007-08,39,1433,20.1,0.566,0.027,0.386,7.3,19.6,13.4,14.0,0.6,2.8,10.9,22.7,3.0,0.9,3.9,0.129,1.0,0.5,1.5,1.3
Pau Gasol,C,27,LAL,2007-08,27,918,24.0,0.639,0.003,0.441,7.7,17.4,12.8,17.0,0.8,3.3,10.0,21.2,3.4,1.2,4.6,0.239,3.5,1.6,5.1,1.6
Pau Gasol,C,28,LAL,2008-09,81,2999,22.2,0.617,0.002,0.42,10.0,19.3,14.7,14.8,0.9,2.1,11.3,20.4,9.8,4.2,13.9,0.223,3.3,1.7,5.0,5.3
Pau Gasol,C,29,LAL,2009-10,65,2403,22.9,0.593,0.006,0.429,11.4,22.7,17.1,15.0,0.8,3.5,12.5,21.4,6.8,4.2,11.0,0.22,2.4,3.0,5.4,4.5
Pau Gasol,C,30,LAL,2010-11,82,3037,23.3,0.589,0.003,0.384,10.3,20.5,15.6,15.1,0.8,3.3,9.8,21.8,10.0,4.7,14.7,0.232,3.0,2.2,5.3,5.6
Pau Gasol,PF,31,LAL,2011-12,65,2430,20.4,0.547,0.029,0.285,8.8,21.8,15.6,17.2,0.8,2.6,12.1,22.1,5.2,3.1,8.3,0.165,1.7,2.0,3.7,3.5
Pau Gasol,PF,32,LAL,2012-13,49,1655,16.7,0.512,0.048,0.307,7.6,20.1,14.0,19.9,0.7,2.7,13.7,20.5,2.0,1.7,3.7,0.107,-0.4,1.9,1.5,1.5
Pau Gasol,C,33,LAL,2013-14,60,1884,19.3,0.522,0.016,0.287,7.0,25.9,16.4,18.7,0.7,3.5,12.4,26.4,1.3,1.7,3.0,0.076,-1.0,1.6,0.6,1.3
Pau Gasol,PF,34,CHI,2014-15,78,2681,22.7,0.55,0.023,0.317,9.2,27.6,18.6,14.4,0.5,4.0,10.7,24.7,6.0,4.4,10.4,0.187,0.7,2.1,2.8,3.2
Pau Gasol,C,35,CHI,2015-16,72,2291,21.7,0.529,0.069,0.29,7.3,28.7,18.2,21.7,0.9,4.7,12.8,24.6,3.2,3.9,7.1,0.149,0.5,3.5,4.0,3.5
Pau Gasol,C,36,SAS,2016-17,64,1627,20.2,0.578,0.172,0.305,7.6,26.8,17.4,14.7,0.8,3.5,10.6,21.3,3.3,3.1,6.4,0.19,0.9,2.8,3.7,2.4
Pau Gasol,C,37,SAS,2017-18,77,1812,18.9,0.539,0.191,0.333,7.8,30.2,19.0,20.1,0.7,3.6,13.1,20.4,2.7,3.3,6.0,0.159,-0.1,3.3,3.2,2.4
Pau Gasol,C,38,TOT,2018-19,30,360,16.7,0.529,0.138,0.426,6.7,34.2,20.6,19.1,0.7,3.5,12.5,15.6,0.5,0.5,1.1,0.142,-2.1,2.7,0.6,0.2
Pau Gasol,C,38,SAS,2018-19,27,330,18.0,0.544,0.114,0.432,7.3,34.4,21.0,20.2,0.7,3.6,11.8,15.8,0.6,0.5,1.1,0.16,-1.4,2.8,1.5,0.3
Pau Gasol,C,38,MIL,2018-19,3,30,1.7,0.291,0.5,0.333,0.0,31.9,16.9,7.7,0.0,2.8,22.5,12.4,-0.1,0.1,0.0,-0.063,-10.7,1.6,-9.1,-0.1
Paul Davis,C,22,LAC,2006-07,31,180,11.2,0.452,0.0,0.192,14.1,15.2,14.6,6.4,1.8,2.2,12.4,16.5,0.0,0.2,0.2,0.066,-3.1,-0.2,-3.4,-0.1
Paul Davis,PF,23,LAC,2007-08,22,194,9.0,0.389,0.0,0.154,14.8,13.2,14.0,8.8,1.6,2.3,11.5,18.6,-0.2,0.2,0.0,-0.007,-4.5,0.1,-4.4,-0.1
Paul Davis,PF,24,LAC,2008-09,27,320,10.7,0.474,0.01,0.347,9.8,14.5,12.1,6.1,1.6,0.7,10.3,17.9,0.1,0.2,0.2,0.037,-3.9,-1.7,-5.6,-0.3
Paul Davis,PF,25,WAS,2009-10,2,8,33.3,0.512,0.0,0.5,0.0,0.0,0.0,73.8,0.0,9.5,0.0,27.6,0.0,0.0,0.0,0.295,4.5,-9.2,-4.7,0.0
Paul George,SG,20,IND,2010-11,61,1265,13.0,0.542,0.349,0.256,3.3,16.3,9.8,8.3,2.5,1.5,13.7,17.8,0.5,1.9,2.4,0.091,-1.2,1.2,0.0,0.6
Paul George,SG,21,IND,2011-12,66,1958,16.5,0.555,0.366,0.285,3.2,17.9,10.6,13.6,2.9,1.5,14.0,19.3,2.8,3.2,6.0,0.148,1.9,1.9,3.9,2.9
Paul George,SF,22,IND,2012-13,79,2972,16.8,0.531,0.399,0.233,3.4,19.0,11.3,19.6,2.6,1.3,15.2,23.5,2.7,6.3,9.0,0.145,1.8,2.9,4.7,5.0
Paul George,SF,23,IND,2013-14,80,2898,20.1,0.555,0.367,0.341,2.6,17.7,10.5,17.9,2.7,0.6,12.5,28.3,4.4,6.4,10.8,0.178,2.9,1.8,4.7,4.9
Paul George,SF,24,IND,2014-15,6,91,13.0,0.492,0.449,0.224,4.9,21.7,13.4,11.8,2.8,0.9,18.2,32.8,-0.2,0.2,0.0,-0.008,-2.7,-0.7,-3.3,0.0
Paul George,SF,25,IND,2015-16,81,2819,20.9,0.557,0.391,0.364,3.1,18.7,10.9,20.3,2.7,0.8,13.6,30.4,4.4,4.8,9.2,0.157,3.5,1.0,4.5,4.6
Paul George,SF,26,IND,2016-17,75,2689,20.2,0.587,0.368,0.277,2.5,17.9,10.3,16.1,2.2,0.9,12.7,28.9,3.9,3.1,7.1,0.126,3.1,-0.3,2.8,3.2
Paul George,SF,27,OKC,2017-18,79,2891,18.7,0.57,0.454,0.307,2.7,14.9,8.6,14.5,2.8,1.2,12.2,25.7,5.0,3.9,8.9,0.147,2.5,0.0,2.5,3.3
Paul George,SF,28,OKC,2018-19,77,2841,23.3,0.583,0.469,0.335,3.7,19.6,11.4,17.7,2.8,1.0,10.0,29.5,7.0,4.9,11.9,0.201,4.7,0.7,5.5,5.3
Paul Millsap,PF,21,UTA,2006-07,82,1472,17.6,0.571,0.008,0.523,15.1,19.8,17.5,6.7,2.4,4.2,16.1,17.8,2.4,2.3,4.7,0.153,0.3,2.6,2.9,1.8
Paul Millsap,PF,22,UTA,2007-08,82,1702,16.1,0.548,0.008,0.456,12.1,20.8,16.5,7.0,2.2,3.5,12.6,18.1,2.5,2.7,5.2,0.148,-0.2,2.1,1.9,1.7
Paul Millsap,PF,23,UTA,2008-09,76,2290,18.6,0.576,0.005,0.435,13.1,21.0,17.0,9.8,1.8,2.5,12.6,20.0,4.5,3.3,7.7,0.162,1.3,1.9,3.3,3.0
Paul Millsap,PF,24,UTA,2009-10,82,2277,16.7,0.573,0.013,0.369,9.9,18.9,14.5,8.9,1.4,3.5,12.2,18.7,3.7,3.5,7.2,0.151,0.1,2.1,2.1,2.4
Paul Millsap,PF,25,UTA,2010-11,76,2605,19.8,0.578,0.023,0.342,7.5,19.4,13.4,12.6,2.1,2.2,11.3,22.6,5.2,2.5,7.7,0.143,1.6,0.7,2.4,2.9
Paul Millsap,PF,26,UTA,2011-12,64,2100,21.8,0.545,0.036,0.296,9.7,21.2,15.4,12.4,2.9,2.0,10.3,23.2,4.9,2.9,7.8,0.179,2.9,2.1,5.0,3.7
Paul Millsap,PF,27,UTA,2012-13,78,2375,19.8,0.55,0.045,0.407,8.6,18.8,13.7,14.5,2.3,2.7,11.8,22.4,4.8,2.9,7.6,0.154,1.8,2.0,3.8,3.5
Paul Millsap,PF,28,ATL,2013-14,74,2482,19.8,0.545,0.202,0.373,7.2,21.9,14.6,16.2,2.6,2.5,13.2,25.7,2.7,4.0,6.7,0.129,0.7,2.4,3.1,3.2
Paul Millsap,PF,29,ATL,2014-15,73,2390,20.0,0.565,0.232,0.362,6.9,20.0,13.6,15.4,2.8,2.4,13.3,23.8,4.0,4.3,8.3,0.166,1.6,2.6,4.2,3.7
Paul Millsap,PF,30,ATL,2015-16,81,2647,21.3,0.556,0.218,0.383,8.4,21.5,15.1,16.4,2.7,4.1,13.3,24.3,4.1,6.0,10.1,0.183,1.1,4.2,5.3,4.9
Paul Millsap,PF,31,ATL,2016-17,69,2343,17.8,0.542,0.248,0.417,5.3,19.5,12.5,17.9,1.9,2.3,12.1,24.4,2.6,3.8,6.4,0.132,0.5,2.1,2.7,2.7
Paul Millsap,PF,32,DEN,2017-18,38,1143,17.0,0.549,0.26,0.37,6.4,17.6,12.1,13.9,1.7,3.2,12.6,22.0,1.4,1.1,2.5,0.107,0.1,0.7,0.8,0.8
Paul Millsap,PF,33,DEN,2018-19,70,1895,17.9,0.57,0.239,0.374,8.7,20.2,14.4,10.6,2.2,2.5,10.9,19.6,3.2,2.9,6.1,0.155,0.5,1.9,2.4,2.1
Paul Pierce,SF,28,BOS,2005-06,79,3084,23.6,0.582,0.215,0.555,3.1,17.5,10.5,23.4,1.8,0.8,13.0,31.2,8.3,3.2,11.5,0.178,4.7,-0.3,4.3,4.9
Paul Pierce,SG,29,BOS,2006-07,47,1740,21.7,0.571,0.324,0.473,2.6,16.8,9.5,22.1,1.4,0.6,12.9,30.7,3.8,1.6,5.4,0.148,4.6,-1.1,3.4,2.4
Paul Pierce,SF,30,BOS,2007-08,80,2874,19.6,0.599,0.332,0.442,2.3,14.0,8.5,21.8,1.9,1.0,14.4,24.8,6.7,5.7,12.4,0.207,3.3,1.5,4.7,4.9
Paul Pierce,SF,31,BOS,2008-09,81,3035,17.7,0.582,0.257,0.468,2.4,15.4,9.2,16.3,1.4,0.7,13.8,25.4,5.5,4.8,10.3,0.164,1.7,0.7,2.5,3.4
Paul Pierce,SF,32,BOS,2009-10,71,2411,18.2,0.613,0.303,0.499,2.0,13.4,7.9,15.1,1.8,1.0,13.6,23.8,5.0,3.3,8.3,0.165,2.3,0.3,2.7,2.9
Paul Pierce,SF,33,BOS,2010-11,80,2774,19.7,0.62,0.291,0.44,1.6,16.6,9.5,16.1,1.5,1.4,12.3,24.0,6.5,5.1,11.6,0.201,3.1,1.6,4.7,4.7
Paul Pierce,SF,34,BOS,2011-12,61,2075,19.6,0.567,0.307,0.387,2.2,15.2,9.0,24.3,1.8,1.0,14.2,28.1,3.3,3.7,7.0,0.161,3.3,1.1,4.4,3.4
Paul Pierce,SF,35,BOS,2012-13,77,2575,19.1,0.559,0.35,0.387,2.1,19.7,11.2,25.1,1.7,0.9,14.3,27.4,3.5,3.7,7.2,0.135,2.7,0.7,3.4,3.4
Paul Pierce,SF,36,BRK,2013-14,75,2098,16.8,0.595,0.421,0.435,1.5,18.3,9.9,14.5,2.2,1.2,15.3,22.4,2.9,2.3,5.2,0.119,1.3,0.2,1.5,1.8
Paul Pierce,SF,37,WAS,2014-15,73,1914,15.2,0.58,0.462,0.32,2.7,14.3,8.7,11.9,1.2,1.0,10.9,19.9,3.2,2.3,5.5,0.138,1.7,-0.2,1.5,1.7
Paul Pierce,SF,38,LAC,2015-16,68,1231,8.2,0.489,0.61,0.166,1.1,15.2,8.2,8.5,1.3,1.1,12.0,17.8,-0.6,1.4,0.9,0.033,-2.5,-0.3,-2.8,-0.3
Paul Pierce,SF,39,LAC,2016-17,25,277,5.7,0.535,0.614,0.186,0.4,18.5,9.7,5.0,0.7,1.5,17.4,14.8,-0.2,0.3,0.1,0.015,-3.9,-0.5,-4.4,-0.2
Paul Zipser,SF,22,CHI,2016-17,44,843,6.9,0.503,0.448,0.181,1.9,14.2,8.0,6.1,0.9,1.5,14.4,14.4,-0.3,0.8,0.5,0.03,-3.6,-0.1,-3.7,-0.4
Paul Zipser,SF,23,CHI,2017-18,54,824,5.2,0.445,0.47,0.107,1.6,16.0,8.5,8.0,1.2,1.6,14.9,15.2,-1.1,0.6,-0.6,-0.034,-5.5,-0.3,-5.9,-0.8
Pavel Podkolzin,C,21,DAL,2005-06,1,18,2.3,0.323,0.0,3.0,0.0,45.9,23.4,0.0,0.0,4.2,30.1,17.2,-0.1,0.0,-0.1,-0.135,-16.7,-3.1,-19.8,-0.1
Peja Stojaković,SF,28,TOT,2005-06,71,2601,16.7,0.57,0.397,0.255,3.6,14.6,9.3,9.4,0.9,0.3,8.3,22.0,5.2,2.8,8.0,0.147,2.2,-1.0,1.2,2.1
Peja Stojaković,SF,28,SAC,2005-06,31,1147,13.6,0.543,0.422,0.248,3.5,13.2,8.4,10.0,0.9,0.1,9.8,20.8,1.4,0.9,2.4,0.099,0.9,-1.5,-0.7,0.4
Peja Stojaković,SF,28,IND,2005-06,40,1454,19.1,0.588,0.379,0.261,3.7,15.8,9.9,9.0,1.0,0.4,7.3,22.9,3.8,1.8,5.6,0.184,3.2,-0.6,2.6,1.7
Peja Stojaković,SF,29,NOK,2006-07,13,425,15.8,0.543,0.429,0.194,2.9,12.0,7.3,4.7,1.0,0.7,8.2,24.9,0.6,0.3,0.9,0.1,1.1,-3.0,-1.9,0.0
Peja Stojaković,SF,30,NOH,2007-08,77,2711,15.7,0.581,0.511,0.136,2.7,11.8,7.1,5.6,1.1,0.3,5.3,19.7,5.8,2.4,8.1,0.144,3.0,-1.2,1.8,2.6
Peja Stojaković,SF,31,NOH,2008-09,61,2089,12.5,0.531,0.534,0.145,2.6,12.7,7.6,6.0,1.4,0.1,6.3,18.8,1.9,1.9,3.8,0.087,0.6,-1.2,-0.6,0.7
Peja Stojaković,SF,32,NOH,2009-10,62,1947,12.4,0.533,0.512,0.156,2.3,11.5,6.8,7.2,1.3,0.2,7.1,18.6,1.9,0.9,2.7,0.067,0.7,-1.6,-1.0,0.5
Peja Stojaković,SF,33,TOT,2010-11,33,617,15.2,0.588,0.599,0.11,2.8,11.3,7.1,7.7,1.1,0.2,6.7,19.4,1.1,0.6,1.6,0.126,2.3,-1.6,0.6,0.4
Pero Antić,C,31,ATL,2013-14,50,925,11.7,0.545,0.582,0.224,7.2,18.9,13.1,9.8,1.0,1.0,14.5,18.6,0.5,0.9,1.4,0.075,-0.5,-0.9,-1.4,0.1
Pero Antić,C,32,ATL,2014-15,63,1037,9.5,0.508,0.584,0.416,6.6,14.0,10.4,6.9,0.9,1.1,12.3,17.6,0.5,1.0,1.5,0.07,-1.3,-1.4,-2.7,-0.2
Perry Jones,SF,21,OKC,2012-13,38,280,7.8,0.417,0.02,0.152,5.3,19.1,12.7,5.5,0.9,1.6,12.4,19.6,-0.4,0.4,0.0,-0.003,-7.0,-1.6,-8.6,-0.5
Perry Jones,PF,22,OKC,2013-14,62,764,10.1,0.541,0.337,0.232,4.3,12.1,8.4,4.9,0.9,2.0,9.5,12.8,0.7,0.8,1.5,0.094,-2.0,-0.5,-2.5,-0.1
Perry Jones,SF,23,OKC,2014-15,43,631,6.9,0.459,0.326,0.201,1.0,11.7,6.5,4.2,1.4,1.0,10.7,15.3,-0.3,0.5,0.2,0.015,-4.2,-1.2,-5.4,-0.5
Peyton Siva,SG,23,DET,2013-14,24,224,5.7,0.425,0.439,0.263,0.9,6.2,3.4,21.0,2.0,0.4,22.1,15.6,-0.2,0.1,-0.2,-0.032,-4.4,-2.8,-7.3,-0.3
Phil Pressey,PG,22,BOS,2013-14,75,1132,8.8,0.39,0.419,0.178,1.9,8.8,5.3,30.8,3.1,0.3,24.2,14.1,-1.0,1.1,0.1,0.005,-3.7,-0.6,-4.4,-0.7
Phil Pressey,PG,23,BOS,2014-15,50,600,11.8,0.453,0.374,0.282,2.3,12.4,7.3,28.0,2.5,0.8,17.3,17.3,0.0,0.7,0.8,0.06,-2.3,0.0,-2.2,0.0
Phil Pressey,PG,24,TOT,2015-16,23,283,10.6,0.433,0.231,0.321,1.1,11.1,6.0,40.7,3.1,1.1,27.0,18.7,-0.4,0.3,-0.1,-0.017,-4.8,-1.5,-6.4,-0.3
Pierre Jackson,PG,25,DAL,2016-17,8,84,13.0,0.416,0.282,0.179,1.3,11.6,6.2,38.0,1.2,0.0,6.7,25.3,0.0,0.1,0.0,0.021,-1.7,-2.7,-4.4,-0.1
Pops Mensah-Bonsu,PF,23,DAL,2006-07,12,71,11.6,0.582,0.0,1.059,15.6,19.9,17.8,0.0,0.8,0.0,26.5,22.3,-0.1,0.1,0.0,0.022,-6.0,-5.7,-11.7,-0.2
Pops Mensah-Bonsu,PF,25,TOT,2008-09,22,283,14.5,0.447,0.019,0.466,23.1,23.8,23.5,3.3,1.7,1.4,13.3,23.4,0.0,0.4,0.3,0.058,-3.6,-2.7,-6.2,-0.3
Pops Mensah-Bonsu,PF,25,SAS,2008-09,3,20,35.8,0.744,0.0,1.0,30.2,29.4,29.8,0.0,2.7,3.7,16.6,29.3,0.1,0.1,0.2,0.418,2.7,-5.6,-2.9,0.0
Pops Mensah-Bonsu,PF,25,TOR,2008-09,19,263,12.9,0.421,0.021,0.427,22.5,23.4,23.0,3.6,1.6,1.2,13.0,23.0,-0.1,0.3,0.2,0.031,-4.0,-2.4,-6.5,-0.3
Pops Mensah-Bonsu,PF,26,TOT,2009-10,20,120,11.4,0.448,0.0,0.727,16.1,18.3,17.2,3.6,1.7,5.7,18.7,20.3,-0.1,0.1,0.0,0.006,-5.0,0.2,-4.8,-0.1
Pops Mensah-Bonsu,PF,27,NOH,2010-11,7,35,-0.1,0.333,0.0,0.0,10.4,28.0,19.1,8.0,0.0,0.0,40.0,6.8,0.0,0.0,0.0,0.013,-6.6,1.2,-5.4,0.0
Primož Brezec,C,26,CHA,2005-06,79,2165,15.3,0.552,0.003,0.283,9.1,14.8,11.8,3.7,0.5,1.1,8.7,20.0,3.4,1.2,4.6,0.102,-0.9,-2.0,-2.9,-0.5
Primož Brezec,C,27,CHA,2006-07,58,838,9.7,0.474,0.011,0.248,11.0,15.2,13.0,4.6,0.7,2.1,11.1,18.5,0.0,0.6,0.7,0.038,-3.7,-1.3,-5.1,-0.6
Primož Brezec,C,28,TOT,2007-08,50,475,5.4,0.502,0.0,0.426,7.3,12.6,10.0,3.5,0.3,1.2,17.7,13.3,-0.1,0.3,0.2,0.017,-5.0,-1.3,-6.3,-0.5
Primož Brezec,C,28,CHA,2007-08,20,267,1.5,0.409,0.0,0.116,6.0,13.0,9.5,3.3,0.0,0.9,24.9,10.3,-0.4,0.1,-0.3,-0.054,-7.1,-1.1,-8.2,-0.4
Primož Brezec,C,28,DET,2007-08,17,98,10.8,0.705,0.0,1.077,8.5,14.7,11.6,6.2,1.1,1.6,20.7,11.6,0.2,0.1,0.3,0.148,-1.0,0.9,0.0,0.0
Primož Brezec,C,28,TOR,2007-08,13,110,10.2,0.508,0.0,0.553,9.6,9.8,9.7,1.4,0.5,1.5,7.8,22.0,0.1,0.1,0.2,0.072,-3.6,-3.7,-7.2,-0.1
Primož Brezec,C,30,TOT,2009-10,21,95,4.9,0.332,0.0,0.231,14.2,16.3,15.2,1.6,0.6,2.5,6.5,14.6,-0.1,0.1,0.0,-0.007,-7.2,-2.4,-9.5,-0.2
Quentin Richardson,SF,25,NYK,2005-06,55,1442,9.6,0.452,0.41,0.198,5.4,14.1,9.7,10.3,1.4,0.3,10.1,17.4,0.2,0.5,0.7,0.023,-0.5,-1.1,-1.6,0.2
Quentin Richardson,SF,26,NYK,2006-07,49,1621,14.3,0.532,0.473,0.22,4.8,20.8,12.9,11.4,1.2,0.3,10.5,18.7,2.2,1.3,3.5,0.104,1.3,-0.4,0.9,1.2
Quentin Richardson,SF,27,NYK,2007-08,65,1841,8.5,0.444,0.386,0.159,3.4,16.5,9.7,9.9,1.3,0.6,10.4,16.1,-0.6,0.9,0.3,0.008,-2.4,-0.3,-2.7,-0.3
Quentin Richardson,SG,28,NYK,2008-09,72,1894,11.6,0.51,0.493,0.175,4.0,14.8,9.2,9.4,1.2,0.3,9.3,18.2,1.0,1.1,2.1,0.054,-0.5,-1.0,-1.5,0.2
Quentin Richardson,SF,29,MIA,2009-10,76,2082,12.9,0.572,0.638,0.127,3.6,17.4,10.6,7.0,1.8,0.7,9.5,14.8,2.7,3.1,5.8,0.133,1.1,0.9,2.0,2.1
Quentin Richardson,SF,30,ORL,2010-11,57,955,8.1,0.454,0.573,0.173,4.9,16.6,10.9,6.1,1.4,0.4,10.7,14.9,-0.2,1.5,1.3,0.067,-2.4,0.8,-1.6,0.1
Quentin Richardson,SF,31,ORL,2011-12,48,866,8.7,0.511,0.614,0.152,2.0,14.6,8.2,7.0,1.7,0.5,12.1,13.0,0.4,0.9,1.3,0.07,-1.6,0.4,-1.2,0.2
Quentin Richardson,SF,32,NYK,2012-13,1,29,0.7,0.21,0.364,0.182,19.5,20.9,20.2,4.8,0.0,0.0,14.4,22.4,-0.1,0.0,-0.1,-0.181,-9.0,-4.2,-13.2,-0.1
Quincy Acy,PF,22,TOR,2012-13,29,342,15.9,0.632,0.027,0.507,10.3,16.6,13.4,5.2,2.0,3.5,15.6,14.7,0.7,0.4,1.1,0.157,-0.6,1.3,0.7,0.2
Quincy Acy,SF,23,TOT,2013-14,63,847,10.1,0.52,0.106,0.376,9.5,19.5,14.4,4.9,1.4,2.5,15.4,10.1,0.6,0.9,1.5,0.086,-2.5,1.4,-1.1,0.2
Quincy Acy,PF,24,NYK,2014-15,68,1287,11.9,0.533,0.181,0.293,6.9,20.5,13.5,8.7,1.1,1.4,13.8,15.5,1.0,0.7,1.7,0.063,-2.3,-0.8,-3.1,-0.3
Quincy Acy,PF,25,SAC,2015-16,59,876,14.7,0.629,0.229,0.318,8.1,15.1,11.6,4.4,1.6,2.2,10.0,13.1,1.8,0.7,2.5,0.137,0.2,0.0,0.2,0.5
Quincy Acy,PF,26,TOT,2016-17,38,558,11.8,0.565,0.529,0.353,3.9,18.0,11.0,4.9,1.2,2.0,9.7,16.8,0.5,0.5,0.9,0.082,-1.8,-1.2,-3.0,-0.1
Quincy Acy,PF,27,BRK,2017-18,70,1359,8.2,0.525,0.8,0.164,3.1,17.1,10.0,6.0,1.2,1.6,13.3,14.4,-0.1,1.1,1.0,0.036,-2.0,-0.2,-2.2,-0.1
Quincy Acy,PF,28,PHO,2018-19,10,123,2.9,0.379,0.833,0.556,2.7,20.1,11.3,8.2,0.4,2.7,15.2,9.2,-0.1,0.0,-0.1,-0.022,-5.7,-0.3,-5.9,-0.1
Quincy Douby,PG,22,SAC,2006-07,42,359,9.0,0.449,0.397,0.119,3.5,8.7,6.0,6.9,2.1,0.9,10.2,18.5,-0.3,0.3,0.0,-0.006,-3.4,-1.7,-5.1,-0.3
Quincy Douby,PG,23,SAC,2007-08,74,876,9.7,0.495,0.364,0.155,2.3,8.7,5.6,9.8,1.7,1.1,14.2,21.3,-0.5,0.5,0.0,0.0,-2.8,-2.6,-5.4,-0.8
Quincy Douby,PG,24,TOT,2008-09,27,300,10.2,0.486,0.418,0.173,2.3,10.2,6.2,13.6,0.9,1.2,9.9,19.8,0.0,0.0,0.0,0.008,-2.2,-3.7,-5.9,-0.3
Quincy Douby,PG,24,SAC,2008-09,20,227,8.0,0.444,0.42,0.17,1.5,11.4,6.4,9.3,0.4,1.6,6.0,19.9,-0.1,0.0,-0.1,-0.024,-3.5,-4.0,-7.6,-0.3
Quincy Douby,PG,24,TOR,2008-09,7,73,17.0,0.652,0.409,0.182,4.9,6.4,5.6,27.1,2.1,0.0,22.8,19.4,0.1,0.0,0.2,0.106,1.9,-2.5,-0.7,0.0
Quincy Miller,PF,20,DEN,2012-13,7,26,5.9,0.349,0.083,0.167,4.4,4.2,4.3,16.8,1.9,0.0,7.2,23.1,0.0,0.0,0.0,-0.051,-5.1,-3.3,-8.4,0.0
Quincy Miller,PF,21,DEN,2013-14,52,789,8.6,0.459,0.367,0.215,4.9,15.2,10.1,4.9,1.4,3.0,14.6,17.7,-0.7,0.7,0.0,0.002,-4.1,0.3,-3.8,-0.4
Quincy Miller,PF,22,TOT,2014-15,10,119,7.4,0.338,0.474,0.289,3.7,14.9,9.4,9.8,3.0,3.3,10.5,17.8,-0.2,0.2,-0.1,-0.03,-5.0,1.3,-3.7,0.0
Quincy Pondexter,SF,22,NOH,2010-11,66,734,8.5,0.482,0.278,0.189,3.8,10.8,7.3,5.9,1.3,1.1,7.6,13.7,0.2,0.7,0.9,0.06,-2.8,0.0,-2.8,-0.1
Quincy Pondexter,SF,23,MEM,2011-12,64,1002,9.4,0.517,0.305,0.222,6.3,8.5,7.3,4.1,1.4,0.4,10.3,13.2,0.9,0.9,1.7,0.082,-1.1,-0.8,-1.9,0.0
Quincy Pondexter,SF,24,MEM,2012-13,59,1243,11.0,0.565,0.508,0.251,4.0,8.6,6.3,7.6,1.5,0.4,11.2,13.9,1.7,1.5,3.2,0.125,0.5,0.1,0.6,0.8
Quincy Pondexter,SG,25,MEM,2013-14,15,270,10.3,0.52,0.43,0.329,4.4,7.0,5.7,11.0,1.0,0.3,14.2,18.0,0.2,0.2,0.4,0.063,-0.7,-1.9,-2.6,0.0
Quincy Pondexter,SF,26,TOT,2014-15,75,1793,9.9,0.55,0.546,0.215,3.4,9.0,6.2,7.7,0.6,1.0,9.4,13.8,2.1,0.8,2.9,0.078,0.5,-1.1,-0.7,0.6
Quincy Pondexter,SF,29,CHI,2017-18,23,196,4.0,0.398,0.449,0.347,4.2,10.8,7.4,6.3,2.0,0.9,16.3,15.0,-0.3,0.1,-0.2,-0.047,-6.1,-0.6,-6.7,-0.2
Quincy Pondexter,SF,30,SAS,2018-19,53,292,13.2,0.641,0.31,0.724,3.0,14.1,8.6,10.6,1.8,0.3,14.5,13.5,0.5,0.3,0.8,0.128,-0.8,-0.6,-1.4,0.0
Quinn Cook,PG,23,TOT,2016-17,14,188,11.8,0.579,0.394,0.076,0.6,3.6,2.0,22.8,1.1,0.0,16.0,19.6,0.1,0.1,0.2,0.047,-1.7,-4.2,-5.9,-0.2
Quinn Cook,PG,24,GSW,2017-18,33,740,12.8,0.593,0.413,0.099,1.6,10.2,6.2,16.6,0.8,0.1,10.8,17.5,1.1,0.4,1.6,0.101,0.6,-2.8,-2.2,0.0
Quinn Cook,PG,25,GSW,2018-19,74,1059,13.1,0.565,0.456,0.059,2.3,13.0,7.9,15.2,0.9,0.2,10.0,20.2,1.0,0.8,1.8,0.082,-0.2,-2.7,-2.9,-0.2
Quinton Ross,SF,24,LAC,2005-06,67,1515,7.4,0.465,0.023,0.244,3.0,9.7,6.5,7.8,1.8,0.8,12.1,11.8,-0.2,1.7,1.6,0.05,-3.2,1.3,-1.9,0.0
Quinton Ross,SG,25,LAC,2006-07,81,1700,10.5,0.508,0.026,0.23,4.3,9.1,6.7,8.1,2.2,1.5,7.3,12.2,1.4,1.8,3.2,0.09,-1.8,0.9,-0.9,0.5
Quinton Ross,SG,26,LAC,2007-08,76,1505,7.6,0.43,0.063,0.179,4.1,9.1,6.6,9.4,1.5,1.6,7.4,12.0,-0.3,1.0,0.7,0.022,-3.9,0.7,-3.2,-0.5
Quinton Ross,SF,27,MEM,2008-09,68,1164,6.9,0.478,0.34,0.162,3.0,10.4,6.6,6.3,1.5,1.0,11.5,12.6,-0.1,0.7,0.6,0.025,-3.1,-0.5,-3.6,-0.5
Quinton Ross,SF,28,TOT,2009-10,52,562,3.0,0.393,0.189,0.126,3.5,6.6,5.0,3.0,1.2,0.8,8.6,10.4,-0.4,0.3,-0.1,-0.008,-4.8,-0.4,-5.2,-0.5
Quinton Ross,SF,29,NJN,2010-11,36,353,3.7,0.437,0.051,0.237,3.3,6.9,5.0,4.3,0.5,1.3,9.7,9.5,-0.1,0.1,0.0,-0.007,-5.1,-0.7,-5.8,-0.3
Qyntel Woods,SF,24,NYK,2005-06,49,1013,12.4,0.572,0.236,0.299,5.2,17.7,11.4,8.0,1.7,1.1,17.5,15.6,0.7,0.6,1.3,0.061,-0.7,0.0,-0.7,0.3
R.J. Hunter,SG,22,BOS,2015-16,36,315,7.7,0.48,0.643,0.071,0.7,12.0,6.2,5.9,2.2,1.0,9.8,15.1,-0.1,0.4,0.3,0.045,-3.1,-0.4,-3.5,-0.1
R.J. Hunter,SG,23,CHI,2016-17,3,9,-3.2,0.0,1.0,0.0,0.0,12.1,6.0,0.0,0.0,0.0,0.0,4.8,0.0,0.0,0.0,-0.088,-9.4,-2.0,-11.4,0.0
R.J. Hunter,SG,24,HOU,2017-18,5,45,8.5,0.455,0.7,0.1,0.0,12.4,6.3,10.3,3.3,0.0,8.7,22.5,0.0,0.1,0.0,0.022,-3.0,-1.6,-4.5,0.0
R.J. Hunter,SG,25,BOS,2018-19,1,26,21.5,0.612,0.769,0.154,4.1,8.2,6.2,18.0,1.9,0.0,0.0,23.0,0.1,0.0,0.1,0.226,7.0,-3.7,3.4,0.0
Raef LaFrentz,PF,29,BOS,2005-06,82,2033,12.0,0.546,0.518,0.136,4.9,19.1,12.2,9.0,0.7,2.7,10.0,14.7,2.2,2.0,4.3,0.101,0.0,0.3,0.3,1.2
Raef LaFrentz,PF,30,POR,2006-07,27,352,8.7,0.441,0.225,0.255,8.7,16.2,12.4,3.7,1.1,2.5,10.3,16.8,-0.1,0.2,0.2,0.021,-3.4,-1.1,-4.5,-0.2
Raef LaFrentz,C,31,POR,2007-08,39,291,10.4,0.469,0.066,0.311,11.4,15.7,13.6,3.2,2.3,4.5,12.6,12.9,0.1,0.4,0.5,0.085,-3.4,2.7,-0.7,0.1
Rafael Araújo,C,25,TOR,2005-06,52,601,4.5,0.385,0.007,0.193,8.4,21.5,14.6,3.7,2.1,0.8,21.1,15.3,-1.2,0.4,-0.8,-0.066,-6.9,-0.6,-7.5,-0.8
Rafael Araújo,C,26,UTA,2006-07,28,248,8.3,0.463,0.0,0.446,10.8,21.5,16.2,6.1,1.3,0.7,17.9,17.1,-0.1,0.3,0.1,0.027,-4.5,-0.7,-5.2,-0.2
Rafer Alston,PG,29,HOU,2005-06,63,2431,12.6,0.475,0.423,0.194,1.8,10.4,6.1,30.8,2.3,0.5,16.4,18.8,0.2,3.1,3.4,0.067,0.1,0.7,0.8,1.7
Rafer Alston,PG,30,HOU,2006-07,82,3040,12.9,0.496,0.519,0.174,1.1,9.5,5.3,24.1,2.2,0.3,13.4,19.4,1.7,4.9,6.6,0.104,0.4,0.9,1.3,2.5
Rafer Alston,PG,31,HOU,2007-08,74,2526,13.2,0.492,0.44,0.148,1.3,10.2,5.8,25.2,2.1,0.5,14.0,20.7,1.0,4.0,5.0,0.095,0.2,0.7,1.0,1.9
Rafer Alston,PG,32,TOT,2008-09,77,2447,13.8,0.494,0.404,0.254,1.6,8.8,5.3,27.0,2.3,0.3,13.3,19.9,1.7,3.7,5.3,0.104,0.4,0.6,1.0,1.9
Rafer Alston,PG,32,HOU,2008-09,48,1591,12.8,0.484,0.441,0.209,1.9,8.4,5.3,25.9,1.9,0.3,13.4,19.2,0.9,2.1,2.9,0.088,0.3,0.1,0.4,1.0
Rafer Alston,PG,32,ORL,2008-09,29,856,15.6,0.509,0.339,0.332,1.1,9.6,5.5,28.9,3.1,0.3,13.2,21.2,0.8,1.6,2.4,0.135,0.7,1.4,2.1,0.9
Rafer Alston,PG,33,TOT,2009-10,52,1421,8.2,0.443,0.377,0.182,1.0,9.7,5.3,20.2,1.9,0.5,16.5,18.8,-1.6,1.2,-0.4,-0.013,-2.9,-0.8,-3.7,-0.6
Raja Bell,SG,29,PHO,2005-06,79,2959,12.9,0.584,0.48,0.157,1.7,7.7,4.7,9.8,1.3,0.5,8.2,16.4,4.7,2.1,6.8,0.11,2.1,-0.3,1.8,2.8
Raja Bell,SG,30,PHO,2006-07,78,2917,12.0,0.562,0.522,0.16,2.0,7.7,5.0,9.5,0.9,0.5,7.5,17.0,4.2,1.6,5.8,0.095,2.3,-0.5,1.8,2.8
Raja Bell,SG,31,PHO,2007-08,75,2646,10.5,0.561,0.583,0.121,2.2,9.0,5.9,8.6,1.0,0.7,7.6,14.5,3.0,1.5,4.5,0.082,1.7,-0.4,1.3,2.2
Raja Bell,SG,32,TOT,2008-09,67,2315,10.7,0.548,0.396,0.149,2.2,10.5,6.4,10.1,1.1,0.3,10.6,16.3,2.0,1.6,3.6,0.074,0.2,-0.6,-0.4,0.9
Raja Bell,SG,32,PHO,2008-09,22,712,8.5,0.569,0.531,0.119,1.4,8.8,5.2,5.5,0.9,0.2,8.8,12.6,0.7,0.1,0.8,0.054,0.7,-1.6,-0.9,0.2
Raja Bell,SG,32,CHA,2008-09,45,1603,11.7,0.541,0.349,0.16,2.6,11.2,6.9,12.2,1.3,0.3,11.1,18.0,1.3,1.5,2.8,0.083,0.0,-0.2,-0.2,0.7
Raja Bell,SG,33,TOT,2009-10,6,180,13.8,0.57,0.443,0.049,3.4,11.8,7.6,12.3,1.2,0.9,7.4,17.3,0.3,0.2,0.5,0.131,0.9,-1.0,-0.1,0.1
Raja Bell,SG,34,UTA,2010-11,68,2097,8.2,0.528,0.413,0.218,1.8,8.4,5.1,8.3,1.4,0.5,11.0,12.6,1.2,0.5,1.7,0.04,-0.8,-1.1,-1.9,0.1
Raja Bell,SG,35,UTA,2011-12,34,796,8.3,0.586,0.5,0.144,0.9,6.3,3.5,7.0,0.9,0.2,10.2,11.6,1.0,0.1,1.1,0.069,0.5,-1.6,-1.1,0.2
Rajon Rondo,PG,20,BOS,2006-07,78,1831,13.1,0.472,0.064,0.409,4.7,14.6,9.5,26.3,3.6,0.3,20.5,16.5,-0.1,2.6,2.4,0.064,-1.5,2.0,0.4,1.1
Rajon Rondo,PG,21,BOS,2007-08,77,2306,15.6,0.515,0.027,0.245,4.3,11.9,8.3,28.2,3.0,0.5,15.7,18.9,2.3,4.9,7.2,0.15,-0.1,2.7,2.6,2.7
Rajon Rondo,PG,22,BOS,2008-09,80,2642,18.8,0.543,0.063,0.353,4.8,13.9,9.6,39.7,3.0,0.3,19.2,19.2,4.8,5.1,9.9,0.179,2.0,2.5,4.5,4.3
Rajon Rondo,PG,23,BOS,2009-10,81,2963,19.1,0.54,0.088,0.312,4.3,10.5,7.5,43.7,3.3,0.3,19.3,20.2,4.9,4.7,9.6,0.156,2.2,1.3,3.5,4.1
Rajon Rondo,PG,24,BOS,2010-11,68,2527,17.1,0.495,0.064,0.197,4.5,9.7,7.2,47.1,3.2,0.3,24.3,18.3,1.8,4.8,6.6,0.126,0.3,1.7,2.0,2.5
Rajon Rondo,PG,25,BOS,2011-12,53,1957,17.5,0.483,0.073,0.316,3.9,11.2,7.7,52.5,2.6,0.1,22.8,20.7,1.5,3.4,4.9,0.121,0.6,0.7,1.3,1.6
Rajon Rondo,PG,26,BOS,2012-13,38,1423,18.1,0.516,0.108,0.2,3.7,13.6,8.8,49.3,2.6,0.5,22.6,21.7,1.2,2.0,3.2,0.108,1.1,0.7,1.8,1.3
Rajon Rondo,PG,27,BOS,2013-14,30,998,15.3,0.461,0.257,0.191,2.4,16.6,9.3,47.7,2.1,0.2,20.7,21.3,0.2,1.0,1.1,0.054,0.2,-0.2,0.0,0.5
Rajon Rondo,PG,28,TOT,2014-15,68,2018,13.5,0.448,0.133,0.121,3.9,16.4,10.1,39.3,2.3,0.3,23.6,19.5,-0.7,2.3,1.6,0.037,-1.6,1.1,-0.5,0.8
Rajon Rondo,PG,29,SAC,2015-16,72,2537,16.9,0.506,0.217,0.192,3.3,15.2,9.3,48.0,2.7,0.3,24.7,18.8,2.3,2.3,4.6,0.087,0.8,0.2,1.0,1.9
Rajon Rondo,PG,30,CHI,2016-17,69,1843,13.6,0.461,0.237,0.089,4.2,16.6,10.4,37.0,2.7,0.5,22.5,17.8,-0.4,2.7,2.3,0.06,-1.3,1.6,0.3,1.1
Rajon Rondo,PG,31,NOP,2017-18,65,1705,15.3,0.522,0.304,0.093,2.0,14.2,8.4,42.2,2.0,0.5,22.7,16.9,1.9,1.7,3.6,0.101,-0.4,-0.7,-1.1,0.4
Rajon Rondo,PG,32,LAL,2018-19,46,1369,12.1,0.473,0.329,0.083,2.6,15.5,9.2,35.5,1.9,0.4,22.1,17.4,-0.2,1.5,1.3,0.047,-2.0,0.5,-1.6,0.1
Rakeem Christmas,PF,24,IND,2015-16,1,6,32.0,1.0,0.0,0.0,18.3,0.0,9.1,0.0,0.0,0.0,0.0,14.7,0.0,0.0,0.0,0.343,9.7,-6.6,3.2,0.0
Rakeem Christmas,PF,25,IND,2016-17,29,219,10.4,0.529,0.0,0.674,13.5,15.2,14.4,2.5,0.7,2.4,12.5,13.1,0.3,0.2,0.5,0.099,-3.0,-1.2,-4.2,-0.1
Ramon Sessions,PG,21,MIL,2007-08,17,450,16.2,0.507,0.06,0.35,2.0,13.6,7.6,43.5,2.0,0.5,21.0,17.1,0.5,0.2,0.7,0.077,-0.9,-2.1,-3.1,-0.1
Ramon Sessions,PG,22,MIL,2008-09,79,2173,17.6,0.525,0.044,0.457,3.3,11.7,7.3,34.6,2.0,0.3,14.0,22.4,3.5,2.1,5.6,0.123,1.1,-0.3,0.8,1.5
Ramon Sessions,PG,23,MIN,2009-10,82,1732,12.9,0.513,0.027,0.42,3.7,10.3,6.9,23.3,1.6,0.2,17.2,19.9,0.5,0.6,1.1,0.031,-1.9,-1.5,-3.4,-0.6
Ramon Sessions,PG,24,CLE,2010-11,81,2133,19.0,0.559,0.019,0.545,2.4,11.6,6.9,35.0,1.5,0.3,15.6,24.2,3.8,0.6,4.4,0.099,1.3,-1.9,-0.6,0.8
Ramon Sessions,PG,25,TOT,2011-12,64,1707,16.7,0.535,0.172,0.439,2.2,12.0,7.1,35.5,1.4,0.1,17.3,21.6,2.9,0.8,3.7,0.104,1.0,-2.0,-1.0,0.4
Ramon Sessions,SG,26,CHA,2012-13,61,1652,17.7,0.529,0.158,0.513,1.8,10.1,5.9,25.5,1.5,0.3,11.2,25.7,2.9,0.0,2.9,0.084,1.4,-3.5,-2.1,0.0
Ramon Sessions,PG,27,TOT,2013-14,83,2214,16.0,0.539,0.161,0.525,1.9,8.6,5.2,25.7,1.2,0.3,13.5,22.7,3.1,1.2,4.3,0.094,0.1,-2.3,-2.2,-0.1
Ramon Sessions,PG,28,TOT,2014-15,64,1188,11.1,0.49,0.18,0.518,2.3,11.2,6.9,23.0,1.2,0.0,17.3,18.7,0.4,0.7,1.1,0.044,-2.3,-1.6,-3.9,-0.6
Ramon Sessions,PG,29,WAS,2015-16,82,1667,15.9,0.565,0.188,0.478,1.6,12.2,6.8,22.0,1.3,0.2,13.8,21.8,2.5,1.3,3.8,0.109,-0.3,-1.5,-1.8,0.1
Ramon Sessions,PG,30,CHO,2016-17,50,811,12.4,0.495,0.236,0.449,1.5,8.5,4.9,24.2,1.7,0.3,12.7,20.1,0.3,0.6,0.9,0.055,-2.4,-2.2,-4.6,-0.5
Ramon Sessions,PG,31,TOT,2017-18,28,392,11.2,0.479,0.222,0.487,1.7,9.1,5.4,27.2,1.8,0.4,17.4,19.3,0.1,0.3,0.3,0.039,-3.0,-2.2,-5.2,-0.3
Randolph Morris,C,21,NYK,2006-07,5,44,1.5,0.231,0.0,1.0,2.7,21.4,12.2,3.2,2.4,1.8,18.8,11.0,-0.1,0.1,-0.1,-0.083,-9.6,1.6,-8.0,-0.1
Randolph Morris,C,22,NYK,2007-08,18,181,4.3,0.396,0.0,0.5,7.3,16.2,11.6,1.8,1.2,0.9,11.3,19.8,-0.3,0.1,-0.2,-0.061,-7.7,-3.1,-10.8,-0.4
Randolph Morris,C,23,ATL,2008-09,23,89,1.8,0.48,0.0,0.235,5.3,21.0,13.2,3.3,1.2,0.9,27.2,13.6,-0.1,0.1,0.0,-0.013,-8.0,-0.5,-8.5,-0.1
Randolph Morris,PF,24,ATL,2009-10,28,124,14.6,0.586,0.0,0.659,9.3,26.6,17.9,2.6,2.1,1.8,18.5,24.1,0.1,0.2,0.3,0.108,-4.5,-2.1,-6.6,-0.1
Randy Foye,PG,23,MIN,2006-07,82,1879,14.0,0.536,0.268,0.278,3.2,10.5,6.9,20.9,1.5,0.9,16.4,22.9,1.0,1.3,2.3,0.058,-0.3,-1.3,-1.6,0.2
Randy Foye,PG,24,MIN,2007-08,39,1259,12.7,0.52,0.32,0.141,1.2,10.9,5.9,20.9,1.5,0.2,13.9,20.4,0.7,0.4,1.1,0.042,0.2,-1.7,-1.4,0.2
Randy Foye,SG,25,MIN,2008-09,70,2494,13.7,0.517,0.314,0.277,1.5,8.8,5.0,20.5,1.5,0.8,12.0,22.6,2.0,1.1,3.1,0.059,0.9,-1.3,-0.4,1.0
Randy Foye,PG,26,WAS,2009-10,70,1667,13.2,0.516,0.294,0.234,1.1,8.0,4.5,22.6,1.0,0.5,12.1,21.1,1.6,0.7,2.2,0.064,0.1,-2.6,-2.5,-0.2
Randy Foye,SG,27,LAC,2010-11,63,1551,11.4,0.516,0.409,0.281,1.0,6.7,3.9,17.5,1.6,1.1,13.7,19.9,0.9,0.8,1.7,0.051,-0.8,-1.8,-2.6,-0.2
Randy Foye,SG,28,LAC,2011-12,65,1682,13.5,0.522,0.511,0.132,1.7,8.1,4.9,14.2,1.5,1.2,9.7,20.7,2.4,0.8,3.2,0.092,1.4,-1.7,-0.3,0.7
Randy Foye,SG,29,UTA,2012-13,82,2249,11.7,0.55,0.588,0.195,0.9,5.8,3.3,11.7,1.5,0.9,10.3,18.1,2.8,0.9,3.7,0.08,1.7,-2.1,-0.3,0.9
Randy Foye,SG,30,DEN,2013-14,81,2485,13.3,0.558,0.569,0.211,1.6,8.5,5.0,17.7,1.3,1.2,13.2,18.8,3.3,1.3,4.6,0.089,1.9,-1.0,0.9,1.8
Randy Foye,SG,31,DEN,2014-15,50,1087,11.0,0.51,0.654,0.137,0.9,7.8,4.2,17.0,1.6,0.8,12.3,19.3,0.6,0.4,1.0,0.045,0.7,-1.8,-1.1,0.2
Randy Foye,SG,32,TOT,2015-16,81,1642,7.6,0.461,0.519,0.154,1.6,8.8,5.2,14.1,1.2,1.4,14.3,15.9,-0.4,0.9,0.4,0.012,-2.3,-1.3,-3.6,-0.6
Randy Foye,SG,33,BRK,2016-17,69,1284,7.3,0.506,0.625,0.194,0.8,11.9,6.4,15.2,1.3,0.5,18.5,14.4,-0.6,0.7,0.2,0.006,-3.0,-1.0,-3.9,-0.6
Randy Holcomb,SF,26,CHI,2005-06,4,11,8.2,1.0,0.0,0.0,10.5,0.0,5.2,0.0,0.0,0.0,0.0,4.1,0.0,0.0,0.0,0.15,0.7,-2.5,-1.8,0.0
Randy Livingston,PG,30,CHI,2005-06,5,22,-3.0,0.0,0.0,0.0,5.2,15.6,10.4,6.0,2.3,0.0,33.3,6.2,-0.1,0.0,0.0,-0.045,-9.0,3.6,-5.3,0.0
Randy Livingston,PG,31,SEA,2006-07,4,26,-1.2,0.0,0.0,0.0,4.6,0.0,2.3,20.0,0.0,0.0,25.0,7.0,-0.1,0.0,-0.1,-0.116,-8.1,-3.6,-11.8,-0.1
Rashad McCants,SG,21,MIN,2005-06,79,1362,12.6,0.539,0.336,0.198,2.6,9.8,6.3,8.4,1.7,1.2,12.9,23.3,0.2,1.4,1.6,0.058,-1.1,-1.8,-2.9,-0.3
Rashad McCants,SG,22,MIN,2006-07,37,554,7.2,0.454,0.424,0.328,3.1,6.9,5.1,10.8,2.5,1.0,16.5,20.3,-0.7,0.5,-0.3,-0.023,-3.4,-1.0,-4.4,-0.3
Rashad McCants,SG,23,MIN,2007-08,75,2020,14.6,0.55,0.37,0.164,2.8,9.2,5.9,14.1,1.7,0.7,14.5,26.4,0.9,0.8,1.7,0.04,1.4,-2.4,-1.1,0.5
Rashad McCants,SG,24,TOT,2008-09,58,1101,13.0,0.504,0.387,0.289,2.2,9.7,5.8,10.7,2.2,1.0,10.4,25.1,0.0,0.5,0.6,0.025,-0.9,-2.6,-3.5,-0.4
Rashad McCants,SG,24,MIN,2008-09,34,636,9.9,0.47,0.408,0.277,1.9,9.9,5.8,8.5,2.2,0.7,12.1,26.4,-0.7,0.4,-0.3,-0.024,-2.5,-2.5,-5.0,-0.5
Rashad McCants,SG,24,SAC,2008-09,24,465,17.2,0.553,0.357,0.306,2.5,9.4,5.9,13.7,2.2,1.3,7.9,23.3,0.8,0.1,0.9,0.092,1.4,-2.8,-1.3,0.1
Rashad Vaughn,SG,19,MIL,2015-16,70,1001,4.2,0.398,0.553,0.056,1.3,8.7,5.0,5.5,1.5,1.4,9.3,13.5,-1.2,0.4,-0.8,-0.036,-4.3,-1.9,-6.1,-1.0
Rashad Vaughn,SG,20,MIL,2016-17,41,458,7.8,0.449,0.519,0.032,1.0,11.3,6.2,7.4,2.1,1.9,8.1,17.2,-0.5,0.4,0.0,-0.005,-3.7,-1.2,-4.9,-0.3
Rashad Vaughn,SG,21,TOT,2017-18,28,212,9.3,0.546,0.661,0.107,1.6,9.8,5.7,8.7,1.2,1.2,9.3,13.7,0.1,0.1,0.2,0.05,-1.9,-2.8,-4.7,-0.1
Rashard Lewis,SF,26,SEA,2005-06,78,2876,20.0,0.585,0.321,0.372,4.6,11.9,8.2,10.7,1.9,1.3,9.5,23.1,8.2,0.1,8.3,0.138,4.3,-1.8,2.5,3.3
Rashard Lewis,SF,27,SEA,2006-07,60,2348,20.7,0.587,0.385,0.313,4.6,15.7,10.1,10.8,1.5,1.3,9.4,24.4,6.3,1.3,7.6,0.155,4.4,-1.1,3.3,3.1
Rashard Lewis,PF,28,ORL,2007-08,81,3076,16.7,0.591,0.487,0.229,3.8,12.2,8.2,10.5,1.7,0.9,10.1,20.7,6.1,3.7,9.8,0.153,3.4,0.6,4.0,4.6
Rashard Lewis,PF,29,ORL,2008-09,79,2859,16.8,0.58,0.509,0.247,3.7,13.9,8.9,12.5,1.5,1.3,11.6,22.0,4.7,4.8,9.5,0.16,2.7,1.5,4.2,4.5
Rashard Lewis,PF,30,ORL,2009-10,72,2369,14.0,0.573,0.525,0.224,3.1,12.1,7.8,7.4,1.7,0.9,10.9,19.4,3.1,3.4,6.5,0.132,1.8,0.9,2.7,2.8
Rashard Lewis,SF,31,TOT,2010-11,57,1824,12.0,0.535,0.419,0.165,4.4,14.0,9.1,8.1,1.5,1.3,12.2,17.6,1.2,1.9,3.0,0.079,-0.2,0.3,0.2,1.0
Rashard Lewis,SF,32,WAS,2011-12,28,729,9.3,0.457,0.303,0.167,5.2,11.7,8.4,5.7,1.6,1.1,11.9,16.5,-0.2,0.4,0.3,0.018,-2.2,-0.8,-3.0,-0.2
Rashard Lewis,PF,33,MIA,2012-13,55,792,11.1,0.53,0.526,0.181,3.1,15.0,9.4,5.7,1.4,1.4,10.9,18.2,0.3,0.9,1.2,0.071,-1.5,-1.7,-3.2,-0.2
Rashard Lewis,SF,34,MIA,2013-14,60,971,10.7,0.535,0.568,0.14,3.2,10.7,7.1,8.5,2.9,0.7,12.3,14.1,0.5,1.1,1.7,0.083,-0.2,0.2,0.1,0.5
Rasheed Wallace,PF,31,DET,2005-06,80,2780,17.6,0.527,0.407,0.172,3.8,19.8,11.7,11.2,1.6,3.4,6.9,21.1,4.0,4.9,8.9,0.154,1.5,2.0,3.5,3.9
Rasheed Wallace,C,32,DET,2006-07,75,2419,15.7,0.513,0.351,0.163,4.4,22.2,13.3,8.9,1.7,3.8,9.4,19.6,1.8,4.4,6.2,0.123,-0.2,2.5,2.3,2.6
Rasheed Wallace,C,33,DET,2007-08,77,2346,17.2,0.523,0.362,0.172,4.3,21.8,13.0,9.7,2.1,4.3,8.4,20.5,2.5,5.1,7.6,0.155,0.6,3.4,4.0,3.6
Rasheed Wallace,C,34,DET,2008-09,66,2123,14.9,0.52,0.443,0.14,3.1,24.6,13.7,7.1,1.6,3.1,7.2,18.5,1.6,3.4,5.1,0.114,-0.3,1.7,1.4,1.8
Rasheed Wallace,C,35,BOS,2009-10,79,1780,13.1,0.504,0.446,0.192,3.0,19.0,11.2,7.3,2.4,3.1,8.2,20.2,0.2,3.4,3.6,0.096,-1.4,1.7,0.3,1.0
Rasheed Wallace,C,38,NYK,2012-13,21,296,16.7,0.484,0.486,0.141,4.2,29.4,16.4,3.5,2.3,4.4,6.2,25.4,0.1,0.6,0.6,0.101,-2.3,-0.8,-3.2,-0.1
Rasho Nesterović,C,29,SAS,2005-06,80,1515,11.0,0.521,0.006,0.09,9.1,14.8,12.1,3.4,0.8,4.2,13.2,12.6,0.9,2.9,3.7,0.118,-2.9,2.8,-0.1,0.7
Rasho Nesterović,C,30,TOR,2006-07,80,1676,13.9,0.558,0.002,0.119,8.0,17.4,12.6,7.0,1.1,3.9,11.2,13.8,1.9,2.2,4.1,0.118,-1.4,2.6,1.2,1.4
Rasho Nesterović,C,31,TOR,2007-08,71,1486,16.1,0.565,0.006,0.105,10.3,17.0,13.6,8.9,0.7,2.8,10.9,17.4,2.3,1.6,3.9,0.125,-0.1,1.1,1.1,1.2
Rasho Nesterović,C,32,IND,2008-09,70,1214,14.1,0.524,0.002,0.073,8.4,13.5,10.9,14.3,1.2,2.3,12.3,18.5,1.1,1.1,2.2,0.086,-1.1,0.4,-0.8,0.4
Rasho Nesterović,C,33,TOR,2009-10,42,413,16.0,0.539,0.0,0.034,10.9,14.5,12.7,9.9,1.2,3.2,9.6,18.5,0.6,0.2,0.8,0.089,0.0,-0.4,-0.4,0.2
Rasual Butler,SF,26,NOK,2005-06,79,1875,10.8,0.501,0.382,0.18,3.2,11.8,7.4,3.7,0.9,2.0,8.7,18.6,0.4,1.3,1.7,0.045,-1.6,-1.3,-2.9,-0.4
Rasual Butler,SF,27,NOK,2006-07,81,2223,10.8,0.495,0.461,0.11,2.1,11.4,6.7,4.7,1.0,1.9,7.5,18.3,0.8,1.8,2.6,0.056,-1.0,-0.8,-1.7,0.2
Rasual Butler,SF,28,NOH,2007-08,51,875,8.8,0.46,0.512,0.119,2.1,11.5,6.7,5.9,0.9,1.9,3.5,15.1,0.3,0.8,1.2,0.063,-1.9,-0.3,-2.2,0.0
Rasual Butler,SF,29,NOH,2008-09,82,2614,11.8,0.541,0.447,0.137,2.3,10.2,6.3,4.8,1.1,2.0,6.5,16.8,2.2,2.4,4.6,0.084,-0.3,-0.2,-0.5,1.0
Rasual Butler,SF,30,LAC,2009-10,82,2702,10.7,0.524,0.497,0.167,1.7,8.7,5.1,6.8,0.7,1.9,7.8,17.0,1.8,0.9,2.7,0.048,-0.4,-1.1,-1.6,0.3
Rasual Butler,SG,31,TOT,2010-11,47,770,6.2,0.446,0.574,0.114,1.5,10.1,5.9,5.3,0.5,1.5,8.8,15.8,-0.5,0.3,-0.1,-0.009,-3.4,-1.9,-5.3,-0.6
Rasual Butler,SF,32,TOR,2011-12,34,453,4.8,0.398,0.579,0.09,1.6,15.4,8.5,6.8,0.8,0.9,9.8,15.9,-0.6,0.4,-0.2,-0.022,-4.2,-1.3,-5.5,-0.4
Rasual Butler,SG,34,IND,2013-14,50,378,12.2,0.585,0.564,0.127,1.9,9.9,6.1,7.4,1.0,1.8,8.7,15.4,0.5,0.6,1.1,0.138,-0.6,-0.3,-0.9,0.1
Rasual Butler,SF,35,WAS,2014-15,75,1505,11.4,0.531,0.455,0.13,2.1,12.4,7.4,6.5,1.0,1.2,8.1,17.9,1.0,1.6,2.6,0.084,-0.8,-0.8,-1.7,0.1
Rasual Butler,SF,36,SAS,2015-16,46,432,13.4,0.558,0.471,0.154,0.8,13.5,7.4,7.7,1.5,4.1,6.7,12.6,0.4,0.9,1.3,0.146,-0.9,2.7,1.8,0.4
Raul Neto,PG,23,UTA,2015-16,81,1499,10.2,0.53,0.388,0.167,1.3,8.0,4.7,18.7,2.2,0.1,19.5,17.2,0.2,1.6,1.8,0.058,-1.6,-0.7,-2.3,-0.1
Raul Neto,PG,24,UTA,2016-17,40,346,10.7,0.527,0.341,0.099,1.4,8.4,5.0,15.1,3.2,1.2,13.6,14.8,0.2,0.6,0.7,0.1,-1.7,1.4,-0.3,0.1
Raul Neto,PG,25,UTA,2017-18,41,498,11.9,0.55,0.311,0.232,1.6,9.5,5.6,23.0,1.3,0.7,17.8,18.3,0.3,0.6,0.9,0.086,-2.1,-1.1,-3.2,-0.1
Raul Neto,PG,26,UTA,2018-19,37,474,13.5,0.558,0.373,0.205,1.4,12.6,7.1,28.7,1.4,0.7,16.6,19.0,0.5,0.6,1.1,0.116,-1.0,-0.6,-1.6,0.0
Rawle Alkins,SG,21,CHI,2018-19,10,120,8.1,0.418,0.308,0.308,9.9,13.7,11.8,15.2,0.4,0.0,15.3,19.0,-0.1,0.0,-0.1,-0.042,-4.1,-2.5,-6.5,-0.1
Rawle Marshall,SF,23,DAL,2005-06,23,241,10.1,0.488,0.05,0.483,4.1,11.3,7.7,6.5,1.8,2.2,17.1,17.0,-0.1,0.3,0.2,0.043,-3.7,0.2,-3.5,-0.1
Rawle Marshall,SG,24,IND,2006-07,40,361,6.7,0.455,0.202,0.506,2.5,6.9,4.6,5.7,1.7,1.0,14.9,15.9,-0.3,0.3,0.0,0.001,-5.1,-0.9,-6.0,-0.4
Ray Allen,SG,30,SEA,2005-06,78,3022,22.2,0.59,0.435,0.239,2.8,10.6,6.6,17.2,1.8,0.4,10.2,27.4,9.8,-0.3,9.5,0.15,6.7,-3.1,3.6,4.2
Ray Allen,SG,31,SEA,2006-07,55,2219,21.6,0.564,0.384,0.268,3.1,10.4,6.7,19.0,1.9,0.4,10.7,29.5,5.4,0.9,6.3,0.136,5.4,-2.1,3.4,3.0
Ray Allen,SG,32,BOS,2007-08,73,2624,16.4,0.584,0.458,0.24,3.6,8.3,6.1,14.6,1.3,0.5,10.4,21.6,5.6,4.1,9.7,0.177,3.2,-0.1,3.1,3.4
Ray Allen,SG,33,BOS,2008-09,79,2876,17.3,0.624,0.467,0.239,2.9,8.6,5.9,12.6,1.3,0.4,10.4,20.8,7.4,3.7,11.1,0.186,4.3,-0.3,3.9,4.3
Ray Allen,SG,34,BOS,2009-10,80,2819,15.2,0.601,0.41,0.26,2.0,8.8,5.5,12.3,1.2,0.7,10.6,20.2,5.1,2.9,7.9,0.135,2.3,-0.7,1.7,2.6
Ray Allen,SG,35,BOS,2010-11,80,2890,16.4,0.615,0.387,0.224,2.3,9.0,5.8,12.7,1.4,0.4,9.8,19.8,5.8,4.2,10.0,0.166,3.2,0.4,3.6,4.1
Ray Allen,SG,36,BOS,2011-12,46,1565,14.8,0.607,0.475,0.215,1.1,9.2,5.3,11.8,1.7,0.4,11.2,18.6,2.5,2.2,4.7,0.145,2.4,0.3,2.6,1.8
Ray Allen,SG,37,MIA,2012-13,79,2035,14.7,0.599,0.51,0.243,2.6,10.1,6.6,10.2,1.7,0.6,12.5,19.3,3.4,1.9,5.4,0.126,1.7,-1.5,0.2,1.1
Ray Allen,SG,38,MIA,2013-14,73,1936,12.8,0.59,0.569,0.214,1.6,11.4,6.7,11.1,1.5,0.4,12.4,16.8,2.5,1.5,4.1,0.101,1.3,-1.2,0.1,1.0
Ray McCallum,PG,22,SAC,2013-14,45,897,9.7,0.439,0.197,0.143,2.2,7.8,5.0,21.0,1.2,0.8,10.9,17.6,0.0,0.4,0.4,0.02,-2.3,-1.7,-4.1,-0.5
Ray McCallum,PG,23,SAC,2014-15,68,1436,12.5,0.496,0.236,0.179,4.3,9.8,7.1,21.3,1.6,0.6,14.4,18.2,0.8,0.5,1.4,0.045,-0.4,-1.3,-1.7,0.1
Ray McCallum,PG,24,TOT,2015-16,41,475,9.1,0.449,0.288,0.103,1.9,9.3,5.6,18.5,1.3,1.2,13.6,16.8,-0.2,0.5,0.3,0.034,-2.9,-0.8,-3.8,-0.2
Ray Spalding,PF,21,TOT,2018-19,14,148,14.6,0.516,0.064,0.255,11.1,25.1,18.0,5.1,2.9,4.5,14.7,17.8,0.0,0.2,0.2,0.051,-4.7,1.4,-3.4,-0.1
Ray Spalding,PF,21,DAL,2018-19,1,1,0.0,,,,0.0,0.0,0.0,0.0,0.0,0.0,,0.0,0.0,0.0,0.0,0.0,-6.6,0.5,-6.1,0.0
Ray Spalding,PF,21,PHO,2018-19,13,147,14.7,0.516,0.064,0.255,11.1,25.3,18.1,5.2,2.9,4.5,14.7,17.9,0.0,0.2,0.2,0.051,-4.7,1.4,-3.4,-0.1
Raymond Felton,PG,21,CHA,2005-06,80,2406,14.2,0.483,0.307,0.251,3.5,9.7,6.4,30.9,2.2,0.3,15.7,21.4,0.8,1.8,2.6,0.051,0.7,-0.8,0.0,1.2
Raymond Felton,PG,22,CHA,2006-07,78,2832,13.5,0.481,0.305,0.25,2.1,9.3,5.6,32.0,2.2,0.3,16.8,21.9,0.2,2.1,2.3,0.039,0.2,-0.9,-0.7,1.0
Raymond Felton,PG,23,CHA,2007-08,79,2972,13.8,0.5,0.201,0.326,1.4,7.7,4.6,32.4,1.7,0.3,15.7,20.8,2.0,1.4,3.4,0.054,-0.2,-1.9,-2.1,-0.1
Raymond Felton,PG,24,CHA,2008-09,82,3086,13.7,0.483,0.191,0.251,2.2,10.2,6.2,31.1,2.2,0.8,15.9,21.9,0.6,3.7,4.3,0.066,-0.6,0.5,-0.1,1.4
Raymond Felton,PG,25,CHA,2009-10,80,2643,15.2,0.525,0.184,0.204,2.5,10.5,6.6,29.5,2.5,0.7,15.4,19.2,2.5,4.0,6.5,0.118,0.5,1.1,1.6,2.4
Raymond Felton,PG,26,TOT,2010-11,75,2737,16.6,0.524,0.327,0.24,2.0,9.2,5.6,35.8,2.3,0.3,16.6,21.6,3.6,1.8,5.4,0.094,2.0,-1.7,0.3,1.6
Raymond Felton,PG,27,POR,2011-12,60,1906,13.4,0.491,0.316,0.193,1.6,7.6,4.6,33.3,2.2,0.4,19.6,20.8,0.7,1.0,1.7,0.042,-0.1,-1.8,-1.8,0.1
Raymond Felton,PG,28,NYK,2012-13,68,2313,15.2,0.505,0.293,0.145,2.5,7.5,4.9,27.0,2.2,0.5,14.2,22.1,2.5,1.7,4.2,0.087,1.1,-0.9,0.3,1.3
Raymond Felton,PG,29,NYK,2013-14,65,2017,12.9,0.476,0.321,0.201,3.1,8.6,5.7,28.1,2.1,1.2,16.3,18.2,1.1,1.1,2.2,0.053,-0.1,-0.8,-0.9,0.5
Raymond Felton,PG,30,DAL,2014-15,29,281,12.4,0.48,0.321,0.142,0.8,9.4,5.1,21.9,2.0,1.2,13.8,20.7,0.0,0.2,0.2,0.039,-1.8,-1.3,-3.0,-0.1
Raymond Felton,PG,31,DAL,2015-16,80,2192,11.9,0.502,0.312,0.258,1.8,11.1,6.5,20.3,1.6,0.6,13.7,18.4,1.0,1.7,2.7,0.059,-1.1,0.2,-0.9,0.6
Raymond Felton,PG,32,LAC,2016-17,80,1700,10.9,0.496,0.28,0.125,2.2,11.9,7.2,16.3,1.9,1.1,13.3,16.5,0.2,1.8,1.9,0.055,-1.8,0.8,-1.0,0.4
Raymond Felton,PG,33,OKC,2017-18,82,1365,13.0,0.494,0.417,0.08,2.0,11.0,6.3,22.5,1.8,1.1,11.7,20.4,0.9,1.3,2.2,0.078,-1.1,-1.7,-2.8,-0.3
Raymond Felton,PG,34,OKC,2018-19,33,379,11.2,0.505,0.452,0.096,1.1,8.4,4.6,18.7,1.2,1.3,9.0,16.6,0.3,0.4,0.7,0.087,-2.3,-1.9,-4.2,-0.2
Reece Gaines,PG,25,MIL,2005-06,12,54,6.7,0.472,0.167,0.333,0.0,0.0,0.0,8.7,1.0,0.0,6.8,12.5,0.0,0.0,0.0,0.004,-4.8,-4.7,-9.5,-0.1
Reggie Bullock,SF,22,LAC,2013-14,43,395,6.7,0.46,0.603,0.074,3.2,11.7,7.6,4.3,1.1,0.2,9.4,15.4,-0.2,0.3,0.2,0.019,-2.9,-1.8,-4.7,-0.3
Reggie Bullock,SF,23,TOT,2014-15,36,338,6.2,0.466,0.657,0.129,0.3,16.0,8.3,3.2,1.5,0.9,9.8,10.9,-0.2,0.3,0.1,0.019,-3.6,-0.4,-4.0,-0.2
Reggie Bullock,SF,24,DET,2015-16,37,429,12.0,0.583,0.541,0.153,3.4,14.3,8.6,9.2,1.2,0.4,7.1,11.4,0.8,0.4,1.2,0.134,0.0,0.0,0.0,0.2
Reggie Bullock,SF,25,DET,2016-17,31,467,11.7,0.538,0.57,0.055,2.9,12.4,7.5,8.8,1.9,0.5,7.1,13.4,0.4,0.5,1.0,0.101,-0.4,0.5,0.1,0.2
Reggie Bullock,SF,26,DET,2017-18,62,1732,13.6,0.615,0.515,0.09,1.7,8.3,4.9,8.4,1.4,0.7,7.6,15.7,2.8,1.4,4.2,0.117,1.3,-0.7,0.7,1.2
Reggie Bullock,SG,27,TOT,2018-19,63,1879,10.5,0.563,0.662,0.143,1.2,8.8,4.9,10.1,1.0,0.5,9.3,15.8,1.6,1.4,3.1,0.078,0.1,-1.0,-0.9,0.5
Reggie Bullock,SG,27,DET,2018-19,44,1355,11.0,0.569,0.667,0.145,1.6,8.6,5.0,12.0,0.9,0.3,10.3,16.7,1.4,1.0,2.4,0.084,0.7,-1.2,-0.5,0.5
Reggie Bullock,SG,27,LAL,2018-19,19,524,9.1,0.545,0.647,0.137,0.4,9.3,4.9,5.0,1.4,1.1,6.3,13.7,0.2,0.4,0.7,0.061,-1.3,-0.5,-1.8,0.0
Reggie Evans,PF,25,TOT,2005-06,67,1393,12.5,0.519,0.004,0.81,14.6,28.3,21.4,4.0,1.5,0.5,19.0,14.4,0.8,1.3,2.1,0.072,-2.6,-0.9,-3.5,-0.5
Reggie Evans,PF,25,SEA,2005-06,41,788,15.0,0.536,0.006,0.694,17.2,25.2,21.2,4.4,1.6,0.5,15.4,15.2,1.2,0.3,1.5,0.09,-0.4,-1.9,-2.3,-0.1
Reggie Evans,PF,25,DEN,2005-06,26,605,9.2,0.49,0.0,1.021,11.1,32.3,21.8,3.5,1.4,0.6,24.2,13.4,-0.4,1.0,0.6,0.048,-5.4,0.4,-4.9,-0.4
Reggie Evans,PF,26,DEN,2006-07,66,1127,13.5,0.55,0.0,0.851,15.8,29.9,23.0,5.7,1.8,1.0,24.3,14.8,0.4,1.9,2.3,0.096,-2.7,1.1,-1.6,0.1
Reggie Evans,PF,27,PHI,2007-08,81,1879,11.0,0.463,0.003,0.743,14.0,24.7,19.3,5.0,2.4,0.3,19.0,13.6,-0.3,3.0,2.7,0.068,-2.9,1.4,-1.5,0.2
Reggie Evans,PF,28,PHI,2008-09,79,1137,10.4,0.514,0.006,0.983,14.1,24.0,19.0,3.3,1.9,0.6,21.3,13.0,0.3,1.6,1.9,0.079,-3.3,0.1,-3.1,-0.3
Reggie Evans,PF,29,TOR,2009-10,28,311,11.4,0.498,0.0,0.87,11.7,27.7,19.9,3.7,2.3,1.0,18.7,17.2,-0.1,0.3,0.2,0.033,-4.1,-0.8,-4.9,-0.2
Reggie Evans,PF,30,TOR,2010-11,30,798,12.4,0.466,0.01,0.854,17.2,34.4,25.6,6.4,1.9,0.6,21.6,10.1,0.5,0.8,1.3,0.077,-1.8,1.4,-0.4,0.3
Reggie Evans,PF,31,LAC,2011-12,56,771,9.2,0.504,0.0,0.986,15.3,26.7,20.9,3.1,2.2,0.6,29.9,8.8,0.2,1.0,1.3,0.079,-3.3,1.1,-2.2,0.0
Reggie Evans,PF,32,BRK,2012-13,80,1967,12.8,0.506,0.0,0.851,15.5,38.0,26.7,3.2,2.0,0.5,23.6,11.0,0.8,3.5,4.3,0.105,-3.2,1.3,-1.8,0.1
Reggie Evans,PF,33,TOT,2013-14,54,899,11.7,0.516,0.0,0.867,14.8,28.4,21.5,3.5,2.1,0.3,21.9,13.4,0.3,1.2,1.5,0.08,-3.5,-0.1,-3.6,-0.4
Reggie Evans,PF,34,SAC,2014-15,47,764,11.7,0.49,0.015,0.708,14.9,29.0,22.2,6.1,1.4,0.5,20.0,13.0,0.4,0.8,1.2,0.074,-2.7,0.0,-2.7,-0.1
Reggie Hearn,SG,26,DET,2017-18,3,7,13.1,0.75,1.0,0.0,0.0,0.0,0.0,0.0,0.0,0.0,0.0,12.7,0.0,0.0,0.0,0.132,2.8,-5.1,-2.3,0.0
Reggie Jackson,PG,21,OKC,2011-12,45,501,9.2,0.408,0.39,0.182,3.4,8.3,6.0,21.2,2.6,0.1,17.3,18.7,-0.4,0.5,0.1,0.011,-2.6,-1.3,-3.9,-0.2
Reggie Jackson,PG,22,OKC,2012-13,70,993,14.2,0.531,0.32,0.191,2.6,15.6,9.6,19.3,1.5,1.0,13.1,18.6,1.2,1.3,2.5,0.121,-0.3,-0.6,-0.8,0.3
Reggie Jackson,PG,23,OKC,2013-14,80,2277,15.4,0.527,0.267,0.193,2.2,12.8,7.8,23.1,1.9,0.3,14.5,22.6,2.3,2.6,4.9,0.104,0.1,-0.5,-0.4,0.9
Reggie Jackson,PG,24,TOT,2014-15,77,2268,17.2,0.511,0.242,0.219,2.6,12.9,7.8,34.8,1.4,0.3,14.6,24.6,3.3,1.7,4.9,0.104,1.9,-1.2,0.8,1.6
Reggie Jackson,PG,25,DET,2015-16,79,2424,19.6,0.535,0.268,0.271,2.5,9.1,5.7,36.3,1.2,0.3,13.8,29.1,4.9,1.9,6.9,0.136,3.9,-1.6,2.3,2.6
Reggie Jackson,PG,26,DET,2016-17,52,1424,14.9,0.51,0.272,0.201,1.5,7.4,4.4,30.3,1.2,0.3,13.4,26.4,0.8,1.2,1.9,0.065,0.6,-2.0,-1.4,0.2
Reggie Jackson,PG,27,DET,2017-18,45,1201,15.9,0.516,0.293,0.232,2.6,9.0,5.7,32.8,1.1,0.3,13.5,27.1,1.1,0.9,2.0,0.078,0.8,-2.3,-1.5,0.2
Reggie Jackson,PG,28,DET,2018-19,82,2289,15.2,0.547,0.45,0.225,2.1,8.5,5.2,24.7,1.2,0.3,11.4,24.5,3.1,1.9,5.0,0.105,1.8,-2.0,-0.3,1.0
Reggie Williams,SF,23,GSW,2009-10,24,782,16.1,0.588,0.325,0.219,2.5,13.3,7.8,12.7,1.4,0.5,8.5,18.6,1.5,0.3,1.7,0.105,1.5,-1.7,-0.2,0.4
Reggie Williams,SF,24,GSW,2010-11,80,1626,14.9,0.585,0.421,0.234,3.1,12.2,7.5,11.4,0.9,0.1,8.3,18.7,3.4,0.3,3.7,0.109,1.4,-3.2,-1.9,0.0
Reggie Williams,SF,25,CHA,2011-12,33,747,12.4,0.503,0.42,0.157,4.0,10.5,7.1,14.7,1.4,0.3,10.8,18.9,0.3,0.0,0.3,0.022,0.0,-2.5,-2.5,-0.1
Reggie Williams,SF,26,CHA,2012-13,40,380,13.2,0.517,0.545,0.159,2.3,13.3,7.7,18.2,1.7,0.2,11.9,19.2,0.2,0.1,0.3,0.035,0.0,-3.4,-3.4,-0.1
Reggie Williams,SF,27,OKC,2013-14,3,17,16.4,0.611,0.333,0.0,0.0,0.0,0.0,11.5,3.0,0.0,18.2,28.7,0.0,0.0,0.0,0.034,-2.0,-6.2,-8.2,0.0
Reggie Williams,SF,28,SAS,2014-15,20,105,10.5,0.454,0.487,0.103,5.5,12.7,9.2,14.4,0.5,0.0,4.7,18.5,0.1,0.1,0.2,0.083,-0.5,-2.2,-2.7,0.0
Reggie Williams,SF,30,NOP,2016-17,6,79,11.7,0.518,0.478,0.304,2.7,5.4,4.0,7.2,1.9,0.0,0.0,14.6,0.1,0.1,0.2,0.098,-0.8,-1.6,-2.4,0.0
Renaldo Balkman,SF,22,NYK,2006-07,68,1064,16.1,0.531,0.098,0.327,11.0,21.8,16.4,7.0,2.8,3.3,13.5,15.5,1.1,1.7,2.8,0.125,-1.0,2.4,1.4,0.9
Renaldo Balkman,SF,23,NYK,2007-08,65,952,11.5,0.492,0.065,0.511,9.6,16.4,12.9,6.5,2.4,2.4,14.0,12.5,0.4,0.9,1.3,0.065,-2.4,1.8,-0.6,0.3
Renaldo Balkman,PF,24,DEN,2008-09,53,780,16.8,0.585,0.036,0.33,13.2,16.9,15.1,6.9,3.1,2.3,13.4,14.9,1.3,1.3,2.6,0.162,0.5,2.2,2.7,0.9
Renaldo Balkman,SF,25,DEN,2009-10,13,91,6.6,0.339,0.389,0.333,5.1,23.9,14.6,10.6,4.5,1.7,22.5,13.0,-0.2,0.2,0.0,-0.001,-5.2,4.0,-1.1,0.0
Renaldo Balkman,SF,26,TOT,2010-11,8,62,9.3,0.542,0.154,0.308,3.7,9.1,6.5,4.7,3.2,2.4,6.3,11.3,0.1,0.1,0.1,0.114,-1.9,1.0,-0.9,0.0
Renaldo Balkman,SF,27,NYK,2011-12,14,115,14.3,0.57,0.281,0.344,6.0,20.3,13.1,7.2,1.8,2.1,14.0,16.7,0.1,0.2,0.3,0.142,-1.7,0.7,-1.0,0.0
Renaldo Major,PF,24,GSW,2006-07,1,27,-3.7,0.23,0.0,0.2,0.0,8.3,4.1,0.0,3.6,0.0,8.4,18.7,-0.1,0.0,-0.1,-0.196,-13.0,-2.3,-15.2,-0.1
Richard Hamilton,SG,27,DET,2005-06,80,2825,18.2,0.553,0.091,0.229,3.5,7.3,5.4,18.6,1.0,0.4,10.6,27.4,5.3,2.4,7.6,0.13,1.9,-1.8,0.2,1.5
Richard Hamilton,SG,28,DET,2006-07,75,2763,18.1,0.551,0.11,0.344,3.2,8.9,6.1,19.0,1.2,0.4,10.6,25.9,5.7,2.4,8.1,0.141,2.3,-1.2,1.1,2.2
Richard Hamilton,SG,29,DET,2007-08,72,2424,18.2,0.552,0.137,0.215,3.7,7.9,5.8,22.3,1.7,0.3,10.5,24.5,4.8,2.9,7.7,0.152,2.9,-0.4,2.5,2.8
Richard Hamilton,SG,30,DET,2008-09,67,2279,16.9,0.529,0.182,0.252,2.3,8.6,5.4,23.9,1.0,0.1,10.3,27.0,3.1,1.4,4.5,0.095,2.1,-2.2,-0.1,1.1
Richard Hamilton,SG,31,DET,2009-10,46,1552,14.9,0.505,0.192,0.336,2.2,7.7,4.8,23.5,1.0,0.2,12.3,27.9,1.2,0.1,1.4,0.043,0.9,-3.4,-2.5,-0.2
Richard Hamilton,SG,32,DET,2010-11,55,1498,15.8,0.52,0.215,0.256,1.9,8.7,5.1,19.8,1.4,0.2,10.5,26.0,1.6,0.2,1.8,0.059,0.9,-3.4,-2.5,-0.2
Richard Hamilton,SG,33,CHI,2011-12,28,697,13.2,0.5,0.148,0.119,3.3,7.2,5.3,21.0,0.9,0.1,13.1,24.5,0.5,0.8,1.3,0.092,-0.4,-1.7,-2.1,0.0
Richard Hamilton,SG,34,CHI,2012-13,50,1088,10.6,0.481,0.109,0.162,1.7,7.2,4.4,19.9,1.2,0.3,14.2,25.0,-0.6,0.9,0.4,0.016,-3.1,-2.4,-5.5,-1.0
Richard Jefferson,SF,25,NJN,2005-06,78,3059,18.9,0.603,0.187,0.577,3.6,17.1,10.2,18.0,1.0,0.5,12.1,22.1,7.6,4.1,11.7,0.184,2.3,0.7,3.0,3.9
Richard Jefferson,SF,26,NJN,2006-07,55,1956,13.8,0.555,0.218,0.49,2.9,11.5,7.2,13.1,0.9,0.3,12.9,22.1,2.0,1.4,3.4,0.082,-0.5,-1.3,-1.8,0.1
Richard Jefferson,SF,27,NJN,2007-08,82,3200,17.4,0.571,0.16,0.511,3.4,9.0,6.2,15.0,1.2,0.5,10.9,26.1,6.1,1.5,7.6,0.114,2.0,-2.0,0.0,1.6
Richard Jefferson,SF,28,MIL,2008-09,82,2939,15.4,0.554,0.239,0.424,2.2,13.3,7.5,11.7,1.2,0.4,10.2,24.6,4.2,2.4,6.6,0.109,1.0,-1.2,-0.2,1.3
Richard Jefferson,SF,29,SAS,2009-10,81,2520,13.1,0.551,0.241,0.37,2.7,13.6,8.3,9.6,0.9,1.1,10.4,18.3,3.0,3.0,6.0,0.113,-0.3,0.6,0.3,1.5
Richard Jefferson,SF,30,SAS,2010-11,81,2459,12.4,0.612,0.478,0.304,2.6,11.8,7.3,6.5,0.8,1.0,11.3,15.4,3.7,2.1,5.9,0.115,1.1,0.0,1.2,2.0
Richard Jefferson,SF,31,TOT,2011-12,63,1748,11.1,0.55,0.551,0.174,1.7,12.4,7.2,7.3,1.1,0.8,8.7,15.1,1.9,1.2,3.1,0.085,0.7,-0.6,0.1,0.9
Richard Jefferson,SF,32,GSW,2012-13,56,568,10.3,0.552,0.331,0.39,1.0,14.9,8.1,8.0,1.3,1.0,12.6,14.4,0.4,0.6,1.0,0.081,-2.6,-0.3,-2.9,-0.1
Richard Jefferson,SF,33,UTA,2013-14,82,2213,11.8,0.573,0.46,0.248,0.9,10.8,5.7,9.6,1.3,0.5,11.5,16.9,2.3,0.4,2.7,0.058,0.3,-1.7,-1.4,0.3
Richard Jefferson,SF,34,DAL,2014-15,74,1244,11.3,0.577,0.478,0.352,2.2,14.0,8.1,7.0,1.3,0.7,12.2,15.3,1.4,0.9,2.3,0.088,-0.2,-0.5,-0.7,0.4
Richard Jefferson,SF,35,CLE,2015-16,74,1326,9.7,0.585,0.554,0.279,1.3,9.6,5.5,6.4,1.3,0.9,10.9,13.4,1.4,1.3,2.7,0.099,-0.5,-0.3,-0.8,0.4
Richard Jefferson,SF,36,CLE,2016-17,79,1614,8.3,0.574,0.542,0.315,2.0,11.6,6.9,6.6,0.8,0.5,11.8,12.2,1.3,0.8,2.1,0.063,-1.4,-1.0,-2.4,-0.2
Richard Jefferson,SF,37,DEN,2017-18,20,163,6.4,0.499,0.259,0.259,1.4,10.3,5.9,12.0,0.6,0.5,14.3,9.4,0.1,0.0,0.1,0.029,-3.8,-2.0,-5.9,-0.2
Richaun Holmes,PF,22,PHI,2015-16,51,702,15.9,0.564,0.198,0.333,9.3,11.7,10.5,8.0,1.3,4.3,11.2,17.9,1.0,0.5,1.5,0.103,-1.0,0.0,-0.9,0.2
Richaun Holmes,C,23,PHI,2016-17,57,1193,18.6,0.611,0.187,0.25,8.7,20.1,14.4,8.3,1.7,3.7,10.7,18.6,2.2,1.6,3.8,0.151,0.2,1.5,1.7,1.1
Richaun Holmes,C,24,PHI,2017-18,48,746,17.4,0.585,0.129,0.232,8.6,21.4,15.2,12.3,1.3,3.2,8.6,16.6,1.6,1.3,2.8,0.183,-0.2,1.9,1.7,0.7
Richaun Holmes,C,25,PHO,2018-19,70,1184,20.7,0.647,0.0,0.479,10.6,20.5,15.5,7.9,1.7,5.6,10.5,17.9,3.1,1.1,4.3,0.173,-0.1,1.5,1.4,1.0
Richie Frahm,SG,28,TOT,2005-06,33,342,9.4,0.517,0.7,0.1,1.1,10.2,5.7,10.2,0.6,0.4,7.1,15.6,0.2,0.3,0.5,0.071,-0.8,-2.5,-3.4,-0.1
Richie Frahm,SG,28,MIN,2005-06,25,225,8.9,0.491,0.738,0.077,1.6,10.4,6.1,10.7,0.7,0.7,5.6,15.0,0.1,0.2,0.3,0.065,-0.8,-2.5,-3.2,-0.1
Richie Frahm,SG,28,HOU,2005-06,8,117,10.4,0.565,0.629,0.143,0.0,9.9,5.0,9.2,0.5,0.0,9.7,16.8,0.1,0.1,0.2,0.082,-1.0,-2.6,-3.6,0.0
Richie Frahm,SG,30,LAC,2007-08,10,163,5.5,0.428,0.463,0.037,2.8,7.1,5.0,8.3,0.6,0.0,9.9,17.2,-0.2,0.0,-0.2,-0.054,-4.0,-3.1,-7.1,-0.2
Rick Brunson,PG,33,TOT,2005-06,27,246,6.3,0.455,0.241,0.222,0.5,9.9,5.3,23.4,1.8,0.3,27.1,15.6,-0.4,0.2,-0.1,-0.025,-5.9,-1.0,-7.0,-0.3
Rick Brunson,PG,33,SEA,2005-06,4,31,7.8,0.625,0.125,0.0,0.0,7.9,3.9,10.5,0.0,0.0,27.3,15.9,0.0,0.0,0.0,-0.058,-4.2,-4.8,-9.0,-0.1
Rick Brunson,PG,33,HOU,2005-06,23,215,6.1,0.429,0.261,0.261,0.6,10.2,5.5,25.2,2.0,0.4,27.0,15.6,-0.4,0.3,-0.1,-0.02,-6.2,-0.5,-6.7,-0.3
Ricky Davis,SG,26,TOT,2005-06,78,3207,15.6,0.521,0.186,0.265,2.5,10.5,6.6,22.2,1.5,0.4,12.8,24.3,2.5,2.5,5.0,0.075,0.9,-1.0,0.0,1.6
Ricky Davis,SG,26,BOS,2005-06,42,1747,16.0,0.529,0.176,0.231,2.9,10.0,6.5,22.8,1.5,0.4,12.8,23.6,1.8,1.1,2.9,0.08,1.2,-1.2,0.1,0.9
Ricky Davis,SF,26,MIN,2005-06,36,1460,15.2,0.511,0.197,0.304,2.1,11.1,6.7,21.4,1.6,0.4,12.7,25.1,0.7,1.4,2.1,0.069,0.6,-0.7,-0.1,0.7
Ricky Davis,SF,27,MIN,2006-07,81,3021,15.9,0.566,0.285,0.262,2.2,10.1,6.2,21.9,1.4,0.6,14.7,21.9,3.9,1.9,5.7,0.091,1.8,-1.0,0.9,2.2
Ricky Davis,SF,28,MIA,2007-08,82,2963,12.0,0.534,0.343,0.203,2.2,12.2,7.1,16.4,1.6,0.4,15.3,20.0,0.3,1.6,1.9,0.03,-0.6,-0.6,-1.2,0.6
Ricky Davis,SG,29,LAC,2008-09,36,785,7.1,0.445,0.453,0.147,1.3,7.7,4.4,16.4,1.3,0.5,13.0,17.4,-0.6,0.2,-0.4,-0.027,-3.2,-2.5,-5.7,-0.7
Ricky Davis,SF,30,LAC,2009-10,36,499,8.5,0.504,0.294,0.217,2.3,11.0,6.6,12.3,1.1,0.4,15.6,16.8,-0.1,0.2,0.1,0.005,-3.4,-1.8,-5.1,-0.4
Ricky Ledo,SG,21,DAL,2013-14,11,33,12.7,0.506,0.471,0.235,0.0,7.0,3.5,9.5,1.6,0.0,9.6,28.6,0.0,0.0,0.0,0.024,-1.6,-5.6,-7.2,0.0
Ricky Ledo,SG,22,TOT,2014-15,17,244,6.3,0.426,0.281,0.229,7.4,9.7,8.5,13.0,1.3,0.3,19.7,24.8,-0.6,0.0,-0.6,-0.112,-4.9,-3.0,-7.9,-0.4
Ricky Rubio,PG,21,MIN,2011-12,41,1404,14.6,0.476,0.242,0.404,1.6,11.9,6.7,37.4,3.3,0.4,22.2,18.7,0.5,1.5,2.0,0.07,-0.2,1.1,0.9,1.0
Ricky Rubio,PG,22,MIN,2012-13,57,1691,16.2,0.482,0.179,0.514,2.9,12.9,7.7,38.8,4.2,0.2,21.4,21.2,0.4,2.6,3.0,0.085,0.0,1.8,1.8,1.6
Ricky Rubio,PG,23,MIN,2013-14,82,2638,15.4,0.491,0.199,0.422,2.5,11.9,7.1,37.8,3.6,0.3,21.8,16.4,2.2,3.6,5.9,0.107,0.0,1.5,1.5,2.3
Ricky Rubio,PG,24,MIN,2014-15,22,692,15.2,0.452,0.233,0.324,3.0,18.1,10.3,43.5,2.8,0.1,20.4,20.0,0.1,0.4,0.5,0.033,0.1,-0.5,-0.5,0.3
Ricky Rubio,PG,25,MIN,2015-16,76,2323,17.6,0.529,0.324,0.536,2.0,14.1,8.2,41.4,3.5,0.4,21.0,17.7,3.6,2.2,5.8,0.119,1.8,0.1,1.9,2.3
Ricky Rubio,PG,26,MIN,2016-17,75,2469,16.8,0.539,0.302,0.438,3.2,11.4,7.2,38.9,2.6,0.3,20.1,17.4,4.5,1.7,6.1,0.119,1.7,-0.9,0.8,1.7
Ricky Rubio,PG,27,UTA,2017-18,77,2254,15.4,0.537,0.33,0.307,2.2,15.3,8.8,28.4,2.7,0.4,18.1,22.9,1.5,3.8,5.3,0.112,0.1,1.6,1.7,2.1
Ricky Rubio,PG,28,UTA,2018-19,68,1899,14.0,0.52,0.348,0.312,1.9,11.8,6.9,32.1,2.3,0.4,17.8,22.7,0.9,2.8,3.7,0.095,-0.6,0.6,0.0,0.9
Rob Kurz,SF,23,GSW,2008-09,40,442,11.8,0.513,0.29,0.382,8.1,11.8,10.0,6.5,1.5,3.0,9.5,16.3,0.5,0.2,0.7,0.074,-1.1,-1.2,-2.3,0.0
Robbie Hummel,SF,24,MIN,2013-14,53,655,9.6,0.492,0.503,0.09,5.7,16.6,11.0,5.0,1.2,0.2,5.2,12.6,0.6,0.6,1.1,0.084,-1.4,-0.7,-2.1,0.0
Robbie Hummel,SF,25,MIN,2014-15,45,742,9.7,0.536,0.297,0.169,4.6,16.4,10.3,5.6,1.1,1.0,8.9,12.1,0.7,0.1,0.8,0.05,-1.8,-1.6,-3.5,-0.3
Robert Covington,SF,23,HOU,2013-14,7,34,15.0,0.571,0.786,0.0,6.9,9.3,8.2,0.0,2.9,0.0,6.7,19.3,0.1,0.0,0.1,0.122,1.3,-4.9,-3.6,0.0
Robert Covington,SF,24,PHI,2014-15,70,1956,14.7,0.554,0.59,0.287,3.4,14.6,8.8,9.8,2.5,1.3,13.1,21.8,1.6,2.3,4.0,0.097,0.6,-0.5,0.2,1.1
Robert Covington,SF,25,PHI,2015-16,67,1903,13.2,0.543,0.677,0.249,3.6,20.9,12.0,8.4,2.7,1.6,15.3,21.5,-0.1,2.1,2.0,0.05,-0.2,0.0,-0.2,0.9
Robert Covington,SF,26,PHI,2016-17,67,2119,13.2,0.534,0.563,0.238,4.8,17.9,11.3,7.5,2.9,2.6,13.9,19.2,0.0,3.2,3.1,0.071,-0.7,2.0,1.4,1.8
Robert Covington,SF,27,PHI,2017-18,80,2532,12.9,0.563,0.658,0.163,2.4,15.5,9.2,8.7,2.6,2.4,12.3,17.2,1.6,4.5,6.1,0.116,0.4,2.1,2.5,2.9
Robert Covington,SF,28,TOT,2018-19,35,1203,13.3,0.58,0.622,0.246,2.5,14.6,8.5,5.2,2.9,3.2,10.5,15.6,0.9,1.6,2.5,0.1,0.4,1.9,2.4,1.3
Robert Covington,SF,28,PHI,2018-19,13,440,11.0,0.578,0.658,0.197,1.7,14.0,8.1,4.3,2.6,4.1,14.8,14.2,0.0,0.7,0.7,0.077,-1.2,2.5,1.2,0.4
Robert Covington,SF,28,MIN,2018-19,22,763,14.7,0.58,0.604,0.269,2.9,14.9,8.8,5.8,3.1,2.7,8.4,16.5,0.9,0.9,1.8,0.114,1.4,1.6,3.0,1.0
Robert Hite,SG,23,MIA,2006-07,12,136,7.4,0.391,0.383,0.2,3.6,10.2,6.9,9.9,1.2,1.2,8.4,24.8,-0.3,0.1,-0.2,-0.055,-4.9,-2.9,-7.9,-0.2
Robert Horry,PF,35,SAS,2005-06,63,1182,13.5,0.499,0.493,0.233,7.3,16.7,12.1,10.1,2.0,3.1,11.3,14.7,1.0,2.5,3.6,0.145,-0.2,3.4,3.2,1.5
Robert Horry,PF,36,SAS,2006-07,68,1124,11.9,0.48,0.594,0.255,8.2,16.1,12.3,10.1,2.1,2.7,13.6,13.6,0.6,2.4,2.9,0.125,-0.5,3.3,2.8,1.4
Robert Horry,PF,37,SAS,2007-08,45,583,9.6,0.426,0.588,0.235,7.2,14.8,11.0,11.9,1.9,2.5,14.3,12.6,-0.1,1.1,1.1,0.088,-2.3,3.2,0.9,0.4
Robert Sacre,C,23,LAL,2012-13,32,203,3.4,0.407,0.0,0.229,5.0,13.2,9.2,4.3,0.0,3.6,15.9,13.8,-0.2,0.1,-0.1,-0.024,-7.3,-0.2,-7.5,-0.3
Robert Sacre,C,24,LAL,2013-14,65,1089,12.1,0.513,0.0,0.313,8.0,16.9,12.5,7.0,1.1,3.1,11.4,15.5,0.7,0.7,1.4,0.061,-3.1,0.7,-2.3,-0.1
Robert Sacre,C,25,LAL,2014-15,67,1133,10.9,0.449,0.003,0.268,8.4,14.6,11.4,7.4,1.3,3.1,9.5,14.8,0.3,0.6,0.8,0.035,-3.3,0.4,-2.8,-0.2
Robert Sacre,C,26,LAL,2015-16,25,320,10.4,0.474,0.0,0.507,10.4,13.9,12.1,6.9,0.6,2.5,11.6,14.3,0.2,0.1,0.3,0.04,-3.5,-0.8,-4.3,-0.2
Robert Swift,C,20,SEA,2005-06,47,987,12.7,0.536,0.0,0.378,11.3,21.1,16.2,1.2,0.8,4.4,14.8,15.0,0.7,0.3,1.1,0.052,-2.9,-1.5,-4.3,-0.6
Robert Swift,C,22,SEA,2007-08,8,98,2.9,0.391,0.0,0.118,6.7,13.3,10.0,1.4,2.5,4.4,35.9,12.3,-0.3,0.1,-0.2,-0.074,-8.7,3.1,-5.7,-0.1
Robert Swift,C,23,OKC,2008-09,26,343,11.5,0.551,0.0,0.225,6.9,23.2,14.9,4.0,0.7,3.7,9.3,11.1,0.3,0.4,0.7,0.104,-3.9,0.8,-3.1,-0.1
Robert Whaley,C,23,UTA,2005-06,23,212,7.6,0.411,0.0,0.105,9.1,15.6,12.3,13.8,1.8,3.1,19.0,16.1,-0.2,0.3,0.0,0.004,-4.7,1.3,-3.5,-0.1
Robert Williams,C,21,BOS,2018-19,32,283,18.8,0.703,0.0,0.294,10.2,20.4,15.3,3.3,1.5,12.5,14.8,10.3,0.5,0.6,1.2,0.201,-2.4,6.7,4.4,0.5
Robin Lopez,C,20,PHO,2008-09,60,614,11.6,0.566,0.007,0.496,10.3,12.1,11.2,1.8,0.9,4.9,14.4,14.0,0.6,0.4,1.1,0.083,-2.1,-0.2,-2.3,0.0
Robin Lopez,C,21,PHO,2009-10,51,986,17.6,0.621,0.0,0.43,12.6,15.6,14.2,1.1,0.5,3.8,10.6,17.3,2.5,0.8,3.2,0.158,0.3,-1.2,-1.0,0.3
Robin Lopez,C,22,PHO,2010-11,67,991,13.9,0.539,0.0,0.28,9.5,15.6,12.6,1.3,0.9,3.4,10.7,20.4,0.8,0.8,1.5,0.074,-3.3,-1.6,-4.9,-0.7
Robin Lopez,C,23,PHO,2011-12,64,895,15.2,0.526,0.0,0.52,11.5,14.8,13.2,3.4,1.0,4.9,11.5,18.9,1.2,0.9,2.1,0.115,-1.8,0.8,-1.0,0.2
Robin Lopez,C,24,NOH,2012-13,82,2136,18.9,0.573,0.0,0.288,12.4,13.4,12.9,5.3,0.8,5.0,12.0,20.0,4.4,1.2,5.6,0.126,0.8,0.3,1.1,1.7
Robin Lopez,C,25,POR,2013-14,82,2603,17.7,0.605,0.002,0.376,13.6,15.3,14.5,4.2,0.5,3.7,10.1,14.0,7.0,2.6,9.5,0.176,1.4,1.6,3.0,3.3
Robin Lopez,C,26,POR,2014-15,59,1638,16.2,0.574,0.002,0.291,12.7,13.1,12.9,5.1,0.5,3.7,12.9,15.5,3.2,1.9,5.1,0.15,0.1,2.0,2.1,1.7
Robin Lopez,C,27,NYK,2015-16,82,2219,17.6,0.574,0.002,0.243,13.4,16.2,14.8,8.5,0.4,4.4,15.4,17.7,3.7,2.1,5.8,0.126,0.1,1.3,1.4,1.9
Robin Lopez,C,28,CHI,2016-17,81,2271,14.4,0.511,0.003,0.134,11.5,13.2,12.3,5.6,0.4,4.1,10.0,17.5,1.8,2.4,4.3,0.09,-1.9,1.0,-0.9,0.6
Robin Lopez,C,29,CHI,2017-18,64,1690,14.7,0.552,0.022,0.14,8.2,10.3,9.2,12.3,0.4,2.8,13.5,20.4,1.2,0.7,1.9,0.055,-1.7,-0.3,-1.9,0.0
Robin Lopez,C,30,CHI,2018-19,74,1606,15.9,0.598,0.058,0.23,9.4,10.0,9.7,8.8,0.3,4.2,14.0,18.6,2.0,0.7,2.7,0.081,-1.0,-0.1,-1.1,0.4
Rodions Kurucs,SF,20,BRK,2018-19,63,1294,11.0,0.545,0.41,0.205,4.6,15.4,10.0,6.0,1.5,1.5,13.6,18.4,0.1,1.5,1.6,0.059,-2.6,0.2,-2.4,-0.1
Rodney Carney,SF,22,PHI,2006-07,67,1169,11.4,0.514,0.184,0.222,4.0,9.1,6.6,3.8,1.7,1.5,9.1,18.7,0.4,1.0,1.3,0.055,-2.1,-1.3,-3.4,-0.4
Rodney Carney,SF,23,PHI,2007-08,70,1039,12.1,0.478,0.306,0.207,5.7,11.4,8.5,5.0,2.0,1.8,7.4,20.0,0.4,1.2,1.6,0.075,-1.7,-1.0,-2.6,-0.2
Rodney Carney,SG,24,MIN,2008-09,67,1199,12.1,0.532,0.534,0.156,3.4,9.1,6.1,3.6,2.0,1.9,8.7,18.6,0.7,0.8,1.5,0.059,-0.2,-1.2,-1.5,0.2
Rodney Carney,SG,25,PHI,2009-10,68,857,12.7,0.515,0.479,0.223,3.5,15.5,9.4,6.7,1.5,1.8,6.3,17.6,0.9,0.6,1.5,0.082,-0.8,-1.9,-2.7,-0.1
Rodney Carney,SF,26,TOT,2010-11,27,336,10.8,0.521,0.345,0.245,4.3,12.1,8.1,4.8,1.8,1.1,11.6,18.1,0.1,0.2,0.3,0.038,-2.5,-2.3,-4.9,-0.2
Rodney Hood,SG,22,UTA,2014-15,50,1064,12.3,0.529,0.455,0.214,1.0,11.7,6.4,13.2,1.5,0.9,9.9,19.6,1.3,0.9,2.2,0.098,0.2,-1.3,-1.1,0.2
Rodney Hood,SG,23,UTA,2015-16,79,2541,14.1,0.542,0.462,0.206,1.8,10.5,6.1,14.4,1.5,0.5,10.5,21.5,3.4,2.5,6.0,0.112,1.6,-0.9,0.7,1.7
Rodney Hood,SG,24,UTA,2016-17,59,1593,12.4,0.522,0.461,0.173,1.2,13.1,7.3,10.1,1.3,0.6,8.3,22.9,0.7,1.9,2.6,0.078,-0.3,-0.9,-1.2,0.3
Rodney Hood,SG,25,TOT,2017-18,60,1616,14.3,0.546,0.443,0.172,1.6,9.9,5.8,9.7,1.4,0.6,8.0,24.3,1.2,1.5,2.7,0.081,0.2,-2.2,-2.0,0.0
Rodney Hood,SG,26,TOT,2018-19,72,1893,12.3,0.545,0.352,0.231,1.4,7.9,4.6,10.0,1.5,0.5,6.9,18.1,2.1,0.5,2.6,0.065,-0.2,-2.1,-2.4,-0.2
Rodney Hood,SG,26,CLE,2018-19,45,1234,13.0,0.542,0.335,0.251,1.6,8.8,5.0,11.5,1.5,0.4,6.7,19.1,1.5,0.0,1.5,0.059,-0.1,-2.6,-2.7,-0.2
Rodney Hood,SG,26,POR,2018-19,27,659,10.9,0.549,0.387,0.189,1.2,6.0,3.6,7.1,1.5,0.9,7.5,16.3,0.6,0.5,1.1,0.077,-0.5,-1.2,-1.7,0.0
Rodney McGruder,SG,25,MIA,2016-17,78,1966,9.1,0.506,0.478,0.154,5.2,9.2,7.2,8.8,1.2,0.7,10.2,12.3,1.2,1.7,2.9,0.072,-0.8,0.5,-0.4,0.8
Rodney McGruder,SG,26,MIA,2017-18,18,299,12.0,0.595,0.479,0.11,4.1,7.9,6.0,8.4,1.3,0.9,5.0,12.1,0.5,0.3,0.8,0.125,0.1,-0.7,-0.6,0.1
Rodney McGruder,SG,27,MIA,2018-19,66,1550,9.4,0.51,0.488,0.156,4.1,12.2,8.2,10.3,1.1,0.7,11.5,15.4,0.4,1.6,1.9,0.059,-1.9,-0.1,-2.0,0.0
Rodney Purvis,SG,23,ORL,2017-18,16,290,4.5,0.423,0.486,0.14,0.4,9.9,5.1,8.5,0.5,0.8,8.1,18.7,-0.4,0.1,-0.3,-0.056,-5.0,-2.9,-7.9,-0.4
Rodney Stuckey,PG,21,DET,2007-08,57,1081,13.8,0.484,0.042,0.408,3.5,10.8,7.1,23.9,2.5,0.4,14.8,23.1,0.4,1.6,2.0,0.09,-1.6,0.5,-1.1,0.3
Rodney Stuckey,PG,22,DET,2008-09,79,2517,14.8,0.508,0.085,0.318,3.2,9.8,6.5,26.1,1.7,0.3,14.3,23.0,1.7,2.2,3.8,0.073,0.0,-0.5,-0.5,1.0
Rodney Stuckey,PG,23,DET,2009-10,73,2499,15.6,0.479,0.071,0.324,3.1,11.1,6.8,24.7,2.2,0.4,11.4,26.4,1.4,1.3,2.7,0.052,0.2,-1.0,-0.8,0.7
Rodney Stuckey,PG,24,DET,2010-11,70,2183,18.4,0.544,0.109,0.461,3.7,8.6,6.0,27.5,1.9,0.4,13.5,24.5,4.4,0.6,5.0,0.111,2.3,-2.0,0.3,1.3
Rodney Stuckey,SG,25,DET,2011-12,55,1644,17.6,0.55,0.174,0.536,2.7,7.8,5.2,22.7,1.4,0.5,12.6,23.7,3.8,0.7,4.5,0.131,2.2,-2.4,-0.2,0.8
Rodney Stuckey,SG,26,DET,2012-13,76,2171,13.0,0.505,0.243,0.364,2.2,9.1,5.6,20.3,1.2,0.6,13.4,21.0,1.7,0.8,2.5,0.055,-0.5,-2.0,-2.5,-0.3
Rodney Stuckey,SG,27,DET,2013-14,73,1950,14.0,0.516,0.103,0.342,2.1,7.7,4.7,12.7,1.4,0.4,11.3,24.3,1.8,0.4,2.2,0.053,-1.2,-2.9,-4.1,-1.0
Rodney Stuckey,PG,28,IND,2014-15,71,1874,15.4,0.528,0.187,0.286,2.1,12.4,7.3,20.2,1.5,0.4,12.2,23.4,1.9,2.2,4.0,0.103,0.2,-0.3,-0.1,0.9
Rodney Stuckey,PG,29,IND,2015-16,58,1275,12.6,0.504,0.187,0.357,1.6,11.7,6.7,17.2,1.7,0.5,12.9,20.3,0.5,1.5,2.0,0.077,-2.1,-0.3,-2.5,-0.2
Rodney Stuckey,PG,30,IND,2016-17,39,696,9.5,0.483,0.246,0.439,1.0,12.4,6.8,17.7,1.2,0.0,15.4,22.2,-0.5,0.4,-0.1,-0.006,-3.8,-2.2,-6.0,-0.7
Rodrigue Beaubois,PG,21,DAL,2009-10,56,700,18.5,0.617,0.368,0.174,2.0,10.7,6.4,18.6,2.1,1.3,14.4,24.7,1.1,0.8,2.0,0.134,2.4,-1.1,1.3,0.6
Rodrigue Beaubois,PG,22,DAL,2010-11,28,496,11.4,0.5,0.372,0.135,1.7,10.2,6.1,21.9,2.1,1.2,16.6,26.7,-0.4,0.7,0.2,0.022,-1.4,-0.1,-1.5,0.1
Rodrigue Beaubois,PG,23,DAL,2011-12,53,1151,15.3,0.496,0.297,0.155,1.9,12.8,7.4,22.7,2.6,1.9,12.8,22.0,0.5,1.7,2.2,0.092,-0.1,1.4,1.3,0.9
Rodrigue Beaubois,PG,24,DAL,2012-13,45,549,10.6,0.47,0.409,0.216,1.9,9.6,5.8,22.6,1.8,0.6,14.6,18.7,0.0,0.4,0.4,0.032,-1.6,-1.7,-3.3,-0.2
Roger Mason,SG,26,WAS,2006-07,62,492,7.2,0.443,0.57,0.089,1.6,9.1,5.3,10.9,1.3,0.9,9.3,18.3,-0.2,0.1,-0.1,-0.005,-2.2,-3.4,-5.6,-0.5
Roger Mason,PG,27,WAS,2007-08,80,1708,13.8,0.573,0.545,0.118,1.1,8.0,4.5,13.2,1.3,0.9,9.9,18.9,2.8,0.6,3.4,0.096,1.9,-2.7,-0.8,0.5
Roger Mason,SG,28,SAS,2008-09,82,2496,11.9,0.554,0.479,0.144,0.8,11.1,6.0,11.1,0.9,0.4,10.3,18.9,1.9,2.9,4.7,0.091,0.0,-0.4,-0.4,1.0
Roger Mason,SG,29,SAS,2009-10,79,1515,9.7,0.49,0.532,0.069,0.9,11.5,6.3,13.5,1.0,0.7,10.4,17.2,0.3,1.7,1.9,0.062,-1.2,-0.5,-1.7,0.1
Roger Mason,SG,30,NYK,2010-11,26,319,7.1,0.461,0.571,0.13,1.8,13.7,7.7,8.8,0.9,0.5,6.9,12.2,0.1,0.1,0.2,0.029,-2.4,-2.0,-4.4,-0.2
Roger Mason,SG,31,WAS,2011-12,52,697,12.1,0.53,0.597,0.105,1.1,10.1,5.6,11.0,1.0,0.6,10.6,19.4,0.6,0.2,0.9,0.059,0.4,-3.3,-2.9,-0.2
Roger Mason,SG,32,NOH,2012-13,69,1219,10.0,0.57,0.521,0.141,1.1,12.0,6.5,9.5,1.2,0.8,13.6,14.3,1.1,0.3,1.4,0.057,-0.3,-1.4,-1.7,0.1
Roger Mason,SG,33,MIA,2013-14,25,260,8.2,0.528,0.716,0.104,0.5,9.8,5.3,10.5,1.2,0.3,11.4,14.5,0.1,0.2,0.3,0.055,-1.0,-2.4,-3.4,-0.1
Roger Powell,SF,24,UTA,2006-07,3,13,-8.3,0.258,0.333,0.667,28.1,0.0,14.0,0.0,0.0,0.0,43.6,23.7,-0.1,0.0,-0.1,-0.327,-11.6,-6.8,-18.4,-0.1
Roko Ukić,PG,24,TOR,2008-09,72,890,9.8,0.43,0.191,0.185,3.6,6.3,4.9,27.2,1.8,0.2,14.6,21.3,-0.8,0.4,-0.4,-0.019,-2.9,-2.5,-5.4,-0.8
Roko Ukić,PG,25,MIL,2009-10,13,97,12.2,0.574,0.4,0.367,0.0,3.7,1.8,20.0,0.5,0.0,14.7,19.1,0.1,0.1,0.2,0.101,-1.5,-4.2,-5.7,-0.1
Ron Baker,SG,23,NYK,2016-17,52,857,7.5,0.456,0.396,0.198,1.5,10.8,6.2,17.3,2.0,0.8,19.2,14.8,-0.6,0.5,-0.1,-0.008,-3.5,-0.9,-4.4,-0.5
Ron Baker,SG,24,NYK,2017-18,29,385,9.3,0.504,0.559,0.441,1.4,7.2,4.3,15.5,3.3,1.3,20.4,10.0,0.1,0.4,0.5,0.059,-1.9,0.9,-1.0,0.1
Ron Baker,SG,25,TOT,2018-19,15,152,2.5,0.309,0.65,0.3,0.7,7.1,3.8,12.8,1.9,0.6,18.1,7.8,-0.2,0.1,-0.1,-0.034,-5.9,-0.7,-6.6,-0.2
Ron Baker,SG,25,NYK,2018-19,11,107,4.4,0.376,0.563,0.375,1.0,6.0,3.4,16.1,2.3,0.0,13.9,8.6,0.0,0.0,0.0,0.002,-4.6,-1.4,-6.0,-0.1
Ron Baker,SG,25,WAS,2018-19,4,45,-2.0,0.0,1.0,0.0,0.0,9.8,4.8,5.1,1.1,1.9,33.3,5.7,-0.1,0.0,-0.1,-0.12,-8.8,0.8,-8.1,-0.1
Ronald Dupree,SF,25,MIN,2005-06,36,265,10.4,0.494,0.016,0.651,9.8,12.4,11.1,8.8,2.4,0.0,14.7,17.0,0.0,0.3,0.3,0.056,-2.7,-0.3,-3.1,-0.1
Ronald Dupree,SF,26,DET,2006-07,19,94,7.4,0.358,0.0,0.29,6.3,15.2,10.7,8.5,2.9,0.8,7.9,19.2,-0.2,0.2,0.0,-0.007,-6.0,0.4,-5.6,-0.1
Ronald Dupree,SF,27,TOT,2007-08,5,21,15.0,0.515,0.0,0.667,5.2,36.2,20.8,6.5,2.4,0.0,0.0,8.0,0.0,0.0,0.1,0.159,-4.0,1.9,-2.1,0.0
Ronald Dupree,SF,27,DET,2007-08,1,3,0.0,,,,0.0,0.0,0.0,0.0,0.0,0.0,,0.0,0.0,0.0,0.0,0.019,-5.8,1.1,-4.6,0.0
Ronald Dupree,SF,27,SEA,2007-08,4,18,17.5,0.515,0.0,0.667,6.1,42.3,24.2,7.6,2.8,0.0,0.0,9.3,0.0,0.0,0.1,0.183,-3.7,2.0,-1.7,0.0
Ronald Dupree,SF,30,TOR,2010-11,3,13,0.5,0.25,0.25,0.0,0.0,28.0,13.7,10.7,0.0,0.0,0.0,13.8,0.0,0.0,0.0,-0.094,-8.2,-2.5,-10.7,0.0
Ronald Murray,SG,26,TOT,2005-06,76,2112,11.5,0.487,0.184,0.315,1.8,6.9,4.3,15.4,1.7,0.4,13.4,21.7,0.2,0.5,0.7,0.015,-1.6,-2.2,-3.7,-0.9
Ronald Murray,SG,26,SEA,2005-06,48,1085,11.2,0.463,0.169,0.306,2.0,7.7,4.8,18.1,1.4,0.3,13.4,24.4,-0.3,-0.3,-0.7,-0.029,-2.3,-3.9,-6.2,-1.2
Ronald Murray,SG,26,CLE,2005-06,28,1027,11.9,0.52,0.205,0.328,1.7,6.1,3.9,12.6,2.0,0.5,13.4,18.9,0.5,0.9,1.3,0.062,-0.8,-0.3,-1.1,0.2
Ronald Murray,SG,27,DET,2006-07,69,1477,10.8,0.474,0.189,0.274,2.1,7.0,4.5,20.4,1.8,0.7,15.5,18.7,-0.1,1.4,1.3,0.042,-2.2,-0.9,-3.1,-0.4
Ronald Murray,PG,28,TOT,2007-08,42,874,13.2,0.483,0.172,0.267,3.0,7.9,5.4,27.5,2.2,0.3,17.0,25.3,-0.5,0.9,0.4,0.024,-1.8,-1.4,-3.2,-0.3
Ronald Murray,PG,28,DET,2007-08,19,347,13.3,0.457,0.194,0.266,4.5,8.0,6.2,31.0,2.1,0.2,16.6,25.3,-0.2,0.4,0.3,0.036,-1.0,-0.9,-2.0,0.0
Ronald Murray,PG,28,IND,2007-08,23,527,13.1,0.498,0.158,0.268,2.0,7.8,4.8,25.3,2.3,0.4,17.2,25.3,-0.3,0.5,0.2,0.016,-2.4,-1.7,-4.1,-0.3
Ronald Murray,SG,29,ATL,2008-09,80,1975,14.7,0.543,0.304,0.293,1.3,8.7,5.0,14.0,2.4,0.7,12.5,24.3,1.2,2.0,3.1,0.076,-0.2,-1.3,-1.5,0.3
Ronald Murray,SG,30,TOT,2009-10,75,1673,11.7,0.485,0.324,0.284,2.0,10.6,6.4,14.0,1.4,0.8,10.6,23.6,-0.2,2.0,1.8,0.051,-1.7,-1.3,-3.0,-0.4
Rondae Hollis-Jefferson,SF,21,BRK,2015-16,29,615,14.2,0.519,0.101,0.377,7.0,21.4,14.1,10.1,3.2,2.1,13.9,13.5,0.5,0.7,1.2,0.094,-1.4,2.6,1.2,0.5
Rondae Hollis-Jefferson,SF,22,BRK,2016-17,78,1761,13.7,0.517,0.124,0.467,5.8,21.1,13.6,13.4,2.2,1.9,15.1,18.7,0.4,2.2,2.6,0.07,-2.9,1.9,-1.0,0.4
Rondae Hollis-Jefferson,SF,23,BRK,2017-18,68,1920,16.9,0.548,0.075,0.436,5.5,20.0,12.7,14.2,1.6,1.9,12.3,22.2,2.1,2.0,4.1,0.103,-1.5,1.1,-0.4,0.8
Rondae Hollis-Jefferson,SF,24,BRK,2018-19,59,1234,12.5,0.464,0.101,0.376,7.1,19.2,13.2,11.7,1.7,1.7,10.7,21.6,-0.5,1.7,1.2,0.047,-4.3,1.2,-3.0,-0.3
Ronnie Brewer,SG,21,UTA,2006-07,56,675,15.2,0.566,0.047,0.43,6.7,6.8,6.7,5.7,2.9,0.7,9.5,16.8,1.1,0.7,1.7,0.124,0.1,-0.2,-0.2,0.3
Ronnie Brewer,SG,22,UTA,2007-08,76,2088,18.4,0.612,0.079,0.405,5.7,7.0,6.4,9.7,3.2,0.7,8.5,17.5,5.4,2.4,7.8,0.178,3.0,0.9,3.9,3.1
Ronnie Brewer,SF,23,UTA,2008-09,81,2605,16.1,0.565,0.103,0.425,4.6,9.1,6.9,10.9,2.7,0.9,10.1,18.8,3.9,2.9,6.8,0.126,1.0,1.0,2.0,2.7
Ronnie Brewer,SG,24,TOT,2009-10,58,1742,12.5,0.524,0.072,0.31,3.1,9.4,6.4,12.7,2.7,0.7,9.8,13.9,1.6,2.2,3.7,0.103,-0.5,1.6,1.1,1.4
Ronnie Brewer,SG,25,CHI,2010-11,81,1781,13.8,0.518,0.063,0.311,3.7,13.2,8.6,12.1,3.2,0.9,10.2,13.9,1.7,3.8,5.4,0.147,-1.4,3.2,1.8,1.7
Ronnie Brewer,SG,26,CHI,2011-12,66,1635,12.3,0.465,0.155,0.225,5.0,10.6,7.9,12.7,2.4,0.9,10.8,15.3,1.0,2.9,3.9,0.113,-1.0,2.3,1.2,1.3
Ronnie Brewer,SF,27,TOT,2012-13,60,853,10.0,0.416,0.384,0.197,5.7,13.5,9.6,8.6,2.7,0.6,7.7,12.7,0.1,1.0,1.1,0.06,-1.8,1.0,-0.8,0.3
Ronnie Brewer,SF,28,TOT,2013-14,24,160,3.4,0.22,0.533,0.133,1.5,7.9,4.9,8.1,1.9,0.5,11.2,4.9,-0.1,0.1,0.0,0.004,-4.6,1.2,-3.4,-0.1
Ronnie Price,PG,22,SAC,2005-06,29,150,10.5,0.474,0.466,0.207,3.9,7.7,5.8,12.1,2.1,0.0,13.6,22.4,-0.1,0.1,0.1,0.021,-2.5,-2.7,-5.2,-0.1
Ronnie Price,PG,23,SAC,2006-07,58,563,10.5,0.489,0.378,0.32,3.1,11.9,7.4,13.7,2.5,0.5,14.4,18.3,-0.1,0.5,0.4,0.035,-2.2,-0.8,-3.0,-0.1
Ronnie Price,PG,24,UTA,2007-08,61,588,12.3,0.516,0.368,0.186,1.7,7.8,4.8,19.4,2.8,0.4,12.0,19.1,0.5,0.6,1.1,0.094,0.1,-1.4,-1.3,0.1
Ronnie Price,PG,25,UTA,2008-09,52,738,8.5,0.465,0.3,0.222,1.9,9.2,5.6,21.3,2.7,0.5,21.5,17.2,-0.7,0.8,0.1,0.009,-3.3,-0.2,-3.5,-0.3
Ronnie Price,PG,26,UTA,2009-10,60,806,10.3,0.476,0.26,0.244,4.2,6.6,5.4,22.0,2.5,1.3,17.3,18.0,-0.1,1.0,0.9,0.056,-1.9,-0.2,-2.2,0.0
Ronnie Price,SG,27,UTA,2010-11,59,717,5.5,0.434,0.329,0.186,3.7,6.6,5.1,11.7,3.1,0.6,19.5,18.0,-1.2,0.5,-0.7,-0.048,-4.1,-1.1,-5.3,-0.6
Ronnie Price,PG,28,PHO,2011-12,36,517,8.4,0.465,0.338,0.192,4.0,8.2,6.1,18.7,3.4,0.4,24.6,16.4,-0.4,0.5,0.1,0.008,-2.2,1.2,-1.0,0.1
Ronnie Price,PG,29,POR,2012-13,39,510,6.8,0.402,0.325,0.2,2.9,7.2,5.0,21.0,2.7,0.4,20.7,14.8,-0.5,0.3,-0.2,-0.017,-4.1,-0.7,-4.8,-0.4
Ronnie Price,SG,30,ORL,2013-14,31,377,7.6,0.379,0.467,0.141,2.4,10.5,6.5,25.6,3.4,0.4,21.0,15.0,-0.5,0.4,-0.1,-0.007,-4.0,0.2,-3.8,-0.2
Ronnie Price,PG,31,LAL,2014-15,43,982,10.2,0.455,0.489,0.202,2.1,5.8,3.9,24.4,3.5,0.3,17.6,13.4,0.2,0.6,0.7,0.036,-1.0,-1.0,-2.0,0.0
Ronnie Price,PG,32,PHO,2015-16,62,1211,9.6,0.517,0.649,0.136,2.2,6.8,4.4,17.9,3.0,0.9,17.9,13.7,0.4,1.0,1.4,0.056,-0.7,-0.1,-0.8,0.4
Ronnie Price,PG,33,PHO,2016-17,14,134,5.9,0.272,0.708,0.167,2.4,6.7,4.5,16.9,3.9,0.6,10.4,9.0,-0.1,0.1,0.0,0.002,-3.2,0.8,-2.4,0.0
Ronny Turiaf,C,23,LAL,2005-06,23,161,12.2,0.537,0.0,0.9,8.1,19.0,13.5,7.5,1.0,4.7,14.3,13.8,0.2,0.2,0.4,0.115,-3.6,1.4,-2.2,0.0
Ronny Turiaf,C,24,LAL,2006-07,72,1087,15.5,0.586,0.004,0.5,9.6,18.3,13.9,9.1,0.8,5.5,13.7,15.7,1.9,1.1,3.1,0.137,-1.2,1.5,0.2,0.6
Ronny Turiaf,C,25,LAL,2007-08,78,1458,15.0,0.539,0.003,0.469,7.5,15.4,11.6,12.7,1.0,5.3,13.1,16.7,2.0,2.1,4.2,0.137,-1.5,2.6,1.1,1.1
Ronny Turiaf,C,26,GSW,2008-09,79,1696,14.5,0.559,0.008,0.339,5.7,17.4,11.6,13.9,1.0,6.9,14.3,12.4,2.2,1.4,3.6,0.101,-1.5,3.1,1.7,1.6
Ronny Turiaf,C,27,GSW,2009-10,42,872,12.6,0.574,0.007,0.534,6.8,17.7,12.2,13.8,1.3,4.4,21.4,11.3,0.8,0.7,1.4,0.078,-2.1,2.5,0.4,0.5
Ronny Turiaf,C,28,NYK,2010-11,64,1141,13.6,0.648,0.0,0.601,6.4,14.4,10.4,11.5,1.5,4.7,16.6,9.6,2.1,1.1,3.2,0.134,-0.5,2.5,2.0,1.2
Ronny Turiaf,C,29,TOT,2011-12,17,279,12.3,0.597,0.03,0.667,8.9,20.6,14.8,5.1,2.6,4.9,24.7,9.4,0.2,0.6,0.8,0.137,-2.4,3.9,1.4,0.2
Ronny Turiaf,C,30,LAC,2012-13,65,701,9.4,0.485,0.0,0.649,7.8,17.9,12.9,6.8,1.4,4.2,18.9,10.0,0.1,1.0,1.1,0.075,-3.5,2.9,-0.5,0.3
Ronny Turiaf,C,31,MIN,2013-14,31,606,13.9,0.578,0.0,0.467,9.6,22.0,15.6,5.7,0.7,6.3,15.7,10.7,0.6,0.9,1.5,0.122,-2.3,4.0,1.7,0.6
Ronny Turiaf,C,32,MIN,2014-15,2,19,4.3,,,,0.0,6.2,3.0,14.0,0.0,0.0,,0.0,0.0,0.0,0.0,0.009,-5.6,-2.1,-7.7,0.0
Roy Hibbert,C,22,IND,2008-09,70,1009,16.1,0.51,0.0,0.35,12.4,14.1,13.3,7.9,1.0,5.6,10.2,23.3,1.0,1.2,2.1,0.102,-1.9,0.5,-1.3,0.2
Roy Hibbert,C,23,IND,2009-10,81,2035,16.2,0.537,0.008,0.286,9.4,15.5,12.4,13.5,0.7,4.6,14.1,22.2,1.6,2.5,4.1,0.098,-1.4,1.8,0.3,1.2
Roy Hibbert,C,24,IND,2010-11,81,2244,15.9,0.507,0.004,0.309,9.1,21.0,15.1,12.8,0.7,4.6,15.5,23.6,0.3,3.3,3.6,0.077,-2.5,2.3,-0.2,1.0
Roy Hibbert,C,25,IND,2011-12,65,1937,19.3,0.539,0.001,0.358,12.5,20.7,16.6,9.9,0.9,5.2,14.2,21.1,3.2,3.0,6.2,0.154,0.5,2.4,3.0,2.4
Roy Hibbert,C,26,IND,2012-13,79,2269,17.3,0.489,0.005,0.261,14.8,17.4,16.1,8.9,0.9,6.7,14.5,22.5,1.3,4.9,6.1,0.129,-1.9,3.8,1.9,2.2
Roy Hibbert,C,27,IND,2013-14,81,2409,13.5,0.499,0.007,0.357,9.9,15.0,12.5,6.2,0.6,5.7,14.5,19.4,0.5,5.0,5.4,0.108,-3.4,3.3,-0.2,1.1
Roy Hibbert,C,28,IND,2014-15,76,1926,15.4,0.501,0.003,0.287,9.0,21.9,15.5,7.4,0.5,5.1,11.8,21.3,1.0,3.2,4.2,0.105,-3.1,2.1,-1.0,0.5
Roy Hibbert,C,29,LAL,2015-16,81,1878,11.2,0.507,0.005,0.353,7.3,15.8,11.4,8.0,0.9,4.6,13.8,12.9,1.1,1.0,2.2,0.056,-3.1,1.8,-1.3,0.3
Roy Hibbert,C,30,TOT,2016-17,48,682,13.5,0.614,0.0,0.51,8.7,15.9,12.3,4.6,0.6,5.9,15.1,14.0,1.0,0.8,1.8,0.129,-2.9,1.8,-1.1,0.2
Royal Ivey,PG,24,ATL,2005-06,73,978,8.4,0.467,0.038,0.125,3.7,8.2,5.9,12.2,1.3,0.5,7.6,14.0,0.6,0.0,0.7,0.034,-2.7,-2.5,-5.1,-0.8
Royal Ivey,PG,25,ATL,2006-07,53,539,9.6,0.496,0.112,0.245,3.3,8.1,5.7,14.1,2.4,0.6,16.4,16.2,0.0,0.4,0.3,0.03,-3.1,-1.3,-4.4,-0.3
Royal Ivey,PG,26,MIL,2007-08,75,1437,8.8,0.487,0.283,0.31,3.0,6.8,4.8,16.9,1.6,0.4,14.9,15.8,0.4,0.2,0.5,0.018,-2.0,-2.4,-4.4,-0.9
Royal Ivey,SG,27,PHI,2008-09,71,861,7.6,0.465,0.548,0.207,2.6,8.0,5.3,7.4,2.2,0.7,9.2,13.2,0.2,0.8,0.9,0.052,-1.8,-0.4,-2.2,0.0
Royal Ivey,SG,28,TOT,2009-10,44,326,11.0,0.527,0.422,0.145,2.1,10.3,6.1,12.4,3.1,0.5,11.1,13.8,0.2,0.3,0.6,0.086,-1.1,-0.3,-1.4,0.0
Royal Ivey,SG,29,OKC,2010-11,25,155,8.2,0.527,0.421,0.053,1.6,10.2,6.0,6.8,2.0,0.5,11.4,12.8,0.1,0.1,0.2,0.06,-2.1,-0.9,-3.0,0.0
Royal Ivey,SG,30,OKC,2011-12,34,354,4.7,0.464,0.726,0.11,0.3,6.9,3.9,4.1,2.0,0.0,10.5,10.9,-0.1,0.3,0.2,0.025,-1.9,-1.2,-3.1,-0.1
Royal Ivey,SG,31,PHI,2012-13,53,698,8.1,0.563,0.611,0.111,2.5,6.8,4.6,6.7,1.7,0.3,11.7,11.3,0.5,0.5,1.0,0.066,-1.6,-1.1,-2.6,-0.1
Royal Ivey,SG,32,OKC,2013-14,2,5,-16.5,0.0,0.5,0.0,0.0,21.5,11.3,0.0,0.0,0.0,0.0,17.7,0.0,0.0,0.0,-0.362,-18.1,-6.6,-24.7,0.0
Royce O'Neale,SF,24,UTA,2017-18,69,1150,10.8,0.54,0.415,0.268,2.5,20.6,11.7,12.0,1.6,1.2,14.8,14.6,0.5,1.8,2.4,0.099,-2.4,1.7,-0.6,0.4
Royce O'Neale,SF,25,UTA,2018-19,82,1671,9.0,0.589,0.513,0.122,1.5,16.7,9.2,10.0,1.5,1.1,16.2,11.0,0.7,2.5,3.3,0.094,-2.0,2.1,0.1,0.9
Royce White,PF,22,SAC,2013-14,3,9,-8.3,0.0,0.0,0.0,0.0,0.0,0.0,0.0,0.0,0.0,0.0,4.9,0.0,0.0,0.0,-0.121,-9.1,-1.3,-10.4,0.0
Ruben Patterson,SF,30,TOT,2005-06,71,1792,16.4,0.547,0.02,0.532,7.8,8.4,8.1,12.7,2.3,0.9,16.1,24.1,1.1,1.0,2.1,0.055,-0.1,-0.9,-1.0,0.4
Ruben Patterson,SF,30,POR,2005-06,45,1056,17.0,0.537,0.018,0.596,8.2,9.4,8.8,10.7,2.2,0.9,14.6,25.1,0.7,0.3,1.0,0.044,-0.2,-1.6,-1.8,0.0
Ruben Patterson,SG,30,DEN,2005-06,26,736,15.4,0.563,0.023,0.438,7.2,7.1,7.1,15.6,2.4,0.9,18.2,22.7,0.4,0.7,1.1,0.071,0.0,0.1,0.1,0.4
Ruben Patterson,SF,31,MIL,2006-07,81,2508,18.5,0.578,0.022,0.434,8.8,11.9,10.3,15.5,2.3,0.8,16.2,22.2,4.1,1.3,5.4,0.103,1.6,-0.1,1.5,2.2
Ruben Patterson,SF,32,LAC,2007-08,20,327,10.9,0.486,0.023,0.5,8.4,14.2,11.3,8.8,3.3,1.6,20.5,18.6,-0.4,0.4,0.1,0.01,-4.3,1.8,-2.6,0.0
Rudy Fernández,SG,23,POR,2008-09,78,1993,15.5,0.588,0.632,0.227,2.9,10.1,6.4,12.7,1.9,0.5,11.0,18.4,4.3,1.8,6.1,0.147,3.6,-0.6,3.1,2.5
Rudy Fernández,SG,24,POR,2009-10,62,1441,13.1,0.54,0.629,0.232,3.0,11.2,7.0,13.8,2.4,0.6,13.4,17.7,1.4,1.6,3.0,0.101,1.5,0.3,1.8,1.4
Rudy Fernández,SG,25,POR,2010-11,78,1821,13.4,0.522,0.628,0.254,2.4,9.5,5.8,16.9,2.6,0.6,12.1,18.7,2.0,1.8,3.8,0.1,1.5,-0.6,0.9,1.3
Rudy Fernández,SG,26,DEN,2011-12,31,710,13.3,0.549,0.542,0.191,1.5,8.9,5.3,15.9,2.2,0.3,14.1,17.8,0.8,0.4,1.2,0.083,1.5,-1.1,0.4,0.4
Rudy Gay,SF,20,MEM,2006-07,78,2103,12.4,0.497,0.188,0.275,5.3,14.5,9.9,8.0,1.7,2.7,14.1,21.3,-0.5,1.0,0.5,0.011,-2.2,-0.3,-2.5,-0.3
Rudy Gay,SF,21,MEM,2007-08,81,3000,17.4,0.546,0.286,0.233,5.2,13.5,9.3,9.3,1.9,1.9,11.3,25.0,2.9,2.1,5.0,0.08,1.3,-0.5,0.8,2.1
Rudy Gay,SF,22,MEM,2008-09,79,2945,15.3,0.528,0.192,0.273,4.5,13.9,9.1,8.7,1.8,1.6,12.6,25.6,0.7,2.6,3.3,0.054,-0.7,-0.7,-1.4,0.5
Rudy Gay,SF,23,MEM,2009-10,80,3175,16.2,0.535,0.157,0.311,4.2,13.2,8.7,7.8,1.9,1.5,10.3,22.5,4.0,2.4,6.4,0.096,0.7,-0.2,0.4,1.9
Rudy Gay,SF,24,MEM,2010-11,54,2152,17.8,0.548,0.166,0.277,4.5,14.2,9.3,11.6,2.2,2.2,12.2,23.3,2.7,2.9,5.5,0.123,1.4,1.4,2.7,2.6
Rudy Gay,SF,25,MEM,2011-12,65,2422,17.8,0.521,0.162,0.246,6.1,14.1,10.1,10.8,2.1,1.8,12.0,25.1,2.8,3.3,6.0,0.12,1.0,0.8,1.8,2.3
Rudy Gay,SF,26,TOT,2012-13,75,2687,15.6,0.494,0.208,0.235,4.3,16.3,10.2,13.6,2.3,1.6,12.5,27.2,0.1,3.9,4.0,0.072,-0.5,0.9,0.5,1.7
Rudy Gay,SF,27,TOT,2013-14,73,2531,18.3,0.54,0.167,0.328,5.0,14.8,9.8,15.1,1.9,1.8,14.2,27.6,2.3,2.5,4.8,0.091,0.6,0.3,0.9,1.8
Rudy Gay,SF,28,SAC,2014-15,68,2408,19.7,0.556,0.197,0.352,4.8,13.7,9.4,19.0,1.5,1.3,12.4,27.0,4.8,1.3,6.1,0.122,2.8,-0.7,2.1,2.5
Rudy Gay,SF,29,SAC,2015-16,70,2379,15.5,0.538,0.214,0.252,4.7,15.9,10.4,8.0,2.0,1.7,11.1,22.4,1.8,2.1,3.8,0.078,-0.4,0.1,-0.4,1.0
Rudy Gay,SF,30,SAC,2016-17,30,1013,17.9,0.559,0.256,0.312,4.0,17.5,10.8,14.1,2.2,2.3,12.8,25.8,0.8,1.0,1.8,0.087,0.3,0.4,0.7,0.7
Rudy Gay,PF,31,SAS,2017-18,57,1231,18.0,0.545,0.22,0.27,6.8,19.5,13.1,9.8,1.9,2.6,11.5,24.6,1.0,2.1,3.1,0.122,-0.7,1.0,0.3,0.7
Rudy Gay,PF,32,SAS,2018-19,69,1842,17.5,0.583,0.247,0.197,3.8,23.9,13.9,14.7,1.4,1.6,12.3,22.1,2.2,2.2,4.4,0.115,0.2,0.8,1.0,1.4
Rudy Gobert,C,21,UTA,2013-14,45,434,12.9,0.507,0.0,0.878,13.1,28.5,20.6,2.4,1.0,7.4,23.8,14.2,-0.2,0.6,0.4,0.045,-6.1,1.8,-4.3,-0.3
Rudy Gobert,C,22,UTA,2014-15,82,2158,21.6,0.627,0.005,0.639,14.3,27.2,20.7,8.2,1.6,7.0,16.9,14.0,5.0,4.3,9.3,0.206,0.7,5.1,5.8,4.3
Rudy Gobert,C,23,UTA,2015-16,61,1932,17.5,0.582,0.0,0.799,12.6,27.7,20.2,7.4,1.2,5.9,19.2,14.2,2.6,3.8,6.4,0.16,-1.1,4.8,3.7,2.8
Rudy Gobert,C,24,UTA,2016-17,81,2744,23.3,0.681,0.002,0.762,13.6,29.5,21.8,5.7,0.9,6.4,15.0,16.7,8.3,6.0,14.3,0.25,1.4,4.5,5.8,5.4
Rudy Gobert,C,25,UTA,2017-18,56,1816,20.7,0.657,0.0,0.673,10.4,27.0,18.8,6.9,1.2,6.0,15.7,16.9,4.2,3.9,8.1,0.214,-0.3,4.6,4.3,2.9
Rudy Gobert,C,26,UTA,2018-19,81,2577,24.6,0.682,0.0,0.733,13.2,30.2,21.9,9.6,1.2,5.8,12.1,17.8,8.7,5.7,14.4,0.268,2.0,5.1,7.0,5.9
Russ Smith,PG,23,TOT,2014-15,12,65,5.2,0.488,0.44,0.52,1.8,8.7,5.3,19.4,2.4,0.0,28.1,30.1,-0.2,0.1,-0.1,-0.094,-5.6,-2.5,-8.0,-0.1
Russ Smith,PG,24,MEM,2015-16,15,66,10.5,0.415,0.227,0.591,1.7,14.4,7.8,25.4,3.9,1.4,20.2,23.6,-0.1,0.1,-0.1,-0.041,-5.0,0.3,-4.8,0.0
Russell Westbrook,PG,20,OKC,2008-09,82,2668,15.2,0.489,0.118,0.391,7.6,9.7,8.6,27.5,2.1,0.4,17.6,25.8,-0.1,2.0,1.9,0.035,0.1,-0.2,-0.1,1.3
Russell Westbrook,PG,21,OKC,2009-10,82,2813,17.8,0.491,0.09,0.364,6.0,10.3,8.2,38.6,2.0,0.9,16.6,25.7,2.7,3.4,6.1,0.105,1.4,0.6,2.1,2.9
Russell Westbrook,PG,22,OKC,2010-11,82,2847,23.6,0.538,0.074,0.454,5.2,10.3,7.8,42.7,2.8,0.8,15.9,31.6,6.3,3.1,9.4,0.159,4.4,0.5,5.0,5.0
Russell Westbrook,PG,23,OKC,2011-12,66,2331,22.9,0.538,0.155,0.326,5.0,9.4,7.4,29.8,2.5,0.7,14.2,32.7,5.5,2.4,7.9,0.163,3.7,-0.5,3.2,3.0
Russell Westbrook,PG,24,OKC,2012-13,82,2861,23.9,0.532,0.195,0.375,4.8,11.8,8.6,38.4,2.6,0.6,13.2,32.8,7.7,3.9,11.6,0.195,4.7,0.3,5.0,5.1
Russell Westbrook,PG,25,OKC,2013-14,46,1412,24.7,0.545,0.271,0.37,4.6,15.9,10.5,40.2,3.1,0.4,16.1,34.4,3.0,2.3,5.2,0.178,5.2,1.2,6.4,3.0
Russell Westbrook,PG,26,OKC,2014-15,67,2302,29.1,0.536,0.196,0.445,5.9,16.7,11.4,47.0,3.0,0.5,14.3,38.4,7.5,3.2,10.6,0.222,8.8,2.2,11.0,7.6
Russell Westbrook,PG,27,OKC,2015-16,80,2750,27.6,0.554,0.236,0.397,6.1,18.1,12.4,49.6,2.9,0.6,16.8,31.6,10.0,4.0,14.0,0.245,7.6,2.4,10.0,8.3
Russell Westbrook,PG,28,OKC,2016-17,81,2802,30.6,0.554,0.3,0.433,5.4,28.8,17.1,57.3,2.3,0.9,15.9,41.7,8.5,4.6,13.1,0.224,10.9,4.7,15.6,12.4
Russell Westbrook,PG,29,OKC,2017-18,80,2914,24.7,0.524,0.193,0.336,5.6,25.7,15.3,49.8,2.5,0.6,16.4,34.1,5.5,4.5,10.1,0.166,5.1,3.1,8.2,7.5
Russell Westbrook,PG,30,OKC,2018-19,73,2630,21.1,0.501,0.279,0.306,4.1,28.3,15.8,46.5,2.5,1.1,16.3,30.9,1.8,5.0,6.8,0.124,2.5,3.9,6.5,5.6
Ryan Anderson,PF,20,NJN,2008-09,66,1312,13.6,0.532,0.464,0.285,9.3,19.0,14.1,6.4,1.8,1.2,12.1,18.6,1.3,1.2,2.5,0.09,-0.1,-1.0,-1.1,0.3
Ryan Anderson,PF,21,ORL,2009-10,63,911,18.1,0.574,0.544,0.211,9.2,16.2,12.8,7.1,1.4,1.1,11.7,24.4,1.7,1.4,3.1,0.161,2.3,-1.0,1.3,0.8
Ryan Anderson,PF,22,ORL,2010-11,64,1424,19.0,0.591,0.65,0.223,10.8,18.1,14.5,6.2,1.1,2.1,7.8,20.4,4.0,2.5,6.4,0.216,4.1,0.2,4.4,2.3
Ryan Anderson,PF,23,ORL,2011-12,61,1964,21.2,0.589,0.557,0.226,13.0,14.7,13.8,5.1,1.4,1.0,6.4,21.2,7.0,1.9,8.9,0.219,5.9,-1.3,4.6,3.3
Ryan Anderson,PF,24,NOH,2012-13,81,2503,18.1,0.548,0.5,0.161,8.9,15.9,12.4,6.9,0.9,1.0,7.5,24.0,5.7,0.8,6.5,0.125,4.1,-2.9,1.3,2.1
Ryan Anderson,PF,25,NOP,2013-14,22,795,18.8,0.572,0.463,0.175,9.5,11.3,10.4,3.6,0.7,0.7,5.0,22.9,2.2,0.1,2.3,0.138,4.3,-4.5,-0.1,0.4
Ryan Anderson,PF,26,NOP,2014-15,61,1675,15.6,0.524,0.492,0.207,7.3,12.7,10.0,5.4,1.0,0.9,7.2,23.4,2.6,0.9,3.5,0.1,2.0,-3.1,-1.1,0.4
Ryan Anderson,PF,27,NOP,2015-16,66,2008,17.2,0.546,0.385,0.245,7.0,15.2,10.9,6.1,0.9,1.0,8.0,24.7,3.1,0.8,3.9,0.092,1.5,-2.9,-1.4,0.3
Ryan Anderson,PF,28,HOU,2016-17,72,2116,13.5,0.583,0.655,0.194,5.8,11.2,8.5,4.7,0.7,0.5,6.2,17.9,4.0,1.1,5.2,0.117,1.8,-2.6,-0.8,0.6
Ryan Anderson,PF,29,HOU,2017-18,66,1725,12.6,0.592,0.706,0.194,6.2,15.4,10.8,5.1,0.7,1.0,7.5,14.4,3.1,1.7,4.8,0.132,1.0,-0.8,0.2,1.0
Ryan Anderson,PF,30,TOT,2018-19,25,322,4.6,0.414,0.58,0.232,6.1,12.5,9.2,7.8,0.6,0.3,15.5,12.0,-0.3,0.0,-0.2,-0.035,-4.5,-2.0,-6.4,-0.4
Ryan Anderson,PF,30,PHO,2018-19,15,278,4.6,0.423,0.567,0.233,5.5,12.5,9.0,8.1,0.5,0.3,15.4,12.1,-0.2,0.0,-0.2,-0.039,-4.4,-2.1,-6.5,-0.3
Ryan Anderson,PF,30,MIA,2018-19,10,44,4.5,0.354,0.667,0.222,9.7,12.1,10.9,5.8,1.1,0.0,16.8,11.6,0.0,0.0,0.0,-0.009,-4.9,-0.8,-5.8,0.0
Ryan Arcidiacono,PG,23,CHI,2017-18,24,304,7.3,0.55,0.756,0.146,0.3,8.8,4.4,15.5,2.1,0.0,23.0,8.1,0.1,0.2,0.3,0.04,-3.3,-0.7,-4.1,-0.2
Ryan Arcidiacono,PG,24,CHI,2018-19,81,1961,11.6,0.588,0.519,0.244,1.5,10.8,6.1,18.9,1.6,0.2,12.0,11.7,2.8,0.9,3.7,0.09,-0.1,-1.0,-1.0,0.5
Ryan Bowen,SF,30,HOU,2005-06,68,652,4.0,0.338,0.177,0.113,5.7,10.1,7.9,5.9,1.8,0.8,9.1,10.5,-0.6,0.8,0.2,0.012,-5.6,1.2,-4.4,-0.4
Ryan Bowen,SF,32,NOH,2007-08,53,660,9.9,0.505,0.01,0.29,9.5,8.2,8.9,5.2,2.6,1.3,11.7,9.0,0.6,0.8,1.5,0.107,-1.3,2.5,1.2,0.5
Ryan Bowen,SF,33,NOH,2008-09,21,219,10.8,0.585,0.0,0.132,5.5,7.7,6.6,6.5,3.5,1.9,11.1,9.9,0.2,0.3,0.6,0.125,-1.6,2.7,1.1,0.2
Ryan Bowen,SF,34,OKC,2009-10,1,8,31.3,1.064,0.0,2.0,14.7,14.0,14.3,0.0,6.4,0.0,0.0,10.5,0.1,0.0,0.1,0.509,8.3,-0.2,8.1,0.0
Ryan Broekhoff,SG,28,DAL,2018-19,42,453,10.7,0.621,0.738,0.151,1.9,12.9,7.4,7.2,0.6,0.8,10.6,14.3,0.5,0.3,0.8,0.086,-0.7,-1.7,-2.3,0.0
Ryan Gomes,PF,23,BOS,2005-06,61,1376,14.0,0.548,0.025,0.42,9.3,16.9,13.2,6.8,1.3,0.3,11.6,15.9,1.9,1.2,3.1,0.108,-1.1,-0.8,-1.9,0.1
Ryan Gomes,PF,24,BOS,2006-07,73,2275,13.7,0.534,0.058,0.322,6.4,15.2,10.7,9.2,1.1,0.4,11.3,18.5,2.5,1.7,4.2,0.089,-0.7,-0.5,-1.2,0.5
Ryan Gomes,PF,25,MIN,2007-08,82,2434,15.7,0.539,0.209,0.267,6.1,16.8,11.3,9.6,1.4,0.3,9.1,19.5,3.6,1.2,4.8,0.096,0.7,-1.0,-0.3,1.1
Ryan Gomes,SF,26,MIN,2008-09,82,2614,12.5,0.518,0.293,0.186,4.6,13.3,8.8,8.7,1.3,0.6,10.8,20.4,1.3,1.3,2.5,0.046,-0.3,-0.9,-1.3,0.5
Ryan Gomes,SF,27,MIN,2009-10,76,2210,12.1,0.528,0.272,0.172,3.8,14.0,8.8,8.8,1.4,0.5,10.8,17.4,1.5,0.9,2.4,0.052,-0.8,-0.9,-1.7,0.2
Ryan Gomes,SF,28,LAC,2010-11,76,2095,9.0,0.504,0.418,0.168,3.4,10.7,7.1,8.5,1.5,0.4,9.2,12.7,1.3,1.2,2.5,0.057,-1.0,-0.1,-1.1,0.5
Ryan Gomes,SF,29,LAC,2011-12,32,425,4.4,0.371,0.305,0.116,3.9,13.3,8.5,4.1,2.0,0.0,13.1,12.5,-0.5,0.3,-0.2,-0.021,-5.0,-0.4,-5.4,-0.4
Ryan Gomes,SF,31,OKC,2013-14,5,34,0.2,0.375,0.25,0.0,0.0,12.7,6.6,4.1,0.0,0.0,11.1,11.7,-0.1,0.0,0.0,-0.039,-7.2,-2.4,-9.6,-0.1
Ryan Hollins,C,22,CHA,2006-07,27,185,8.5,0.597,0.0,1.111,6.8,13.2,9.9,0.9,1.1,2.9,23.0,17.1,0.0,0.2,0.2,0.04,-5.4,-1.5,-6.9,-0.2
Ryan Hollins,PF,23,CHA,2007-08,60,532,11.4,0.565,0.0,0.872,11.4,11.7,11.6,4.0,1.0,4.3,16.1,13.3,0.6,0.4,1.1,0.096,-2.7,0.6,-2.2,0.0
Ryan Hollins,C,24,TOT,2008-09,45,444,12.9,0.569,0.0,0.766,12.4,13.4,12.9,2.5,0.8,5.7,16.0,15.7,0.5,0.6,1.0,0.11,-2.9,0.9,-2.0,0.0
Ryan Hollins,C,24,CHA,2008-09,18,184,15.3,0.613,0.0,1.114,12.9,11.4,12.1,3.5,0.9,7.6,16.1,15.9,0.3,0.3,0.6,0.158,-1.9,2.4,0.5,0.1
Ryan Hollins,C,24,DAL,2008-09,27,260,11.3,0.537,0.0,0.559,12.0,14.9,13.5,1.7,0.8,4.3,16.0,15.5,0.1,0.3,0.4,0.076,-3.7,-0.1,-3.8,-0.1
Ryan Hollins,C,25,MIN,2009-10,73,1223,11.0,0.6,0.003,0.521,7.1,11.9,9.5,6.4,0.8,2.3,20.3,16.6,0.8,0.5,1.2,0.048,-2.6,-0.7,-3.3,-0.4
Ryan Hollins,C,26,CLE,2010-11,70,1182,10.7,0.642,0.0,0.744,6.6,11.6,9.0,3.6,1.0,2.7,18.7,13.7,1.3,0.5,1.8,0.072,-2.5,-0.2,-2.7,-0.2
Ryan Hollins,C,27,TOT,2011-12,39,522,6.9,0.56,0.0,0.893,7.4,10.7,9.0,2.7,0.5,2.5,23.0,13.4,-0.1,0.3,0.2,0.023,-4.6,-0.6,-5.1,-0.4
Ryan Hollins,C,28,LAC,2012-13,60,663,11.3,0.674,0.0,0.772,9.1,15.7,12.5,2.4,0.5,4.3,22.4,13.6,1.0,0.8,1.7,0.125,-2.2,0.3,-1.9,0.0
Ryan Hollins,PF,29,LAC,2013-14,61,482,11.9,0.73,0.0,0.778,7.4,13.1,10.4,2.4,0.9,4.9,23.1,11.5,0.7,0.6,1.3,0.126,-2.0,1.7,-0.3,0.2
Ryan Hollins,C,30,SAC,2014-15,46,441,13.1,0.648,0.0,0.659,9.6,16.6,13.2,5.0,0.7,3.4,19.1,13.1,0.7,0.3,1.0,0.104,-1.4,0.0,-1.4,0.1
Ryan Hollins,C,31,TOT,2015-16,37,460,12.3,0.636,0.0,0.532,11.2,13.2,12.1,3.3,0.7,4.2,19.8,11.8,0.6,0.3,1.0,0.1,-2.0,0.2,-1.8,0.0
Ryan Kelly,PF,22,LAL,2013-14,59,1312,12.6,0.548,0.383,0.364,3.4,14.4,8.9,10.7,1.2,2.5,9.8,15.9,1.5,0.7,2.2,0.081,-0.5,0.3,-0.2,0.6
Ryan Kelly,PF,23,LAL,2014-15,52,1233,8.6,0.473,0.434,0.307,1.1,12.4,6.5,10.9,1.2,1.6,9.5,14.0,0.4,0.3,0.7,0.027,-2.1,-0.8,-2.8,-0.3
Ryan Kelly,PF,24,LAL,2015-16,36,470,10.3,0.44,0.248,0.362,4.6,23.7,13.8,6.9,1.4,1.7,9.4,17.9,-0.3,0.3,0.1,0.005,-4.9,-1.1,-6.0,-0.5
Ryan Kelly,PF,25,ATL,2016-17,16,110,7.8,0.408,0.357,0.214,1.0,16.7,9.0,10.2,1.8,3.9,11.5,13.7,-0.1,0.2,0.1,0.029,-6.2,2.3,-3.9,-0.1
Ryan Reid,PF,25,OKC,2011-12,5,17,17.6,0.8,0.0,0.0,7.2,6.3,6.7,0.0,0.0,0.0,16.7,16.0,0.0,0.0,0.1,0.142,0.5,-6.0,-5.5,0.0
Salah Mejri,C,29,DAL,2015-16,34,397,16.8,0.636,0.013,0.59,11.4,22.6,17.0,3.9,1.0,7.6,19.0,14.0,0.6,0.7,1.3,0.156,-2.6,3.7,1.1,0.3
Salah Mejri,C,30,DAL,2016-17,73,905,14.8,0.65,0.022,0.445,11.9,28.4,19.8,2.4,1.8,6.1,19.6,10.6,1.3,1.7,3.0,0.159,-3.6,3.8,0.2,0.5
Salah Mejri,C,31,DAL,2017-18,61,729,17.8,0.644,0.022,0.482,12.5,25.4,18.7,7.2,1.5,8.2,19.0,12.8,1.3,1.3,2.7,0.175,-2.2,5.3,3.1,0.9
Salah Mejri,C,32,DAL,2018-19,36,399,16.1,0.559,0.304,0.286,9.7,25.3,17.6,13.2,1.2,5.5,14.3,15.8,0.5,0.6,1.1,0.136,-1.6,3.5,1.9,0.4
Salim Stoudamire,SG,23,ATL,2005-06,61,1236,12.5,0.545,0.439,0.224,1.1,10.4,5.6,10.5,1.2,0.2,13.2,22.9,1.1,0.0,1.2,0.046,-0.2,-4.3,-4.5,-0.8
Salim Stoudamire,SG,24,ATL,2006-07,61,1034,11.4,0.518,0.365,0.16,0.7,8.0,4.3,10.9,1.1,0.2,10.8,22.7,0.5,0.3,0.8,0.036,-1.2,-4.2,-5.4,-0.9
Salim Stoudamire,PG,25,ATL,2007-08,35,402,11.1,0.495,0.472,0.278,1.2,5.8,3.5,11.9,0.9,0.9,9.4,25.2,0.1,0.1,0.3,0.031,-1.2,-5.0,-6.2,-0.4
Sam Cassell,PG,36,LAC,2005-06,78,2653,18.5,0.534,0.171,0.301,1.8,10.4,6.3,32.5,1.5,0.3,12.2,25.0,4.8,2.8,7.6,0.137,2.8,-1.0,1.8,2.5
Sam Cassell,PG,37,LAC,2006-07,58,1407,17.1,0.506,0.174,0.291,2.3,11.8,7.1,35.3,1.1,0.4,12.5,26.5,1.7,1.0,2.8,0.095,1.4,-2.4,-0.9,0.4
Sam Cassell,PG,38,TOT,2007-08,55,1274,15.4,0.517,0.143,0.271,1.6,10.8,6.2,31.5,1.5,0.4,14.0,25.1,0.7,1.1,1.8,0.067,-0.2,-1.7,-1.9,0.0
Sam Cassell,PG,38,LAC,2007-08,38,975,16.8,0.535,0.134,0.296,1.4,11.1,6.2,35.0,1.5,0.2,14.7,25.2,0.8,0.6,1.4,0.069,0.8,-2.0,-1.3,0.2
Sam Cassell,PG,38,BOS,2007-08,17,299,11.0,0.461,0.169,0.192,2.1,9.8,6.2,19.9,1.6,0.8,11.9,24.9,-0.1,0.5,0.4,0.061,-3.4,-0.6,-4.0,-0.1
Sam Dekker,PF,21,HOU,2015-16,3,6,10.8,,,,0.0,18.5,9.2,0.0,8.2,0.0,,0.0,0.0,0.0,0.0,0.116,-5.3,5.8,0.5,0.0
Sam Dekker,PF,22,HOU,2016-17,77,1419,13.1,0.549,0.436,0.159,7.2,14.6,10.9,7.7,1.3,1.2,8.2,14.9,1.9,1.2,3.1,0.104,-0.4,-0.6,-1.0,0.3
Sam Dekker,PF,23,LAC,2017-18,73,883,11.5,0.534,0.232,0.216,5.6,16.0,10.8,6.2,1.3,0.9,10.4,15.5,0.6,0.6,1.2,0.066,-2.1,-1.0,-3.1,-0.2
Sam Dekker,PF,24,TOT,2018-19,47,788,13.3,0.519,0.242,0.18,7.2,13.5,10.2,8.3,2.3,0.7,8.0,16.2,0.6,0.5,1.0,0.064,-1.5,-0.8,-2.3,-0.1
Sam Dekker,PF,24,CLE,2018-19,9,169,14.0,0.544,0.271,0.208,5.7,16.5,10.8,7.9,3.2,0.0,8.7,14.9,0.2,0.1,0.3,0.08,-1.0,-0.4,-1.4,0.0
Sam Dekker,PF,24,WAS,2018-19,38,619,13.2,0.514,0.236,0.173,7.6,12.6,10.1,8.4,2.1,1.0,7.8,16.6,0.4,0.4,0.8,0.059,-1.6,-0.9,-2.5,-0.1
Sam Young,SF,24,MEM,2009-10,80,1321,13.0,0.518,0.113,0.352,6.8,11.0,8.9,6.2,1.3,1.2,14.1,22.1,0.6,0.7,1.2,0.044,-2.1,-2.2,-4.4,-0.8
Sam Young,SF,25,MEM,2010-11,78,1577,12.5,0.525,0.101,0.235,3.0,11.2,7.1,6.9,2.3,1.2,10.1,17.3,1.1,1.8,2.9,0.088,-1.6,0.3,-1.3,0.3
Sam Young,SF,26,TOT,2011-12,35,375,9.7,0.412,0.134,0.205,6.0,13.1,9.5,6.2,2.4,1.2,10.4,18.9,-0.3,0.6,0.2,0.03,-4.5,0.0,-4.5,-0.2
Sam Young,SG,27,IND,2012-13,56,693,7.5,0.464,0.351,0.291,4.3,15.3,9.9,9.4,1.2,0.9,16.5,13.2,-0.2,1.1,0.9,0.062,-3.8,1.0,-2.8,-0.1
Samaki Walker,PF,29,IND,2005-06,7,22,-6.2,0.347,0.0,1.0,0.0,15.3,7.9,0.0,0.0,3.3,41.0,10.3,-0.1,0.0,0.0,-0.091,-12.5,0.3,-12.3,-0.1
Samardo Samuels,PF,22,CLE,2010-11,37,701,11.7,0.498,0.012,0.456,12.0,14.0,13.0,4.2,1.1,2.0,15.5,22.1,-0.3,0.3,0.0,0.002,-3.9,-2.0,-5.9,-0.7
Samardo Samuels,C,23,CLE,2011-12,54,825,11.1,0.517,0.0,0.506,8.4,16.8,12.4,4.2,1.3,1.8,16.5,18.4,0.2,0.5,0.7,0.039,-4.1,-1.4,-5.4,-0.7
Samardo Samuels,C,24,CLE,2012-13,18,196,6.2,0.411,0.017,0.4,5.6,11.2,8.3,6.3,0.8,1.2,7.8,17.4,-0.1,0.0,-0.1,-0.016,-5.3,-2.5,-7.7,-0.3
Samuel Dalembert,C,24,PHI,2005-06,66,1761,14.2,0.568,0.003,0.358,10.6,25.4,18.0,2.2,1.0,6.9,20.0,13.8,0.9,2.6,3.6,0.097,-3.8,2.2,-1.6,0.2
Samuel Dalembert,C,25,PHI,2006-07,82,2535,16.1,0.581,0.003,0.34,11.3,23.3,17.4,4.2,1.0,4.8,17.5,16.7,2.5,3.6,6.2,0.117,-1.5,2.1,0.6,1.6
Samuel Dalembert,C,26,PHI,2007-08,82,2724,15.6,0.556,0.002,0.398,13.1,24.0,18.5,2.5,0.8,5.6,16.6,15.4,2.6,4.3,6.9,0.121,-2.1,2.2,0.1,1.5
Samuel Dalembert,C,27,PHI,2008-09,82,2036,13.2,0.535,0.005,0.286,12.5,28.9,20.6,1.4,0.9,5.8,19.3,13.6,0.5,3.5,4.0,0.095,-4.2,1.7,-2.5,-0.3
Samuel Dalembert,C,28,PHI,2009-10,82,2124,16.8,0.573,0.0,0.254,13.1,30.7,21.8,4.7,1.0,5.6,17.5,15.1,2.3,3.0,5.2,0.118,-2.3,1.9,-0.4,0.9
Samuel Dalembert,C,29,SAC,2010-11,80,1938,14.1,0.509,0.004,0.261,12.1,26.9,19.3,5.3,0.9,4.3,17.3,17.1,0.4,2.5,2.9,0.072,-3.6,1.6,-2.0,0.0
Samuel Dalembert,C,30,HOU,2011-12,65,1446,16.9,0.551,0.003,0.286,12.6,24.1,18.3,3.6,1.3,5.7,15.6,16.6,1.8,2.3,4.1,0.137,-2.1,2.4,0.3,0.8
Samuel Dalembert,C,31,MIL,2012-13,47,765,18.6,0.565,0.004,0.217,14.2,24.9,19.4,4.5,1.1,5.1,15.5,18.7,0.9,1.2,2.2,0.137,-2.3,1.0,-1.2,0.1
Samuel Dalembert,C,32,DAL,2013-14,80,1614,16.8,0.605,0.003,0.363,14.4,24.2,19.4,3.4,1.3,4.8,17.1,14.8,2.9,2.1,4.9,0.147,-0.9,1.5,0.6,1.1
Samuel Dalembert,C,33,NYK,2014-15,32,544,11.8,0.461,0.0,0.154,10.9,25.1,17.8,8.6,1.4,6.3,21.9,15.0,-0.4,0.7,0.3,0.023,-5.2,3.0,-2.2,0.0
Sasha Kaun,C,30,CLE,2015-16,25,95,12.5,0.527,0.0,0.647,14.4,16.5,15.5,4.5,2.2,4.3,24.3,13.7,0.0,0.2,0.2,0.096,-3.5,2.7,-0.8,0.0
Sasha Pavlović,SG,22,CLE,2005-06,53,813,6.9,0.516,0.453,0.231,2.3,9.4,5.8,4.9,1.2,0.6,15.2,15.7,-0.1,0.6,0.5,0.03,-2.7,-1.3,-4.0,-0.4
Sasha Pavlović,SG,23,CLE,2006-07,67,1534,12.1,0.554,0.302,0.257,1.7,10.5,6.0,11.3,1.9,0.9,15.8,19.1,0.8,2.3,3.1,0.098,-1.3,0.5,-0.7,0.5
Sasha Pavlović,SG,24,CLE,2007-08,51,1188,7.2,0.434,0.283,0.191,3.3,9.2,6.1,11.2,1.3,0.4,11.2,18.8,-0.8,0.9,0.2,0.006,-3.6,-1.4,-5.1,-0.9
Sasha Pavlović,SF,25,CLE,2008-09,66,1053,8.6,0.51,0.425,0.196,3.6,10.4,7.2,10.5,1.1,1.2,13.8,15.5,0.2,1.5,1.7,0.077,-2.0,0.2,-1.8,0.0
Sasha Pavlović,SF,26,MIN,2009-10,71,877,5.4,0.422,0.393,0.087,1.5,13.6,7.5,10.0,1.3,0.5,14.5,18.1,-1.5,0.3,-1.2,-0.063,-5.0,-2.0,-7.0,-1.1
Sasha Pavlović,SG,27,TOT,2010-11,31,362,6.0,0.497,0.431,0.139,0.4,9.9,5.3,6.4,1.5,1.6,13.6,11.6,-0.2,0.5,0.3,0.042,-3.7,1.2,-2.5,0.0
Sasha Pavlović,SF,28,BOS,2011-12,45,527,6.7,0.456,0.453,0.063,0.9,14.5,8.0,5.3,2.0,2.2,13.2,13.8,-0.6,1.0,0.4,0.039,-4.5,1.9,-2.6,-0.1
Sasha Pavlović,SG,29,POR,2012-13,39,528,6.2,0.423,0.504,0.05,1.5,10.9,6.2,8.9,2.4,0.7,10.3,11.8,-0.3,0.4,0.1,0.009,-3.3,0.2,-3.1,-0.1
Sasha Vujacic,SG,32,NYK,2016-17,42,408,8.6,0.423,0.544,0.176,3.2,12.4,7.8,17.9,1.6,0.4,9.8,17.3,-0.1,0.2,0.1,0.014,-2.1,-2.2,-4.3,-0.2
Sasha Vujačić,PG,21,LAL,2005-06,82,1449,8.4,0.479,0.551,0.167,2.7,10.2,6.5,14.1,1.7,0.2,13.0,12.1,0.8,1.2,2.0,0.066,-1.6,-0.8,-2.4,-0.1
Sasha Vujačić,SG,22,LAL,2006-07,73,935,11.7,0.54,0.601,0.183,3.5,9.8,6.7,10.3,2.3,0.1,9.4,15.4,1.2,0.6,1.8,0.091,0.5,-1.8,-1.3,0.2
Sasha Vujačić,SG,23,LAL,2007-08,72,1279,15.1,0.605,0.56,0.189,1.7,11.3,6.7,8.7,1.4,0.3,9.1,19.8,2.4,1.2,3.6,0.136,2.1,-2.3,-0.2,0.6
Sasha Vujačić,SG,24,LAL,2008-09,80,1293,12.6,0.531,0.556,0.19,1.7,10.0,5.9,12.2,3.0,0.4,7.5,16.0,1.8,1.9,3.7,0.138,0.8,0.1,0.8,0.9
Sasha Vujačić,SG,25,LAL,2009-10,67,575,11.4,0.518,0.494,0.201,4.9,10.4,7.7,10.5,1.8,0.5,8.7,15.2,0.7,0.7,1.4,0.12,-0.4,-0.5,-0.9,0.2
Sasha Vujačić,SG,26,TOT,2010-11,67,1648,12.3,0.515,0.44,0.161,2.1,11.5,6.7,13.7,1.7,0.2,9.4,19.8,1.1,1.0,2.1,0.061,0.6,-1.1,-0.5,0.6
Sasha Vujačić,SG,29,LAC,2013-14,2,10,1.5,0.5,0.4,0.0,0.0,32.2,16.7,0.0,5.0,0.0,37.5,35.3,-0.1,0.0,-0.1,-0.289,-16.7,-3.4,-20.1,0.0
Sasha Vujačić,SG,31,NYK,2015-16,61,908,11.1,0.503,0.516,0.141,3.2,14.6,9.0,14.3,1.9,0.4,13.0,16.8,0.3,0.8,1.1,0.06,-0.8,-0.7,-1.5,0.1
Scot Pollard,C,30,IND,2005-06,45,771,12.3,0.495,0.0,0.247,11.3,21.0,16.3,5.1,2.6,1.9,13.2,11.9,0.6,1.6,2.1,0.134,-2.5,3.3,0.8,0.5
Scot Pollard,C,31,CLE,2006-07,24,109,8.5,0.432,0.0,0.154,15.6,17.5,16.5,4.2,1.9,0.7,12.6,13.2,0.0,0.2,0.2,0.1,-3.5,0.6,-3.0,0.0
Scot Pollard,C,32,BOS,2007-08,22,173,8.7,0.597,0.0,0.957,10.2,14.9,12.7,2.5,0.9,2.9,13.3,10.1,0.3,0.3,0.6,0.171,-2.5,1.5,-1.0,0.0
Scott Machado,PG,22,HOU,2012-13,6,21,6.0,0.581,0.167,0.333,0.0,5.3,2.7,44.2,4.8,0.0,53.8,31.0,-0.1,0.0,-0.1,-0.23,-12.2,-2.9,-15.1,-0.1
Scott Machado,PG,28,LAL,2018-19,4,19,22.2,0.776,0.167,0.167,0.0,0.0,0.0,23.5,2.4,0.0,0.0,14.0,0.1,0.0,0.1,0.281,2.4,-6.8,-4.4,0.0
Scott Padgett,PF,29,NJN,2005-06,62,718,12.5,0.489,0.602,0.169,9.0,18.1,13.5,9.5,2.1,1.4,8.9,15.5,0.6,1.3,1.8,0.123,-0.7,1.1,0.4,0.4
Scott Padgett,PF,30,TOT,2006-07,31,231,4.9,0.373,0.589,0.232,8.1,18.9,13.5,5.3,1.1,1.0,12.7,14.2,-0.3,0.4,0.1,0.019,-5.0,-0.2,-5.2,-0.2
Scott Padgett,PF,30,HOU,2006-07,24,198,5.6,0.409,0.592,0.224,6.4,19.6,13.1,6.2,1.1,1.2,12.9,14.5,-0.2,0.4,0.2,0.046,-4.7,0.7,-4.0,-0.1
Scott Padgett,PF,30,MEM,2006-07,7,33,0.9,0.127,0.571,0.286,18.1,14.5,16.3,0.0,1.6,0.0,11.3,12.1,-0.1,0.0,-0.1,-0.14,-7.1,-5.3,-12.4,-0.1
Scotty Hopson,SG,24,CLE,2013-14,2,7,-6.5,0.102,0.5,0.5,0.0,0.0,0.0,18.8,7.4,0.0,0.0,31.1,-0.1,0.0,-0.1,-0.412,-12.9,-4.3,-17.2,0.0
Scotty Hopson,SG,28,DAL,2017-18,1,8,-4.6,0.266,0.0,2.0,0.0,0.0,0.0,15.8,0.0,0.0,34.7,16.3,0.0,0.0,0.0,-0.238,-14.7,-6.0,-20.7,0.0
Sean Kilpatrick,SG,25,MIN,2014-15,4,72,10.0,0.506,0.65,0.2,1.5,8.2,4.8,8.5,2.1,0.0,8.4,14.6,0.1,0.0,0.1,0.033,-0.7,-3.0,-3.8,0.0
Sean Kilpatrick,SG,26,TOT,2015-16,31,616,15.6,0.576,0.422,0.248,2.1,8.2,5.1,8.0,1.0,0.3,9.4,23.8,1.0,0.0,1.0,0.076,1.4,-4.4,-3.0,-0.2
Sean Kilpatrick,SG,27,BRK,2016-17,70,1754,13.1,0.546,0.419,0.329,1.3,15.4,8.4,14.6,1.2,0.3,13.8,23.8,0.4,1.1,1.4,0.04,-1.2,-1.8,-3.0,-0.4
Sean Kilpatrick,SG,28,TOT,2017-18,52,640,11.6,0.507,0.49,0.245,0.8,14.2,7.5,11.3,1.0,0.7,10.4,24.9,-0.2,0.3,0.1,0.008,-2.5,-3.6,-6.1,-0.7
Sean Marks,PF,30,SAS,2005-06,25,181,17.9,0.531,0.042,0.169,8.0,19.8,14.0,7.0,1.5,2.8,8.4,22.0,0.2,0.4,0.6,0.156,-2.1,0.7,-1.4,0.0
Sean Marks,PF,31,PHO,2006-07,3,17,6.7,0.436,0.167,0.333,0.0,19.6,10.3,0.0,0.0,4.1,0.0,18.2,0.0,0.0,0.0,0.043,-7.7,-3.4,-11.2,0.0
Sean Marks,C,32,PHO,2007-08,19,130,16.1,0.574,0.093,0.442,8.5,21.7,15.6,4.5,1.1,5.0,13.5,20.4,0.1,0.2,0.3,0.121,-2.9,0.2,-2.6,0.0
Sean Marks,C,33,NOH,2008-09,60,838,8.8,0.521,0.061,0.267,9.0,18.0,13.5,2.6,0.5,3.3,16.0,12.6,0.2,1.0,1.2,0.067,-4.5,0.4,-4.1,-0.5
Sean Marks,C,34,NOH,2009-10,14,75,9.0,0.49,0.0,0.625,21.5,14.3,18.0,3.6,0.0,3.0,16.4,7.4,0.1,0.0,0.2,0.104,-1.4,-0.1,-1.5,0.0
Sean Marks,C,35,POR,2010-11,29,208,4.9,0.473,0.045,0.182,9.0,14.8,11.8,2.9,0.8,2.0,18.8,13.1,-0.1,0.2,0.1,0.019,-5.3,-0.7,-6.0,-0.2
Sean May,PF,21,CHA,2005-06,23,398,15.3,0.474,0.029,0.374,11.5,20.9,15.9,9.7,2.2,2.3,14.2,25.9,-0.1,0.5,0.4,0.047,-3.1,0.3,-2.8,-0.1
Sean May,PF,22,CHA,2006-07,35,838,19.1,0.551,0.009,0.341,10.0,23.3,16.5,14.5,1.2,2.2,12.9,23.5,1.3,1.0,2.2,0.127,0.1,0.8,0.9,0.6
Sean May,PF,24,CHA,2008-09,24,301,6.2,0.435,0.01,0.204,8.3,20.0,14.2,5.6,0.9,1.1,19.6,20.8,-0.7,0.4,-0.3,-0.045,-7.8,-0.9,-8.8,-0.5
Sean May,C,25,SAC,2009-10,37,331,11.7,0.492,0.036,0.288,6.8,17.5,12.1,8.1,1.9,1.5,13.2,19.3,0.0,0.3,0.3,0.044,-3.8,-0.5,-4.3,-0.2
Sean Singletary,PG,23,TOT,2008-09,37,303,6.7,0.478,0.294,0.247,4.1,9.8,7.0,14.4,1.9,0.0,19.6,17.8,-0.2,0.2,0.0,0.006,-3.6,-1.3,-4.9,-0.2
Sean Singletary,PG,23,PHO,2008-09,13,122,8.5,0.429,0.27,0.162,5.0,10.1,7.7,13.0,2.5,0.0,11.2,16.1,0.0,0.1,0.1,0.026,-2.1,-1.1,-3.3,0.0
Sean Singletary,PG,23,CHA,2008-09,24,181,5.5,0.513,0.313,0.313,3.4,9.5,6.5,15.3,1.5,0.0,24.8,18.9,-0.2,0.2,0.0,-0.007,-4.6,-1.4,-6.0,-0.2
Sean Williams,C,21,NJN,2007-08,73,1278,13.9,0.563,0.0,0.436,10.4,18.8,14.6,3.7,1.1,6.5,16.1,15.5,0.8,1.7,2.5,0.093,-3.6,2.1,-1.6,0.1
Sean Williams,PF,22,NJN,2008-09,33,366,8.8,0.465,0.0,0.444,10.9,14.8,12.9,5.4,1.0,6.5,18.9,13.6,-0.1,0.4,0.3,0.036,-4.8,2.4,-2.4,0.0
Sean Williams,PF,23,NJN,2009-10,20,227,7.0,0.453,0.02,0.388,10.2,13.3,11.7,0.7,1.9,6.2,25.9,15.6,-0.4,0.3,-0.2,-0.036,-7.8,1.2,-6.6,-0.3
Sean Williams,C,25,TOT,2011-12,11,107,18.7,0.722,0.0,0.591,14.1,12.6,13.4,7.4,2.0,5.9,26.5,16.5,0.2,0.2,0.4,0.199,0.0,3.7,3.6,0.2
Sebastian Telfair,PG,20,POR,2005-06,68,1641,13.0,0.491,0.28,0.303,1.4,7.5,4.4,26.5,2.2,0.3,14.9,22.2,0.4,0.2,0.6,0.017,-0.1,-2.8,-2.9,-0.4
Sebastian Telfair,PG,21,BOS,2006-07,78,1578,8.6,0.458,0.27,0.232,1.3,7.1,4.1,22.7,1.4,0.5,15.8,17.8,-0.5,1.0,0.5,0.015,-2.7,-2.2,-4.9,-1.2
Sebastian Telfair,PG,22,MIN,2007-08,60,1933,10.4,0.462,0.205,0.189,0.9,7.4,4.0,27.7,1.6,0.5,15.6,16.6,0.2,0.5,0.7,0.018,-1.7,-2.0,-3.7,-0.8
Sebastian Telfair,PG,23,MIN,2008-09,75,2095,10.8,0.481,0.303,0.23,1.7,5.5,3.5,26.1,1.8,0.4,16.0,19.6,0.0,0.8,0.8,0.019,-1.2,-2.2,-3.4,-0.7
Sebastian Telfair,PG,24,TOT,2009-10,43,659,10.3,0.479,0.279,0.184,0.9,7.1,4.0,29.9,1.9,0.6,18.7,18.4,-0.1,0.4,0.3,0.02,-2.9,-2.7,-5.7,-0.6
Sebastian Telfair,PG,25,MIN,2010-11,37,711,10.5,0.497,0.324,0.249,2.6,5.9,4.2,24.2,1.7,0.3,19.3,19.9,0.0,0.2,0.1,0.008,-1.6,-2.9,-4.5,-0.4
Sebastian Telfair,PG,26,PHO,2011-12,60,895,13.2,0.495,0.307,0.196,2.5,8.9,5.7,24.5,2.4,1.0,15.5,22.3,0.4,0.7,1.1,0.058,0.0,-0.6,-0.5,0.3
Sebastian Telfair,PG,27,TOT,2012-13,59,980,10.9,0.488,0.485,0.223,1.5,8.5,4.9,23.9,2.0,0.8,15.9,18.5,0.3,0.5,0.8,0.039,-1.0,-2.0,-3.0,-0.2
Sebastian Telfair,PG,29,OKC,2014-15,16,327,11.4,0.479,0.48,0.272,0.7,9.0,4.9,20.8,1.5,0.0,11.4,20.8,0.2,0.2,0.4,0.063,-0.5,-2.9,-3.4,-0.1
Semaj Christon,PG,24,OKC,2016-17,64,973,5.7,0.387,0.283,0.139,2.2,7.8,4.9,18.1,1.4,0.6,15.4,12.2,-0.7,0.8,0.1,0.006,-5.1,-1.2,-6.3,-1.1
Semi Ojeleye,PF,23,BOS,2017-18,73,1150,4.6,0.473,0.665,0.218,3.6,11.6,7.7,2.4,0.9,0.3,10.8,9.0,-0.2,1.3,1.2,0.048,-3.6,0.1,-3.5,-0.4
Semi Ojeleye,PF,24,BOS,2018-19,56,594,8.5,0.531,0.563,0.247,4.3,11.2,7.7,5.1,0.8,0.6,9.8,14.1,0.2,0.5,0.7,0.057,-2.5,-1.7,-4.3,-0.3
Semih Erden,C,24,TOT,2010-11,41,595,10.3,0.593,0.0,0.541,7.9,15.8,12.1,5.1,1.3,3.1,19.8,13.7,0.3,1.1,1.4,0.115,-3.0,2.5,-0.5,0.2
Semih Erden,C,25,CLE,2011-12,28,333,9.9,0.538,0.0,0.554,6.6,18.5,12.3,4.6,1.6,1.1,14.8,14.6,0.2,0.2,0.4,0.057,-3.7,-0.9,-4.7,-0.2
Serge Ibaka,PF,20,OKC,2009-10,73,1323,15.2,0.562,0.005,0.249,12.3,21.9,17.2,1.2,1.0,5.5,14.2,16.2,1.3,2.4,3.7,0.134,-3.1,0.8,-2.4,-0.1
Serge Ibaka,PF,21,OKC,2010-11,82,2216,17.7,0.579,0.002,0.298,11.7,20.8,16.4,1.6,0.7,6.5,9.2,15.7,4.3,3.2,7.6,0.164,-1.1,1.2,0.1,1.1
Serge Ibaka,PF,22,OKC,2011-12,66,1792,19.0,0.556,0.006,0.241,13.2,18.2,15.9,2.5,1.0,9.8,12.7,15.7,3.0,3.2,6.2,0.167,-0.9,3.8,3.0,2.2
Serge Ibaka,PF,23,OKC,2012-13,80,2486,19.4,0.612,0.073,0.246,11.1,17.0,14.2,2.8,0.6,7.4,12.7,18.1,5.3,4.1,9.4,0.181,0.2,1.9,2.1,2.6
Serge Ibaka,PF,24,OKC,2013-14,81,2666,19.6,0.576,0.061,0.203,10.0,19.6,15.0,5.2,0.7,6.7,10.3,19.8,5.2,4.4,9.6,0.173,-0.4,2.3,1.9,2.6
Serge Ibaka,PF,25,OKC,2014-15,64,2116,16.6,0.549,0.261,0.14,7.0,18.1,12.6,4.2,0.7,5.8,10.4,18.9,2.9,2.7,5.6,0.127,-0.5,1.3,0.8,1.5
Serge Ibaka,PF,26,OKC,2015-16,78,2500,13.9,0.533,0.212,0.139,6.5,16.2,11.6,3.9,0.8,4.5,10.5,17.6,2.5,3.0,5.5,0.105,-1.1,1.0,-0.1,1.2
Serge Ibaka,PF,27,TOT,2016-17,79,2422,16.4,0.566,0.323,0.127,5.7,19.0,12.2,5.2,0.8,4.2,9.2,20.9,2.5,2.6,5.1,0.101,-0.5,0.1,-0.4,1.0
Serge Ibaka,PF,28,TOR,2017-18,76,2093,14.7,0.574,0.379,0.151,4.3,21.0,12.8,4.4,0.7,3.8,9.7,19.4,2.1,3.0,5.1,0.117,-0.8,0.6,-0.2,0.9
Serge Ibaka,C,29,TOR,2018-19,74,2010,18.7,0.582,0.193,0.202,8.6,23.2,16.1,7.7,0.7,4.3,10.7,22.9,2.8,3.3,6.1,0.146,-0.7,1.2,0.5,1.3
Sergei Monia,SF,22,TOT,2005-06,26,343,6.3,0.413,0.391,0.161,3.8,14.6,9.1,8.9,1.1,1.1,11.4,14.5,-0.3,0.1,-0.2,-0.025,-3.7,-1.5,-5.1,-0.3
Sergei Monia,SF,22,POR,2005-06,23,336,6.2,0.415,0.388,0.141,3.9,14.5,9.1,9.1,1.0,1.1,11.7,14.4,-0.2,0.1,-0.2,-0.026,-3.6,-1.5,-5.1,-0.3
Sergei Monia,SF,22,SAC,2005-06,3,7,12.1,0.347,0.5,1.0,0.0,16.5,8.4,0.0,7.5,0.0,0.0,18.9,0.0,0.0,0.0,0.062,-6.0,-0.2,-6.2,0.0
Sergey Karasev,SF,20,CLE,2013-14,22,156,2.3,0.47,0.543,0.286,0.0,11.8,5.8,5.6,1.0,0.5,21.8,14.4,-0.2,0.1,-0.1,-0.041,-5.9,-1.6,-7.5,-0.2
Sergey Karasev,SG,21,BRK,2014-15,33,555,10.5,0.508,0.403,0.284,4.5,8.9,6.7,12.3,2.1,0.1,13.7,14.4,0.3,0.4,0.7,0.061,-0.7,-0.5,-1.2,0.1
Sergey Karasev,SF,22,BRK,2015-16,40,399,8.5,0.562,0.5,0.378,2.2,14.3,8.2,12.2,0.8,0.4,20.3,12.1,0.2,0.1,0.3,0.031,-2.4,-1.7,-4.2,-0.2
Sergio Rodriguez,PG,30,PHI,2016-17,68,1518,11.1,0.484,0.47,0.05,1.5,9.9,5.7,35.4,1.6,0.2,18.9,19.3,-0.3,1.0,0.7,0.023,-1.6,-2.3,-3.8,-0.7
Sergio Rodríguez,PG,20,POR,2006-07,67,862,14.1,0.493,0.356,0.109,2.8,10.4,6.6,41.9,2.2,0.2,23.5,17.8,0.5,0.4,0.9,0.05,-0.3,-2.6,-2.8,-0.2
Sergio Rodríguez,PG,21,POR,2007-08,72,628,9.0,0.423,0.296,0.194,2.4,8.4,5.4,31.2,2.1,0.0,19.9,20.0,-0.7,0.5,-0.2,-0.017,-3.4,-1.8,-5.2,-0.5
Sergio Rodríguez,PG,22,POR,2008-09,80,1225,12.5,0.491,0.347,0.234,4.3,9.0,6.6,35.6,2.4,0.1,24.7,18.5,0.5,1.2,1.7,0.068,-0.5,-1.1,-1.6,0.1
Sergio Rodríguez,PG,23,TOT,2009-10,66,1048,14.8,0.554,0.259,0.265,2.6,7.2,4.8,32.2,2.4,0.4,22.5,21.6,0.6,0.6,1.2,0.053,-0.7,-2.5,-3.2,-0.3
Seth Curry,PG,23,TOT,2013-14,2,13,13.8,0.5,0.333,0.0,0.0,8.8,4.3,0.0,7.9,0.0,0.0,10.3,0.0,0.0,0.0,0.131,-2.4,3.5,1.1,0.0
Seth Curry,PG,24,PHO,2014-15,2,8,-11.4,0.0,0.333,0.0,0.0,27.7,13.7,15.6,0.0,0.0,0.0,16.5,-0.1,0.0,0.0,-0.298,-14.3,-1.6,-15.9,0.0
Seth Curry,PG,25,SAC,2015-16,44,692,13.8,0.603,0.496,0.241,1.4,7.9,4.7,14.2,1.5,0.4,12.7,17.4,1.2,0.2,1.4,0.097,0.9,-2.4,-1.5,0.1
Seth Curry,PG,26,DAL,2016-17,70,2029,15.5,0.601,0.458,0.142,1.4,9.3,5.1,16.0,2.0,0.3,11.0,19.5,2.9,1.7,4.6,0.11,1.8,-0.4,1.4,1.7
Seth Curry,SG,28,POR,2018-19,74,1399,11.4,0.595,0.54,0.112,2.1,6.9,4.6,6.5,1.2,0.7,11.1,16.6,1.5,0.9,2.4,0.082,0.5,-1.8,-1.3,0.2
Shabazz Muhammad,SG,21,MIN,2013-14,37,290,13.1,0.505,0.089,0.323,8.8,11.2,10.0,3.4,1.4,0.3,10.2,23.1,0.1,0.2,0.3,0.053,-3.1,-3.1,-6.2,-0.3
Shabazz Muhammad,SG,22,MIN,2014-15,38,866,19.9,0.556,0.128,0.365,8.1,12.4,10.2,9.6,1.1,0.6,7.1,25.3,2.1,-0.1,2.0,0.11,2.0,-3.8,-1.8,0.0
Shabazz Muhammad,SF,23,MIN,2015-16,82,1682,15.2,0.548,0.223,0.355,7.0,11.4,9.2,5.2,0.7,0.3,8.2,22.8,2.6,0.2,2.7,0.077,0.0,-4.1,-4.2,-0.9
Shabazz Muhammad,SF,24,MIN,2016-17,78,1516,14.9,0.566,0.242,0.318,6.4,10.6,8.5,3.7,0.7,0.3,7.6,21.5,2.5,0.2,2.7,0.086,-0.2,-4.3,-4.4,-0.9
Shabazz Muhammad,SF,25,TOT,2017-18,43,418,15.4,0.51,0.144,0.266,6.3,14.8,10.6,5.7,1.1,0.6,2.8,23.0,0.5,0.2,0.7,0.081,-1.8,-4.1,-5.9,-0.4
Shabazz Napier,PG,23,MIA,2014-15,51,1012,9.3,0.517,0.518,0.246,2.1,11.2,6.7,19.9,2.1,0.3,24.3,15.5,-0.3,0.8,0.5,0.024,-2.0,-0.6,-2.6,-0.2
Shabazz Napier,PG,24,ORL,2015-16,55,600,9.6,0.46,0.517,0.224,1.6,8.6,5.1,23.1,1.9,0.1,17.2,19.7,-0.3,0.4,0.1,0.004,-2.3,-2.6,-4.9,-0.4
Shabazz Napier,PG,25,POR,2016-17,53,512,13.6,0.533,0.503,0.268,1.7,11.5,6.6,19.5,3.1,0.3,16.7,21.2,0.1,0.5,0.6,0.06,-0.9,-1.3,-2.2,0.0
Shabazz Napier,PG,26,POR,2017-18,74,1535,14.2,0.544,0.411,0.26,1.9,10.1,6.0,14.6,2.6,0.7,13.2,19.5,1.2,2.0,3.2,0.101,-0.2,0.3,0.2,0.8
Shabazz Napier,PG,27,BRK,2018-19,56,983,15.3,0.534,0.524,0.317,1.9,8.7,5.3,22.2,2.0,1.3,11.7,24.0,1.0,1.0,2.0,0.098,0.5,-1.1,-0.7,0.3
Shai Gilgeous-Alexander,PG,20,LAC,2018-19,82,2174,13.4,0.554,0.194,0.272,2.9,8.3,5.7,17.8,2.1,1.6,15.0,18.3,1.5,1.9,3.3,0.074,-0.6,0.2,-0.3,0.9
Shake Milton,SG,22,PHI,2018-19,20,268,9.3,0.483,0.506,0.08,3.7,10.0,6.9,9.2,1.4,2.3,6.2,15.0,0.1,0.3,0.3,0.059,-2.1,-0.6,-2.7,0.0
Shammond Williams,PG,31,LAL,2006-07,30,345,10.8,0.53,0.581,0.07,3.8,9.8,6.8,13.3,1.8,0.0,12.8,13.2,0.3,0.2,0.5,0.067,-0.5,-1.9,-2.3,0.0
Shandon Anderson,SF,32,MIA,2005-06,48,638,6.2,0.47,0.151,0.143,3.5,11.1,7.5,6.9,1.4,0.7,15.2,11.4,-0.1,0.7,0.5,0.039,-3.7,0.4,-3.3,-0.2
Shane Battier,SF,27,MEM,2005-06,81,2839,14.7,0.574,0.266,0.335,7.1,11.2,9.2,8.2,1.8,3.2,11.2,13.7,4.6,4.5,9.1,0.153,0.9,3.1,4.0,4.3
Shane Battier,SF,28,HOU,2006-07,82,2988,12.0,0.589,0.57,0.173,2.6,10.4,6.5,9.2,1.4,1.5,9.3,12.1,4.4,4.6,9.0,0.144,0.8,2.5,3.3,4.0
Shane Battier,SF,29,HOU,2007-08,80,2907,11.7,0.561,0.596,0.163,5.2,10.5,7.9,8.0,1.4,2.3,10.5,11.7,3.6,4.6,8.2,0.135,0.8,3.0,3.8,4.3
Shane Battier,SG,30,HOU,2008-09,60,2031,10.7,0.568,0.669,0.189,3.1,12.9,8.2,10.0,1.3,1.9,11.3,9.9,2.3,2.9,5.2,0.123,0.4,3.0,3.4,2.8
Shane Battier,SG,31,HOU,2009-10,67,2168,11.1,0.541,0.624,0.237,3.8,13.1,8.2,10.9,1.2,2.6,11.5,11.4,2.2,2.1,4.3,0.095,0.1,1.9,2.1,2.2
Shane Battier,SF,32,TOT,2010-11,82,2375,12.3,0.567,0.525,0.183,4.4,13.7,9.0,11.1,1.5,2.4,12.6,11.7,2.9,2.2,5.1,0.103,0.7,1.8,2.5,2.7
Shane Battier,SF,33,MIA,2011-12,65,1499,9.7,0.504,0.627,0.127,4.6,7.7,6.2,8.0,2.2,1.8,10.7,10.7,1.2,2.1,3.3,0.104,0.2,1.5,1.7,1.4
Shane Battier,SF,34,MIA,2012-13,72,1786,10.7,0.623,0.873,0.105,2.7,8.4,5.7,5.7,1.2,2.5,8.2,11.0,2.8,1.6,4.4,0.119,2.0,0.0,2.0,1.8
Shane Battier,SF,35,MIA,2013-14,73,1468,8.7,0.523,0.764,0.084,3.0,8.6,5.9,6.0,1.8,2.3,6.9,10.0,1.0,1.4,2.4,0.078,0.1,0.7,0.8,1.1
Shane Edwards,SF,26,CLE,2013-14,2,12,-1.0,0.333,0.0,0.0,9.1,9.6,9.3,0.0,0.0,0.0,25.0,14.9,0.0,0.0,0.0,-0.141,-10.5,-4.7,-15.2,0.0
Shane Larkin,PG,21,DAL,2013-14,48,489,8.3,0.446,0.277,0.182,2.6,7.3,5.0,20.4,2.7,0.2,20.9,17.4,-0.4,0.3,-0.1,-0.01,-3.5,-1.2,-4.7,-0.3
Shane Larkin,PG,22,NYK,2014-15,76,1865,10.9,0.504,0.269,0.181,1.7,9.4,5.4,19.4,2.6,0.4,15.1,13.6,0.8,0.9,1.7,0.045,-1.6,-0.7,-2.4,-0.2
Shane Larkin,PG,23,BRK,2015-16,78,1751,13.3,0.515,0.215,0.213,1.8,9.9,5.8,29.3,2.7,0.6,21.0,17.7,0.5,1.0,1.4,0.039,-1.2,-1.0,-2.2,-0.1
Shane Larkin,PG,25,BOS,2017-18,54,775,10.3,0.491,0.393,0.169,2.1,10.7,6.5,18.5,1.9,0.2,12.3,15.5,0.3,1.1,1.4,0.087,-2.3,0.1,-2.2,0.0
Shannon Brown,SG,21,CLE,2006-07,23,202,7.5,0.455,0.338,0.189,3.4,8.9,6.0,8.1,1.8,1.2,14.9,21.1,-0.2,0.3,0.1,0.015,-4.4,-0.7,-5.1,-0.2
Shannon Brown,SG,22,TOT,2007-08,21,240,6.3,0.411,0.238,0.23,2.8,6.9,4.7,12.8,2.4,1.0,14.7,30.7,-0.8,0.3,-0.5,-0.102,-6.5,-3.1,-9.6,-0.5
Shannon Brown,SG,22,CLE,2007-08,15,218,8.1,0.433,0.261,0.207,2.5,7.0,4.7,14.1,2.4,0.4,13.6,29.2,-0.5,0.2,-0.2,-0.052,-4.7,-2.9,-7.6,-0.3
Shannon Brown,SG,22,CHI,2007-08,6,22,-11.8,0.255,0.067,0.4,5.0,5.3,5.1,0.0,2.3,7.1,22.1,45.5,-0.3,0.0,-0.3,-0.592,-24.3,-4.7,-29.0,-0.1
Shannon Brown,SG,23,TOT,2008-09,48,477,12.9,0.554,0.224,0.236,2.8,8.1,5.5,13.7,2.5,1.2,17.3,21.4,0.1,0.6,0.7,0.067,-2.2,-0.7,-2.9,-0.1
Shannon Brown,SG,23,CHA,2008-09,30,341,12.1,0.529,0.228,0.244,2.9,5.8,4.4,14.8,2.9,1.2,17.6,22.9,-0.1,0.4,0.3,0.041,-2.6,-0.6,-3.3,-0.1
Shannon Brown,SG,23,LAL,2008-09,18,136,15.0,0.631,0.214,0.214,2.5,13.9,8.3,10.9,1.5,1.1,16.4,17.8,0.2,0.2,0.4,0.131,-1.2,-0.7,-1.9,0.0
Shannon Brown,SG,24,LAL,2009-10,82,1700,12.4,0.517,0.319,0.204,2.0,10.0,6.0,9.9,1.7,1.4,9.4,18.8,1.1,2.3,3.4,0.096,-1.3,-0.1,-1.4,0.3
Shannon Brown,SG,25,LAL,2010-11,82,1568,13.6,0.518,0.33,0.157,2.6,8.5,5.7,10.0,2.3,0.8,9.8,22.2,1.1,1.9,3.1,0.093,-0.6,-1.1,-1.7,0.1
Shannon Brown,SG,26,PHO,2011-12,59,1400,13.6,0.507,0.314,0.166,3.1,9.5,6.3,8.1,1.6,0.8,9.1,22.8,0.8,0.8,1.6,0.054,0.0,-1.3,-1.3,0.2
Shannon Brown,SG,27,PHO,2012-13,59,1402,13.1,0.493,0.247,0.219,3.5,8.7,6.0,12.8,2.2,0.8,10.6,22.2,0.4,0.8,1.2,0.041,-0.9,-1.3,-2.1,0.0
Shannon Brown,SG,28,TOT,2013-14,29,251,4.7,0.419,0.03,0.318,3.2,9.5,6.4,5.0,2.7,0.0,19.3,17.1,-0.5,0.3,-0.3,-0.05,-6.8,-0.3,-7.0,-0.3
Shannon Brown,SG,29,MIA,2014-15,5,89,4.4,0.482,0.368,0.211,0.0,1.3,0.7,5.2,2.4,0.0,16.2,13.1,-0.1,0.0,0.0,-0.016,-4.2,-1.9,-6.1,-0.1
Shaquille Harrison,PG,24,PHO,2017-18,23,384,15.6,0.54,0.21,0.306,2.5,14.7,8.5,22.2,3.2,1.5,13.5,18.0,0.4,0.4,0.8,0.094,-0.7,0.9,0.2,0.2
Shaquille Harrison,PG,25,CHI,2018-19,73,1430,12.4,0.494,0.209,0.289,2.5,14.5,8.4,14.1,3.0,1.8,11.1,16.5,-0.1,1.6,1.4,0.048,-2.7,1.4,-1.3,0.2
Shaquille O'Neal,C,33,MIA,2005-06,59,1806,24.4,0.586,0.0,0.589,11.7,23.1,17.6,12.4,0.7,4.4,14.3,30.0,3.3,2.9,6.2,0.164,1.4,1.2,2.6,2.1
Shaquille O'Neal,C,34,MIA,2006-07,40,1135,21.7,0.567,0.0,0.614,10.3,20.3,15.4,14.3,0.4,3.8,13.5,29.4,1.4,1.5,2.8,0.119,0.4,0.4,0.9,0.8
Shaquille O'Neal,C,35,TOT,2007-08,61,1748,17.1,0.589,0.0,0.606,11.4,24.8,18.4,9.1,0.9,3.7,20.4,23.5,0.6,2.3,2.8,0.078,-2.0,1.3,-0.7,0.6
Shaquille O'Neal,C,35,MIA,2007-08,33,945,17.7,0.577,0.0,0.541,12.4,20.5,16.4,9.4,1.1,4.6,19.4,25.3,0.1,1.0,1.2,0.059,-1.9,1.1,-0.7,0.3
Shaquille O'Neal,C,35,PHO,2007-08,28,803,16.5,0.605,0.0,0.699,10.3,29.8,20.8,8.8,0.8,2.8,21.7,21.3,0.4,1.2,1.7,0.1,-2.1,1.4,-0.7,0.3
Shaquille O'Neal,C,36,PHO,2008-09,75,2252,22.3,0.623,0.001,0.617,10.1,22.3,16.4,8.9,1.1,3.5,13.6,24.2,5.6,2.2,7.8,0.166,1.7,0.3,2.0,2.3
Shaquille O'Neal,C,37,CLE,2009-10,53,1240,17.9,0.565,0.002,0.488,9.4,24.0,17.0,11.3,0.6,3.9,15.7,25.1,0.9,2.1,3.1,0.119,-1.9,1.4,-0.5,0.5
Shaquille O'Neal,C,38,BOS,2010-11,37,752,17.4,0.659,0.0,0.652,8.3,20.1,14.6,5.9,1.1,4.4,17.8,20.1,1.1,1.6,2.7,0.174,-1.1,2.6,1.5,0.7
Shareef Abdur-Rahim,PF,29,SAC,2005-06,72,1961,17.2,0.588,0.035,0.44,6.4,14.8,10.6,13.2,1.3,1.6,12.5,20.1,4.0,2.2,6.2,0.152,0.4,0.4,0.9,1.4
Shareef Abdur-Rahim,C,30,SAC,2006-07,80,2015,13.1,0.524,0.031,0.358,7.0,16.4,11.6,9.2,1.3,1.5,13.3,19.5,1.1,1.7,2.8,0.067,-2.1,0.0,-2.1,-0.1
Shareef Abdur-Rahim,PF,31,SAC,2007-08,6,51,5.5,0.317,0.0,0.286,14.2,9.1,11.6,11.1,1.0,0.0,6.0,14.7,0.0,0.0,0.0,-0.005,-3.6,-2.1,-5.7,0.0
Sharrod Ford,PF,24,PHO,2005-06,3,13,0.6,0.667,0.0,0.0,8.7,16.7,12.8,0.0,0.0,5.4,40.0,17.2,0.0,0.0,0.0,-0.032,-8.8,-1.6,-10.3,0.0
Shaun Livingston,PG,20,LAC,2005-06,61,1525,10.2,0.46,0.023,0.221,3.3,10.4,7.0,27.2,1.6,1.6,22.5,15.0,-0.5,1.8,1.3,0.041,-2.9,0.8,-2.1,0.0
Shaun Livingston,PG,21,LAC,2006-07,54,1611,13.7,0.503,0.036,0.258,4.2,9.4,6.8,28.3,1.9,1.4,17.8,17.4,0.9,1.6,2.4,0.072,-0.9,0.0,-0.9,0.5
Shaun Livingston,PG,23,TOT,2008-09,12,231,12.1,0.551,0.0,0.167,1.5,12.7,7.0,13.9,1.6,0.6,12.3,14.2,0.2,0.2,0.4,0.074,-2.9,-0.5,-3.4,-0.1
Shaun Livingston,PG,23,MIA,2008-09,4,41,5.4,0.461,0.0,0.5,0.0,5.9,2.9,14.2,2.6,0.0,23.5,14.6,-0.1,0.0,0.0,-0.021,-7.1,-1.2,-8.3,-0.1
Shaun Livingston,PG,23,OKC,2008-09,8,190,13.5,0.567,0.0,0.115,1.8,14.2,7.9,13.8,1.3,0.8,9.9,14.1,0.2,0.1,0.4,0.095,-2.0,-0.4,-2.4,0.0
Shaun Livingston,PG,24,TOT,2009-10,36,796,12.8,0.563,0.03,0.239,2.3,9.0,5.6,26.3,1.1,1.1,20.7,15.9,0.7,0.5,1.2,0.07,-1.5,-1.2,-2.7,-0.1
Shaun Livingston,PG,25,CHA,2010-11,73,1261,14.3,0.53,0.01,0.315,2.8,11.6,7.2,22.5,2.0,1.9,16.3,20.1,0.7,1.2,1.9,0.073,-2.0,0.1,-1.9,0.0
Shaun Livingston,SG,26,MIL,2011-12,58,1092,11.0,0.52,0.011,0.292,3.8,8.7,6.2,16.6,1.3,1.4,17.8,15.0,0.7,0.6,1.3,0.055,-2.4,-0.3,-2.7,-0.2
Shaun Livingston,PG,27,TOT,2012-13,66,1455,13.0,0.536,0.012,0.283,2.4,10.4,6.2,23.2,1.7,1.7,16.3,14.3,1.7,0.9,2.6,0.086,-1.7,-0.1,-1.8,0.1
Shaun Livingston,PG,28,BRK,2013-14,76,1974,14.5,0.551,0.012,0.392,4.1,10.8,7.5,20.1,2.5,1.3,15.5,16.1,2.6,1.8,4.4,0.108,-0.5,1.1,0.6,1.3
Shaun Livingston,PG,29,GSW,2014-15,78,1468,12.9,0.529,0.005,0.23,3.3,10.0,6.7,24.2,1.6,1.0,19.0,15.9,1.5,1.8,3.3,0.107,-2.1,0.4,-1.7,0.1
Shaun Livingston,PG,30,GSW,2015-16,78,1520,13.8,0.581,0.032,0.245,3.2,8.5,6.0,21.0,1.8,1.3,15.7,14.2,2.9,1.7,4.6,0.145,-0.6,0.1,-0.5,0.6
Shaun Livingston,PG,31,GSW,2016-17,76,1345,10.1,0.568,0.009,0.19,2.4,9.4,6.2,13.5,1.4,1.2,15.3,13.0,1.1,1.6,2.6,0.093,-2.5,0.5,-2.0,0.0
Shaun Livingston,PG,32,GSW,2017-18,71,1129,11.6,0.533,0.015,0.178,3.4,9.2,6.5,16.8,1.5,1.5,13.6,16.6,0.9,0.9,1.8,0.077,-2.6,-0.9,-3.5,-0.4
Shaun Livingston,PG,33,GSW,2018-19,64,967,11.7,0.555,0.01,0.243,4.9,7.9,6.5,14.8,1.5,2.3,14.1,12.0,1.2,0.9,2.0,0.101,-1.9,0.5,-1.5,0.1
Shavlik Randolph,PF,22,PHI,2005-06,57,487,12.6,0.511,0.0,0.732,13.2,18.8,16.0,5.9,2.0,1.9,14.1,14.0,0.5,0.5,1.1,0.105,-2.4,0.0,-2.4,0.0
Shavlik Randolph,PF,23,PHI,2006-07,13,179,15.3,0.503,0.0,0.458,12.8,23.4,18.1,3.7,2.1,4.3,13.5,17.2,0.1,0.3,0.4,0.102,-3.3,1.3,-2.0,0.0
Shavlik Randolph,PF,24,PHI,2007-08,9,27,15.6,0.286,0.0,0.0,39.2,8.9,24.2,17.8,2.0,8.9,12.5,26.7,-0.1,0.0,0.0,-0.012,-0.5,4.4,3.9,0.0
Shavlik Randolph,PF,25,POR,2008-09,10,37,19.4,0.61,0.077,0.308,33.0,27.3,30.2,0.0,0.0,2.1,28.9,26.4,0.0,0.0,0.0,0.041,-3.8,-8.4,-12.2,-0.1
Shavlik Randolph,PF,26,TOT,2009-10,6,53,6.2,0.371,0.0,0.111,15.6,15.6,15.6,3.2,1.0,1.5,13.7,19.5,-0.1,0.1,0.0,-0.013,-7.6,-3.8,-11.3,-0.1
Shavlik Randolph,PF,29,BOS,2012-13,16,198,15.9,0.559,0.0,0.563,17.2,24.3,20.9,3.3,2.1,2.8,14.3,16.7,0.3,0.4,0.7,0.159,-2.0,0.4,-1.6,0.0
Shavlik Randolph,PF,30,PHO,2013-14,14,95,7.7,0.531,0.0,0.786,8.3,21.2,14.8,1.4,1.6,0.8,21.0,11.0,0.0,0.1,0.1,0.06,-4.7,-0.6,-5.3,-0.1
Shavlik Randolph,PF,31,TOT,2014-15,21,126,7.2,0.298,0.143,0.343,13.8,19.3,16.5,4.4,2.0,1.8,6.9,15.1,-0.2,0.2,0.0,-0.004,-5.8,0.0,-5.8,-0.1
Shawn Long,C,24,PHI,2016-17,18,234,24.1,0.595,0.174,0.321,19.3,20.8,20.0,10.7,1.9,3.1,9.5,25.4,0.6,0.3,0.9,0.195,3.4,0.0,3.4,0.3
Shawn Marion,PF,27,PHO,2005-06,81,3263,23.6,0.591,0.212,0.218,8.7,23.6,16.3,6.8,2.5,2.9,7.7,22.3,8.6,5.9,14.6,0.214,2.9,2.3,5.3,5.9
Shawn Marion,SF,28,PHO,2006-07,80,3010,20.8,0.594,0.235,0.232,7.0,22.6,15.2,6.7,2.6,2.8,8.8,19.3,6.7,5.3,12.0,0.191,2.4,3.2,5.5,5.7
Shawn Marion,PF,29,TOT,2007-08,63,2315,19.2,0.57,0.252,0.191,7.1,23.9,16.0,9.4,2.7,2.5,9.2,18.5,3.5,3.9,7.4,0.153,1.6,2.9,4.5,3.8
Shawn Marion,PF,29,PHO,2007-08,47,1713,20.0,0.594,0.289,0.187,6.2,23.1,15.3,8.4,2.8,2.7,7.3,17.6,3.5,3.0,6.5,0.181,2.6,3.1,5.7,3.3
Shawn Marion,PF,29,MIA,2007-08,16,602,17.1,0.503,0.148,0.201,9.8,26.1,17.8,12.1,2.7,2.0,14.0,20.8,0.0,0.9,0.9,0.072,-1.3,2.4,1.1,0.5
Shawn Marion,SF,30,TOT,2008-09,69,2470,16.0,0.522,0.067,0.187,8.6,19.7,14.2,9.3,1.9,2.1,11.0,18.1,2.1,3.1,5.2,0.101,-0.8,1.9,1.1,1.9
Shawn Marion,SF,30,MIA,2008-09,42,1516,15.7,0.522,0.09,0.191,8.4,20.5,14.4,8.2,2.0,2.4,10.4,16.7,1.4,2.2,3.6,0.113,-1.2,2.2,1.1,1.2
Shawn Marion,SF,30,TOR,2008-09,27,954,16.4,0.523,0.038,0.181,9.1,18.4,13.8,10.9,1.7,1.7,11.7,20.2,0.7,1.0,1.6,0.082,-0.3,1.4,1.1,0.7
Shawn Marion,SF,31,DAL,2009-10,75,2385,14.7,0.535,0.024,0.179,7.7,15.2,11.5,7.2,1.5,1.9,10.6,18.1,2.1,2.8,5.0,0.1,-0.9,1.4,0.4,1.5
Shawn Marion,SF,32,DAL,2010-11,80,2253,17.0,0.551,0.04,0.197,9.1,19.2,14.3,8.3,1.6,1.7,12.5,21.5,2.3,3.4,5.6,0.12,-0.7,1.8,1.2,1.8
Shawn Marion,SF,33,DAL,2011-12,63,1919,15.0,0.488,0.105,0.144,8.6,18.6,13.6,11.5,1.8,1.5,12.5,19.0,1.0,2.7,3.7,0.092,-1.1,2.2,1.1,1.5
Shawn Marion,PF,34,DAL,2012-13,67,2010,18.0,0.553,0.106,0.146,8.2,20.6,14.5,13.1,1.9,1.8,12.3,19.0,2.9,2.5,5.3,0.127,0.9,1.9,2.8,2.4
Shawn Marion,SF,35,DAL,2013-14,76,2409,13.7,0.537,0.229,0.092,6.4,17.4,11.9,7.6,1.9,1.3,11.4,15.7,2.2,2.1,4.3,0.086,0.0,1.1,1.1,1.9
Shawn Marion,SF,36,CLE,2014-15,57,1101,11.0,0.489,0.172,0.127,6.8,14.2,10.5,6.9,1.3,1.9,10.5,12.9,0.8,0.9,1.7,0.074,-2.0,0.7,-1.3,0.2
Shawne Williams,SG,20,IND,2006-07,46,556,9.7,0.533,0.325,0.125,6.7,10.6,8.6,6.7,0.6,1.1,12.4,15.5,0.3,0.4,0.7,0.063,-1.6,-1.5,-3.1,-0.2
Shawne Williams,SF,21,IND,2007-08,65,967,12.8,0.522,0.368,0.285,6.0,14.0,9.9,9.8,1.3,2.0,12.2,21.3,0.4,1.0,1.4,0.069,-1.4,-0.9,-2.3,-0.1
Shawne Williams,SF,22,DAL,2008-09,15,170,7.5,0.345,0.304,0.196,13.0,18.1,15.5,1.7,0.6,3.9,7.6,17.8,-0.2,0.2,0.0,-0.012,-5.8,-1.6,-7.4,-0.2
Shawne Williams,PF,24,NYK,2010-11,64,1323,12.2,0.558,0.551,0.127,5.1,15.6,10.3,5.3,1.5,2.8,10.2,15.2,1.4,1.1,2.5,0.089,0.0,-0.4,-0.5,0.5
Shawne Williams,SF,25,NJN,2011-12,25,514,4.9,0.372,0.592,0.075,4.4,11.2,7.7,4.9,1.0,1.6,7.9,14.7,-0.5,0.1,-0.4,-0.041,-3.7,-1.8,-5.5,-0.5
Shawne Williams,PF,27,LAL,2013-14,36,751,9.5,0.503,0.672,0.104,3.6,20.2,11.9,5.7,1.2,2.9,9.5,12.9,0.1,0.6,0.7,0.045,-1.9,0.7,-1.2,0.2
Shawne Williams,SF,28,TOT,2014-15,63,1087,10.5,0.537,0.593,0.133,3.9,14.0,9.0,6.5,1.2,1.6,8.6,14.9,1.1,0.8,1.9,0.084,-0.2,-0.8,-1.0,0.3
Shayne Whittington,PF,23,IND,2014-15,20,108,20.0,0.547,0.143,0.548,10.3,19.3,14.8,9.6,2.4,1.5,8.8,23.9,0.3,0.2,0.4,0.2,0.5,0.0,0.5,0.1
Shayne Whittington,PF,24,IND,2015-16,7,41,7.4,0.463,0.182,0.182,13.4,18.6,16.0,10.9,1.2,2.0,29.6,18.1,-0.1,0.1,0.0,-0.009,-5.4,1.0,-4.5,0.0
Shelden Williams,PF,23,ATL,2006-07,81,1514,12.3,0.518,0.011,0.395,10.3,24.5,17.3,4.8,1.8,2.0,18.3,15.9,0.3,1.9,2.2,0.07,-3.7,0.1,-3.6,-0.6
Shelden Williams,PF,24,TOT,2007-08,64,776,11.9,0.494,0.009,0.495,10.4,20.5,15.5,3.8,1.5,2.1,11.9,17.0,0.4,0.8,1.2,0.072,-3.9,-1.2,-5.0,-0.6
Shelden Williams,PF,24,ATL,2007-08,36,414,9.8,0.445,0.01,0.51,9.6,20.5,15.1,4.0,1.7,2.0,10.3,14.9,0.0,0.5,0.5,0.06,-4.6,-0.5,-5.1,-0.3
Shelden Williams,PF,24,SAC,2007-08,28,362,14.2,0.538,0.009,0.482,11.3,20.5,16.0,3.6,1.3,2.1,13.4,19.4,0.3,0.3,0.7,0.087,-3.0,-1.9,-4.9,-0.3
Shelden Williams,PF,25,TOT,2008-09,45,512,13.7,0.503,0.013,0.401,10.9,24.3,17.5,3.8,2.2,2.7,15.5,19.2,0.0,0.5,0.5,0.048,-4.7,-0.7,-5.3,-0.4
Shelden Williams,PF,25,SAC,2008-09,30,305,12.2,0.521,0.022,0.472,9.5,20.4,14.9,4.2,2.0,2.4,19.5,19.6,-0.1,0.2,0.1,0.014,-5.2,-1.3,-6.5,-0.3
Shelden Williams,PF,25,MIN,2008-09,15,207,16.0,0.479,0.0,0.309,13.1,30.0,21.2,3.2,2.5,3.0,9.4,18.6,0.1,0.3,0.4,0.098,-3.9,0.2,-3.7,-0.1
Shelden Williams,PF,26,BOS,2009-10,54,597,14.1,0.612,0.008,0.81,9.9,19.8,15.0,5.3,1.1,2.8,15.5,15.3,1.1,0.9,2.0,0.162,-2.0,1.0,-1.1,0.1
Shelden Williams,PF,27,TOT,2010-11,59,911,12.3,0.522,0.0,0.341,12.0,22.3,17.3,5.1,1.3,2.1,14.5,14.5,0.9,1.1,1.9,0.102,-2.4,0.5,-1.9,0.0
Shelden Williams,C,28,NJN,2011-12,58,1276,11.9,0.543,0.0,0.517,12.5,19.6,15.9,4.3,2.0,2.3,21.1,11.2,1.1,1.0,2.1,0.078,-2.3,1.2,-1.1,0.3
Sheldon Mac,SG,24,WAS,2016-17,30,287,10.1,0.518,0.4,0.36,1.6,11.7,6.7,7.0,1.4,0.6,5.4,14.0,0.3,0.2,0.5,0.076,-2.1,-1.4,-3.6,-0.1
Shelvin Mack,PG,21,WAS,2011-12,64,779,11.9,0.468,0.191,0.268,1.7,11.7,6.7,26.0,1.9,0.2,16.3,16.9,0.2,0.5,0.7,0.042,-2.2,-1.8,-3.9,-0.4
Shelvin Mack,PG,22,TOT,2012-13,31,416,11.3,0.537,0.389,0.127,0.8,10.0,5.4,26.3,1.9,0.0,20.4,18.5,0.1,0.4,0.5,0.056,-2.1,-1.8,-3.9,-0.2
Shelvin Mack,PG,23,ATL,2013-14,73,1490,13.2,0.51,0.367,0.148,1.6,10.7,6.2,28.8,1.7,0.1,14.3,19.0,1.2,1.2,2.3,0.074,-0.7,-1.7,-2.4,-0.1
Shelvin Mack,PG,24,ATL,2014-15,55,833,13.2,0.489,0.435,0.106,1.1,9.5,5.4,28.6,1.8,0.2,13.8,19.5,0.5,0.8,1.3,0.075,-0.9,-2.2,-3.1,-0.2
Shelvin Mack,PG,25,TOT,2015-16,52,1058,13.6,0.507,0.301,0.147,1.4,12.5,7.0,30.6,1.7,0.2,17.7,23.3,0.2,1.2,1.3,0.061,-0.5,-0.8,-1.2,0.2
Shelvin Mack,PG,26,UTA,2016-17,55,1205,10.9,0.518,0.315,0.202,2.0,9.8,6.0,20.4,1.8,0.2,17.8,19.6,-0.1,1.5,1.4,0.054,-1.7,-0.1,-1.8,0.1
Shelvin Mack,PG,27,ORL,2017-18,69,1365,13.3,0.518,0.336,0.234,1.8,11.6,6.7,29.5,1.9,0.5,16.3,17.6,1.0,1.0,1.9,0.069,-1.2,-1.2,-2.4,-0.1
Shelvin Mack,PG,28,TOT,2018-19,57,1246,10.4,0.489,0.323,0.208,1.6,7.9,4.7,22.6,1.9,0.3,13.0,18.1,-0.2,1.1,0.9,0.034,-2.6,-1.5,-4.1,-0.7
Shelvin Mack,PG,28,MEM,2018-19,53,1204,11.0,0.499,0.329,0.193,1.6,8.0,4.8,23.3,1.9,0.3,12.8,18.0,0.1,1.0,1.1,0.045,-2.2,-1.5,-3.7,-0.5
Shelvin Mack,PG,28,CHO,2018-19,4,42,-6.6,0.251,0.143,0.643,0.0,5.2,2.6,3.0,2.3,0.0,18.2,22.5,-0.3,0.0,-0.3,-0.304,-14.5,-3.0,-17.5,-0.2
Sherron Collins,PG,23,CHA,2010-11,20,66,3.6,0.334,0.4,0.04,0.0,9.2,4.6,19.6,1.6,0.0,13.6,20.9,-0.2,0.0,-0.2,-0.121,-6.9,-3.3,-10.2,-0.1
Sim Bhullar,C,22,SAC,2014-15,3,3,44.3,0.5,0.0,0.0,0.0,36.5,18.9,78.5,0.0,26.3,0.0,29.4,0.0,0.0,0.0,0.389,9.4,17.1,26.6,0.0
Sindarius Thornwell,SG,23,LAC,2017-18,73,1156,8.2,0.519,0.262,0.378,3.2,10.0,6.7,7.8,2.0,1.8,16.3,12.1,0.1,0.9,1.0,0.041,-2.6,1.0,-1.6,0.1
Sindarius Thornwell,SG,24,LAC,2018-19,64,313,5.2,0.485,0.306,0.694,1.7,12.8,7.5,7.2,2.1,1.8,23.8,11.3,-0.3,0.3,0.0,0.004,-5.1,1.1,-4.0,-0.2
Skal Labissiere,PF,20,SAC,2016-17,33,612,16.8,0.577,0.037,0.339,9.7,20.7,15.3,7.5,1.3,1.9,12.9,21.3,0.7,0.5,1.3,0.099,-1.7,-0.9,-2.6,-0.1
Skal Labissière,PF,21,SAC,2017-18,60,1240,14.3,0.513,0.111,0.258,8.7,18.1,13.2,9.1,1.0,3.7,12.5,21.1,0.4,1.0,1.4,0.054,-2.7,0.1,-2.6,-0.2
Skal Labissière,PF,22,TOT,2018-19,22,176,12.6,0.593,0.265,0.347,5.4,20.3,12.8,8.6,1.4,2.8,16.3,16.0,0.1,0.2,0.3,0.089,-2.4,0.6,-1.8,0.0
Skal Labissière,PF,22,SAC,2018-19,13,113,7.0,0.517,0.367,0.367,3.6,18.7,10.9,6.8,0.8,2.3,16.7,15.3,-0.1,0.1,0.0,0.018,-4.7,-0.5,-5.2,-0.1
Skal Labissière,PF,22,POR,2018-19,9,63,22.6,0.716,0.105,0.316,8.7,23.2,16.1,11.9,2.3,3.8,15.6,17.2,0.2,0.1,0.3,0.216,1.7,2.4,4.2,0.1
Smush Parker,PG,24,LAL,2005-06,82,2773,13.4,0.548,0.421,0.231,1.6,9.9,5.7,17.3,2.7,0.4,14.6,16.5,2.8,3.0,5.8,0.1,0.7,0.2,1.0,2.1
Smush Parker,PG,25,LAL,2006-07,82,2457,11.6,0.526,0.383,0.223,2.2,7.6,4.9,14.6,2.5,0.3,15.1,18.6,0.7,1.6,2.3,0.045,-0.3,-1.1,-1.4,0.4
Smush Parker,PG,26,TOT,2007-08,28,592,7.0,0.42,0.424,0.152,0.8,9.4,5.0,23.6,2.1,0.8,18.3,18.9,-1.1,0.4,-0.6,-0.052,-4.2,-1.4,-5.6,-0.5
Smush Parker,PG,26,MIA,2007-08,9,183,5.5,0.386,0.444,0.074,1.3,11.3,6.2,13.3,1.5,1.3,12.5,16.5,-0.3,0.1,-0.2,-0.06,-5.2,-1.0,-6.3,-0.2
Smush Parker,PG,26,LAC,2007-08,19,409,7.6,0.434,0.415,0.185,0.6,8.5,4.5,28.3,2.4,0.6,20.4,19.9,-0.7,0.3,-0.4,-0.048,-3.7,-1.6,-5.3,-0.3
Solomon Alabi,C,22,TOR,2010-11,12,59,2.0,0.189,0.0,0.133,13.7,14.4,14.1,4.6,1.8,2.6,15.9,14.3,-0.2,0.0,-0.2,-0.142,-8.2,0.0,-8.2,-0.1
Solomon Alabi,C,23,TOR,2011-12,14,122,14.2,0.418,0.0,0.222,14.6,30.4,22.6,4.1,0.9,6.0,11.2,17.2,0.0,0.2,0.2,0.083,-5.6,1.5,-4.1,-0.1
Solomon Hill,SF,22,IND,2013-14,28,226,7.6,0.545,0.575,0.175,4.7,15.2,10.2,7.9,1.1,0.7,23.2,11.3,0.0,0.4,0.4,0.08,-3.3,1.0,-2.3,0.0
Solomon Hill,SF,23,IND,2014-15,82,2381,10.2,0.507,0.328,0.304,3.3,11.2,7.3,11.9,1.4,0.6,13.8,15.9,0.9,2.6,3.5,0.072,-1.1,0.8,-0.3,1.0
Solomon Hill,SF,24,IND,2015-16,59,866,12.2,0.543,0.356,0.202,4.9,15.9,10.5,9.6,2.1,1.0,12.7,13.2,0.8,1.3,2.1,0.117,-1.3,1.3,0.0,0.4
Solomon Hill,SF,25,NOP,2016-17,80,2374,8.0,0.527,0.565,0.268,2.3,11.4,6.8,8.1,1.5,1.1,13.3,11.5,0.4,2.3,2.7,0.055,-1.8,1.5,-0.3,1.0
Solomon Hill,SF,26,NOP,2017-18,12,187,4.8,0.332,0.512,0.146,5.4,15.1,10.4,14.4,1.8,0.4,17.1,12.2,-0.2,0.2,-0.1,-0.014,-4.4,0.6,-3.8,-0.1
Solomon Hill,SF,27,NOP,2018-19,44,878,6.8,0.497,0.567,0.18,4.1,11.5,7.8,7.6,1.2,0.9,13.9,10.4,0.1,0.4,0.5,0.029,-2.1,-0.2,-2.3,-0.1
Solomon Jones,PF,22,ATL,2006-07,58,666,12.3,0.587,0.008,0.586,8.7,15.9,12.3,2.7,0.9,4.9,13.4,12.8,1.0,0.7,1.6,0.117,-2.7,0.2,-2.5,-0.1
Solomon Jones,PF,23,ATL,2007-08,35,145,6.8,0.451,0.067,0.667,15.3,18.4,16.9,0.0,1.1,2.6,22.1,15.6,-0.1,0.1,0.0,0.0,-7.3,-4.3,-11.5,-0.3
Solomon Jones,C,24,ATL,2008-09,63,675,12.0,0.655,0.018,0.667,9.1,15.6,12.3,3.4,0.6,3.9,15.8,11.8,1.2,0.7,1.9,0.138,-2.0,0.6,-1.4,0.1
Solomon Jones,C,25,IND,2009-10,52,675,9.9,0.499,0.017,0.403,8.2,15.1,11.6,7.3,1.0,3.9,16.2,16.1,0.0,0.8,0.8,0.058,-4.5,1.4,-3.1,-0.2
Solomon Jones,C,26,IND,2010-11,39,528,8.5,0.469,0.008,0.512,9.5,14.2,11.9,8.5,1.2,3.0,19.1,15.4,-0.2,0.6,0.5,0.042,-4.1,1.6,-2.6,-0.1
Solomon Jones,C,27,TOT,2011-12,21,292,9.1,0.471,0.0,0.377,13.1,10.5,11.8,4.9,1.7,3.1,20.2,14.4,0.0,0.3,0.3,0.042,-3.2,1.2,-2.0,0.0
Solomon Jones,PF,28,NYK,2012-13,2,26,-5.7,0.0,0.0,0.0,4.4,9.3,6.8,0.0,0.0,3.3,75.0,7.2,-0.1,0.0,-0.1,-0.172,-11.7,1.2,-10.5,-0.1
Solomon Jones,PF,29,ORL,2013-14,11,85,5.8,0.373,0.0,0.235,10.6,10.7,10.7,3.4,1.2,1.8,9.6,11.1,0.0,0.1,0.0,0.013,-5.3,-0.2,-5.5,-0.1
Sonny Weems,SG,22,DEN,2008-09,12,55,-3.9,0.333,0.12,0.32,0.0,8.2,4.2,8.7,0.9,0.0,17.4,27.9,-0.3,0.0,-0.3,-0.255,-12.6,-4.5,-17.2,-0.2
Sonny Weems,SG,23,TOR,2009-10,69,1368,12.9,0.533,0.033,0.14,3.7,12.6,8.3,11.6,1.5,1.4,11.8,18.4,0.8,0.5,1.3,0.044,-1.2,-0.7,-1.9,0.0
Sonny Weems,SF,24,TOR,2010-11,59,1413,10.2,0.492,0.119,0.183,3.2,9.8,6.4,11.6,1.2,0.1,13.4,20.3,-0.4,0.0,-0.4,-0.013,-2.3,-2.4,-4.7,-1.0
Sonny Weems,SG,29,TOT,2015-16,43,499,3.7,0.459,0.373,0.136,1.5,10.3,5.8,14.2,1.0,0.2,26.0,13.5,-0.7,0.1,-0.5,-0.053,-5.7,-1.8,-7.6,-0.7
Speedy Claxton,PG,27,NOK,2005-06,71,2019,16.1,0.497,0.086,0.435,2.2,9.3,5.7,29.8,2.9,0.2,14.9,23.8,1.1,2.0,3.0,0.072,0.4,-0.3,0.1,1.0
Speedy Claxton,PG,28,ATL,2006-07,42,1054,7.3,0.363,0.101,0.216,1.4,8.0,4.6,28.1,3.6,0.3,19.8,16.6,-1.8,1.0,-0.7,-0.034,-4.6,-0.5,-5.1,-0.8
Speedy Claxton,PG,30,ATL,2008-09,2,15,5.7,0.317,0.0,0.286,0.0,0.0,0.0,32.4,0.0,0.0,0.0,24.6,0.0,0.0,0.0,-0.083,-8.3,-10.7,-19.1,-0.1
Spencer Dinwiddie,PG,21,DET,2014-15,34,455,10.2,0.394,0.385,0.201,0.9,10.9,5.7,34.9,2.2,1.0,15.2,21.1,-0.3,0.4,0.1,0.009,-2.6,-1.5,-4.2,-0.2
Spencer Dinwiddie,PG,22,DET,2015-16,12,159,8.9,0.423,0.185,0.611,2.6,9.3,5.8,20.9,1.0,0.0,9.3,20.7,0.0,0.1,0.1,0.028,-3.1,-2.0,-5.1,-0.1
Spencer Dinwiddie,PG,23,BRK,2016-17,59,1334,12.7,0.581,0.334,0.526,2.2,10.7,6.5,20.3,1.6,1.3,15.1,14.1,1.9,0.9,2.8,0.101,-0.7,-0.2,-0.9,0.4
Spencer Dinwiddie,PG,24,BRK,2017-18,80,2306,15.9,0.527,0.517,0.32,1.8,10.2,6.0,35.0,1.4,0.7,11.8,20.3,4.3,1.4,5.7,0.118,2.1,-1.8,0.2,1.3
Spencer Dinwiddie,PG,25,BRK,2018-19,68,1914,16.3,0.58,0.447,0.43,1.4,7.6,4.6,25.6,1.0,0.7,13.4,24.9,3.5,1.4,4.8,0.121,1.9,-2.1,-0.2,0.8
Spencer Hawes,C,19,SAC,2007-08,71,931,11.6,0.486,0.066,0.182,8.8,20.1,14.6,7.7,0.8,3.3,14.0,19.2,-0.2,0.8,0.6,0.033,-3.9,-0.5,-4.4,-0.6
Spencer Hawes,C,20,SAC,2008-09,77,2259,13.0,0.509,0.144,0.17,7.6,20.9,14.2,11.3,1.0,3.1,15.7,20.2,-0.4,1.2,0.8,0.016,-2.4,0.2,-2.1,-0.1
Spencer Hawes,C,21,SAC,2009-10,72,1904,13.8,0.507,0.131,0.159,8.6,17.7,13.1,13.2,0.9,3.2,15.5,19.6,0.5,1.6,2.1,0.054,-1.4,1.1,-0.3,0.8
Spencer Hawes,C,22,PHI,2010-11,81,1718,12.8,0.481,0.065,0.155,8.7,22.5,15.6,11.2,0.9,3.1,13.8,18.9,-0.3,2.6,2.4,0.066,-3.1,1.8,-1.3,0.3
Spencer Hawes,C,23,PHI,2011-12,37,920,18.1,0.517,0.038,0.172,9.4,23.3,16.3,17.6,0.9,3.9,13.8,20.3,1.1,1.9,2.9,0.152,-0.6,3.3,2.7,1.1
Spencer Hawes,C,24,PHI,2012-13,82,2233,16.0,0.514,0.107,0.194,8.5,21.7,14.9,13.5,0.6,3.9,13.0,20.9,1.7,2.8,4.5,0.096,-1.5,1.5,-0.1,1.1
Spencer Hawes,C,25,TOT,2013-14,80,2470,15.7,0.554,0.349,0.172,5.6,24.2,14.6,15.8,0.9,3.1,15.4,19.6,2.2,2.3,4.5,0.088,-0.4,0.9,0.5,1.6
Spencer Hawes,PF,26,LAC,2014-15,73,1274,9.8,0.478,0.424,0.164,2.7,19.7,11.4,10.0,1.0,3.4,12.1,17.9,-0.3,1.5,1.2,0.044,-2.9,1.0,-1.9,0.0
Spencer Hawes,PF,27,CHO,2015-16,57,1035,12.4,0.508,0.333,0.212,5.3,20.6,12.9,16.3,1.1,2.1,14.8,17.1,0.6,1.4,1.9,0.09,-1.9,1.3,-0.6,0.4
Spencer Hawes,PF,28,TOT,2016-17,54,797,15.6,0.562,0.292,0.188,5.3,21.5,13.4,16.5,0.9,3.3,14.0,19.8,0.7,1.0,1.7,0.102,-1.2,0.8,-0.5,0.3
Stacey Augmon,SF,37,ORL,2005-06,36,385,7.6,0.412,0.0,0.411,5.9,10.9,8.5,9.0,1.7,1.2,11.3,12.0,0.0,0.3,0.3,0.033,-3.5,0.4,-3.1,-0.1
Stanislav Medvedenko,PF,26,LAL,2005-06,2,6,11.0,0.5,0.0,0.0,0.0,0.0,0.0,28.4,0.0,0.0,0.0,15.2,0.0,0.0,0.0,0.114,-3.7,-10.2,-13.8,0.0
Stanislav Medvedenko,C,27,ATL,2006-07,14,81,13.7,0.556,0.069,0.69,5.9,15.1,10.4,4.4,0.0,1.9,11.7,24.3,0.1,0.0,0.2,0.107,-3.3,-4.8,-8.1,-0.1
Stanley Johnson,SF,19,DET,2015-16,73,1687,8.7,0.46,0.342,0.17,3.6,16.7,9.9,10.8,1.6,0.5,15.0,19.6,-1.3,1.9,0.6,0.018,-3.1,0.5,-2.6,-0.2
Stanley Johnson,SF,20,DET,2016-17,77,1371,7.2,0.436,0.422,0.145,2.8,12.7,7.5,10.5,2.1,1.5,15.5,14.8,-1.4,1.8,0.4,0.012,-3.8,1.8,-2.0,0.0
Stanley Johnson,SF,21,DET,2017-18,69,1894,9.0,0.48,0.418,0.259,1.9,13.0,7.3,8.5,2.5,0.7,11.0,16.4,-0.6,2.4,1.8,0.046,-2.6,1.1,-1.5,0.2
Stanley Johnson,SF,22,TOT,2018-19,66,1208,9.6,0.485,0.489,0.145,3.0,16.9,9.7,10.6,2.4,1.0,14.7,19.4,-1.1,1.6,0.5,0.021,-3.2,0.6,-2.6,-0.2
Stanley Johnson,SF,22,DET,2018-19,48,961,9.8,0.482,0.519,0.146,2.7,17.7,9.9,9.4,2.5,1.1,12.9,19.1,-0.7,1.4,0.7,0.034,-3.0,0.9,-2.1,0.0
Stanley Johnson,SF,22,NOP,2018-19,18,247,8.9,0.496,0.374,0.143,3.8,13.7,8.8,15.1,2.3,0.3,21.2,20.4,-0.3,0.2,-0.1,-0.028,-3.8,-0.9,-4.7,-0.2
Stephen Curry,PG,21,GSW,2009-10,80,2896,16.3,0.568,0.332,0.175,1.8,12.0,6.8,24.6,2.5,0.5,16.5,21.8,3.0,1.6,4.7,0.077,1.8,-0.7,1.0,2.2
Stephen Curry,PG,22,GSW,2010-11,74,2489,19.4,0.595,0.325,0.216,2.3,10.9,6.5,28.1,2.2,0.6,16.4,24.4,5.4,1.3,6.6,0.128,3.5,-1.6,1.9,2.4
Stephen Curry,PG,23,GSW,2011-12,26,732,21.2,0.605,0.409,0.159,2.3,11.3,6.8,32.3,2.8,0.8,17.0,24.0,1.8,0.4,2.2,0.144,4.7,-1.3,3.4,1.0
Stephen Curry,PG,24,GSW,2012-13,78,2983,21.3,0.589,0.432,0.21,2.3,9.1,5.8,31.1,2.1,0.3,13.7,26.4,8.4,2.8,11.2,0.18,6.3,-0.9,5.4,5.6
Stephen Curry,PG,25,GSW,2013-14,78,2846,24.1,0.61,0.445,0.252,1.8,10.9,6.4,39.9,2.2,0.4,16.1,28.3,9.3,4.0,13.4,0.225,7.4,0.0,7.4,6.7
Stephen Curry,PG,26,GSW,2014-15,80,2613,28.0,0.638,0.482,0.251,2.4,11.4,7.0,38.6,3.0,0.5,14.3,28.9,11.5,4.1,15.7,0.288,9.6,0.3,9.9,7.9
Stephen Curry,PG,27,GSW,2015-16,79,2700,31.5,0.669,0.554,0.25,2.9,13.6,8.6,33.7,3.0,0.4,12.9,32.6,13.8,4.1,17.9,0.318,12.4,0.1,12.5,9.8
Stephen Curry,PG,28,GSW,2016-17,79,2638,24.6,0.624,0.547,0.251,2.7,11.4,7.3,31.2,2.6,0.5,13.0,30.1,8.7,3.9,12.6,0.229,7.8,-0.4,7.3,6.2
Stephen Curry,PG,29,GSW,2017-18,51,1631,28.2,0.675,0.58,0.35,2.7,14.4,9.0,30.3,2.4,0.4,13.3,31.0,7.2,1.9,9.1,0.267,9.9,-1.3,8.6,4.4
Stephen Curry,PG,30,GSW,2018-19,69,2331,24.4,0.641,0.604,0.214,2.2,14.2,8.4,24.2,1.9,0.9,11.6,30.4,7.2,2.5,9.7,0.199,7.7,-1.4,6.3,4.9
Stephen Graham,SG,23,TOT,2005-06,22,175,6.9,0.479,0.185,0.278,3.4,14.8,9.1,6.9,1.5,0.9,17.7,19.6,-0.2,0.2,0.0,0.009,-5.5,-0.9,-6.4,-0.2
Stephen Graham,SG,23,HOU,2005-06,6,38,9.7,0.479,0.313,0.25,3.1,18.2,10.8,15.0,2.9,0.0,22.0,28.6,-0.1,0.1,0.0,-0.034,-5.4,-0.4,-5.8,0.0
Stephen Graham,SG,23,CHI,2005-06,3,20,2.4,0.425,0.8,0.4,0.0,17.1,8.6,7.1,0.0,0.0,14.5,15.5,0.0,0.0,0.0,-0.002,-5.1,-2.0,-7.1,0.0
Stephen Graham,SG,23,CLE,2005-06,13,117,6.7,0.487,0.03,0.273,4.0,13.3,8.6,4.2,1.4,1.3,15.9,17.4,-0.1,0.1,0.1,0.025,-5.6,-0.8,-6.4,-0.1
Stephen Graham,SG,24,POR,2006-07,14,165,5.4,0.512,0.275,0.225,4.4,11.5,7.9,4.9,1.3,0.5,22.8,16.2,-0.2,0.1,-0.1,-0.027,-4.2,-1.6,-5.8,-0.2
Stephen Graham,SF,25,IND,2007-08,22,128,21.9,0.669,0.241,0.276,3.3,15.6,9.3,13.5,1.5,0.6,13.3,25.4,0.3,0.1,0.4,0.167,2.0,-2.4,-0.4,0.1
Stephen Graham,SG,26,IND,2008-09,52,684,8.5,0.498,0.258,0.242,3.4,12.2,7.7,7.3,0.7,0.4,13.7,20.9,-0.4,0.4,0.0,0.001,-3.8,-2.9,-6.7,-0.8
Stephen Graham,SG,27,CHA,2009-10,70,804,11.2,0.551,0.208,0.271,3.7,16.3,10.1,5.0,1.3,1.0,11.8,17.6,0.4,1.2,1.6,0.094,-3.1,-0.6,-3.7,-0.3
Stephen Graham,SG,28,NJN,2010-11,59,959,4.4,0.457,0.105,0.19,2.0,13.4,7.6,6.5,0.8,0.1,14.9,12.3,-0.7,0.4,-0.3,-0.014,-5.3,-0.7,-6.0,-0.9
Stephen Jackson,SG,27,IND,2005-06,81,2910,13.6,0.512,0.295,0.297,2.0,10.1,6.2,14.2,1.9,1.1,13.5,24.0,0.5,3.9,4.4,0.073,-0.5,0.7,0.2,1.6
Stephen Jackson,SF,28,TOT,2006-07,75,2479,14.4,0.54,0.329,0.317,2.7,7.5,5.0,18.8,1.7,1.0,14.5,22.1,2.3,1.7,4.1,0.079,0.6,-1.2,-0.6,0.9
Stephen Jackson,SG,28,IND,2006-07,37,1186,13.1,0.527,0.321,0.34,1.6,7.8,4.6,16.7,1.4,1.3,14.1,21.7,0.7,1.0,1.7,0.069,-0.2,-1.1,-1.3,0.2
Stephen Jackson,SF,28,GSW,2006-07,38,1293,15.7,0.55,0.337,0.298,3.7,7.2,5.4,20.6,1.9,0.8,14.9,22.5,1.6,0.8,2.4,0.089,1.4,-1.3,0.1,0.7
Stephen Jackson,SF,29,GSW,2007-08,73,2855,14.9,0.536,0.416,0.307,2.4,9.8,6.0,15.2,1.6,0.7,12.6,23.1,3.2,1.4,4.6,0.077,1.5,-1.4,0.1,1.5
Stephen Jackson,SF,30,GSW,2008-09,59,2339,16.1,0.53,0.306,0.357,3.3,10.8,7.1,25.6,1.8,0.9,16.6,25.2,1.5,0.7,2.2,0.045,1.7,-1.5,0.2,1.3
Stephen Jackson,SG,31,TOT,2009-10,81,3129,15.6,0.518,0.277,0.306,3.0,12.2,7.7,17.7,2.2,1.1,13.9,27.5,0.5,4.6,5.0,0.077,0.3,0.5,0.8,2.2
Stephen Jackson,SG,32,CHA,2010-11,67,2405,14.6,0.52,0.339,0.288,2.7,12.7,7.7,18.4,1.8,0.9,14.9,27.4,-0.2,2.1,1.9,0.039,0.6,-0.8,-0.2,1.1
Stephen Jackson,SF,33,TOT,2011-12,47,1212,10.7,0.485,0.4,0.268,2.0,13.1,7.6,14.6,2.3,0.8,17.8,21.3,-0.7,1.3,0.6,0.025,-1.7,0.1,-1.6,0.1
Stephen Jackson,SF,34,SAS,2012-13,55,1075,8.0,0.473,0.515,0.212,2.5,13.5,8.3,10.7,1.8,0.9,17.6,18.7,-1.2,1.5,0.3,0.013,-3.0,0.6,-2.4,-0.1
Stephen Jackson,SF,35,LAC,2013-14,9,107,0.1,0.27,0.538,0.154,2.2,8.0,5.2,6.2,2.8,0.7,17.8,13.9,-0.3,0.1,-0.2,-0.099,-6.8,0.9,-5.9,-0.1
Stephen Zimmerman,C,20,ORL,2016-17,19,108,7.3,0.346,0.0,0.161,10.8,24.9,17.6,5.3,0.9,3.7,8.3,14.8,-0.1,0.1,0.0,-0.005,-7.8,0.4,-7.3,-0.1
Stephon Marbury,PG,28,NYK,2005-06,60,2193,16.4,0.532,0.134,0.421,1.4,8.4,4.9,31.7,1.5,0.1,14.6,22.2,3.5,0.3,3.9,0.084,2.0,-2.3,-0.3,0.9
Stephon Marbury,PG,29,NYK,2006-07,74,2748,15.3,0.539,0.362,0.405,1.6,7.6,4.6,25.2,1.4,0.3,13.8,21.5,4.8,1.1,5.9,0.103,2.2,-2.1,0.1,1.5
Stephon Marbury,PG,30,NYK,2007-08,24,805,13.8,0.527,0.279,0.438,2.3,6.1,4.2,23.1,1.4,0.2,13.2,20.3,1.0,0.1,1.1,0.066,0.8,-2.5,-1.7,0.1
Stephon Marbury,PG,31,BOS,2008-09,23,414,4.4,0.377,0.225,0.117,0.6,7.3,4.1,26.6,1.3,0.6,24.1,17.3,-0.9,0.5,-0.3,-0.038,-6.2,-1.1,-7.3,-0.6
Sterling Brown,SG,22,MIL,2017-18,54,776,9.1,0.503,0.444,0.117,4.1,17.5,10.8,4.5,2.0,1.4,10.4,14.0,0.0,0.7,0.7,0.043,-3.1,-1.0,-4.0,-0.4
Sterling Brown,SG,23,MIL,2018-19,58,1034,10.9,0.563,0.471,0.135,3.0,14.4,9.0,10.7,1.1,0.7,12.2,15.2,0.7,1.4,2.1,0.098,-1.6,0.0,-1.6,0.1
Steve Blake,PG,25,POR,2005-06,68,1781,14.5,0.549,0.391,0.194,1.7,8.2,4.9,29.0,1.3,0.2,14.0,15.8,3.0,-0.2,2.8,0.076,1.5,-3.2,-1.7,0.1
Steve Blake,PG,26,TOT,2006-07,82,2225,9.9,0.491,0.409,0.126,1.1,7.5,4.3,26.1,1.4,0.3,19.4,13.0,1.0,1.1,2.1,0.045,-1.4,-1.7,-3.1,-0.6
Steve Blake,PG,26,MIL,2006-07,33,583,6.8,0.435,0.527,0.155,1.4,7.8,4.5,20.3,0.9,0.4,16.9,12.8,-0.1,0.0,-0.1,-0.008,-2.8,-3.0,-5.8,-0.6
Steve Blake,PG,26,DEN,2006-07,49,1642,11.0,0.511,0.368,0.116,1.0,7.4,4.3,28.2,1.5,0.2,20.2,13.1,1.1,1.1,2.2,0.064,-0.9,-1.3,-2.1,-0.1
Steve Blake,PG,27,POR,2007-08,81,2424,12.0,0.518,0.466,0.1,1.5,7.9,4.7,27.1,1.2,0.1,14.5,15.3,2.5,1.3,3.8,0.075,0.6,-1.4,-0.8,0.7
Steve Blake,PG,28,POR,2008-09,69,2188,14.4,0.557,0.507,0.116,1.6,8.4,4.9,25.1,1.7,0.1,13.7,17.0,4.1,1.7,5.8,0.128,2.7,-1.1,1.7,2.0
Steve Blake,PG,29,TOT,2009-10,80,2159,11.6,0.539,0.563,0.092,1.2,9.4,5.2,26.9,1.4,0.2,19.1,14.5,1.9,1.4,3.3,0.074,0.1,-1.6,-1.5,0.3
Steve Blake,PG,30,LAL,2010-11,79,1581,7.5,0.5,0.631,0.098,1.4,9.5,5.6,15.0,1.3,0.1,18.6,11.3,0.3,1.5,1.8,0.055,-1.9,-0.4,-2.3,-0.1
Steve Blake,PG,31,LAL,2011-12,53,1237,8.5,0.493,0.59,0.101,0.9,6.6,3.8,21.0,1.7,0.1,20.5,13.0,0.2,0.8,1.0,0.04,-1.4,-1.4,-2.9,-0.3
Steve Blake,PG,32,LAL,2012-13,45,1175,11.7,0.573,0.633,0.13,2.0,10.1,6.2,21.9,1.5,0.4,17.8,13.2,1.6,0.8,2.4,0.097,0.7,-0.7,0.0,0.6
Steve Blake,PG,33,TOT,2013-14,55,1498,11.0,0.508,0.595,0.122,0.9,10.4,5.7,28.8,1.8,0.4,21.5,13.8,0.7,1.1,1.8,0.058,-0.9,-0.7,-1.6,0.2
Steve Blake,PG,34,POR,2014-15,81,1529,9.5,0.507,0.67,0.125,1.1,8.3,4.8,26.2,1.4,0.2,23.2,13.2,0.7,1.4,2.1,0.066,-1.2,-0.9,-2.1,0.0
Steve Blake,PG,35,DET,2015-16,58,986,9.8,0.51,0.629,0.083,1.0,9.2,4.9,29.5,1.2,0.4,24.6,14.6,0.3,0.8,1.1,0.053,-1.8,-1.8,-3.5,-0.4
Steve Francis,PG,28,TOT,2005-06,70,2393,15.2,0.534,0.108,0.522,3.9,10.9,7.5,24.6,1.7,0.6,18.5,22.6,2.2,1.4,3.6,0.073,0.6,-0.5,0.1,1.2
Steve Francis,PG,28,ORL,2005-06,46,1734,15.9,0.532,0.122,0.504,4.4,11.0,7.8,25.7,1.6,0.5,18.2,23.4,1.7,1.2,2.9,0.081,1.1,-0.3,0.7,1.2
Steve Francis,SG,28,NYK,2005-06,24,659,13.4,0.542,0.068,0.574,2.6,10.6,6.5,21.7,1.8,0.7,19.6,20.4,0.4,0.2,0.7,0.05,-0.8,-0.9,-1.7,0.0
Steve Francis,SG,29,NYK,2006-07,44,1237,15.1,0.57,0.324,0.615,3.2,11.8,7.5,22.4,1.8,0.8,18.7,19.7,2.0,0.9,2.9,0.113,1.1,-0.5,0.7,0.8
Steve Francis,PG,30,HOU,2007-08,10,199,9.1,0.41,0.298,0.404,4.6,8.4,6.5,22.7,2.4,1.8,17.3,18.6,-0.2,0.3,0.2,0.039,-3.5,1.5,-2.0,0.0
Steve Nash,PG,31,PHO,2005-06,79,2796,23.3,0.632,0.324,0.264,1.9,11.1,6.6,44.4,1.1,0.3,19.0,23.3,10.3,2.1,12.4,0.212,5.4,-1.6,3.7,4.0
Steve Nash,PG,32,PHO,2006-07,76,2682,23.8,0.654,0.353,0.254,1.4,9.9,5.8,50.1,1.1,0.2,21.0,22.9,10.8,1.7,12.6,0.225,6.1,-2.3,3.8,3.9
Steve Nash,PG,33,PHO,2007-08,81,2780,21.1,0.641,0.396,0.255,1.2,9.6,5.7,47.3,0.9,0.1,21.6,22.0,9.0,1.4,10.5,0.181,4.8,-3.2,1.6,2.6
Steve Nash,PG,34,PHO,2008-09,74,2484,19.5,0.615,0.289,0.247,0.9,9.2,5.2,42.4,1.1,0.3,20.8,21.1,6.7,0.5,7.3,0.14,3.5,-3.4,0.0,1.3
Steve Nash,PG,35,PHO,2009-10,81,2660,21.6,0.615,0.295,0.228,1.5,9.4,5.7,50.9,0.8,0.3,21.4,22.9,9.1,0.8,9.9,0.178,4.9,-3.1,1.8,2.6
Steve Nash,PG,36,PHO,2010-11,75,2497,20.8,0.601,0.253,0.307,1.8,10.2,6.0,53.1,1.0,0.1,22.4,21.4,7.3,0.7,7.9,0.153,3.6,-3.0,0.6,1.6
Steve Nash,PG,37,PHO,2011-12,62,1961,20.3,0.625,0.254,0.256,1.5,9.1,5.3,53.1,1.0,0.3,27.1,19.6,5.2,0.6,5.9,0.144,2.9,-3.5,-0.5,0.7
Steve Nash,PG,38,LAL,2012-13,50,1627,16.0,0.605,0.274,0.244,1.8,7.7,4.8,32.8,0.9,0.2,19.3,17.8,3.7,0.6,4.3,0.127,1.5,-2.6,-1.1,0.4
Steve Nash,PG,39,LAL,2013-14,15,313,12.2,0.488,0.255,0.255,1.4,8.5,4.9,40.3,1.1,0.5,22.9,18.9,0.1,0.0,0.1,0.017,-2.5,-3.7,-6.2,-0.3
Steve Novak,SF,23,HOU,2006-07,35,191,7.7,0.501,0.78,0.04,2.4,13.2,7.8,4.9,1.4,0.0,7.3,13.4,0.1,0.3,0.4,0.091,-2.3,-0.6,-2.9,0.0
Steve Novak,SF,24,HOU,2007-08,35,264,17.3,0.651,0.696,0.039,1.7,13.0,7.5,3.9,0.4,0.8,3.7,18.7,0.7,0.3,1.1,0.196,2.6,-2.8,-0.2,0.1
Steve Novak,PF,25,LAC,2008-09,71,1161,13.5,0.606,0.722,0.058,1.8,10.9,6.2,5.8,0.9,0.3,5.4,16.8,2.0,0.2,2.2,0.092,1.6,-3.5,-1.9,0.0
Steve Novak,SF,26,LAC,2009-10,54,362,8.3,0.505,0.657,0.083,0.3,10.3,5.3,2.6,1.0,0.4,1.8,14.2,0.2,0.1,0.3,0.043,-2.2,-3.2,-5.4,-0.3
Steve Novak,SF,27,TOT,2010-11,30,215,17.8,0.737,0.687,0.119,2.2,12.6,7.6,2.2,0.2,1.7,5.4,16.0,0.7,0.2,0.9,0.196,3.3,-2.9,0.4,0.1
Steve Novak,PF,28,NYK,2011-12,54,1020,15.9,0.684,0.837,0.077,1.0,10.9,5.9,2.0,0.8,0.7,5.7,16.2,2.9,0.9,3.9,0.181,3.7,-2.7,1.1,0.8
Steve Novak,SF,29,NYK,2012-13,81,1641,11.3,0.602,0.816,0.077,1.2,10.0,5.4,3.3,0.9,0.4,2.6,13.0,3.2,0.8,4.0,0.116,2.0,-2.0,0.0,0.8
Steve Novak,PF,30,TOR,2013-14,54,540,11.1,0.599,0.836,0.041,1.7,10.8,6.3,3.8,1.2,0.6,3.3,12.9,1.0,0.5,1.4,0.127,1.1,-1.7,-0.5,0.2
Steve Novak,SF,31,TOT,2014-15,35,197,8.6,0.554,0.857,0.036,1.1,11.4,6.3,8.6,0.0,0.8,8.1,14.1,0.2,0.1,0.3,0.075,-0.2,-3.2,-3.4,-0.1
Steve Novak,PF,32,TOT,2015-16,10,44,14.4,0.651,0.833,0.056,0.0,12.0,6.2,0.0,0.0,0.0,5.1,19.2,0.1,0.0,0.1,0.121,1.3,-8.0,-6.6,-0.1
Steve Novak,PF,33,MIL,2016-17,8,22,1.3,0.357,0.857,0.0,0.0,15.7,7.9,0.0,0.0,0.0,0.0,14.5,0.0,0.0,0.0,-0.075,-6.9,-6.7,-13.6,-0.1
Steven Adams,C,20,OKC,2013-14,81,1197,11.2,0.541,0.0,0.735,14.1,17.1,15.6,4.9,1.7,3.9,22.5,11.7,0.9,1.9,2.9,0.114,-2.1,2.4,0.3,0.7
Steven Adams,C,21,OKC,2014-15,70,1771,14.1,0.549,0.005,0.514,12.2,19.3,15.8,5.5,1.1,3.8,16.8,14.3,1.9,2.2,4.1,0.111,-1.4,1.8,0.4,1.1
Steven Adams,C,22,OKC,2015-16,80,2014,15.5,0.621,0.0,0.46,12.5,16.1,14.4,4.3,1.0,3.3,14.1,12.6,4.2,2.3,6.5,0.155,0.8,1.3,2.1,2.1
Steven Adams,C,23,OKC,2016-17,80,2389,16.5,0.589,0.002,0.392,13.0,15.4,14.2,5.4,1.8,2.6,16.0,16.2,3.3,3.1,6.5,0.13,-0.7,1.2,0.6,1.5
Steven Adams,C,24,OKC,2017-18,76,2487,20.6,0.63,0.003,0.402,16.6,13.9,15.3,5.5,1.8,2.8,13.3,16.7,6.7,3.0,9.7,0.187,2.2,1.1,3.3,3.3
Steven Adams,C,25,OKC,2018-19,80,2669,18.5,0.591,0.002,0.361,14.7,14.8,14.7,6.6,2.0,2.4,12.6,16.4,5.1,4.0,9.1,0.163,0.6,2.1,2.7,3.2
Steven Hill,PF,23,OKC,2008-09,1,2,88.3,1.0,0.0,0.0,100.0,58.6,86.4,0.0,0.0,0.0,0.0,22.1,0.0,0.0,0.0,0.873,26.1,-19.2,6.8,0.0
Steven Hunter,C,24,PHI,2005-06,69,1312,13.9,0.598,0.0,0.474,9.8,14.4,12.1,2.1,0.5,4.4,15.4,14.4,1.5,1.0,2.5,0.09,-2.4,-0.5,-2.9,-0.3
Steven Hunter,PF,25,PHI,2006-07,70,1605,12.3,0.573,0.0,0.463,8.6,16.5,12.5,2.6,0.4,3.7,14.2,13.2,1.3,1.5,2.8,0.085,-2.4,0.5,-1.9,0.1
Steven Hunter,C,26,DEN,2007-08,19,120,8.6,0.53,0.0,0.714,9.2,16.8,13.1,0.0,0.0,3.6,16.0,15.5,0.0,0.1,0.1,0.043,-6.6,-3.8,-10.4,-0.3
Steven Hunter,C,28,MEM,2009-10,21,158,11.6,0.45,0.0,0.837,13.3,17.8,15.5,0.0,0.3,4.8,13.3,18.8,-0.1,0.1,0.1,0.018,-6.6,-4.2,-10.9,-0.4
Steven Smith,PF,23,PHI,2006-07,8,28,-1.8,0.282,0.0,0.25,4.3,21.4,12.9,0.0,1.9,0.0,18.4,18.0,-0.1,0.0,-0.1,-0.154,-13.2,-4.0,-17.2,-0.1
Stromile Swift,C,26,HOU,2005-06,66,1344,14.6,0.533,0.004,0.456,9.1,16.1,12.7,3.6,1.5,3.0,14.2,22.7,0.4,2.1,2.5,0.091,-3.6,0.1,-3.4,-0.5
Stromile Swift,C,27,MEM,2006-07,54,1029,14.2,0.517,0.014,0.387,9.9,19.2,14.5,2.8,1.5,4.6,14.6,20.8,0.2,0.8,1.0,0.047,-3.6,-0.6,-4.2,-0.6
Stromile Swift,PF,28,TOT,2007-08,56,844,14.8,0.548,0.008,0.411,8.5,18.3,13.4,5.1,0.9,4.8,14.0,19.3,0.6,0.8,1.4,0.078,-3.5,0.1,-3.4,-0.3
Stromile Swift,PF,28,MEM,2007-08,35,549,15.9,0.56,0.011,0.458,9.3,17.1,13.2,6.6,0.9,4.8,15.5,20.4,0.4,0.5,0.9,0.079,-2.6,0.4,-2.2,0.0
Stromile Swift,PF,28,NJN,2007-08,21,295,12.7,0.523,0.0,0.318,7.1,20.5,13.7,2.3,0.9,4.7,10.7,17.4,0.1,0.3,0.5,0.074,-5.3,-0.4,-5.7,-0.3
Stromile Swift,PF,29,TOT,2008-09,19,185,6.8,0.46,0.018,0.464,10.4,18.6,14.6,2.4,1.1,3.3,19.2,20.3,-0.3,0.2,-0.1,-0.033,-6.8,-1.7,-8.6,-0.3
Stromile Swift,PF,29,NJN,2008-09,6,64,6.6,0.58,0.0,0.733,9.2,15.1,12.1,2.6,0.0,2.6,26.1,19.6,-0.1,0.0,0.0,-0.026,-6.2,-2.6,-8.9,-0.1
Stromile Swift,PF,29,PHO,2008-09,13,121,6.8,0.41,0.024,0.366,11.0,20.4,15.9,2.3,1.7,3.6,15.9,20.6,-0.2,0.1,-0.1,-0.037,-7.1,-1.3,-8.4,-0.2
Stéphane Lasme,PF,25,TOT,2007-08,16,303,11.7,0.488,0.0,0.451,10.1,10.8,10.5,1.6,2.3,5.8,15.0,15.6,-0.1,0.3,0.3,0.041,-4.8,1.9,-2.8,-0.1
Stéphane Lasme,SF,25,GSW,2007-08,1,0,,,,,,,,,,,,,0.0,0.0,0.0,,-6.0,-0.4,-6.4,0.0
Stéphane Lasme,PF,25,MIA,2007-08,15,303,11.7,0.488,0.0,0.451,10.1,10.8,10.5,1.6,2.3,5.8,15.0,15.6,-0.1,0.3,0.3,0.041,-4.8,1.9,-2.8,-0.1
Sun Yue,SG,23,LAL,2008-09,10,28,-8.6,0.273,0.545,0.0,0.0,0.0,0.0,9.8,1.8,2.8,21.4,22.0,-0.2,0.0,-0.1,-0.226,-11.4,-3.7,-15.2,-0.1
Sundiata Gaines,PG,23,UTA,2009-10,32,217,17.3,0.518,0.317,0.561,3.4,12.2,7.9,28.0,2.8,0.0,12.0,24.0,0.3,0.3,0.5,0.121,1.2,-1.1,0.1,0.1
Sundiata Gaines,PG,24,TOT,2010-11,24,301,11.3,0.459,0.362,0.343,4.9,10.0,7.4,22.8,2.8,0.3,18.3,22.1,-0.3,0.2,-0.1,-0.015,-1.6,-1.3,-2.9,-0.1
Sundiata Gaines,SG,25,NJN,2011-12,57,793,15.0,0.465,0.303,0.354,3.8,12.2,7.9,27.2,3.7,0.2,14.2,21.1,0.4,0.6,1.0,0.059,-0.2,-0.6,-0.8,0.2
Sviatoslav Mykhailiuk,SF,21,TOT,2018-19,42,440,6.0,0.447,0.636,0.143,2.2,6.2,4.2,10.9,1.5,0.2,12.4,16.0,-0.4,0.3,-0.1,-0.012,-3.6,-2.1,-5.7,-0.4
Sviatoslav Mykhailiuk,SF,21,LAL,2018-19,39,420,5.8,0.451,0.644,0.152,2.0,6.3,4.2,10.1,1.4,0.2,12.4,15.9,-0.4,0.3,-0.1,-0.013,-3.7,-2.1,-5.7,-0.4
Sviatoslav Mykhailiuk,SF,21,DET,2018-19,3,20,9.8,0.375,0.5,0.0,5.3,5.7,5.5,28.5,2.5,0.0,11.1,19.4,0.0,0.0,0.0,0.016,-2.7,-2.0,-4.7,0.0
T.J. Ford,PG,22,MIL,2005-06,72,2557,13.1,0.489,0.132,0.314,2.9,11.7,7.2,29.8,2.1,0.2,19.6,20.0,0.4,2.1,2.5,0.047,-0.9,0.2,-0.8,0.8
T.J. Ford,PG,23,TOR,2006-07,75,2243,18.2,0.508,0.076,0.325,2.7,9.7,6.2,44.8,2.3,0.3,18.3,26.1,2.0,2.3,4.3,0.091,1.1,-0.5,0.6,1.5
T.J. Ford,PG,24,TOR,2007-08,51,1199,20.3,0.533,0.097,0.239,2.3,7.7,4.9,44.4,2.4,0.0,15.0,26.8,2.1,1.1,3.3,0.13,2.7,-1.7,0.9,0.9
T.J. Ford,PG,25,IND,2008-09,74,2258,16.6,0.533,0.114,0.308,2.9,9.8,6.3,27.6,2.0,0.5,14.8,23.5,2.6,1.7,4.3,0.092,0.7,-0.9,-0.2,1.0
T.J. Ford,PG,26,IND,2009-10,47,1189,13.4,0.507,0.12,0.323,3.7,10.0,6.8,24.8,1.8,0.7,15.9,21.0,0.3,1.1,1.4,0.058,-1.5,-0.3,-1.8,0.1
T.J. Ford,PG,27,IND,2010-11,41,773,9.9,0.434,0.136,0.203,2.5,9.1,5.8,28.4,2.3,0.8,19.7,18.3,-0.7,0.8,0.2,0.011,-3.5,-0.3,-3.8,-0.3
T.J. Ford,PG,28,SAS,2011-12,14,191,11.0,0.519,0.186,0.326,1.8,8.8,5.4,32.7,2.4,0.8,31.9,17.2,0.0,0.2,0.2,0.053,-3.1,-0.6,-3.6,-0.1
T.J. Leaf,PF,20,IND,2017-18,53,459,10.7,0.545,0.309,0.118,7.2,13.0,10.1,2.8,0.5,0.8,6.5,14.9,0.5,0.3,0.8,0.082,-1.9,-2.9,-4.8,-0.3
T.J. Leaf,PF,21,IND,2018-19,58,522,16.9,0.572,0.169,0.169,9.3,17.1,13.3,6.9,0.8,3.2,5.8,17.5,0.9,0.7,1.6,0.148,-1.0,0.0,-1.0,0.1
T.J. McConnell,PG,23,PHI,2015-16,81,1606,14.5,0.511,0.192,0.088,2.8,14.5,8.5,37.2,2.9,0.5,22.5,17.0,0.6,1.4,1.9,0.058,-1.7,-0.4,-2.1,0.0
T.J. McConnell,PG,24,PHI,2016-17,81,2133,13.7,0.504,0.107,0.176,2.0,11.0,6.5,37.5,3.1,0.4,22.4,14.4,1.4,2.4,3.8,0.084,-2.0,0.1,-1.9,0.0
T.J. McConnell,PG,25,PHI,2017-18,76,1706,12.5,0.545,0.147,0.093,2.4,11.5,7.1,24.5,2.6,0.6,20.4,13.8,1.3,2.5,3.8,0.108,-1.8,1.1,-0.7,0.5
T.J. McConnell,PG,26,PHI,2018-19,76,1470,13.4,0.555,0.1,0.088,2.1,10.2,6.3,24.7,2.5,0.9,17.3,15.0,1.2,1.7,2.9,0.094,-1.7,0.0,-1.6,0.1
T.J. Warren,SF,21,PHO,2014-15,40,614,14.0,0.551,0.098,0.089,7.3,7.9,7.6,6.6,1.5,1.1,10.8,17.8,0.7,0.4,1.1,0.085,-1.0,-1.1,-2.1,0.0
T.J. Warren,SF,22,PHO,2015-16,47,1070,15.7,0.549,0.159,0.145,5.7,9.3,7.5,7.2,1.7,1.2,6.4,19.9,1.7,0.6,2.2,0.101,0.2,-1.3,-1.2,0.2
T.J. Warren,SF,23,PHO,2016-17,66,2048,15.6,0.539,0.12,0.189,6.5,11.7,9.0,5.8,1.8,1.5,6.1,19.2,3.0,1.1,4.1,0.096,0.2,-0.5,-0.3,0.9
T.J. Warren,SF,24,PHO,2017-18,65,2142,17.6,0.541,0.085,0.24,6.1,10.5,8.3,7.2,1.5,1.5,6.7,24.9,2.6,0.8,3.4,0.077,-0.1,-1.7,-1.9,0.1
T.J. Warren,SF,25,PHO,2018-19,43,1360,16.3,0.58,0.295,0.203,2.5,11.8,7.1,7.7,1.8,1.8,7.2,22.7,1.6,0.5,2.1,0.074,0.1,-1.8,-1.7,0.1
Tahjere McCall,SG,24,BRK,2018-19,1,8,9.6,0.581,0.333,0.333,0.0,13.1,6.6,0.0,0.0,0.0,0.0,18.1,0.0,0.0,0.0,0.055,-3.8,-5.9,-9.8,0.0
Taj Gibson,PF,24,CHI,2009-10,82,2204,13.8,0.521,0.0,0.278,11.6,19.2,15.4,5.0,1.2,3.6,13.9,16.7,1.2,3.5,4.7,0.103,-2.3,1.8,-0.6,0.8
Taj Gibson,PF,25,CHI,2010-11,80,1742,14.3,0.502,0.016,0.295,11.2,19.4,15.4,5.3,1.2,4.6,11.1,16.8,1.4,3.8,5.2,0.143,-2.7,2.8,0.0,0.9
Taj Gibson,PF,26,CHI,2011-12,63,1284,16.9,0.522,0.0,0.334,12.0,16.8,14.4,5.9,1.1,4.5,11.5,18.6,1.8,2.6,4.5,0.167,-1.1,2.3,1.2,1.0
Taj Gibson,PF,27,CHI,2012-13,65,1459,14.4,0.518,0.009,0.297,9.7,17.5,13.6,7.1,1.0,4.7,13.2,18.1,1.0,2.3,3.3,0.109,-2.6,2.1,-0.5,0.5
Taj Gibson,PF,28,CHI,2013-14,82,2351,16.0,0.524,0.008,0.314,9.8,17.1,13.5,7.3,0.9,3.7,12.8,23.0,1.4,4.4,5.7,0.117,-2.6,1.4,-1.1,0.5
Taj Gibson,PF,29,CHI,2014-15,62,1692,16.1,0.545,0.0,0.364,10.7,14.6,12.7,6.9,1.1,3.2,11.6,17.6,2.7,2.1,4.8,0.137,-0.6,1.1,0.6,1.1
Taj Gibson,PF,30,CHI,2015-16,73,1936,15.7,0.556,0.006,0.292,11.4,15.9,13.7,8.3,1.2,2.9,12.1,14.6,3.2,2.2,5.4,0.133,-0.1,1.7,1.6,1.7
Taj Gibson,PF,31,TOT,2016-17,78,1989,15.0,0.543,0.018,0.223,8.6,17.9,13.2,5.9,1.0,2.6,11.9,19.3,1.6,2.5,4.0,0.097,-2.4,0.3,-2.1,-0.1
Taj Gibson,PF,32,MIN,2017-18,82,2726,15.4,0.61,0.047,0.251,8.1,16.7,12.4,5.2,1.1,1.9,9.8,14.7,5.4,1.7,7.2,0.126,0.9,0.2,1.1,2.1
Taj Gibson,PF,33,MIN,2018-19,70,1686,17.8,0.612,0.063,0.33,10.8,18.3,14.5,7.3,1.5,2.0,10.6,17.2,3.7,1.4,5.1,0.144,0.8,0.2,1.0,1.3
Tarence Kinsey,SG,22,MEM,2006-07,48,967,13.0,0.532,0.151,0.322,3.6,8.4,6.0,7.0,2.8,0.1,11.7,18.4,0.6,0.3,0.9,0.046,-1.0,-1.4,-2.4,-0.1
Tarence Kinsey,SG,23,MEM,2007-08,11,96,10.3,0.492,0.184,0.158,3.5,10.6,7.0,3.4,1.6,0.0,6.9,20.2,0.0,0.0,0.0,0.02,-3.5,-3.7,-7.2,-0.1
Tarence Kinsey,SG,24,CLE,2008-09,50,277,11.0,0.595,0.261,0.551,4.5,11.6,8.2,5.5,2.3,0.0,20.4,18.3,0.2,0.5,0.6,0.105,-2.8,-0.4,-3.3,-0.1
Tarik Black,C,23,TOT,2014-15,63,1196,14.7,0.583,0.004,0.432,12.8,21.4,17.0,5.6,0.8,1.6,12.9,13.8,2.2,0.9,3.1,0.124,-1.0,-0.6,-1.6,0.1
Tarik Black,C,24,LAL,2015-16,39,496,12.3,0.537,0.0,0.433,9.2,25.4,17.0,5.2,1.4,2.9,15.1,12.9,0.3,0.4,0.7,0.072,-4.0,0.6,-3.4,-0.2
Tarik Black,C,25,LAL,2016-17,67,1091,15.0,0.56,0.007,0.371,13.9,20.7,17.2,5.3,1.3,3.3,14.5,15.7,1.5,0.8,2.4,0.105,-1.8,0.2,-1.6,0.1
Tarik Black,C,26,HOU,2017-18,51,536,14.3,0.582,0.087,0.496,13.4,20.9,17.1,3.7,1.9,4.8,18.4,15.6,0.5,1.0,1.5,0.136,-3.0,2.1,-1.0,0.1
Taurean Green,SG,21,TOT,2007-08,17,74,7.0,0.446,0.44,0.48,0.0,14.9,7.6,22.3,1.4,0.0,22.9,24.3,-0.2,0.1,-0.1,-0.066,-5.7,-2.5,-8.2,-0.1
Taurean Green,PG,21,POR,2007-08,8,44,5.8,0.435,0.5,0.5,0.0,10.7,5.4,28.1,1.2,0.0,26.4,28.5,-0.1,0.0,-0.1,-0.125,-6.1,-3.3,-9.4,-0.1
Taurean Green,SG,21,DEN,2007-08,9,30,8.8,0.465,0.333,0.444,0.0,21.2,10.8,13.6,1.6,0.0,15.7,18.1,0.0,0.0,0.0,0.02,-5.2,-1.3,-6.5,0.0
Taurean Waller-Prince,SF,22,ATL,2016-17,59,981,9.8,0.513,0.358,0.33,2.8,14.6,8.8,8.4,2.2,2.4,15.7,17.2,-0.4,1.5,1.1,0.054,-3.8,1.5,-2.3,-0.1
Taurean Waller-Prince,SF,23,ATL,2017-18,82,2464,12.8,0.549,0.469,0.185,2.3,15.3,8.8,13.9,1.7,1.5,15.3,22.1,0.0,2.0,2.0,0.038,-0.7,0.0,-0.7,0.8
Taurean Waller-Prince,SF,24,ATL,2018-19,55,1552,11.9,0.575,0.53,0.195,1.5,12.3,6.7,11.1,1.6,1.1,13.4,19.5,0.8,0.7,1.5,0.047,-0.4,-1.5,-1.9,0.0
Taylor Griffin,SF,23,PHO,2009-10,8,32,5.2,0.425,0.2,0.4,0.0,6.7,3.5,4.3,0.0,4.4,7.8,17.6,0.0,0.0,0.0,-0.039,-5.8,-1.4,-7.3,0.0
Tayshaun Prince,SF,25,DET,2005-06,82,2898,14.8,0.524,0.183,0.238,4.2,10.0,7.1,10.8,1.2,1.0,7.6,19.6,4.0,3.0,7.0,0.115,0.4,0.0,0.4,1.8
Tayshaun Prince,SF,26,DET,2006-07,82,3001,16.0,0.534,0.211,0.225,5.7,11.3,8.5,12.9,0.9,1.4,8.2,18.9,5.1,2.9,8.0,0.128,1.7,0.4,2.0,3.0
Tayshaun Prince,SF,27,DET,2007-08,82,2694,15.6,0.516,0.155,0.256,4.8,12.9,8.8,16.5,0.9,1.0,8.0,19.9,4.3,3.2,7.5,0.133,1.0,0.6,1.6,2.5
Tayshaun Prince,SF,28,DET,2008-09,82,3057,15.0,0.516,0.138,0.238,4.9,13.7,9.2,13.8,0.8,1.3,8.2,19.2,3.7,2.5,6.2,0.098,0.4,0.4,0.8,2.2
Tayshaun Prince,SF,29,DET,2009-10,49,1664,16.0,0.53,0.126,0.169,4.9,13.8,9.0,16.9,1.1,1.1,8.8,18.9,2.6,0.6,3.2,0.091,1.2,-0.5,0.7,1.1
Tayshaun Prince,SF,30,DET,2010-11,78,2562,15.1,0.511,0.098,0.168,3.6,12.6,7.9,14.4,0.6,1.3,7.1,21.0,2.9,0.4,3.3,0.062,0.0,-1.7,-1.7,0.2
Tayshaun Prince,SF,31,DET,2011-12,63,2087,12.8,0.47,0.13,0.144,4.0,12.4,8.0,13.2,0.7,1.2,8.0,20.4,1.2,0.9,2.1,0.048,-1.0,-1.3,-2.2,-0.1
Tayshaun Prince,SF,32,TOT,2012-13,82,2631,11.5,0.486,0.115,0.159,3.1,13.2,8.1,12.1,1.0,0.8,9.2,16.8,1.5,2.1,3.6,0.065,-1.6,0.0,-1.6,0.3
Tayshaun Prince,SF,33,MEM,2013-14,76,1948,8.2,0.438,0.14,0.122,1.9,12.3,7.1,8.9,1.1,0.8,7.3,13.3,-0.2,1.8,1.5,0.038,-3.1,0.6,-2.6,-0.3
Tayshaun Prince,SF,34,TOT,2014-15,58,1397,12.0,0.504,0.167,0.162,4.1,12.8,8.3,10.3,1.1,0.9,7.5,15.0,1.3,1.2,2.5,0.086,-1.5,0.1,-1.3,0.2
Tayshaun Prince,SF,35,MIN,2015-16,77,1462,6.3,0.466,0.1,0.083,2.6,9.0,5.8,7.0,1.2,0.7,10.2,8.1,0.1,0.3,0.4,0.014,-2.9,-0.2,-3.1,-0.4
Terence Morris,SF,27,ORL,2005-06,22,192,5.1,0.348,0.041,0.061,4.0,20.0,12.2,3.2,1.7,2.1,12.2,14.1,-0.4,0.2,-0.1,-0.031,-7.4,0.2,-7.2,-0.3
Terrance Ferguson,SG,19,OKC,2017-18,61,763,7.4,0.545,0.71,0.059,2.7,4.2,3.4,3.4,1.6,1.2,6.0,10.4,0.7,0.5,1.2,0.077,-1.2,-1.3,-2.5,-0.1
Terrance Ferguson,SG,20,OKC,2018-19,74,1931,6.4,0.566,0.673,0.118,1.7,6.0,3.8,4.8,1.0,0.7,9.4,10.6,1.2,1.6,2.8,0.07,-1.5,-0.5,-1.9,0.0
Terrel Harris,SG,24,MIA,2011-12,22,318,6.7,0.434,0.47,0.253,7.0,11.9,9.6,12.2,1.5,0.5,21.3,17.1,-0.3,0.4,0.1,0.011,-3.0,-0.5,-3.4,-0.1
Terrel Harris,SG,25,TOT,2012-13,20,137,-3.8,0.239,0.296,0.37,3.8,19.3,11.4,9.0,0.8,1.8,35.1,16.6,-0.7,0.1,-0.6,-0.219,-11.7,0.0,-11.7,-0.3
Terrence Jones,PF,21,HOU,2012-13,19,276,17.1,0.512,0.202,0.181,11.6,15.0,13.4,8.6,2.2,5.2,11.4,18.1,0.3,0.4,0.7,0.128,-0.5,2.6,2.1,0.3
Terrence Jones,PF,22,HOU,2013-14,76,2078,19.1,0.577,0.142,0.274,9.2,18.5,14.1,7.0,1.3,3.5,8.2,18.3,4.6,2.7,7.3,0.169,0.9,1.3,2.2,2.2
Terrence Jones,PF,23,HOU,2014-15,33,889,18.3,0.567,0.124,0.314,9.7,17.6,13.7,6.9,1.0,5.2,9.8,18.4,1.7,1.3,3.0,0.16,-0.6,1.9,1.3,0.7
Terrence Jones,PF,24,HOU,2015-16,50,1044,13.5,0.519,0.215,0.316,6.5,15.9,11.1,6.3,1.1,3.1,10.5,19.3,0.8,0.7,1.5,0.068,-2.4,-1.0,-3.4,-0.4
Terrence Jones,PF,25,TOT,2016-17,54,1270,16.1,0.515,0.152,0.346,5.4,20.2,12.7,7.5,1.5,3.5,7.8,21.4,0.4,1.9,2.3,0.086,-2.7,1.3,-1.3,0.2
Terrence Jones,PF,27,HOU,2018-19,2,5,-15.8,0.225,0.5,0.25,0.0,90.3,44.2,0.0,0.0,0.0,18.4,47.2,-0.1,0.0,-0.1,-0.661,-36.1,-16.2,-52.3,-0.1
Terrence Ross,SG,21,TOR,2012-13,73,1239,10.4,0.491,0.429,0.092,3.3,10.6,6.9,7.2,1.8,0.9,9.2,19.6,0.0,0.8,0.9,0.034,-1.3,-1.7,-2.9,-0.3
Terrence Ross,SG,22,TOR,2013-14,81,2159,12.0,0.553,0.543,0.13,2.3,11.3,6.8,6.1,1.5,1.0,10.0,18.6,2.0,2.2,4.2,0.094,0.6,-0.7,-0.1,1.0
Terrence Ross,SF,23,TOR,2014-15,82,2092,11.2,0.519,0.518,0.074,1.8,10.7,6.2,6.5,1.3,1.0,8.1,18.3,1.3,1.0,2.4,0.054,0.2,-1.8,-1.6,0.2
Terrence Ross,SF,24,TOR,2015-16,73,1747,12.9,0.551,0.542,0.099,1.4,10.6,6.1,5.3,1.6,1.2,6.6,18.2,2.1,1.6,3.6,0.1,1.1,-1.2,-0.2,0.8
Terrence Ross,SF,25,TOT,2016-17,78,1955,13.4,0.55,0.524,0.103,1.0,10.8,5.9,7.1,2.2,1.4,8.0,19.3,1.5,2.0,3.5,0.086,0.4,-0.6,-0.3,0.9
Terrence Ross,SG,26,ORL,2017-18,24,600,9.9,0.505,0.487,0.188,1.8,11.6,6.7,9.3,2.2,1.5,12.3,17.3,-0.2,0.5,0.3,0.025,-2.2,0.1,-2.1,0.0
Terrence Ross,SG,27,ORL,2018-19,81,2150,15.4,0.561,0.551,0.14,1.3,12.8,7.0,9.9,1.6,1.1,7.6,23.9,1.7,2.6,4.3,0.095,1.0,-1.3,-0.3,0.9
Terrence Williams,SF,22,NJN,2009-10,78,1764,11.5,0.459,0.154,0.221,2.9,20.6,11.4,22.4,1.3,0.4,14.8,21.8,-1.5,1.3,-0.3,-0.007,-3.2,-0.6,-3.8,-0.8
Terrence Williams,SG,23,TOT,2010-11,21,290,6.9,0.427,0.191,0.183,1.6,19.3,10.3,22.0,1.6,0.0,21.0,24.7,-0.8,0.2,-0.6,-0.096,-6.2,-1.1,-7.3,-0.4
Terrence Williams,SG,24,TOT,2011-12,30,550,13.1,0.488,0.232,0.232,2.5,18.7,10.3,19.2,1.9,0.9,16.5,20.9,-0.1,0.4,0.3,0.029,-2.1,-0.5,-2.5,-0.1
Terrence Williams,SF,25,BOS,2012-13,24,318,12.3,0.518,0.155,0.216,1.5,14.4,8.2,19.7,1.8,0.5,17.2,19.1,-0.1,0.4,0.3,0.046,-3.2,-0.3,-3.5,-0.1
Terry Rozier,PG,21,BOS,2015-16,39,311,5.0,0.326,0.255,0.094,8.1,13.5,10.8,16.5,0.9,0.3,14.7,17.7,-0.6,0.3,-0.3,-0.047,-5.9,-0.8,-6.6,-0.4
Terry Rozier,PG,22,BOS,2016-17,74,1263,10.9,0.466,0.436,0.161,3.6,16.3,10.0,15.2,1.8,0.7,9.7,17.1,0.0,1.4,1.4,0.054,-2.5,0.0,-2.5,-0.2
Terry Rozier,PG,23,BOS,2017-18,80,2068,15.1,0.52,0.503,0.186,3.4,16.3,9.9,17.5,1.9,0.8,8.5,20.4,2.2,3.4,5.6,0.13,0.8,1.0,1.8,2.0
Terry Rozier,PG,24,BOS,2018-19,79,1791,12.9,0.501,0.506,0.14,1.9,16.4,9.1,17.7,1.8,1.0,8.8,18.6,0.9,2.3,3.2,0.086,-1.0,0.2,-0.7,0.6
Thabo Sefolosha,SG,22,CHI,2006-07,71,868,8.5,0.464,0.164,0.176,4.6,15.4,10.1,10.7,1.9,1.0,17.9,17.2,-0.8,1.7,0.8,0.047,-4.5,1.6,-2.9,-0.2
Thabo Sefolosha,SG,23,CHI,2007-08,69,1436,11.4,0.497,0.209,0.247,3.8,16.7,10.0,14.3,2.2,1.6,16.6,17.3,-0.3,1.8,1.5,0.05,-2.6,1.3,-1.3,0.3
Thabo Sefolosha,SF,24,TOT,2008-09,66,1453,12.1,0.5,0.244,0.204,4.2,14.9,9.6,11.4,2.7,2.3,14.1,13.8,0.4,1.8,2.2,0.074,-1.8,2.3,0.5,0.9
Thabo Sefolosha,SF,24,CHI,2008-09,43,735,11.7,0.503,0.275,0.137,4.1,15.0,9.6,13.1,2.5,1.9,16.1,14.0,0.1,0.9,1.0,0.067,-1.9,1.7,-0.2,0.3
Thabo Sefolosha,SG,24,OKC,2008-09,23,718,12.5,0.497,0.211,0.274,4.4,14.8,9.5,9.8,2.9,2.7,12.1,13.7,0.3,1.0,1.2,0.081,-1.7,3.0,1.3,0.6
Thabo Sefolosha,SG,25,OKC,2009-10,82,2348,9.8,0.509,0.297,0.202,3.8,14.8,9.5,8.9,2.1,1.5,15.8,10.9,0.6,3.4,4.0,0.082,-1.6,2.8,1.2,1.9
Thabo Sefolosha,SG,26,OKC,2010-11,79,2049,10.4,0.545,0.306,0.237,3.8,15.5,9.9,7.9,2.5,1.4,13.0,9.4,1.6,2.5,4.1,0.097,-0.6,2.6,2.0,2.0
Thabo Sefolosha,SG,27,OKC,2011-12,42,914,9.8,0.584,0.458,0.277,2.8,12.5,8.0,7.4,2.1,1.4,18.7,10.6,0.8,1.0,1.8,0.095,-0.4,1.3,0.9,0.7
Thabo Sefolosha,SG,28,OKC,2012-13,81,2229,12.8,0.617,0.554,0.148,3.2,12.4,8.2,8.2,2.4,1.5,11.4,11.4,3.6,3.1,6.8,0.146,1.9,1.6,3.5,3.1
Thabo Sefolosha,SG,29,OKC,2013-14,61,1584,10.4,0.517,0.447,0.203,3.7,11.5,7.8,8.3,2.5,0.9,12.9,11.9,0.9,2.1,3.0,0.092,-0.7,1.5,0.8,1.1
Thabo Sefolosha,SF,30,ATL,2014-15,52,976,13.8,0.506,0.313,0.233,6.4,19.3,13.1,11.2,2.8,1.8,12.2,14.6,0.8,1.7,2.5,0.121,-1.2,2.5,1.3,0.8
Thabo Sefolosha,SF,31,ATL,2015-16,75,1758,12.4,0.578,0.333,0.266,3.3,17.1,10.4,8.8,2.4,1.7,14.1,12.3,1.3,3.2,4.5,0.122,-1.7,2.8,1.1,1.4
Thabo Sefolosha,SF,32,ATL,2016-17,62,1596,11.9,0.519,0.304,0.19,3.8,14.7,9.3,9.9,3.0,1.7,11.9,13.3,0.6,2.7,3.3,0.098,-1.9,3.1,1.2,1.3
Thabo Sefolosha,SF,33,UTA,2017-18,38,806,15.8,0.591,0.35,0.225,4.1,18.4,11.3,6.3,3.2,1.3,10.2,16.4,1.0,1.6,2.6,0.156,-0.3,2.3,1.9,0.8
Thabo Sefolosha,SF,34,UTA,2018-19,50,609,12.1,0.599,0.523,0.148,1.4,20.1,10.9,6.1,3.4,0.7,13.6,12.9,0.2,1.2,1.5,0.115,-2.0,2.6,0.6,0.4
Thaddeus Young,PF,19,PHI,2007-08,74,1554,16.5,0.57,0.039,0.21,9.1,14.8,11.9,6.2,2.5,0.4,10.7,17.4,2.6,2.0,4.5,0.14,0.3,0.3,0.6,1.0
Thaddeus Young,PF,20,PHI,2008-09,75,2580,15.3,0.549,0.171,0.197,6.4,11.1,8.8,5.8,2.1,0.7,10.2,20.5,3.0,2.5,5.5,0.102,0.8,-0.2,0.5,1.7
Thaddeus Young,PF,21,PHI,2009-10,67,2145,14.0,0.523,0.17,0.203,7.0,12.3,9.6,7.5,2.0,0.6,12.5,21.5,0.9,1.2,2.1,0.047,-0.5,-1.3,-1.8,0.1
Thaddeus Young,PF,22,PHI,2010-11,82,2135,18.4,0.566,0.026,0.205,8.3,15.2,11.7,6.7,2.2,0.9,9.7,22.1,3.2,3.0,6.2,0.139,0.3,0.0,0.3,1.2
Thaddeus Young,PF,23,PHI,2011-12,63,1755,18.9,0.538,0.006,0.21,8.6,12.0,10.3,7.3,2.0,1.8,6.8,21.5,3.4,2.9,6.3,0.171,0.7,0.9,1.6,1.6
Thaddeus Young,PF,24,PHI,2012-13,76,2629,18.2,0.541,0.008,0.196,7.6,17.2,12.3,8.2,2.7,1.6,8.0,19.8,3.7,3.7,7.4,0.136,0.2,1.6,1.7,2.5
Thaddeus Young,PF,25,PHI,2013-14,79,2718,16.6,0.512,0.228,0.178,6.3,12.8,9.5,11.8,3.0,1.1,10.7,24.1,1.2,2.3,3.5,0.062,0.2,-0.4,-0.2,1.2
Thaddeus Young,PF,26,TOT,2014-15,76,2434,15.7,0.507,0.119,0.207,5.8,13.5,9.6,12.4,2.6,0.8,10.0,21.5,1.6,1.4,3.1,0.061,0.2,-0.3,-0.1,1.2
Thaddeus Young,PF,27,BRK,2015-16,73,2407,17.5,0.533,0.031,0.169,8.1,23.0,15.4,9.5,2.3,1.2,11.6,21.6,1.9,2.2,4.1,0.081,-0.5,0.6,0.1,1.3
Thaddeus Young,PF,28,IND,2016-17,74,2237,14.9,0.562,0.172,0.125,6.7,15.7,11.2,8.4,2.5,1.1,11.6,16.4,2.0,2.7,4.6,0.1,0.0,1.4,1.4,1.9
Thaddeus Young,PF,29,IND,2017-18,81,2607,14.8,0.528,0.209,0.106,8.0,14.1,11.1,8.5,2.6,1.2,10.4,17.3,2.3,3.2,5.5,0.101,0.1,1.4,1.5,2.3
Thaddeus Young,PF,30,IND,2018-19,81,2489,16.2,0.569,0.174,0.161,8.7,14.4,11.7,12.0,2.4,1.3,12.0,18.0,3.0,3.9,6.9,0.133,0.8,2.1,2.9,3.1
Thanasis Antetokounmpo,SF,23,NYK,2015-16,2,6,32.9,0.75,0.25,0.0,0.0,17.9,9.1,0.0,0.0,0.0,0.0,30.2,0.0,0.0,0.0,0.291,6.3,-10.5,-4.1,0.0
Theo Pinson,SG,23,BRK,2018-19,18,211,8.1,0.49,0.63,0.301,2.0,15.9,9.0,14.1,1.4,0.0,17.9,20.0,-0.2,0.2,0.0,0.004,-3.7,-1.0,-4.8,-0.1
Theo Ratliff,C,32,POR,2005-06,55,1301,12.2,0.599,0.0,0.439,8.1,17.8,12.9,3.4,0.8,5.2,17.2,9.9,1.3,0.7,2.0,0.074,-2.3,1.8,-0.5,0.5
Theo Ratliff,C,33,BOS,2006-07,2,44,6.7,0.525,0.0,1.333,5.3,13.9,9.5,0.0,1.2,5.3,17.4,5.9,0.0,0.1,0.1,0.073,-5.6,1.2,-4.4,0.0
Theo Ratliff,C,34,TOT,2007-08,26,437,11.9,0.534,0.012,0.506,8.5,15.6,12.0,4.7,0.9,6.7,16.8,13.2,0.2,0.6,0.8,0.091,-3.4,3.2,-0.2,0.2
Theo Ratliff,PF,34,MIN,2007-08,10,214,12.3,0.563,0.022,0.556,6.8,14.5,10.6,4.9,0.7,7.1,17.6,14.3,0.1,0.2,0.3,0.067,-3.4,2.4,-1.1,0.1
Theo Ratliff,C,34,DET,2007-08,16,223,11.6,0.501,0.0,0.45,10.1,16.7,13.4,4.6,1.0,6.4,15.8,12.0,0.1,0.4,0.5,0.115,-3.4,3.9,0.6,0.1
Theo Ratliff,C,35,PHI,2008-09,46,579,11.2,0.56,0.0,0.547,9.4,17.1,13.2,2.2,1.6,6.6,15.0,7.4,0.5,0.9,1.4,0.115,-2.9,3.9,1.0,0.4
Theo Ratliff,C,36,TOT,2009-10,49,807,10.3,0.511,0.0,0.329,8.9,14.3,11.6,4.7,0.8,6.0,19.1,12.3,0.1,1.4,1.4,0.084,-4.0,3.7,-0.4,0.3
Theo Ratliff,C,37,LAL,2010-11,10,71,4.4,0.145,0.0,0.333,9.9,10.8,10.4,5.5,1.5,5.4,30.4,6.3,-0.1,0.1,0.0,0.0,-6.4,4.7,-1.8,0.0
Thomas Bryant,C,20,LAL,2017-18,15,72,9.9,0.441,0.476,0.429,4.5,20.5,12.6,11.5,0.7,2.3,7.4,15.9,0.0,0.1,0.1,0.05,-3.8,-0.4,-4.2,0.0
Thomas Bryant,C,21,WAS,2018-19,72,1496,21.0,0.674,0.197,0.273,8.1,25.1,16.5,9.3,0.8,3.8,9.6,17.6,4.3,1.3,5.6,0.178,1.2,0.4,1.6,1.3
Thomas Gardner,SG,22,CHI,2007-08,4,45,4.4,0.44,0.522,0.087,7.3,2.6,5.0,4.0,0.0,0.0,14.3,27.4,-0.1,0.0,-0.1,-0.128,-4.1,-6.6,-10.7,-0.1
Thomas Gardner,SG,23,ATL,2008-09,16,98,1.5,0.318,0.639,0.111,0.0,8.4,4.2,3.1,2.2,0.8,7.4,19.5,-0.3,0.1,-0.2,-0.12,-7.1,-2.6,-9.7,-0.2
Thomas Robinson,PF,21,TOT,2012-13,70,1056,10.9,0.451,0.003,0.34,13.0,21.3,17.1,6.7,2.0,1.9,19.3,19.1,-0.9,0.9,-0.1,-0.002,-4.4,-0.1,-4.5,-0.7
Thomas Robinson,PF,22,POR,2013-14,70,873,14.1,0.502,0.003,0.345,13.1,24.6,18.9,6.0,1.3,1.6,14.5,19.7,0.4,1.2,1.6,0.09,-3.1,-0.1,-3.2,-0.3
Thomas Robinson,PF,23,TOT,2014-15,54,798,15.3,0.502,0.008,0.408,12.6,28.6,20.5,7.6,2.0,1.9,16.1,20.2,0.0,1.4,1.5,0.089,-3.8,1.1,-2.7,-0.1
Thomas Robinson,PF,24,BRK,2015-16,71,917,14.5,0.453,0.003,0.375,16.4,27.8,22.0,7.7,2.1,3.2,16.9,19.8,-0.5,1.1,0.6,0.033,-3.8,0.9,-2.9,-0.2
Thomas Robinson,PF,25,LAL,2016-17,48,560,17.3,0.535,0.005,0.337,15.8,28.1,21.8,8.8,2.3,1.3,17.0,20.7,0.3,0.6,0.9,0.079,-2.2,-0.1,-2.3,0.0
Thomas Welsh,C,22,DEN,2018-19,11,36,16.1,0.648,0.538,0.154,0.0,12.1,6.0,20.5,0.0,0.0,6.7,17.7,0.1,0.0,0.1,0.162,1.7,-4.3,-2.6,0.0
Thon Maker,C,19,MIL,2016-17,57,562,14.0,0.558,0.409,0.271,8.4,15.2,11.8,6.2,0.9,4.1,7.7,17.8,0.8,0.5,1.3,0.113,-0.5,-1.0,-1.5,0.1
Thon Maker,C,20,MIL,2017-18,74,1238,10.2,0.499,0.329,0.294,7.1,14.2,10.6,5.2,1.5,3.7,11.0,14.6,0.3,1.1,1.5,0.056,-2.7,0.0,-2.7,-0.2
Thon Maker,C,21,TOT,2018-19,64,972,11.3,0.53,0.571,0.313,4.5,17.4,11.0,6.3,1.0,4.4,9.8,14.8,0.5,1.5,2.0,0.099,-2.4,1.7,-0.7,0.3
Thon Maker,C,21,MIL,2018-19,35,409,12.9,0.546,0.582,0.276,4.5,18.5,11.9,5.8,1.1,3.7,5.7,16.3,0.4,0.7,1.1,0.132,-1.6,0.7,-0.9,0.1
Thon Maker,PF,21,DET,2018-19,29,563,10.2,0.514,0.56,0.351,4.5,16.5,10.3,6.7,1.0,5.0,13.4,13.7,0.1,0.8,0.9,0.075,-3.0,2.5,-0.5,0.2
Tiago Splitter,C,26,SAS,2010-11,60,738,16.0,0.55,0.005,0.733,11.6,19.8,15.8,5.3,2.0,1.6,11.2,17.7,1.1,1.1,2.3,0.149,-1.4,0.7,-0.7,0.2
Tiago Splitter,C,27,SAS,2011-12,59,1121,20.5,0.649,0.0,0.528,9.7,21.4,15.7,9.2,1.0,3.0,17.1,20.7,3.0,1.6,4.6,0.197,1.1,1.4,2.5,1.3
Tiago Splitter,PF,28,SAS,2012-13,81,1997,18.7,0.609,0.004,0.506,8.8,20.3,14.9,10.0,1.6,2.3,12.7,18.2,4.7,3.5,8.2,0.197,0.6,2.4,2.9,2.5
Tiago Splitter,C,29,SAS,2013-14,59,1271,16.5,0.572,0.009,0.5,11.4,20.5,16.1,10.1,1.2,1.8,15.1,17.7,2.3,2.1,4.3,0.163,-0.1,2.1,1.9,1.3
Tiago Splitter,C,30,SAS,2014-15,52,1030,18.9,0.601,0.0,0.396,10.2,17.4,13.9,11.8,1.7,2.7,14.4,18.4,2.3,1.7,4.0,0.189,0.8,2.4,3.3,1.4
Tiago Splitter,C,31,ATL,2015-16,36,579,13.7,0.571,0.013,0.31,8.7,13.8,11.3,7.9,1.7,1.6,12.0,15.5,0.9,0.9,1.7,0.144,-1.9,1.1,-0.8,0.2
Tiago Splitter,C,32,PHI,2016-17,8,76,15.0,0.544,0.194,0.355,11.6,20.3,15.9,8.9,0.6,1.0,14.3,23.9,0.1,0.1,0.1,0.072,-2.6,-2.5,-5.0,-0.1
Tibor Pleiß,C,26,UTA,2015-16,12,82,3.5,0.464,0.08,0.08,8.6,12.8,10.7,4.0,0.6,2.1,23.6,19.1,-0.2,0.1,-0.1,-0.041,-7.0,-1.1,-8.1,-0.1
Tim Duncan,PF,29,SAS,2005-06,80,2784,23.1,0.523,0.004,0.45,10.1,26.9,18.7,16.5,1.4,4.2,12.2,27.7,3.9,6.9,10.8,0.187,0.2,4.3,4.6,4.6
Tim Duncan,C,30,SAS,2006-07,80,2726,26.1,0.579,0.008,0.502,9.8,27.0,18.8,18.8,1.3,5.1,14.0,27.9,6.3,6.8,13.0,0.23,2.0,5.1,7.1,6.3
Tim Duncan,C,31,SAS,2007-08,78,2651,24.4,0.546,0.003,0.393,10.7,28.3,19.6,15.7,1.1,4.3,11.4,28.2,4.9,6.2,11.1,0.201,0.7,4.1,4.7,4.5
Tim Duncan,C,32,SAS,2008-09,75,2524,24.4,0.549,0.002,0.436,9.6,27.9,18.9,19.3,0.8,3.7,11.1,28.5,5.0,5.0,10.1,0.191,1.1,3.5,4.6,4.2
Tim Duncan,C,33,SAS,2009-10,78,2438,24.7,0.56,0.01,0.346,10.8,26.8,18.9,17.8,1.0,3.5,10.1,26.0,6.4,4.5,10.9,0.215,2.4,3.2,5.6,4.7
Tim Duncan,C,34,SAS,2010-11,76,2156,21.9,0.537,0.005,0.307,9.3,26.8,18.3,15.7,1.2,4.8,11.4,22.9,3.7,4.0,7.7,0.171,-0.1,3.9,3.8,3.2
Tim Duncan,C,35,SAS,2011-12,58,1634,22.5,0.531,0.005,0.34,7.9,28.2,18.3,13.5,1.2,3.9,10.3,26.2,3.0,2.9,5.9,0.174,-0.2,2.6,2.4,1.8
Tim Duncan,C,36,SAS,2012-13,69,2078,24.4,0.554,0.007,0.307,7.3,29.6,19.1,15.5,1.2,6.4,11.7,27.8,3.4,4.9,8.3,0.191,-0.5,4.6,4.1,3.2
Tim Duncan,C,37,SAS,2013-14,74,2158,21.3,0.535,0.006,0.349,8.6,28.3,18.8,16.0,1.0,4.6,13.2,25.2,2.8,4.6,7.4,0.164,-0.9,4.0,3.2,2.8
Tim Duncan,C,38,SAS,2014-15,77,2227,22.6,0.56,0.009,0.38,8.8,26.7,17.9,16.8,1.4,5.1,12.1,22.2,4.9,4.7,9.6,0.207,0.8,4.7,5.5,4.2
Tim Duncan,C,39,SAS,2015-16,61,1536,16.9,0.523,0.005,0.297,8.8,23.8,16.6,15.3,1.6,3.9,15.3,17.6,1.6,3.6,5.2,0.163,-0.8,5.0,4.1,2.4
Tim Frazier,PG,24,TOT,2014-15,11,239,8.1,0.406,0.279,0.344,2.6,10.2,6.3,39.4,1.7,0.0,26.2,17.5,-0.3,0.2,-0.1,-0.017,-4.9,-2.4,-7.3,-0.3
Tim Frazier,PG,25,TOT,2015-16,51,741,13.9,0.499,0.21,0.323,3.8,12.8,8.2,33.3,2.2,0.2,19.9,19.4,0.4,0.5,1.0,0.062,-0.7,-0.7,-1.3,0.1
Tim Frazier,PG,26,NOP,2016-17,65,1525,12.4,0.504,0.317,0.319,2.3,9.7,6.0,31.4,1.8,0.3,18.0,16.3,1.0,1.4,2.4,0.075,-1.5,-0.7,-2.2,-0.1
Tim Frazier,PG,27,WAS,2017-18,59,838,11.3,0.475,0.326,0.174,2.4,13.1,7.8,31.1,2.8,0.7,23.5,12.8,0.4,1.0,1.4,0.08,-2.4,0.3,-2.1,0.0
Tim Frazier,PG,28,TOT,2018-19,59,1120,11.7,0.544,0.387,0.207,3.9,11.5,7.7,27.6,1.2,0.4,21.1,13.3,1.3,0.7,2.0,0.084,-1.0,-1.3,-2.3,-0.1
Tim Frazier,PG,28,NOP,2018-19,47,909,11.6,0.552,0.395,0.21,3.7,11.8,7.8,28.0,1.3,0.4,22.0,12.3,1.1,0.4,1.5,0.081,-0.9,-1.3,-2.2,0.0
Tim Frazier,PG,28,MIL,2018-19,12,211,11.8,0.523,0.364,0.197,4.6,10.0,7.5,26.0,1.1,0.4,18.2,17.4,0.2,0.3,0.4,0.097,-1.7,-1.0,-2.7,0.0
Tim Hardaway,SG,21,NYK,2013-14,81,1875,12.7,0.554,0.521,0.186,1.2,6.6,3.8,5.8,1.2,0.3,5.9,19.6,2.7,0.4,3.1,0.08,1.3,-3.5,-2.3,-0.1
Tim Hardaway,SG,22,NYK,2014-15,70,1681,12.1,0.512,0.494,0.218,0.8,10.2,5.4,13.5,0.6,0.7,9.5,23.8,0.8,0.0,0.8,0.023,0.1,-4.2,-4.1,-0.9
Tim Hardaway,SG,23,ATL,2015-16,51,864,11.7,0.563,0.536,0.211,0.9,9.8,5.4,8.9,1.2,0.6,7.4,16.2,0.9,1.0,1.9,0.105,-0.9,-1.2,-2.1,0.0
Tim Hardaway,SG,24,ATL,2016-17,79,2154,15.2,0.568,0.457,0.235,1.8,9.5,5.7,14.3,1.3,0.6,9.5,22.5,2.7,2.1,4.8,0.107,1.3,-1.5,-0.3,0.9
Tim Hardaway,SG,25,NYK,2017-18,57,1885,14.4,0.533,0.479,0.209,1.9,11.3,6.6,12.7,1.6,0.5,9.0,23.8,1.6,1.1,2.6,0.067,1.7,-1.8,-0.1,0.9
Tim Hardaway,SG,26,TOT,2018-19,65,2057,13.6,0.527,0.48,0.278,1.7,9.8,5.7,12.8,1.3,0.3,8.6,25.4,1.0,0.9,1.8,0.043,0.5,-2.9,-2.4,-0.2
Tim Hardaway,SG,26,NYK,2018-19,46,1499,14.4,0.531,0.464,0.321,1.8,9.7,5.6,13.5,1.4,0.3,8.9,25.9,1.0,0.5,1.5,0.048,0.9,-3.0,-2.0,0.0
Tim Hardaway,SG,26,DAL,2018-19,19,558,11.6,0.514,0.524,0.161,1.4,10.3,5.9,10.9,1.0,0.3,7.7,23.9,0.0,0.4,0.4,0.03,-0.8,-2.5,-3.3,-0.2
Tim Ohlbrecht,C,24,HOU,2012-13,3,12,-6.1,0.436,0.0,0.333,0.0,9.3,4.7,11.8,4.2,0.0,53.8,27.1,-0.1,0.0,-0.1,-0.369,-16.9,1.1,-15.8,0.0
Tim Quarterman,SG,22,POR,2016-17,16,80,10.2,0.511,0.448,0.103,5.5,13.9,9.7,21.1,1.2,3.0,26.6,22.8,-0.1,0.1,-0.1,-0.044,-4.0,-0.8,-4.8,-0.1
Tim Quarterman,SG,23,HOU,2017-18,3,13,2.9,0.515,0.667,0.667,0.0,25.8,13.0,10.6,0.0,0.0,34.0,20.0,0.0,0.0,0.0,-0.083,-8.9,-1.9,-10.8,0.0
Tim Thomas,PF,28,TOT,2005-06,29,666,12.2,0.535,0.424,0.16,3.8,17.8,10.9,4.4,1.2,0.7,10.5,21.1,0.2,0.7,0.9,0.065,-1.5,-1.6,-3.1,-0.2
Tim Thomas,SF,28,CHI,2005-06,3,32,8.5,0.406,0.375,0.0,0.0,14.3,7.2,11.0,0.0,2.4,5.9,24.0,-0.1,0.0,0.0,-0.031,-5.1,-2.1,-7.2,0.0
Tim Thomas,PF,28,PHO,2005-06,26,634,12.4,0.543,0.427,0.171,3.9,18.0,11.1,4.1,1.3,0.7,10.8,21.0,0.2,0.7,0.9,0.069,-1.3,-1.6,-2.9,-0.1
Tim Thomas,PF,29,LAC,2006-07,76,2054,13.6,0.532,0.492,0.199,3.7,18.2,11.0,14.2,1.4,1.1,11.9,20.1,1.6,2.3,3.9,0.092,0.9,-0.5,0.5,1.3
Tim Thomas,PF,30,LAC,2007-08,63,1940,12.2,0.505,0.384,0.217,3.7,15.6,9.6,15.7,1.1,1.1,11.3,20.7,0.3,1.4,1.7,0.042,-0.3,-0.4,-0.6,0.7
Tim Thomas,PF,31,TOT,2008-09,64,1247,12.2,0.555,0.432,0.276,3.7,14.6,9.0,8.6,1.2,0.6,12.5,19.9,0.9,0.8,1.7,0.065,-0.8,-1.8,-2.5,-0.2
Tim Thomas,PF,31,LAC,2008-09,10,220,9.1,0.453,0.222,0.378,7.1,17.3,12.1,7.7,0.7,0.3,11.8,24.6,-0.3,0.1,-0.2,-0.038,-4.5,-3.5,-8.1,-0.3
Tim Thomas,PF,31,NYK,2008-09,36,773,13.4,0.6,0.488,0.26,2.7,13.6,8.0,9.3,1.4,0.9,13.8,18.8,0.9,0.5,1.5,0.091,0.2,-1.0,-0.7,0.2
Tim Thomas,PF,31,CHI,2008-09,18,254,11.5,0.531,0.478,0.222,3.6,15.3,9.5,7.4,1.2,0.0,9.2,19.1,0.2,0.2,0.4,0.078,-0.6,-2.7,-3.2,-0.1
Tim Thomas,SF,32,DAL,2009-10,18,285,15.1,0.579,0.406,0.226,5.3,11.1,8.2,8.0,1.8,0.5,10.7,21.1,0.4,0.3,0.7,0.12,1.1,-1.5,-0.4,0.1
Timofey Mozgov,C,24,TOT,2010-11,45,524,10.8,0.523,0.0,0.391,10.0,16.4,13.2,4.2,1.4,3.5,18.3,16.2,0.1,0.5,0.6,0.053,-4.0,-0.2,-4.3,-0.3
Timofey Mozgov,C,25,DEN,2011-12,44,687,13.2,0.556,0.0,0.3,9.3,20.8,15.2,4.9,1.1,4.8,19.8,17.4,0.3,0.8,1.1,0.074,-3.0,1.5,-1.6,0.1
Timofey Mozgov,C,26,DEN,2012-13,41,366,12.3,0.549,0.023,0.299,15.6,17.1,16.4,3.4,0.8,3.8,20.3,14.6,0.3,0.4,0.7,0.096,-1.9,0.2,-1.6,0.0
Timofey Mozgov,C,27,DEN,2013-14,82,1770,16.7,0.584,0.044,0.477,10.4,21.9,16.1,5.5,0.7,4.2,15.6,18.8,2.6,1.9,4.5,0.123,-1.5,1.0,-0.5,0.7
Timofey Mozgov,C,28,TOT,2014-15,81,2045,16.6,0.594,0.011,0.382,11.0,21.4,16.1,4.3,0.8,3.7,14.9,16.9,3.5,2.2,5.7,0.133,-1.2,0.8,-0.4,0.8
Timofey Mozgov,C,29,CLE,2015-16,76,1326,14.6,0.593,0.019,0.265,9.5,19.2,14.4,3.9,0.9,3.5,15.0,16.1,1.8,1.9,3.7,0.133,-2.2,1.0,-1.2,0.3
Timofey Mozgov,C,30,LAL,2016-17,54,1104,12.3,0.553,0.003,0.238,9.9,16.4,13.1,5.9,0.7,2.3,16.6,16.8,0.7,0.4,1.1,0.048,-2.8,-0.8,-3.6,-0.4
Timofey Mozgov,C,31,BRK,2017-18,31,359,12.3,0.617,0.194,0.323,9.4,19.7,14.5,4.8,0.7,2.7,23.7,16.8,0.1,0.3,0.4,0.055,-3.8,-0.3,-4.1,-0.2
Timothe Luwawu-Cabarrot,SF,21,PHI,2016-17,69,1190,8.5,0.536,0.446,0.341,2.3,11.5,6.9,9.6,1.3,0.7,15.0,17.8,0.0,0.8,0.8,0.034,-2.8,-1.2,-4.0,-0.6
Timothé Luwawu-Cabarrot,SF,22,PHI,2017-18,52,807,7.0,0.511,0.592,0.217,1.9,7.5,4.8,9.3,0.7,0.5,11.5,17.5,0.1,0.7,0.8,0.046,-2.3,-2.4,-4.7,-0.5
Timothé Luwawu-Cabarrot,SF,23,TOT,2018-19,50,669,8.0,0.489,0.532,0.188,1.7,14.1,7.8,5.5,1.4,1.0,8.2,16.6,-0.3,0.5,0.2,0.015,-3.3,-1.7,-5.0,-0.5
Timothé Luwawu-Cabarrot,SF,23,OKC,2018-19,21,123,3.4,0.383,0.512,0.14,3.3,12.1,7.6,4.2,1.5,0.7,9.9,16.8,-0.2,0.1,-0.1,-0.033,-6.7,-1.8,-8.5,-0.2
Timothé Luwawu-Cabarrot,SF,23,CHI,2018-19,29,546,9.0,0.515,0.537,0.2,1.4,14.5,7.9,5.8,1.3,1.1,7.8,16.5,0.0,0.3,0.3,0.026,-2.6,-1.6,-4.2,-0.3
Tobias Harris,SF,19,MIL,2011-12,42,479,14.2,0.54,0.136,0.32,6.7,16.8,11.6,7.4,1.4,1.1,13.9,20.6,0.4,0.4,0.9,0.087,-2.0,-1.5,-3.5,-0.2
Tobias Harris,SF,20,TOT,2012-13,55,1299,16.0,0.527,0.211,0.268,6.2,18.6,12.4,8.8,1.3,2.6,10.3,22.1,1.2,1.2,2.4,0.089,-0.7,-0.1,-0.8,0.4
Tobias Harris,PF,21,ORL,2013-14,61,1850,16.5,0.542,0.176,0.341,5.4,20.6,13.0,7.7,1.1,1.0,8.7,22.2,2.4,1.7,4.1,0.107,-0.8,-1.0,-1.7,0.1
Tobias Harris,SF,22,ORL,2014-15,68,2369,16.7,0.551,0.252,0.258,3.4,17.3,10.3,8.8,1.5,1.2,9.8,22.5,3.0,1.8,4.8,0.098,0.4,-0.7,-0.3,1.0
Tobias Harris,PF,23,TOT,2015-16,76,2513,16.2,0.56,0.269,0.273,4.1,18.6,11.2,10.6,1.3,1.3,9.8,19.3,4.1,2.5,6.6,0.126,0.7,0.4,1.0,1.9
Tobias Harris,PF,24,DET,2016-17,82,2567,16.9,0.568,0.295,0.213,2.6,15.6,8.8,8.8,1.2,1.3,7.6,21.7,4.0,2.8,6.8,0.128,1.0,0.1,1.2,2.0
Tobias Harris,PF,25,TOT,2017-18,80,2668,17.1,0.565,0.364,0.177,2.4,15.7,9.0,11.8,1.3,1.1,7.4,23.3,4.2,2.5,6.7,0.12,1.5,-0.8,0.7,1.8
Tobias Harris,PF,26,TOT,2018-19,82,2847,17.2,0.592,0.313,0.245,2.6,20.8,12.0,12.5,0.8,1.0,9.8,22.8,4.5,2.6,7.1,0.12,1.1,-0.6,0.5,1.8
Tobias Harris,PF,26,LAC,2018-19,55,1903,18.2,0.605,0.302,0.256,2.1,21.3,12.0,12.5,1.0,1.0,10.3,23.5,3.2,1.8,5.0,0.127,1.6,-0.5,1.1,1.5
Tobias Harris,PF,26,PHI,2018-19,27,944,15.3,0.562,0.338,0.221,3.7,19.7,11.9,12.6,0.6,1.1,8.8,21.3,1.2,0.9,2.1,0.105,0.1,-0.8,-0.7,0.3
Tomas Satoransky,SG,25,WAS,2016-17,57,719,8.5,0.477,0.252,0.224,3.9,9.1,6.5,16.7,1.8,0.7,19.0,12.1,0.1,0.5,0.6,0.04,-2.9,-0.2,-3.1,-0.2
Tomáš Satoranský,SG,26,WAS,2017-18,73,1643,15.4,0.615,0.263,0.25,5.0,11.1,8.0,24.8,1.6,0.8,16.3,13.7,3.7,1.3,5.0,0.145,1.3,-0.2,1.1,1.3
Tomáš Satoranský,PG,27,WAS,2018-19,80,2164,14.1,0.59,0.306,0.302,4.0,10.0,7.0,24.6,1.8,0.5,16.7,14.1,3.8,0.9,4.7,0.104,0.4,-1.0,-0.6,0.8
Toney Douglas,PG,23,NYK,2009-10,56,1087,14.9,0.571,0.448,0.174,4.1,7.2,5.6,16.6,2.0,0.2,11.6,19.8,1.8,0.4,2.2,0.097,1.7,-2.4,-0.8,0.3
Toney Douglas,SG,24,NYK,2010-11,81,1971,15.2,0.534,0.507,0.142,3.7,10.5,7.1,19.5,2.3,0.1,10.0,20.1,3.0,1.2,4.2,0.101,2.5,-1.8,0.7,1.4
Toney Douglas,PG,25,NYK,2011-12,38,656,7.1,0.393,0.403,0.09,2.8,10.0,6.3,19.6,2.3,0.1,15.7,24.4,-1.4,0.8,-0.6,-0.046,-3.9,-1.1,-5.0,-0.5
Toney Douglas,PG,26,TOT,2012-13,71,1289,13.4,0.531,0.464,0.18,3.0,9.2,6.1,18.3,2.8,0.2,13.9,19.9,1.4,1.0,2.4,0.089,0.8,-1.1,-0.3,0.6
Toney Douglas,PG,27,TOT,2013-14,51,675,9.2,0.493,0.537,0.179,3.4,11.9,7.8,14.6,1.5,0.6,14.2,16.3,0.2,0.7,0.9,0.061,-1.5,-0.8,-2.3,-0.1
Toney Douglas,SG,28,NOP,2014-15,12,177,11.2,0.45,0.353,0.255,1.3,12.8,7.1,20.0,3.3,1.7,15.0,17.2,0.0,0.2,0.2,0.046,-2.1,0.8,-1.3,0.0
Toney Douglas,PG,29,NOP,2015-16,61,1262,14.7,0.543,0.456,0.222,2.1,10.7,6.3,19.1,2.8,0.3,11.6,19.4,1.6,0.9,2.5,0.094,1.4,-0.9,0.5,0.8
Toney Douglas,PG,30,MEM,2016-17,24,394,10.6,0.451,0.359,0.248,3.7,14.3,8.9,22.2,2.4,1.2,13.9,17.4,0.0,0.5,0.5,0.059,-2.2,1.0,-1.2,0.1
Toni Kukoč,PF,37,MIL,2005-06,65,1018,11.9,0.491,0.493,0.188,3.0,14.7,8.8,21.5,1.7,1.3,17.0,17.4,0.2,0.9,1.1,0.053,-1.0,0.0,-1.1,0.2
Tony Allen,PG,24,BOS,2005-06,51,978,12.9,0.554,0.124,0.489,4.1,9.6,6.9,11.2,2.7,1.4,16.8,18.8,0.6,1.0,1.7,0.082,-1.6,0.2,-1.4,0.2
Tony Allen,SG,25,BOS,2006-07,33,805,17.0,0.596,0.127,0.517,5.1,13.6,9.2,12.5,3.2,1.2,19.1,22.1,0.8,1.1,1.9,0.111,0.0,1.1,1.1,0.6
Tony Allen,SG,26,BOS,2007-08,75,1373,10.7,0.527,0.147,0.465,3.1,11.0,7.3,13.1,2.4,1.3,18.9,19.6,-0.1,2.8,2.7,0.093,-3.2,1.8,-1.4,0.2
Tony Allen,SG,27,BOS,2008-09,46,887,12.9,0.541,0.095,0.384,3.2,10.7,7.1,12.0,3.2,2.1,18.8,21.5,-0.2,1.8,1.6,0.085,-2.7,2.5,-0.3,0.4
Tony Allen,SG,28,BOS,2009-10,54,889,14.2,0.54,0.02,0.47,7.4,12.5,10.0,13.0,3.5,1.7,17.8,19.6,0.2,1.6,1.9,0.1,-1.8,2.6,0.8,0.6
Tony Allen,SG,29,MEM,2010-11,72,1494,18.3,0.562,0.047,0.37,5.5,9.9,7.7,10.9,4.5,2.4,13.1,19.9,2.0,2.7,4.7,0.152,0.7,2.9,3.6,2.1
Tony Allen,SG,30,MEM,2011-12,58,1525,15.7,0.541,0.058,0.391,7.4,10.6,8.9,8.3,3.6,1.8,15.2,18.4,1.7,2.5,4.2,0.131,0.0,2.5,2.5,1.7
Tony Allen,SG,31,MEM,2012-13,79,2109,13.2,0.489,0.038,0.293,6.6,13.8,10.2,7.6,3.1,1.7,11.5,17.8,1.0,4.1,5.1,0.115,-1.6,2.9,1.3,1.8
Tony Allen,SG,32,MEM,2013-14,55,1278,15.6,0.531,0.114,0.293,7.3,12.0,9.6,11.7,3.8,1.2,16.2,20.1,0.5,2.1,2.7,0.1,-0.1,2.4,2.3,1.4
Tony Allen,SG,33,MEM,2014-15,63,1648,14.6,0.528,0.064,0.277,7.2,12.2,9.7,8.1,4.1,1.5,14.4,16.6,0.9,3.2,4.1,0.119,-0.4,3.7,3.3,2.2
Tony Allen,SG,34,MEM,2015-16,64,1620,12.9,0.505,0.09,0.294,7.0,14.1,10.4,6.9,3.5,1.0,12.8,16.8,0.5,1.9,2.4,0.072,-1.5,1.4,-0.1,0.8
Tony Allen,SG,35,MEM,2016-17,71,1914,13.3,0.493,0.091,0.218,9.6,13.8,11.7,8.4,3.1,1.4,13.3,17.9,0.2,2.9,3.1,0.077,-1.8,2.4,0.6,1.3
Tony Allen,SF,36,NOP,2017-18,22,273,8.7,0.514,0.132,0.231,8.2,10.4,9.3,4.6,1.9,0.9,15.9,18.9,-0.2,0.2,0.1,0.017,-4.0,-1.3,-5.2,-0.2
Tony Battie,C,29,ORL,2005-06,82,2215,12.2,0.531,0.011,0.243,8.3,16.9,12.7,3.7,1.1,2.5,12.6,14.9,1.7,2.2,3.8,0.083,-1.8,0.5,-1.3,0.4
Tony Battie,PF,30,ORL,2006-07,66,1575,9.8,0.513,0.003,0.214,7.4,19.3,13.5,3.6,1.0,1.5,13.4,13.4,0.6,2.1,2.7,0.081,-2.9,0.6,-2.3,-0.1
Tony Battie,PF,32,ORL,2008-09,77,1202,11.9,0.518,0.028,0.254,8.9,17.0,13.0,4.2,1.1,1.5,11.4,15.6,0.7,2.1,2.8,0.113,-3.4,1.2,-2.2,0.0
Tony Battie,C,33,NJN,2009-10,15,134,6.1,0.405,0.1,0.25,3.3,17.1,9.9,3.7,1.6,1.1,6.3,16.2,-0.1,0.1,0.0,-0.014,-6.7,-1.8,-8.4,-0.2
Tony Battie,C,34,PHI,2010-11,38,377,9.5,0.489,0.031,0.146,5.2,25.1,15.1,4.8,0.7,3.0,10.5,13.9,0.0,0.6,0.6,0.075,-5.3,0.8,-4.5,-0.2
Tony Battie,C,35,PHI,2011-12,27,295,7.3,0.398,0.02,0.078,3.0,22.3,12.6,7.6,0.7,1.5,7.0,9.0,0.0,0.5,0.5,0.076,-5.7,1.8,-3.9,-0.1
Tony Bradley,C,20,UTA,2017-18,9,29,9.5,0.337,0.091,0.182,15.8,27.1,21.5,5.0,0.0,0.0,0.0,18.4,0.0,0.0,0.0,0.033,-6.6,-3.0,-9.6,-0.1
Tony Bradley,C,21,UTA,2018-19,3,36,19.6,0.504,0.0,0.125,27.6,17.7,22.6,4.5,2.7,4.4,15.1,23.6,0.0,0.1,0.1,0.13,-2.0,1.3,-0.7,0.0
Tony Delk,PG,32,TOT,2005-06,24,385,16.1,0.526,0.292,0.168,4.3,12.2,8.2,15.2,1.9,0.2,9.9,23.7,0.4,0.5,0.9,0.112,0.6,-1.5,-0.9,0.1
Tony Delk,SG,32,ATL,2005-06,1,7,16.1,0.532,0.0,2.0,16.7,17.7,17.2,0.0,0.0,0.0,0.0,12.2,0.0,0.0,0.0,0.171,-2.4,-8.0,-10.4,0.0
Tony Delk,PG,32,DET,2005-06,23,378,16.1,0.526,0.294,0.156,4.0,12.1,8.0,15.5,1.9,0.2,10.0,23.9,0.4,0.5,0.9,0.111,0.6,-1.3,-0.7,0.1
Tony Mitchell,PF,21,DET,2013-14,21,79,18.1,0.54,0.083,1.583,19.7,16.0,18.0,3.4,3.8,3.0,16.4,13.2,0.1,0.1,0.2,0.151,-0.1,1.4,1.3,0.1
Tony Mitchell,SF,24,MIL,2013-14,3,10,30.9,0.6,0.2,0.0,11.1,0.0,5.7,22.6,5.2,0.0,0.0,22.6,0.0,0.0,0.1,0.242,8.6,-2.1,6.5,0.0
Tony Parker,PG,23,SAS,2005-06,80,2715,20.8,0.584,0.032,0.315,1.7,9.5,5.7,32.2,1.7,0.1,16.1,27.1,5.5,4.1,9.6,0.169,2.6,0.0,2.6,3.1
Tony Parker,PG,24,SAS,2006-07,77,2499,21.4,0.572,0.035,0.319,1.7,10.0,6.0,31.7,1.8,0.2,13.3,27.4,5.8,3.9,9.6,0.185,2.5,0.1,2.7,3.0
Tony Parker,PG,25,SAS,2007-08,69,2312,20.0,0.542,0.063,0.333,1.6,9.6,5.6,34.1,1.3,0.3,12.1,28.2,3.9,3.2,7.0,0.146,2.0,-0.3,1.7,2.2
Tony Parker,PG,26,SAS,2008-09,72,2456,23.4,0.556,0.051,0.287,1.3,9.4,5.4,40.1,1.5,0.1,11.6,31.7,5.6,3.0,8.6,0.168,3.9,-0.8,3.1,3.2
Tony Parker,PG,27,SAS,2009-10,56,1728,16.4,0.542,0.047,0.344,0.5,8.5,4.6,30.9,0.9,0.3,15.3,25.8,2.0,1.6,3.6,0.101,-0.1,-1.6,-1.7,0.1
Tony Parker,PG,28,SAS,2010-11,78,2528,20.4,0.569,0.065,0.283,1.4,9.3,5.5,35.2,1.9,0.1,14.3,25.5,5.8,2.4,8.2,0.156,2.5,-0.8,1.7,2.4
Tony Parker,PG,29,SAS,2011-12,60,1923,22.0,0.539,0.069,0.319,1.3,8.7,5.1,40.3,1.5,0.2,13.1,27.7,5.5,1.6,7.1,0.177,3.2,-1.5,1.7,1.8
Tony Parker,PG,30,SAS,2012-13,66,2174,23.0,0.588,0.068,0.332,1.0,9.1,5.3,40.4,1.3,0.2,13.0,27.7,7.1,2.3,9.3,0.206,4.1,-1.4,2.7,2.6
Tony Parker,PG,31,SAS,2013-14,68,1997,18.9,0.555,0.073,0.266,1.0,7.5,4.4,31.7,0.9,0.3,12.9,26.5,3.9,1.9,5.9,0.141,1.3,-1.8,-0.5,0.8
Tony Parker,PG,32,SAS,2014-15,68,1953,15.9,0.539,0.107,0.2,0.9,6.5,3.7,28.7,1.2,0.1,13.9,24.5,2.4,1.7,4.1,0.1,0.2,-2.2,-2.0,0.0
Tony Parker,PG,33,SAS,2015-16,72,1980,16.2,0.546,0.092,0.241,1.0,8.8,5.1,29.1,1.4,0.4,14.3,21.2,2.9,2.9,5.8,0.142,0.4,-0.3,0.1,1.0
Tony Parker,PG,34,SAS,2016-17,63,1587,13.0,0.514,0.121,0.206,0.7,7.3,4.0,27.8,1.1,0.1,12.5,20.2,1.4,1.7,3.0,0.092,-1.2,-1.7,-3.0,-0.4
Tony Parker,PG,35,SAS,2017-18,55,1071,12.7,0.498,0.095,0.201,0.7,9.2,4.9,28.2,1.3,0.1,13.9,20.5,0.4,1.1,1.4,0.065,-2.4,-1.7,-4.1,-0.6
Tony Parker,PG,36,CHO,2018-19,56,1003,15.3,0.512,0.11,0.268,1.5,7.6,4.5,33.3,1.0,0.6,12.7,25.5,0.6,0.3,0.9,0.044,-1.5,-3.7,-5.3,-0.8
Tony Snell,SG,22,CHI,2013-14,77,1231,8.0,0.489,0.53,0.122,1.8,9.6,5.7,9.1,1.3,0.9,11.1,14.9,-0.1,1.7,1.6,0.063,-2.9,-0.2,-3.0,-0.3
Tony Snell,SF,23,CHI,2014-15,72,1412,10.2,0.55,0.531,0.148,2.5,10.9,6.8,6.8,1.2,0.6,10.8,14.1,1.2,1.2,2.4,0.082,-0.6,-0.9,-1.5,0.2
Tony Snell,SF,24,CHI,2015-16,64,1301,6.4,0.478,0.457,0.097,1.6,14.3,8.1,6.9,0.6,1.0,12.8,13.7,-0.5,1.0,0.4,0.016,-3.4,-0.7,-4.1,-0.7
Tony Snell,SG,25,MIL,2016-17,80,2336,9.7,0.603,0.656,0.107,1.1,11.1,6.2,5.9,1.2,0.5,8.8,12.1,2.1,1.3,3.4,0.071,0.2,-1.1,-0.8,0.7
Tony Snell,SG,26,MIL,2017-18,75,2053,8.5,0.578,0.631,0.113,0.5,7.5,4.0,6.5,1.1,1.2,7.5,10.6,1.6,0.7,2.4,0.056,-0.5,-1.3,-1.8,0.1
Tony Snell,SF,27,MIL,2018-19,74,1304,10.7,0.585,0.565,0.116,2.4,9.4,6.1,6.7,0.9,1.2,5.7,12.9,1.6,1.6,3.2,0.117,-0.7,-0.4,-1.0,0.3
Tony Wroten,SG,19,MEM,2012-13,35,272,9.3,0.461,0.186,0.337,5.5,6.6,6.1,25.2,1.6,1.2,22.7,21.7,-0.2,0.3,0.1,0.017,-3.4,-0.8,-4.2,-0.2
Tony Wroten,PG,20,PHI,2013-14,72,1765,12.9,0.493,0.233,0.403,4.1,10.1,7.0,20.9,2.1,0.7,17.7,27.7,-1.8,0.9,-0.9,-0.025,-2.3,-2.3,-4.6,-1.2
Tony Wroten,PG,21,PHI,2014-15,30,895,14.9,0.494,0.327,0.415,2.5,8.1,5.2,34.9,2.7,0.7,18.0,30.5,-0.6,0.9,0.3,0.014,0.3,-1.8,-1.5,0.1
Tony Wroten,PG,22,PHI,2015-16,8,144,1.8,0.412,0.262,0.569,1.5,14.9,7.9,23.3,1.0,0.0,26.3,33.5,-0.8,0.0,-0.8,-0.263,-9.9,-3.5,-13.4,-0.4
Tornike Shengelia,SF,21,BRK,2012-13,19,93,8.5,0.499,0.087,0.696,11.4,17.9,14.6,5.1,1.7,0.8,26.8,20.3,-0.1,0.1,0.0,-0.017,-5.5,-0.9,-6.4,-0.1
Tornike Shengelia,SF,22,TOT,2013-14,26,154,3.9,0.46,0.214,0.286,3.1,9.2,6.2,14.0,1.0,0.5,27.6,13.2,-0.2,0.1,-0.1,-0.04,-5.7,-1.1,-6.8,-0.2
Torrey Craig,SF,27,DEN,2017-18,39,629,9.8,0.535,0.423,0.255,7.2,15.5,11.4,5.4,0.9,2.0,11.6,11.9,0.5,0.4,0.9,0.069,-1.7,-0.8,-2.5,-0.1
Torrey Craig,SF,28,DEN,2018-19,75,1503,10.4,0.547,0.519,0.193,6.4,12.6,9.5,6.3,1.2,2.7,10.1,12.4,1.4,1.7,3.0,0.096,-1.0,0.9,-0.1,0.7
Toure' Murry,PG,24,NYK,2013-14,51,373,11.1,0.479,0.093,0.302,4.0,10.1,6.9,21.5,2.7,0.2,18.9,22.5,-0.3,0.3,0.0,0.002,-3.4,-1.6,-4.9,-0.3
Toure' Murry,SG,25,TOT,2014-15,5,18,1.1,0.51,0.0,0.4,6.4,0.0,3.1,8.3,2.8,0.0,40.5,24.9,-0.1,0.0,-0.1,-0.171,-10.0,-1.2,-11.2,0.0
Tracy McGrady,SF,26,HOU,2005-06,47,1745,21.9,0.494,0.231,0.336,3.1,17.2,10.3,28.8,1.8,1.9,9.4,35.0,1.4,2.7,4.1,0.112,3.4,1.3,4.8,3.0
Tracy McGrady,SG,27,HOU,2006-07,71,2539,23.2,0.515,0.257,0.33,2.6,14.5,8.6,37.5,1.9,1.1,11.2,35.0,4.1,4.5,8.6,0.163,4.6,1.6,6.2,5.2
Tracy McGrady,SG,28,HOU,2007-08,66,2440,18.4,0.487,0.226,0.274,2.0,13.5,7.8,29.6,1.5,0.9,9.8,30.4,2.0,3.8,5.8,0.115,1.7,0.7,2.4,2.7
Tracy McGrady,SG,29,HOU,2008-09,35,1181,16.3,0.492,0.241,0.322,2.1,12.7,7.6,25.2,1.9,0.9,11.1,24.5,0.9,1.8,2.7,0.108,0.4,1.0,1.4,1.0
Tracy McGrady,SG,30,TOT,2009-10,30,673,12.2,0.466,0.272,0.268,3.7,12.4,7.9,22.6,1.1,1.5,14.3,20.6,0.0,0.3,0.3,0.018,-2.2,-1.2,-3.3,-0.2
Tracy McGrady,SG,31,DET,2010-11,72,1686,14.9,0.503,0.171,0.251,3.4,15.4,9.1,23.6,2.1,1.6,15.2,18.6,1.0,1.1,2.1,0.061,-0.5,0.2,-0.3,0.7
Tracy McGrady,SF,32,ATL,2011-12,52,837,13.6,0.51,0.143,0.359,3.3,18.2,10.8,20.8,1.0,1.4,16.5,18.0,0.5,1.1,1.6,0.094,-2.4,0.6,-1.7,0.1
Trae Young,PG,20,ATL,2018-19,81,2503,17.0,0.539,0.384,0.33,2.6,10.2,6.3,40.5,1.3,0.5,17.6,28.4,2.5,0.7,3.3,0.062,1.8,-2.8,-1.1,0.6
Travis Diener,PG,23,ORL,2005-06,23,246,12.6,0.614,0.826,0.087,2.1,8.3,5.3,10.6,1.5,0.0,12.2,15.7,0.5,0.1,0.6,0.115,2.5,-2.7,-0.2,0.1
Travis Diener,PG,24,ORL,2006-07,26,288,11.6,0.566,0.625,0.188,1.3,6.3,3.9,20.0,0.7,0.0,13.1,16.0,0.5,0.2,0.7,0.113,1.0,-3.5,-2.6,0.0
Travis Diener,PG,25,IND,2007-08,66,1356,12.2,0.494,0.542,0.165,2.0,7.3,4.6,27.7,1.3,0.2,10.7,16.5,1.7,0.8,2.5,0.088,0.2,-2.7,-2.5,-0.2
Travis Diener,PG,26,IND,2008-09,55,719,13.7,0.555,0.659,0.084,0.9,12.4,6.6,23.9,1.8,0.5,10.2,12.5,1.3,0.6,1.9,0.125,0.8,-1.3,-0.5,0.3
Travis Diener,PG,27,TOT,2009-10,9,51,7.6,0.255,0.7,0.4,0.0,6.8,3.4,21.8,4.0,0.0,0.0,10.5,0.0,0.1,0.0,0.019,-3.6,-0.3,-3.9,0.0
Travis Leslie,SG,21,LAC,2011-12,10,45,14.6,0.39,0.0,0.643,15.7,8.0,11.9,17.0,2.4,3.7,10.0,20.5,0.0,0.0,0.1,0.06,-1.5,1.3,-0.2,0.0
Travis Outlaw,PF,21,POR,2005-06,69,1153,12.9,0.491,0.144,0.242,4.9,14.9,9.9,5.2,1.5,3.0,8.3,18.3,0.4,0.5,0.9,0.039,-2.6,-0.9,-3.5,-0.4
Travis Outlaw,PF,22,POR,2006-07,67,1532,15.3,0.499,0.065,0.319,5.2,12.6,8.8,6.1,2.2,3.9,9.3,21.8,0.9,1.4,2.3,0.072,-1.9,0.7,-1.2,0.3
Travis Outlaw,PF,23,POR,2007-08,82,2186,15.7,0.499,0.105,0.305,5.2,15.0,10.1,8.9,1.5,2.2,8.9,26.0,0.9,2.3,3.2,0.071,-1.6,-0.1,-1.8,0.1
Travis Outlaw,SF,24,POR,2008-09,81,2246,15.1,0.541,0.278,0.285,3.8,14.6,9.1,6.3,1.2,2.0,8.9,22.0,3.0,2.3,5.3,0.113,0.1,-0.5,-0.4,0.9
Travis Outlaw,SF,25,TOT,2009-10,34,730,13.3,0.503,0.374,0.21,5.3,14.3,9.8,7.6,1.3,1.8,9.4,21.4,0.4,0.6,0.9,0.062,-1.2,-1.4,-2.5,-0.1
Travis Outlaw,SF,26,NJN,2010-11,82,2358,8.8,0.469,0.345,0.234,2.6,14.0,8.1,5.8,0.8,1.2,8.1,17.3,-0.4,1.2,0.8,0.016,-2.6,-0.9,-3.6,-0.9
Travis Outlaw,SF,27,SAC,2011-12,39,500,9.6,0.428,0.343,0.263,4.0,9.7,6.7,4.8,1.9,3.1,9.3,18.7,-0.3,0.2,-0.1,-0.008,-3.5,-1.2,-4.7,-0.3
Travis Outlaw,SF,28,SAC,2012-13,38,444,13.0,0.5,0.282,0.294,4.3,11.7,7.9,7.7,1.3,1.4,8.7,21.9,0.3,0.1,0.3,0.037,-1.5,-3.2,-4.7,-0.3
Travis Outlaw,SF,29,SAC,2013-14,63,1065,10.4,0.492,0.359,0.16,3.8,14.2,8.9,7.0,1.0,1.4,6.9,15.5,0.8,0.6,1.4,0.062,-1.6,-0.9,-2.5,-0.1
Travis Wear,SF,24,NYK,2014-15,51,672,8.5,0.451,0.144,0.124,5.2,13.3,9.1,9.9,1.2,1.4,13.7,17.5,-0.5,0.2,-0.3,-0.02,-4.5,-1.6,-6.1,-0.7
Travis Wear,SF,27,LAL,2017-18,17,228,6.9,0.497,0.653,0.111,0.0,17.6,8.9,4.2,0.8,1.8,7.4,15.2,0.0,0.2,0.2,0.042,-3.7,-1.3,-5.1,-0.2
Trenton Hassell,SG,26,MIN,2005-06,77,2514,9.5,0.512,0.037,0.286,4.0,6.2,5.2,13.2,0.9,0.9,15.2,15.4,0.7,1.6,2.3,0.044,-2.0,-0.3,-2.3,-0.2
Trenton Hassell,SG,27,MIN,2006-07,76,2223,9.7,0.529,0.056,0.208,4.6,8.4,6.5,14.0,0.5,0.9,14.2,11.8,1.8,0.8,2.6,0.056,-1.5,-0.2,-1.8,0.1
Trenton Hassell,SG,28,TOT,2007-08,63,773,4.2,0.441,0.067,0.074,3.0,9.3,6.2,7.9,0.9,0.3,13.6,9.7,-0.2,0.5,0.2,0.015,-4.5,-0.2,-4.7,-0.5
Trenton Hassell,SG,28,DAL,2007-08,37,463,4.7,0.47,0.05,0.025,2.8,8.0,5.5,8.2,1.0,0.2,14.8,9.6,-0.1,0.4,0.3,0.031,-3.5,0.1,-3.4,-0.2
Trenton Hassell,SG,28,NJN,2007-08,26,310,3.5,0.402,0.091,0.145,3.4,11.2,7.3,7.4,0.7,0.5,12.0,9.8,-0.2,0.1,-0.1,-0.009,-5.9,-0.8,-6.6,-0.4
Trenton Hassell,SF,29,NJN,2008-09,53,1094,7.2,0.48,0.042,0.131,5.4,10.6,7.9,7.1,1.0,1.2,12.9,9.9,0.2,0.4,0.7,0.029,-3.3,0.2,-3.0,-0.3
Trenton Hassell,SF,30,NJN,2009-10,52,1106,6.5,0.465,0.023,0.315,5.6,10.5,7.9,7.2,0.8,0.6,15.9,12.3,-0.4,0.3,-0.1,-0.003,-4.5,-0.7,-5.2,-0.9
Treveon Graham,SG,23,CHO,2016-17,27,189,10.6,0.612,0.375,0.375,2.9,10.0,6.4,4.7,1.6,0.5,6.0,11.8,0.3,0.2,0.4,0.108,-1.5,-1.3,-2.8,0.0
Treveon Graham,SG,24,CHO,2017-18,63,1050,9.0,0.553,0.439,0.267,4.3,8.3,6.2,7.8,1.5,0.2,9.9,11.3,1.1,0.7,1.8,0.08,-0.6,-0.3,-0.9,0.3
Treveon Graham,SG,25,BRK,2018-19,35,715,6.1,0.458,0.67,0.115,3.4,12.3,7.9,6.5,0.9,0.8,7.8,12.8,-0.1,0.6,0.5,0.033,-2.8,-0.1,-2.9,-0.2
Trevon Duval,PG,20,MIL,2018-19,3,6,38.3,0.833,0.333,0.0,0.0,16.0,8.5,59.0,0.0,0.0,0.0,20.9,0.1,0.0,0.1,0.537,13.8,-4.1,9.7,0.0
Trevor Ariza,SF,20,TOT,2005-06,57,999,11.8,0.468,0.022,0.562,9.6,17.1,13.3,9.8,3.0,0.9,18.0,15.8,-0.1,1.0,0.9,0.043,-2.1,1.5,-0.6,0.3
Trevor Ariza,SF,20,NYK,2005-06,36,709,10.2,0.459,0.021,0.527,8.3,15.3,11.7,10.4,3.2,1.0,20.4,14.4,-0.4,0.6,0.3,0.02,-2.3,2.0,-0.3,0.3
Trevor Ariza,SF,20,ORL,2005-06,21,290,15.8,0.485,0.025,0.625,12.7,21.5,17.3,8.3,2.6,0.5,13.6,19.3,0.2,0.4,0.6,0.101,-1.6,0.2,-1.4,0.0
Trevor Ariza,SG,21,ORL,2006-07,57,1278,16.2,0.567,0.019,0.461,9.7,14.2,12.0,8.9,2.5,1.2,15.8,19.2,1.5,1.9,3.4,0.128,0.2,1.2,1.5,1.1
Trevor Ariza,SF,22,TOT,2007-08,35,546,16.1,0.568,0.132,0.551,6.4,15.4,11.1,11.8,2.9,1.5,12.0,15.6,0.9,0.9,1.8,0.157,0.0,1.8,1.8,0.5
Trevor Ariza,SF,22,ORL,2007-08,11,115,12.7,0.479,0.097,0.484,5.2,18.3,12.0,10.7,2.2,1.9,11.7,17.0,0.0,0.2,0.2,0.085,-3.4,1.9,-1.5,0.0
Trevor Ariza,SF,22,LAL,2007-08,24,431,17.1,0.594,0.143,0.571,6.7,14.6,10.8,12.0,3.0,1.3,12.0,15.3,0.9,0.7,1.6,0.176,0.9,1.8,2.7,0.5
Trevor Ariza,SF,23,LAL,2008-09,82,1999,15.5,0.544,0.32,0.284,6.4,13.5,10.0,10.4,3.5,0.9,11.5,16.6,2.5,3.5,6.1,0.146,1.0,2.1,3.1,2.6
Trevor Ariza,SF,24,HOU,2009-10,72,2629,13.3,0.488,0.407,0.228,3.3,14.7,8.8,16.7,2.4,1.1,12.8,21.2,0.1,3.1,3.2,0.058,0.0,1.3,1.3,2.2
Trevor Ariza,SF,25,NOH,2010-11,75,2600,11.3,0.487,0.356,0.259,2.8,16.4,9.5,10.0,2.5,1.0,12.2,17.7,-0.4,3.8,3.4,0.062,-1.2,2.3,1.1,2.0
Trevor Ariza,SF,26,NOH,2011-12,41,1350,14.2,0.496,0.216,0.253,3.7,15.1,9.5,16.8,2.8,1.5,14.5,18.4,0.5,1.7,2.2,0.078,-0.4,2.2,1.8,1.3
Trevor Ariza,SF,27,WAS,2012-13,56,1471,14.0,0.538,0.463,0.211,3.3,16.9,10.0,12.7,2.5,1.1,14.6,17.9,0.7,2.4,3.1,0.102,-0.4,1.9,1.5,1.3
Trevor Ariza,SF,28,WAS,2013-14,77,2723,15.8,0.59,0.518,0.226,4.1,16.3,10.1,10.8,2.4,0.6,12.3,17.8,4.3,3.7,8.0,0.141,2.3,1.1,3.4,3.6
Trevor Ariza,SF,29,HOU,2014-15,82,2930,12.7,0.539,0.61,0.157,2.9,14.4,8.6,11.1,2.6,0.5,12.7,16.5,2.7,3.9,6.6,0.108,0.6,1.3,1.9,2.9
Trevor Ariza,SF,30,HOU,2015-16,81,2859,12.9,0.551,0.581,0.187,2.6,11.6,7.1,10.0,2.8,0.8,10.8,15.7,3.1,2.3,5.4,0.09,1.2,0.3,1.5,2.5
Trevor Ariza,SF,31,HOU,2016-17,80,2773,12.4,0.548,0.695,0.158,2.1,15.9,9.0,8.8,2.5,0.6,7.9,14.1,2.8,3.2,6.0,0.104,0.7,1.0,1.7,2.6
Trevor Ariza,SF,32,HOU,2017-18,67,2269,11.8,0.567,0.71,0.137,1.7,12.9,7.3,6.8,2.1,0.5,7.0,14.4,2.6,2.8,5.3,0.113,0.8,0.7,1.5,2.0
Trevor Ariza,SF,33,TOT,2018-19,69,2349,12.0,0.534,0.59,0.223,2.3,15.2,8.6,14.8,1.8,0.7,11.6,16.6,1.3,1.2,2.5,0.052,-0.1,-0.4,-0.5,0.9
Trevor Ariza,SF,33,PHO,2018-19,26,884,10.5,0.525,0.612,0.189,2.0,16.4,9.1,13.5,2.1,0.8,13.7,13.8,0.2,0.5,0.6,0.035,-1.2,0.2,-1.0,0.2
Trevor Ariza,SF,33,WAS,2018-19,43,1465,13.0,0.538,0.58,0.238,2.5,14.5,8.4,15.5,1.7,0.7,10.6,18.2,1.1,0.8,1.9,0.062,0.6,-0.8,-0.2,0.7
Trevor Booker,PF,23,WAS,2010-11,65,1063,15.3,0.582,0.004,0.399,10.2,17.0,13.5,5.2,1.4,3.0,11.3,13.9,1.8,0.8,2.6,0.119,-1.0,0.3,-0.7,0.3
Trevor Booker,PF,24,WAS,2011-12,50,1261,15.4,0.549,0.006,0.273,10.6,18.6,14.5,5.1,2.0,2.6,13.2,15.6,1.6,1.4,3.0,0.113,-0.7,1.0,0.3,0.7
Trevor Booker,PF,25,WAS,2012-13,48,887,13.9,0.509,0.023,0.327,12.2,17.8,14.9,7.4,1.9,1.4,11.0,14.5,0.9,1.4,2.3,0.126,-1.7,1.8,0.1,0.5
Trevor Booker,PF,26,WAS,2013-14,72,1553,15.0,0.563,0.005,0.189,10.9,17.5,14.1,6.3,1.4,2.4,11.7,14.4,2.3,2.0,4.3,0.132,-1.1,1.3,0.2,0.8
Trevor Booker,PF,27,UTA,2014-15,79,1564,15.3,0.536,0.181,0.319,10.3,19.0,14.7,9.0,1.5,2.1,14.3,18.1,1.7,1.9,3.6,0.11,-0.6,0.7,0.2,0.9
Trevor Booker,PF,28,UTA,2015-16,79,1632,14.4,0.533,0.106,0.273,11.9,20.4,16.2,8.2,1.9,2.1,15.7,14.6,1.8,2.6,4.3,0.128,-0.9,2.3,1.4,1.4
Trevor Booker,PF,29,BRK,2016-17,71,1754,15.7,0.554,0.132,0.186,8.7,25.5,17.2,12.9,2.0,1.2,16.6,18.7,1.0,2.2,3.1,0.086,-1.6,1.7,0.1,0.9
Trevor Booker,PF,30,TOT,2017-18,68,1158,14.9,0.557,0.096,0.271,11.1,18.6,14.9,10.8,1.2,1.5,13.3,16.6,1.6,1.3,2.9,0.121,-1.0,0.5,-0.5,0.4
Trey Burke,PG,21,UTA,2013-14,70,2262,12.6,0.473,0.375,0.126,1.8,9.0,5.3,29.4,1.0,0.2,12.2,21.8,1.0,0.0,0.9,0.02,0.5,-3.0,-2.5,-0.3
Trey Burke,PG,22,UTA,2014-15,76,2288,12.6,0.455,0.388,0.144,1.6,8.7,5.2,25.0,1.5,0.5,10.4,23.9,0.8,1.6,2.4,0.05,0.0,-1.9,-1.9,0.1
Trey Burke,PG,23,UTA,2015-16,64,1366,14.0,0.507,0.404,0.129,1.5,8.0,4.8,19.7,1.4,0.4,10.7,25.3,0.9,1.2,2.1,0.074,0.4,-2.5,-2.0,0.0
Trey Burke,PG,24,WAS,2016-17,57,703,10.8,0.532,0.275,0.114,1.1,6.4,3.8,20.7,0.8,0.6,15.2,19.6,0.3,0.3,0.5,0.036,-2.3,-3.4,-5.7,-0.7
Trey Burke,PG,25,NYK,2017-18,36,785,21.0,0.563,0.273,0.148,1.8,8.2,5.0,36.4,1.5,0.4,9.5,25.1,2.0,0.3,2.4,0.145,4.2,-3.2,1.0,0.6
Trey Burke,PG,26,TOT,2018-19,58,1125,16.5,0.524,0.29,0.226,2.6,6.7,4.6,24.1,1.4,0.5,7.5,24.8,1.4,0.5,1.9,0.081,0.7,-3.2,-2.5,-0.1
Trey Burke,PG,26,NYK,2018-19,33,689,15.6,0.496,0.24,0.209,2.2,7.3,4.7,23.6,1.5,0.6,6.9,26.1,0.4,0.2,0.6,0.044,-0.2,-3.3,-3.5,-0.3
Trey Burke,PG,26,DAL,2018-19,25,436,17.9,0.574,0.384,0.258,3.2,5.9,4.5,24.7,1.3,0.4,8.6,22.8,1.0,0.3,1.3,0.14,2.1,-3.0,-0.9,0.1
Trey Gilder,SF,25,MEM,2009-10,2,5,30.9,1.0,0.0,0.0,0.0,23.4,11.7,0.0,10.3,0.0,0.0,8.8,0.0,0.0,0.0,0.336,3.8,3.8,7.6,0.0
Trey Johnson,SG,24,CLE,2008-09,4,14,-9.3,0.296,0.0,0.8,0.0,8.2,4.3,0.0,0.0,0.0,12.9,26.2,-0.1,0.0,-0.1,-0.205,-16.1,-6.1,-22.2,-0.1
Trey Johnson,SG,26,TOT,2010-11,8,94,8.3,0.455,0.091,0.303,2.5,6.5,4.4,17.4,0.5,0.8,11.8,20.2,0.0,0.0,0.0,-0.009,-3.7,-4.0,-7.6,-0.1
Trey Johnson,SG,27,NOH,2011-12,11,61,11.8,0.648,0.0,0.357,6.0,17.3,11.7,11.1,0.9,0.0,23.6,16.4,0.1,0.0,0.1,0.096,-2.4,-1.3,-3.6,0.0
Trey Lyles,PF,20,UTA,2015-16,80,1382,11.6,0.517,0.294,0.188,5.0,20.2,12.6,7.1,1.0,1.1,12.1,17.9,0.6,1.7,2.3,0.079,-2.4,-0.4,-2.8,-0.3
Trey Lyles,PF,21,UTA,2016-17,71,1158,9.9,0.464,0.465,0.18,4.9,18.1,11.7,9.5,1.2,1.4,11.9,21.7,-0.9,1.6,0.8,0.031,-3.0,-0.1,-3.0,-0.3
Trey Lyles,PF,22,DEN,2017-18,73,1391,17.9,0.591,0.396,0.26,4.5,23.5,14.0,10.1,1.1,2.0,9.1,21.1,2.7,1.2,3.9,0.135,0.6,-1.4,-0.8,0.4
Trey Lyles,PF,23,DEN,2018-19,64,1120,12.7,0.5,0.404,0.234,4.2,19.6,11.9,11.3,1.3,1.8,11.1,23.4,-0.2,1.4,1.2,0.05,-2.6,-0.7,-3.3,-0.4
Trey McKinney-Jones,SG,27,IND,2017-18,1,1,0.0,,,,0.0,0.0,0.0,0.0,0.0,0.0,,0.0,0.0,0.0,0.0,-0.001,-5.8,-0.1,-5.9,0.0
Trey Thompkins,C,21,LAC,2011-12,24,119,12.0,0.445,0.213,0.115,4.0,20.2,12.0,4.5,1.4,2.1,8.6,27.2,-0.1,0.1,0.0,0.004,-5.5,-3.3,-8.9,-0.2
Tristan Thompson,PF,20,CLE,2011-12,60,1424,13.3,0.469,0.005,0.434,14.4,16.8,15.5,3.3,1.0,3.3,13.3,19.2,0.3,0.9,1.1,0.038,-3.2,-1.0,-4.2,-0.8
Tristan Thompson,PF,21,CLE,2012-13,82,2564,16.1,0.516,0.004,0.364,13.2,22.1,17.5,6.9,1.2,2.2,11.7,18.3,3.2,2.0,5.2,0.098,-0.7,0.1,-0.5,1.0
Tristan Thompson,PF,22,CLE,2013-14,82,2594,14.9,0.528,0.001,0.445,11.4,21.5,16.3,4.5,0.8,1.1,10.6,17.5,3.4,2.3,5.7,0.106,-1.5,-0.5,-2.0,0.0
Tristan Thompson,PF,23,CLE,2014-15,82,2194,15.6,0.58,0.0,0.508,14.5,19.7,17.2,2.7,0.8,2.2,12.2,14.0,4.7,2.1,6.8,0.148,-0.3,-0.3,-0.6,0.8
Tristan Thompson,PF,24,CLE,2015-16,82,2269,15.9,0.611,0.0,0.576,13.5,23.3,18.4,4.0,0.9,1.8,10.4,11.7,5.6,3.1,8.7,0.185,0.2,1.3,1.5,2.0
Tristan Thompson,C,25,CLE,2016-17,78,2336,15.3,0.594,0.007,0.487,13.9,19.6,16.9,4.6,0.8,2.9,10.8,11.3,5.0,2.3,7.3,0.149,0.0,1.5,1.5,2.0
Tristan Thompson,C,26,CLE,2017-18,53,1072,13.6,0.569,0.0,0.336,13.4,23.3,18.4,4.3,0.7,1.3,11.8,12.6,1.8,0.7,2.5,0.113,-1.6,-0.9,-2.5,-0.1
Tristan Thompson,C,27,CLE,2018-19,43,1198,18.4,0.551,0.0,0.279,15.4,25.7,20.3,11.2,1.2,1.2,12.1,17.7,2.1,0.5,2.6,0.105,0.2,0.1,0.3,0.7
Troy Brown,SF,19,WAS,2018-19,52,730,11.1,0.487,0.295,0.201,5.1,16.6,10.8,14.9,1.4,0.6,10.5,16.5,0.2,0.4,0.6,0.039,-2.6,-1.2,-3.7,-0.3
Troy Caupain,PG,23,ORL,2018-19,4,16,30.7,0.625,0.375,0.0,6.6,13.6,10.0,42.5,3.1,0.0,0.0,21.8,0.1,0.0,0.1,0.347,9.4,-0.4,8.9,0.0
Troy Daniels,SG,22,HOU,2013-14,5,75,16.0,0.677,0.806,0.0,0.0,5.6,3.0,11.4,0.0,0.0,8.8,19.9,0.2,0.0,0.2,0.15,4.3,-5.5,-1.2,0.0
Troy Daniels,SG,23,TOT,2014-15,47,397,9.6,0.515,0.715,0.079,2.2,7.2,4.7,9.2,0.8,0.2,10.5,21.3,0.1,0.1,0.2,0.022,-0.3,-4.6,-4.9,-0.3
Troy Daniels,SG,24,CHO,2015-16,43,476,14.9,0.634,0.652,0.048,1.6,11.6,6.5,7.6,1.2,0.5,11.2,20.4,0.6,0.4,1.1,0.11,1.6,-2.7,-1.1,0.1
Troy Daniels,SG,25,MEM,2016-17,67,1183,10.4,0.531,0.717,0.109,2.1,7.8,4.8,6.6,0.9,0.3,8.0,21.7,0.5,0.8,1.3,0.051,0.4,-3.5,-3.1,-0.3
Troy Daniels,SG,26,PHO,2017-18,79,1622,9.8,0.583,0.797,0.111,0.8,7.7,4.2,4.5,0.8,0.2,8.5,17.2,1.4,0.0,1.4,0.042,0.7,-3.6,-2.9,-0.4
Troy Daniels,SG,27,PHO,2018-19,51,760,9.8,0.558,0.705,0.084,1.9,8.9,5.3,5.0,1.6,0.5,8.7,17.6,0.2,0.1,0.3,0.02,-1.0,-3.4,-4.4,-0.5
Troy Hudson,PG,29,MIN,2005-06,36,800,12.2,0.48,0.303,0.156,1.2,5.3,3.3,23.3,0.8,0.4,10.1,23.5,0.3,0.4,0.7,0.042,-0.7,-3.9,-4.6,-0.5
Troy Hudson,PG,30,MIN,2006-07,34,554,10.8,0.483,0.41,0.164,1.8,8.4,5.2,21.4,1.3,0.3,16.1,20.9,-0.2,0.3,0.1,0.005,-1.9,-2.7,-4.7,-0.4
Troy Hudson,PG,31,GSW,2007-08,9,93,5.2,0.416,0.387,0.194,0.0,8.4,4.0,12.7,1.6,0.0,17.2,18.4,-0.2,0.0,-0.1,-0.062,-5.7,-2.9,-8.7,-0.2
Troy Murphy,PF,25,GSW,2005-06,74,2516,15.9,0.529,0.216,0.381,8.4,24.9,16.5,6.7,1.0,0.8,9.9,19.2,3.5,3.0,6.5,0.125,-0.7,0.1,-0.7,0.8
Troy Murphy,PF,26,TOT,2006-07,68,1852,14.5,0.541,0.253,0.25,6.0,19.6,12.7,10.9,1.2,1.7,10.8,17.2,2.4,2.1,4.5,0.116,-0.3,0.7,0.4,1.1
Troy Murphy,PF,26,GSW,2006-07,26,667,14.8,0.553,0.328,0.367,6.0,20.1,12.9,12.8,1.5,1.9,12.2,15.2,1.0,0.7,1.7,0.124,-0.2,1.1,0.9,0.5
Troy Murphy,PF,26,IND,2006-07,42,1185,14.3,0.536,0.219,0.197,6.0,19.3,12.5,9.8,1.1,1.6,10.1,18.3,1.4,1.4,2.8,0.112,-0.3,0.4,0.1,0.6
Troy Murphy,PF,27,IND,2007-08,75,2106,16.0,0.573,0.341,0.348,5.5,22.9,14.0,12.3,1.1,1.1,10.7,18.4,3.7,2.5,6.2,0.141,0.7,0.4,1.1,1.6
Troy Murphy,PF,28,IND,2008-09,73,2482,17.8,0.614,0.467,0.24,6.4,32.0,19.1,10.4,1.2,1.0,11.9,16.9,5.2,3.4,8.5,0.165,2.0,1.0,3.0,3.1
Troy Murphy,PF,29,IND,2009-10,72,2344,18.0,0.585,0.41,0.237,6.0,28.5,17.2,10.6,1.5,1.0,10.0,18.8,4.1,3.7,7.8,0.159,1.4,1.1,2.6,2.7
Troy Murphy,PF,30,TOT,2010-11,35,466,8.0,0.428,0.289,0.263,5.8,23.4,14.5,7.6,1.7,0.5,13.6,14.8,-0.4,0.7,0.3,0.029,-4.5,0.7,-3.8,-0.2
Troy Murphy,PF,31,LAL,2011-12,59,956,9.0,0.537,0.392,0.053,4.9,16.9,11.2,7.9,0.8,1.2,12.9,9.6,0.8,0.9,1.7,0.088,-1.6,0.6,-1.0,0.2
Troy Murphy,PF,32,DAL,2012-13,14,256,9.1,0.494,0.574,0.18,3.1,17.9,10.7,3.8,2.0,1.8,9.6,13.0,0.0,0.3,0.3,0.062,-2.2,0.5,-1.7,0.0
Troy Williams,SF,22,TOT,2016-17,30,557,9.0,0.511,0.371,0.192,3.0,11.2,7.0,7.0,2.5,1.7,15.0,17.1,-0.3,0.7,0.4,0.032,-3.3,0.6,-2.7,-0.1
Troy Williams,SF,23,TOT,2017-18,21,307,15.1,0.544,0.349,0.275,8.0,14.8,11.4,7.7,3.2,1.1,13.5,20.1,0.2,0.4,0.5,0.085,-0.1,0.1,0.0,0.2
Troy Williams,SF,24,SAC,2018-19,21,312,10.5,0.531,0.449,0.153,3.9,15.9,9.7,4.7,1.5,2.2,7.9,15.0,0.1,0.3,0.4,0.064,-2.3,-0.3,-2.6,0.0
Ty Lawson,PG,22,DEN,2009-10,65,1318,16.4,0.6,0.213,0.359,3.7,7.1,5.4,24.2,1.8,0.1,15.4,18.0,2.9,0.9,3.7,0.135,1.8,-1.8,0.0,0.7
Ty Lawson,PG,23,DEN,2010-11,80,2103,17.9,0.593,0.249,0.327,3.8,7.6,5.7,28.3,1.9,0.1,14.8,19.6,5.1,1.6,6.7,0.153,3.1,-1.2,1.9,2.1
Ty Lawson,PG,24,DEN,2011-12,61,2124,19.4,0.579,0.261,0.282,3.1,9.2,6.2,30.2,2.0,0.2,14.7,21.2,5.7,1.2,6.9,0.157,4.2,-1.0,3.3,2.8
Ty Lawson,PG,25,DEN,2012-13,73,2513,17.9,0.549,0.239,0.32,1.6,7.1,4.4,30.2,2.1,0.2,14.1,22.3,5.6,1.8,7.4,0.141,3.0,-1.5,1.4,2.2
Ty Lawson,PG,26,DEN,2013-14,62,2222,19.0,0.554,0.251,0.504,1.9,8.5,5.2,38.2,2.2,0.3,16.9,22.7,4.8,1.5,6.3,0.136,2.9,-1.2,1.7,2.1
Ty Lawson,PG,27,DEN,2014-15,75,2665,18.5,0.526,0.221,0.392,1.6,8.1,4.7,43.0,1.7,0.3,14.6,20.6,6.0,1.0,7.0,0.126,2.7,-2.1,0.5,1.7
Ty Lawson,PG,28,TOT,2015-16,66,1411,9.7,0.476,0.305,0.243,2.0,7.4,4.7,24.6,1.9,0.4,19.5,14.9,0.2,0.7,0.9,0.031,-2.7,-2.0,-4.6,-0.9
Ty Lawson,PG,29,SAC,2016-17,69,1732,15.4,0.551,0.226,0.416,3.0,8.9,6.0,29.9,2.2,0.3,17.3,19.5,2.2,1.0,3.2,0.088,0.2,-1.5,-1.3,0.3
Tyler Cavanaugh,PF,23,ATL,2017-18,39,518,13.0,0.567,0.586,0.138,9.7,17.7,13.7,7.8,0.8,0.7,8.0,14.8,0.9,0.3,1.2,0.109,0.5,-1.5,-1.0,0.1
Tyler Cavanaugh,PF,24,UTA,2018-19,11,39,5.0,0.414,0.5,0.2,8.5,13.6,11.1,3.4,0.0,0.0,8.4,13.0,0.0,0.0,0.0,0.026,-4.8,-2.1,-6.9,0.0
Tyler Davis,C,21,OKC,2018-19,1,1,0.0,0.0,0.0,0.0,100.0,0.0,51.6,0.0,0.0,0.0,0.0,40.7,0.0,0.0,0.0,-0.471,-15.0,-20.5,-35.5,0.0
Tyler Dorsey,SG,21,ATL,2017-18,56,974,10.0,0.494,0.521,0.165,1.9,12.9,7.4,12.5,0.9,0.4,8.3,20.0,0.0,0.4,0.4,0.02,-1.8,-2.4,-4.2,-0.6
Tyler Dorsey,SG,22,TOT,2018-19,48,698,11.2,0.509,0.5,0.231,4.2,13.7,8.9,12.4,1.0,0.3,8.5,19.7,0.2,0.4,0.6,0.043,-1.4,-2.4,-3.8,-0.3
Tyler Dorsey,SG,22,ATL,2018-19,27,251,7.8,0.448,0.438,0.292,3.7,14.6,9.0,9.3,1.3,0.3,9.1,17.9,-0.2,0.1,-0.1,-0.01,-4.3,-2.6,-6.9,-0.3
Tyler Dorsey,SG,22,MEM,2018-19,21,447,13.1,0.541,0.531,0.2,4.4,13.3,8.8,14.2,0.8,0.2,8.2,20.7,0.4,0.3,0.7,0.073,0.2,-2.3,-2.1,0.0
Tyler Ennis,PG,20,TOT,2014-15,33,411,7.3,0.411,0.299,0.049,1.9,7.7,4.8,27.3,2.2,1.0,22.2,20.6,-0.8,0.5,-0.3,-0.04,-5.2,-1.5,-6.7,-0.5
Tyler Ennis,PG,21,MIL,2015-16,46,654,10.7,0.51,0.209,0.182,2.3,10.7,6.6,21.9,1.9,0.1,18.6,17.1,0.1,0.3,0.4,0.03,-2.4,-2.3,-4.8,-0.5
Tyler Ennis,PG,22,TOT,2016-17,53,588,10.9,0.521,0.337,0.12,1.6,6.8,4.2,21.7,2.1,0.3,17.0,19.1,0.1,0.3,0.4,0.031,-2.2,-2.8,-4.9,-0.4
Tyler Ennis,PG,23,LAL,2017-18,54,683,11.1,0.473,0.25,0.129,3.0,11.8,7.4,21.9,2.1,1.2,13.8,17.1,0.1,0.7,0.8,0.058,-2.8,-0.1,-2.9,-0.1
Tyler Hansbrough,PF,24,IND,2009-10,29,511,14.6,0.448,0.018,0.502,12.7,16.8,14.7,9.0,1.6,1.1,7.1,25.5,0.1,0.6,0.7,0.07,-3.0,-1.2,-4.2,-0.3
Tyler Hansbrough,PF,25,IND,2010-11,70,1535,16.4,0.529,0.003,0.413,10.6,15.9,13.2,4.7,1.2,0.7,9.5,23.1,2.2,1.6,3.8,0.118,-1.5,-1.9,-3.3,-0.5
Tyler Hansbrough,PF,26,IND,2011-12,66,1442,14.7,0.511,0.002,0.58,8.9,13.7,11.3,3.5,2.0,0.5,9.8,20.9,2.2,1.7,3.9,0.129,-1.3,-1.5,-2.7,-0.3
Tyler Hansbrough,PF,27,IND,2012-13,81,1366,15.3,0.527,0.007,0.737,13.4,17.0,15.2,4.4,1.1,1.0,12.6,20.6,2.1,2.2,4.4,0.154,-2.0,-0.8,-2.9,-0.3
Tyler Hansbrough,PF,28,TOR,2013-14,64,978,14.2,0.562,0.01,0.944,14.2,20.0,17.1,2.7,1.5,1.6,14.5,15.1,1.7,1.4,3.0,0.149,-1.7,-0.2,-1.8,0.0
Tyler Hansbrough,PF,29,TOR,2014-15,74,1058,13.3,0.597,0.042,0.842,11.6,17.3,14.4,2.8,1.5,1.1,8.1,10.5,2.6,0.9,3.4,0.156,0.1,-0.5,-0.5,0.4
Tyler Hansbrough,PF,30,CHO,2015-16,44,343,12.5,0.522,0.042,0.915,12.6,15.8,14.2,3.5,1.8,1.7,10.8,14.7,0.5,0.5,1.0,0.134,-2.6,-0.1,-2.7,-0.1
Tyler Honeycutt,SF,21,SAC,2011-12,15,88,10.4,0.382,0.125,0.208,3.6,14.4,8.7,11.5,2.3,2.5,7.1,13.9,0.0,0.1,0.0,0.013,-4.3,0.3,-4.0,0.0
Tyler Honeycutt,SF,22,SAC,2012-13,9,32,1.9,0.337,0.182,0.182,10.5,25.8,18.0,9.1,0.0,2.4,29.6,23.4,-0.2,0.0,-0.1,-0.22,-11.1,-2.1,-13.2,-0.1
Tyler Johnson,SG,22,MIA,2014-15,32,603,12.0,0.506,0.287,0.281,2.9,13.1,8.1,11.3,2.9,1.3,13.8,17.0,0.1,0.7,0.8,0.06,-1.8,0.7,-1.1,0.1
Tyler Johnson,SG,23,MIA,2015-16,36,863,13.8,0.579,0.292,0.263,3.8,10.3,7.2,13.9,1.4,1.2,14.8,16.8,1.2,0.9,2.0,0.113,0.4,0.0,0.4,0.5
Tyler Johnson,PG,24,MIA,2016-17,73,2178,15.9,0.535,0.303,0.308,2.5,12.5,7.4,16.6,1.9,1.6,8.8,20.9,3.1,2.7,5.8,0.128,0.7,0.8,1.5,1.9
Tyler Johnson,PG,25,MIA,2017-18,72,2052,13.0,0.549,0.456,0.181,1.9,11.7,6.8,12.4,1.5,1.4,9.5,18.6,1.9,2.3,4.2,0.097,-0.1,-0.1,-0.2,0.9
Tyler Johnson,PG,26,TOT,2018-19,57,1529,12.4,0.532,0.494,0.241,2.4,9.8,6.1,15.9,1.7,1.6,11.7,18.5,0.9,1.4,2.3,0.071,-0.6,-0.4,-1.0,0.4
Tyler Johnson,PG,26,MIA,2018-19,44,1123,12.3,0.54,0.509,0.219,1.8,9.7,5.7,14.9,1.7,1.7,12.5,19.2,0.5,1.3,1.8,0.075,-0.7,0.0,-0.8,0.3
Tyler Johnson,PG,26,PHO,2018-19,13,406,12.8,0.506,0.448,0.312,4.0,10.3,7.1,18.6,1.6,1.2,9.0,16.5,0.4,0.1,0.5,0.06,-0.4,-1.3,-1.7,0.0
Tyler Lydon,PF,21,DEN,2017-18,1,2,0.0,,,,0.0,0.0,0.0,0.0,0.0,0.0,,0.0,0.0,0.0,0.0,-0.014,-5.7,-0.8,-6.5,0.0
Tyler Lydon,PF,22,DEN,2018-19,25,94,9.3,0.595,0.556,0.167,8.0,12.7,10.4,8.2,1.0,0.0,17.2,10.6,0.1,0.1,0.2,0.086,-1.4,-1.2,-2.5,0.0
Tyler Ulis,PG,21,PHO,2016-17,61,1123,13.0,0.474,0.181,0.162,1.9,7.5,4.6,30.5,2.0,0.4,14.1,20.3,0.3,0.4,0.7,0.029,-1.5,-2.5,-4.0,-0.6
Tyler Ulis,PG,22,PHO,2017-18,71,1658,10.1,0.465,0.265,0.183,1.5,6.8,4.1,28.0,2.0,0.3,17.6,18.5,-0.7,0.5,-0.2,-0.006,-2.8,-2.4,-5.2,-1.3
Tyler Ulis,PG,23,CHI,2018-19,1,1,0.0,,,,0.0,0.0,0.0,0.0,0.0,0.0,,0.0,0.0,0.0,0.0,-0.015,-6.7,-0.4,-7.1,0.0
Tyler Zeller,C,23,CLE,2012-13,77,2033,11.0,0.486,0.007,0.281,8.7,16.7,12.5,7.4,0.9,2.8,13.1,15.9,0.8,1.2,2.0,0.048,-2.7,0.4,-2.3,-0.1
Tyler Zeller,C,24,CLE,2013-14,70,1049,15.4,0.581,0.003,0.417,10.8,19.6,15.1,5.6,0.9,3.0,14.9,17.1,1.5,1.1,2.6,0.12,-1.9,0.2,-1.7,0.1
Tyler Zeller,C,25,BOS,2014-15,82,1731,18.9,0.594,0.0,0.3,9.1,20.5,14.7,10.8,0.5,2.3,9.8,19.6,4.5,2.0,6.5,0.179,0.4,0.4,0.9,1.2
Tyler Zeller,C,26,BOS,2015-16,60,710,15.4,0.539,0.0,0.372,9.1,17.6,13.3,6.6,0.7,2.4,12.0,23.0,0.8,0.9,1.7,0.114,-3.2,-1.1,-4.4,-0.4
Tyler Zeller,C,27,BOS,2016-17,51,525,13.0,0.508,0.006,0.247,9.2,17.0,13.2,12.2,0.7,3.3,10.2,16.5,0.5,0.6,1.0,0.094,-3.3,0.8,-2.5,-0.1
Tyler Zeller,C,28,TOT,2017-18,66,1109,16.0,0.598,0.084,0.237,11.0,19.4,15.2,6.7,0.7,2.5,11.3,16.4,2.0,0.9,2.9,0.126,-1.1,-0.5,-1.6,0.1
Tyler Zeller,C,29,TOT,2018-19,6,93,17.3,0.607,0.033,0.6,12.9,15.7,14.2,6.7,0.5,3.1,9.5,20.1,0.2,0.1,0.3,0.167,-1.0,-1.2,-2.2,0.0
Tyler Zeller,C,29,ATL,2018-19,2,11,1.5,0.0,0.5,0.0,18.7,39.1,28.7,10.6,0.0,0.0,0.0,7.4,0.0,0.0,0.0,-0.013,-6.8,-0.4,-7.2,0.0
Tyler Zeller,C,29,MEM,2018-19,4,82,19.4,0.64,0.0,0.643,12.1,12.5,12.3,6.2,0.6,3.5,10.0,21.8,0.2,0.1,0.3,0.191,-0.3,-1.3,-1.5,0.0
Tyreke Evans,SG,20,SAC,2009-10,72,2677,18.2,0.529,0.121,0.399,2.8,13.6,8.1,26.1,2.1,0.7,13.6,26.2,3.3,2.1,5.4,0.097,1.6,0.0,1.6,2.5
Tyreke Evans,SG,21,SAC,2010-11,57,2107,14.4,0.482,0.159,0.285,2.4,12.7,7.4,24.9,2.0,1.0,14.9,25.3,-0.1,1.7,1.6,0.036,-0.6,0.1,-0.5,0.8
Tyreke Evans,SG,22,SAC,2011-12,63,2162,16.4,0.512,0.11,0.287,3.1,12.0,7.3,22.1,2.0,1.0,14.4,23.8,2.0,0.6,2.7,0.059,0.5,-0.8,-0.3,0.9
Tyreke Evans,SG,23,SAC,2012-13,65,2016,18.1,0.558,0.174,0.354,3.1,13.5,8.2,19.0,2.3,1.0,12.6,22.3,3.6,0.8,4.4,0.105,1.9,-0.6,1.3,1.7
Tyreke Evans,SF,24,NOP,2013-14,72,2028,18.4,0.504,0.106,0.346,4.3,15.4,9.8,30.4,2.2,0.9,14.5,27.1,1.8,1.3,3.1,0.073,1.2,-0.4,0.8,1.4
Tyreke Evans,SG,25,NOP,2014-15,79,2690,17.7,0.508,0.195,0.25,3.5,14.1,8.8,32.7,2.0,1.0,16.0,26.1,2.4,2.2,4.6,0.082,1.7,0.1,1.9,2.6
Tyreke Evans,SG,26,NOP,2015-16,25,765,17.9,0.534,0.271,0.296,2.8,16.4,9.3,34.6,2.1,0.9,17.1,24.7,0.8,0.6,1.4,0.087,1.7,0.0,1.7,0.7
Tyreke Evans,SF,27,TOT,2016-17,40,788,15.5,0.501,0.319,0.249,1.8,17.2,9.5,25.9,2.2,1.0,12.9,26.7,-0.2,0.9,0.7,0.045,-0.7,-0.1,-0.9,0.2
Tyreke Evans,PG,28,MEM,2017-18,52,1607,21.1,0.561,0.354,0.258,3.1,16.3,9.5,31.2,1.8,1.0,11.5,28.4,3.1,1.2,4.2,0.126,4.4,-0.8,3.6,2.3
Tyreke Evans,SG,29,IND,2018-19,69,1402,11.5,0.483,0.327,0.242,2.7,13.0,7.9,17.5,2.0,1.1,13.9,26.4,-1.7,2.0,0.3,0.01,-3.1,-0.5,-3.6,-0.6
Tyrone Wallace,PG,23,LAC,2017-18,30,851,10.1,0.517,0.162,0.316,2.7,10.7,6.8,11.8,1.5,1.3,14.1,16.6,0.2,0.5,0.7,0.042,-2.1,0.2,-2.0,0.0
Tyrone Wallace,PG,24,LAC,2018-19,62,628,7.0,0.45,0.088,0.263,3.5,13.2,8.5,9.5,1.6,0.9,12.9,18.7,-0.8,0.5,-0.3,-0.023,-5.5,-0.9,-6.3,-0.7
Tyronn Lue,PG,28,ATL,2005-06,51,1234,15.5,0.585,0.304,0.33,1.2,6.9,4.0,21.7,1.1,0.2,13.5,20.4,2.8,-0.1,2.7,0.104,1.6,-4.4,-2.8,-0.3
Tyronn Lue,PG,29,ATL,2006-07,56,1488,14.1,0.534,0.307,0.311,1.5,7.0,4.2,23.9,0.9,0.0,12.5,21.0,2.2,0.3,2.5,0.081,0.8,-4.0,-3.2,-0.4
Tyronn Lue,PG,30,TOT,2007-08,50,736,11.9,0.543,0.34,0.126,1.4,7.0,4.3,16.8,0.8,0.1,9.2,18.2,1.0,0.3,1.2,0.08,-0.2,-3.6,-3.8,-0.3
Tyronn Lue,PG,30,ATL,2007-08,33,564,12.7,0.542,0.352,0.143,1.9,6.6,4.2,17.5,1.0,0.0,9.6,18.5,0.8,0.2,1.0,0.081,0.1,-3.8,-3.7,-0.2
Tyronn Lue,PG,30,DAL,2007-08,17,172,9.2,0.545,0.298,0.07,0.0,8.5,4.4,14.3,0.0,0.4,7.8,17.3,0.2,0.1,0.3,0.078,-1.1,-3.1,-4.2,-0.1
Tyronn Lue,PG,31,TOT,2008-09,44,521,10.3,0.537,0.383,0.117,1.3,9.2,5.2,18.6,0.8,0.0,11.9,16.8,0.5,0.4,0.8,0.078,-1.2,-2.2,-3.4,-0.2
Tyronn Lue,PG,31,MIL,2008-09,30,392,10.6,0.559,0.378,0.134,1.7,9.2,5.3,18.8,0.8,0.0,14.3,16.8,0.4,0.2,0.6,0.073,-0.9,-2.5,-3.4,-0.1
Tyronn Lue,PG,31,ORL,2008-09,14,129,9.4,0.474,0.395,0.07,0.0,9.4,4.8,17.8,0.8,0.0,4.3,16.6,0.1,0.2,0.3,0.093,-2.1,-1.5,-3.6,-0.1
Tyrus Thomas,PF,20,CHI,2006-07,72,966,14.8,0.521,0.007,0.621,10.6,21.1,15.9,6.6,2.4,6.2,20.8,20.9,-0.4,2.6,2.2,0.11,-4.4,4.5,0.1,0.5
Tyrus Thomas,PF,21,CHI,2007-08,74,1330,14.6,0.486,0.014,0.395,8.4,21.1,14.5,11.0,1.9,4.2,13.0,19.7,0.4,2.1,2.4,0.088,-3.1,2.4,-0.7,0.5
Tyrus Thomas,PF,22,CHI,2008-09,79,2175,15.9,0.525,0.013,0.445,7.8,18.9,13.4,5.5,2.2,5.1,13.6,19.4,1.2,3.4,4.6,0.101,-2.5,2.6,0.2,1.2
Tyrus Thomas,PF,23,TOT,2009-10,54,1220,16.8,0.511,0.007,0.417,7.8,23.6,15.9,7.8,2.7,5.5,15.6,22.1,-0.3,2.9,2.6,0.103,-3.9,4.0,0.1,0.6
Tyrus Thomas,C,24,CHA,2010-11,41,861,18.2,0.536,0.009,0.411,9.1,22.5,15.8,6.2,1.9,6.2,14.3,24.9,0.4,1.5,1.8,0.103,-3.1,1.9,-1.2,0.2
Tyrus Thomas,PF,25,CHA,2011-12,54,1013,9.0,0.418,0.009,0.254,5.4,17.7,11.3,6.0,1.9,4.4,12.7,19.0,-1.5,0.8,-0.6,-0.029,-6.2,0.8,-5.4,-0.9
Tyrus Thomas,PF,26,CHA,2012-13,26,360,9.6,0.418,0.059,0.228,4.9,14.4,9.5,9.1,2.0,3.4,10.2,21.1,-0.4,0.2,-0.2,-0.025,-5.3,-0.9,-6.2,-0.4
Tyrus Thomas,PF,28,MEM,2014-15,2,7,31.4,1.064,0.0,2.0,0.0,0.0,0.0,22.5,0.0,0.0,0.0,12.3,0.1,0.0,0.1,0.477,6.8,-8.5,-1.6,0.0
Tyshawn Taylor,PG,22,BRK,2012-13,38,221,6.2,0.43,0.149,0.31,1.1,8.6,4.8,15.9,3.2,0.0,20.2,25.8,-0.6,0.2,-0.4,-0.077,-6.3,-1.4,-7.7,-0.3
Tyshawn Taylor,PG,23,BRK,2013-14,23,270,5.4,0.427,0.132,0.33,1.3,5.3,3.3,21.4,2.3,0.3,22.9,23.5,-0.7,0.2,-0.6,-0.098,-7.0,-2.7,-9.7,-0.5
Tyson Chandler,C,23,CHI,2005-06,79,2121,12.2,0.567,0.004,0.682,14.4,24.2,19.3,5.6,1.0,3.8,25.1,10.4,1.5,3.9,5.4,0.123,-2.0,4.2,2.2,2.2
Tyson Chandler,C,24,NOK,2006-07,73,2525,17.0,0.62,0.002,0.429,14.3,27.3,20.7,4.1,0.8,4.1,18.5,12.3,4.1,3.8,7.9,0.15,-0.3,2.8,2.5,2.9
Tyson Chandler,C,25,NOH,2007-08,79,2783,17.5,0.632,0.002,0.488,13.2,26.1,19.5,4.4,0.9,2.4,15.6,14.5,5.9,4.1,10.0,0.172,0.5,1.9,2.4,3.1
Tyson Chandler,C,26,NOH,2008-09,45,1445,13.4,0.581,0.0,0.47,13.7,19.2,16.4,2.4,0.6,3.3,17.0,13.7,1.7,1.7,3.4,0.114,-1.8,0.9,-0.9,0.4
Tyson Chandler,C,27,CHA,2009-10,51,1163,12.5,0.643,0.0,0.826,12.0,21.0,16.6,2.2,0.8,3.9,26.0,14.0,0.9,2.0,2.9,0.12,-3.2,1.6,-1.6,0.1
Tyson Chandler,C,28,DAL,2010-11,74,2059,18.4,0.697,0.0,0.725,12.2,26.6,19.7,2.4,0.9,3.0,14.1,14.2,5.8,3.5,9.4,0.218,0.5,1.7,2.2,2.2
Tyson Chandler,C,29,NYK,2011-12,62,2061,18.7,0.708,0.006,0.887,11.8,22.7,17.2,4.3,1.4,3.4,17.1,13.0,5.8,3.6,9.5,0.22,1.4,2.8,4.1,3.2
Tyson Chandler,C,30,NYK,2012-13,66,2164,18.9,0.671,0.0,0.645,14.1,24.3,19.0,4.5,1.0,3.0,14.5,13.0,6.7,2.6,9.3,0.207,1.7,1.8,3.5,3.0
Tyson Chandler,C,31,NYK,2013-14,55,1662,16.4,0.615,0.003,0.481,10.9,27.0,18.7,5.5,1.2,3.4,15.4,12.9,3.1,1.9,4.9,0.143,-0.6,1.8,1.3,1.4
Tyson Chandler,C,32,DAL,2014-15,75,2286,20.1,0.697,0.0,0.584,14.1,27.4,20.7,5.3,0.9,3.2,16.0,12.8,7.2,3.1,10.3,0.216,1.9,2.3,4.2,3.6
Tyson Chandler,C,33,PHO,2015-16,66,1618,14.7,0.606,0.003,0.545,11.5,27.5,19.3,6.0,1.1,2.2,19.3,12.7,2.1,1.6,3.8,0.112,-1.9,1.3,-0.5,0.6
Tyson Chandler,C,34,PHO,2016-17,47,1298,16.6,0.703,0.0,0.544,12.5,33.2,22.6,3.3,1.2,1.5,18.7,11.2,2.7,1.3,4.1,0.151,-0.7,0.3,-0.3,0.5
Tyson Chandler,C,35,PHO,2017-18,46,1151,14.2,0.658,0.0,0.497,12.2,26.8,19.4,6.6,0.7,1.9,20.6,10.6,1.9,0.8,2.7,0.111,-1.3,1.0,-0.3,0.5
Tyson Chandler,C,36,TOT,2018-19,55,875,11.2,0.63,0.01,0.879,11.1,25.3,18.3,5.3,1.1,2.2,23.4,8.5,0.9,1.2,2.1,0.114,-3.1,1.8,-1.3,0.2
Tyson Chandler,C,36,PHO,2018-19,7,89,11.5,0.653,0.0,1.5,8.6,40.5,24.3,9.1,1.1,0.9,26.0,13.0,0.1,0.1,0.2,0.092,-5.0,0.0,-5.0,-0.1
Tyson Chandler,C,36,LAL,2018-19,48,786,11.2,0.626,0.011,0.793,11.4,23.6,17.6,4.8,1.1,2.3,23.0,8.0,0.9,1.1,1.9,0.117,-2.9,2.0,-0.9,0.2
Tyus Jones,PG,19,MIN,2015-16,37,573,11.2,0.45,0.34,0.25,1.4,8.0,4.8,27.7,2.7,0.4,16.0,16.1,0.0,0.3,0.3,0.027,-1.7,-2.0,-3.7,-0.3
Tyus Jones,PG,20,MIN,2016-17,60,774,13.8,0.523,0.403,0.238,1.5,8.7,5.0,28.0,3.1,0.6,16.0,13.6,1.0,0.6,1.5,0.096,-0.4,-1.5,-1.8,0.0
Tyus Jones,PG,21,MIN,2017-18,82,1467,14.1,0.572,0.393,0.247,1.2,9.2,5.2,21.2,3.2,0.4,14.0,12.7,2.3,1.2,3.6,0.117,0.8,-0.3,0.5,0.9
Tyus Jones,PG,22,MIN,2018-19,68,1560,13.7,0.491,0.283,0.155,1.6,7.7,4.6,28.3,2.5,0.3,9.0,14.1,2.1,0.9,3.0,0.091,-0.3,-1.5,-1.8,0.1
Udonis Haslem,PF,25,MIA,2005-06,81,2491,13.7,0.558,0.003,0.337,8.2,21.2,15.0,5.9,1.1,0.5,10.5,14.1,3.9,3.1,7.0,0.134,-0.8,0.8,0.0,1.3
Udonis Haslem,PF,26,MIA,2006-07,79,2483,13.7,0.523,0.006,0.283,9.2,21.6,15.5,6.6,1.1,0.8,12.0,17.5,2.0,3.1,5.1,0.099,-2.0,0.3,-1.7,0.2
Udonis Haslem,PF,27,MIA,2007-08,49,1805,12.7,0.517,0.0,0.28,7.0,22.7,14.7,6.5,1.1,0.8,10.5,16.7,1.0,1.5,2.5,0.067,-2.8,0.2,-2.7,-0.3
Udonis Haslem,PF,28,MIA,2008-09,75,2560,13.1,0.553,0.0,0.264,7.8,21.2,14.4,5.3,0.9,0.8,10.3,14.7,3.0,2.6,5.7,0.106,-2.0,0.2,-1.8,0.2
Udonis Haslem,PF,29,MIA,2009-10,78,2177,14.6,0.538,0.0,0.305,9.1,24.8,17.0,3.9,0.7,0.9,9.5,17.1,2.8,3.2,6.0,0.132,-2.3,-0.3,-2.6,-0.3
Udonis Haslem,PF,30,MIA,2010-11,13,345,12.7,0.549,0.0,0.233,10.6,25.0,18.2,2.7,1.1,0.7,12.9,14.8,0.4,0.6,0.9,0.13,-2.7,-0.6,-3.3,-0.1
Udonis Haslem,PF,31,MIA,2011-12,64,1589,10.9,0.479,0.0,0.286,9.1,25.6,17.7,4.0,1.2,1.2,13.0,13.5,0.7,2.8,3.5,0.106,-3.5,0.7,-2.8,-0.3
Udonis Haslem,PF,32,MIA,2012-13,75,1414,9.9,0.535,0.0,0.179,9.0,25.3,17.6,3.8,1.1,0.9,14.2,10.7,1.2,2.0,3.2,0.108,-2.9,0.0,-2.9,-0.3
Udonis Haslem,PF,33,MIA,2013-14,46,653,10.5,0.523,0.0,0.301,8.4,24.7,16.8,2.9,0.9,2.0,12.7,13.9,0.3,0.8,1.1,0.083,-4.1,-0.7,-4.9,-0.5
Udonis Haslem,PF,34,MIA,2014-15,62,995,10.6,0.488,0.042,0.268,8.8,22.1,15.6,7.4,1.1,1.1,13.3,14.6,0.4,1.0,1.4,0.066,-3.3,-0.1,-3.4,-0.4
Udonis Haslem,PF,35,MIA,2015-16,37,260,9.1,0.434,0.148,0.262,4.5,27.4,16.3,7.6,1.0,0.6,6.8,12.8,0.0,0.4,0.4,0.072,-4.6,0.1,-4.5,-0.2
Udonis Haslem,C,36,MIA,2016-17,16,130,8.8,0.524,0.13,0.652,6.7,24.1,15.3,6.4,2.3,0.6,21.3,12.8,0.0,0.2,0.2,0.074,-4.7,1.5,-3.2,0.0
Udonis Haslem,C,37,MIA,2017-18,14,72,1.8,0.252,0.533,0.133,4.7,10.9,7.8,9.2,0.0,2.4,11.2,11.1,-0.1,0.1,-0.1,-0.059,-7.1,-0.4,-7.5,-0.1
Udonis Haslem,C,38,MIA,2018-19,10,74,3.6,0.36,0.364,0.121,4.3,34.5,19.4,4.0,0.0,0.0,7.9,21.9,-0.2,0.1,-0.1,-0.075,-10.2,-3.9,-14.1,-0.2
Uroš Slokar,C,23,TOR,2006-07,20,72,13.9,0.599,0.077,0.5,11.3,11.5,11.4,2.4,0.7,2.2,22.1,26.2,0.0,0.1,0.1,0.042,-3.9,-3.1,-7.0,-0.1
Vander Blue,SG,21,BOS,2013-14,3,15,0.5,0.403,0.25,1.25,0.0,23.4,11.4,10.7,0.0,0.0,24.4,24.3,-0.1,0.0,-0.1,-0.214,-10.9,-3.1,-13.9,0.0
Vander Blue,SG,22,LAL,2014-15,2,74,4.0,0.342,0.333,0.167,2.9,10.9,6.7,16.8,2.1,0.0,15.7,23.0,-0.3,0.0,-0.2,-0.156,-6.0,-2.5,-8.5,-0.1
Vander Blue,SG,25,LAL,2017-18,5,45,-1.8,0.255,0.4,0.4,0.0,2.3,1.2,8.2,1.1,0.0,33.8,8.4,-0.1,0.0,-0.1,-0.103,-8.7,-1.3,-10.0,-0.1
Vassilis Spanoulis,SG,24,HOU,2006-07,31,272,5.4,0.47,0.403,0.583,2.1,7.1,4.7,15.9,1.4,0.3,24.3,20.5,-0.4,0.4,-0.1,-0.01,-5.8,-1.0,-6.7,-0.3
Vernon Macklin,C,25,DET,2011-12,23,135,18.2,0.559,0.0,0.4,12.0,18.3,15.0,6.4,1.6,2.3,6.8,15.1,0.3,0.1,0.5,0.161,-0.2,-0.5,-0.6,0.0
Viacheslav Kravtsov,C,25,DET,2012-13,25,224,14.4,0.618,0.0,0.804,12.1,11.0,11.6,6.6,1.2,3.2,18.4,15.5,0.3,0.1,0.4,0.086,-0.7,-0.1,-0.9,0.1
Viacheslav Kravtsov,C,26,PHO,2013-14,20,59,10.5,0.54,0.0,0.533,17.2,15.2,16.2,2.5,0.0,1.3,24.5,18.3,0.0,0.0,0.0,0.027,-4.1,-3.1,-7.2,-0.1
Victor Claver,SF,24,POR,2012-13,49,812,7.0,0.462,0.46,0.159,4.4,12.8,8.5,7.9,1.7,1.1,17.5,13.9,-0.6,0.5,-0.1,-0.005,-3.3,0.0,-3.3,-0.3
Victor Claver,SF,25,POR,2013-14,21,184,8.8,0.502,0.429,0.262,5.3,17.4,11.4,9.1,0.8,1.1,19.0,13.7,0.0,0.2,0.2,0.047,-3.0,0.0,-3.0,0.0
Victor Claver,SF,26,POR,2014-15,10,76,9.2,0.6,0.55,0.0,4.3,23.5,14.1,1.9,0.7,0.9,16.7,14.1,0.0,0.1,0.1,0.086,-2.9,-1.3,-4.2,0.0
Victor Oladipo,PG,21,ORL,2013-14,80,2487,13.6,0.514,0.241,0.34,1.9,13.1,7.5,21.9,2.7,1.2,19.2,24.4,-1.4,2.8,1.3,0.026,-1.6,0.8,-0.8,0.7
Victor Oladipo,SG,22,ORL,2014-15,72,2573,15.9,0.527,0.228,0.295,2.2,11.2,6.6,19.3,2.4,0.6,14.3,25.2,1.5,2.0,3.5,0.065,0.5,-0.5,0.0,1.3
Victor Oladipo,SG,23,ORL,2015-16,72,2379,16.7,0.534,0.291,0.255,2.2,14.0,8.0,18.6,2.4,1.9,12.4,22.9,2.2,2.7,4.9,0.099,1.0,0.8,1.8,2.3
Victor Oladipo,SG,24,OKC,2016-17,67,2222,13.6,0.534,0.378,0.165,1.9,12.6,7.2,12.5,1.7,0.8,10.6,21.4,1.7,2.3,4.0,0.085,-0.4,-0.9,-1.3,0.4
Victor Oladipo,SG,25,IND,2017-18,75,2552,23.1,0.577,0.323,0.274,2.1,15.1,8.6,21.2,3.5,2.0,12.7,30.1,4.3,4.0,8.2,0.155,3.6,1.3,4.9,4.5
Victor Oladipo,SG,26,IND,2018-19,36,1147,17.6,0.519,0.367,0.24,2.1,17.1,9.8,25.2,2.6,0.9,11.2,27.9,0.4,1.9,2.3,0.097,1.3,1.0,2.3,1.3
Viktor Khryapa,SF,23,POR,2005-06,69,1492,11.5,0.516,0.088,0.325,9.1,15.8,12.4,9.8,1.8,1.5,17.7,15.1,0.6,0.7,1.3,0.042,-1.5,0.4,-1.0,0.4
Viktor Khryapa,PF,24,CHI,2006-07,33,231,9.5,0.448,0.086,0.371,10.0,18.1,14.1,13.9,2.2,0.3,16.4,18.8,-0.1,0.5,0.4,0.087,-3.4,1.5,-1.9,0.0
Viktor Khryapa,PF,25,CHI,2007-08,9,105,9.7,0.431,0.032,0.452,6.2,15.6,10.7,11.9,2.9,0.0,13.9,18.2,-0.1,0.1,0.0,0.02,-4.5,0.3,-4.2,-0.1
Vin Baker,C,34,LAC,2005-06,8,85,11.2,0.589,0.0,1.2,2.9,22.2,13.0,7.0,2.5,3.5,28.2,17.4,0.0,0.2,0.1,0.072,-5.7,2.8,-2.8,0.0
Vince Carter,SG,29,NJN,2005-06,79,2906,21.6,0.536,0.242,0.396,5.4,13.4,9.3,24.4,1.7,1.5,10.7,32.3,4.9,4.4,9.3,0.153,3.9,0.5,4.4,4.7
Vince Carter,SG,30,NJN,2006-07,82,3126,21.8,0.559,0.273,0.36,4.3,14.2,9.3,25.1,1.4,0.8,10.5,30.8,7.4,3.1,10.5,0.161,4.7,-0.6,4.1,4.8
Vince Carter,SG,31,NJN,2007-08,76,2959,18.8,0.55,0.212,0.333,4.4,13.4,8.9,25.2,1.6,0.9,10.9,25.6,5.5,2.2,7.7,0.126,3.3,-0.3,3.0,3.8
Vince Carter,SG,32,NJN,2008-09,80,2946,19.3,0.545,0.291,0.305,3.0,13.8,8.3,23.7,1.5,1.1,9.8,26.8,5.7,1.8,7.5,0.123,3.5,-0.9,2.5,3.4
Vince Carter,SG,33,ORL,2009-10,75,2310,17.1,0.541,0.319,0.301,1.7,12.6,7.3,17.8,1.2,0.6,8.4,25.2,4.4,3.0,7.4,0.154,1.9,-0.1,1.7,2.2
Vince Carter,SG,34,TOT,2010-11,73,2051,14.8,0.528,0.36,0.194,3.1,12.4,7.8,12.1,1.7,0.7,8.5,23.5,2.0,1.9,3.8,0.089,1.0,-0.7,0.3,1.2
Vince Carter,SG,35,DAL,2011-12,61,1542,13.6,0.519,0.378,0.212,2.3,12.5,7.5,15.0,1.9,1.3,12.4,20.4,1.0,1.8,2.9,0.09,0.0,0.6,0.6,1.0
Vince Carter,SF,36,DAL,2012-13,81,2093,17.8,0.571,0.467,0.261,3.1,14.4,8.9,15.0,1.8,1.6,10.0,23.1,3.9,2.0,6.0,0.137,3.3,-0.4,2.9,2.6
Vince Carter,SG,37,DAL,2013-14,81,1973,15.9,0.539,0.457,0.242,4.0,12.6,8.3,16.5,1.6,1.5,10.7,23.1,3.0,1.3,4.3,0.105,2.2,-1.0,1.1,1.6
Vince Carter,SG,38,MEM,2014-15,66,1091,9.6,0.445,0.571,0.14,2.8,11.1,7.0,11.1,2.1,1.1,9.1,19.9,-0.5,1.4,1.0,0.043,-1.1,-0.3,-1.4,0.2
Vince Carter,SG,39,MEM,2015-16,60,1005,12.7,0.52,0.493,0.245,3.4,13.6,8.3,8.9,1.9,1.5,8.4,18.5,1.0,0.8,1.8,0.084,-0.1,-1.2,-1.2,0.2
Vince Carter,SF,40,MEM,2016-17,73,1799,11.7,0.542,0.604,0.235,2.2,12.5,7.2,11.5,1.7,1.9,8.5,14.9,1.9,2.1,4.0,0.106,0.1,0.9,1.0,1.4
Vince Carter,SF,41,SAC,2017-18,58,1026,10.8,0.523,0.583,0.131,1.9,15.1,8.2,9.7,2.1,2.4,10.7,14.7,0.3,0.9,1.2,0.056,-1.5,0.4,-1.1,0.2
Vince Carter,SF,42,ATL,2018-19,76,1330,11.8,0.565,0.675,0.141,2.4,13.2,7.7,9.3,1.5,1.8,8.8,16.7,1.2,0.7,1.9,0.07,-0.2,-1.4,-1.6,0.1
Vince Edwards,SF,22,HOU,2018-19,2,16,3.8,0.375,1.0,0.0,6.8,7.1,6.9,0.0,0.0,0.0,0.0,10.9,0.0,0.0,0.0,-0.014,-4.3,-5.5,-9.8,0.0
Vince Hunter,PF,23,MEM,2017-18,4,7,35.8,0.6,0.0,0.0,32.3,16.9,24.8,0.0,0.0,13.4,16.7,38.5,0.0,0.0,0.0,0.097,-3.1,-5.9,-9.0,0.0
Vitaly Potapenko,C,30,TOT,2005-06,33,353,7.4,0.535,0.0,0.239,9.1,12.8,10.9,3.9,0.3,0.4,16.9,12.0,0.2,-0.1,0.1,0.012,-2.6,-3.0,-5.7,-0.3
Vitaly Potapenko,C,30,SEA,2005-06,24,321,7.4,0.518,0.0,0.266,9.6,13.7,11.7,3.2,0.3,0.5,16.4,11.9,0.2,-0.1,0.0,0.006,-2.7,-3.0,-5.7,-0.3
Vitaly Potapenko,C,30,SAC,2005-06,9,32,8.2,0.714,0.0,0.0,3.7,3.6,3.7,10.6,0.0,0.0,22.2,12.9,0.0,0.0,0.0,0.068,-2.4,-3.3,-5.7,0.0
Vitaly Potapenko,C,31,SAC,2006-07,3,13,-22.1,0.0,0.0,0.0,0.0,18.4,9.0,0.0,0.0,0.0,33.3,20.7,-0.2,0.0,-0.1,-0.534,-23.9,-4.7,-28.6,-0.1
Vladimir Radmanović,PF,25,TOT,2005-06,77,1974,13.6,0.545,0.551,0.177,3.9,17.4,10.8,10.9,1.6,1.1,11.8,18.1,2.3,1.4,3.8,0.091,1.4,-0.7,0.7,1.3
Vladimir Radmanović,PF,25,SEA,2005-06,47,1089,13.1,0.529,0.51,0.161,4.3,16.7,10.4,10.4,1.5,1.1,11.4,19.1,1.3,0.1,1.4,0.062,1.1,-2.0,-0.9,0.3
Vladimir Radmanović,PF,25,LAC,2005-06,30,885,14.2,0.568,0.61,0.201,3.4,18.3,11.2,11.4,1.7,1.2,12.4,16.8,1.0,1.3,2.3,0.127,1.7,1.0,2.6,1.0
Vladimir Radmanović,PF,26,LAL,2006-07,55,986,11.0,0.518,0.373,0.231,6.3,15.0,10.7,10.5,1.3,1.4,16.5,19.0,0.1,0.7,0.8,0.04,-1.7,-1.2,-2.9,-0.2
Vladimir Radmanović,SF,27,LAL,2007-08,65,1483,12.6,0.583,0.535,0.149,4.4,11.4,8.0,12.1,1.6,0.6,13.6,16.0,2.0,1.5,3.5,0.113,1.4,-0.4,1.0,1.1
Vladimir Radmanović,SF,28,TOT,2008-09,78,1445,11.0,0.549,0.562,0.124,3.8,14.3,9.1,8.9,1.7,0.8,16.6,18.6,0.0,1.8,1.9,0.062,-0.9,-0.5,-1.4,0.2
Vladimir Radmanović,SF,28,LAL,2008-09,46,771,11.6,0.604,0.636,0.126,2.7,14.3,8.6,6.9,1.8,0.7,17.2,15.6,0.5,1.0,1.6,0.098,-0.3,-0.3,-0.6,0.3
Vladimir Radmanović,SF,28,CHA,2008-09,32,674,10.2,0.503,0.5,0.123,5.0,14.2,9.6,11.2,1.5,1.0,16.1,22.2,-0.5,0.8,0.3,0.021,-1.7,-0.7,-2.3,-0.1
Vladimir Radmanović,PF,29,TOT,2009-10,41,891,7.9,0.449,0.396,0.099,6.4,16.2,11.3,7.2,1.6,0.6,13.4,16.0,-0.6,0.6,0.0,-0.002,-3.1,-1.0,-4.1,-0.5
Vladimir Radmanović,PF,30,GSW,2010-11,74,1169,12.6,0.562,0.544,0.107,6.1,14.7,10.3,9.6,1.9,2.9,14.6,14.7,1.2,0.9,2.1,0.086,-0.2,0.2,0.0,0.6
Vladimir Radmanović,SF,31,ATL,2011-12,49,755,11.7,0.524,0.685,0.147,5.3,16.8,11.1,10.9,1.5,1.5,14.3,15.2,0.5,1.1,1.6,0.103,-0.3,0.6,0.3,0.4
Vladimir Radmanović,PF,32,CHI,2012-13,25,144,6.3,0.372,0.628,0.07,7.9,14.5,11.2,8.6,3.0,2.1,13.6,16.4,-0.2,0.3,0.1,0.02,-3.5,1.3,-2.2,0.0
Von Wafer,SG,20,LAL,2005-06,16,73,-1.6,0.241,0.447,0.211,8.1,4.8,6.4,8.2,2.2,0.0,2.4,26.6,-0.3,0.1,-0.3,-0.174,-7.4,-4.8,-12.2,-0.2
Von Wafer,SF,21,LAC,2006-07,1,1,-40.7,0.0,1.0,0.0,0.0,0.0,0.0,0.0,0.0,0.0,0.0,46.2,0.0,0.0,0.0,-1.068,-24.8,-16.3,-41.1,0.0
Von Wafer,SG,22,TOT,2007-08,29,154,1.0,0.347,0.426,0.197,0.7,13.1,7.0,6.6,0.6,1.5,16.4,22.7,-0.6,0.1,-0.5,-0.163,-9.2,-2.9,-12.1,-0.4
Von Wafer,SG,22,DEN,2007-08,21,90,-1.6,0.325,0.395,0.211,1.2,10.6,6.0,7.7,1.1,0.8,20.9,24.8,-0.5,0.1,-0.4,-0.231,-11.2,-3.3,-14.5,-0.3
Von Wafer,SG,22,POR,2007-08,8,64,4.7,0.384,0.478,0.174,0.0,16.5,8.3,5.0,0.0,2.4,7.5,19.8,-0.1,0.0,-0.1,-0.067,-6.5,-2.2,-8.8,-0.1
Von Wafer,SG,23,HOU,2008-09,63,1225,14.7,0.541,0.32,0.229,1.9,8.6,5.4,10.3,1.7,0.5,9.5,23.6,1.1,1.6,2.6,0.103,-0.3,-1.2,-1.5,0.2
Von Wafer,SG,25,BOS,2010-11,58,553,10.6,0.524,0.421,0.239,1.7,8.8,5.5,9.8,1.7,0.7,10.2,17.0,0.2,0.9,1.1,0.092,-1.7,-0.1,-1.8,0.0
Von Wafer,SG,26,ORL,2011-12,33,469,11.4,0.537,0.248,0.344,1.5,9.7,5.5,11.0,1.1,0.5,16.2,21.6,0.1,0.3,0.4,0.042,-2.8,-1.9,-4.6,-0.3
Voshon Lenard,SG,32,TOT,2005-06,26,458,10.9,0.467,0.408,0.162,1.3,10.8,6.1,15.6,2.4,0.7,13.2,23.7,-0.5,0.3,-0.1,-0.013,-1.8,-2.0,-3.7,-0.2
Voshon Lenard,SG,32,DEN,2005-06,12,238,10.1,0.455,0.34,0.126,1.0,12.6,6.9,12.7,1.7,0.6,9.2,22.5,-0.2,0.2,0.0,0.005,-2.5,-1.7,-4.2,-0.1
Voshon Lenard,SG,32,POR,2005-06,14,220,11.8,0.48,0.489,0.205,1.6,8.9,5.2,18.8,3.2,0.7,17.3,25.0,-0.3,0.1,-0.1,-0.031,-1.0,-2.2,-3.2,-0.1
Vítor Faverani,C,25,BOS,2013-14,37,488,11.0,0.502,0.272,0.252,9.5,20.6,14.9,5.2,1.5,4.3,20.1,18.6,-0.3,0.7,0.3,0.031,-4.2,1.1,-3.1,-0.1
Wade Baldwin,PG,20,MEM,2016-17,33,405,6.5,0.404,0.191,0.322,3.0,10.2,6.5,22.8,2.3,1.7,22.9,19.1,-0.8,0.5,-0.3,-0.041,-6.2,0.5,-5.7,-0.4
Wade Baldwin,PG,21,POR,2017-18,7,80,16.6,0.748,0.238,0.476,1.4,9.5,5.5,9.8,1.2,1.0,13.6,16.1,0.2,0.1,0.3,0.187,1.1,-1.1,0.0,0.0
Wade Baldwin,PG,22,POR,2018-19,16,94,1.3,0.396,0.273,0.333,2.3,14.4,8.5,16.6,0.5,1.7,27.0,23.3,-0.4,0.1,-0.3,-0.153,-9.3,-1.4,-10.7,-0.2
Walker Russell,PG,29,DET,2011-12,28,357,7.2,0.401,0.137,0.232,2.3,6.6,4.4,26.0,2.7,0.2,24.0,17.8,-0.6,0.3,-0.4,-0.049,-5.0,-1.8,-6.8,-0.4
Wally Szczerbiak,SF,28,TOT,2005-06,72,2729,17.7,0.595,0.252,0.306,3.5,10.2,6.9,14.1,0.8,0.5,10.6,22.1,6.3,1.7,8.0,0.141,2.7,-1.8,1.0,2.0
Wally Szczerbiak,SF,28,MIN,2005-06,40,1555,18.1,0.601,0.242,0.308,2.9,11.6,7.3,13.4,0.7,0.7,11.4,23.1,3.3,1.2,4.6,0.141,2.6,-1.4,1.2,1.3
Wally Szczerbiak,SF,28,BOS,2005-06,32,1174,17.2,0.586,0.265,0.303,4.4,8.3,6.4,15.1,0.8,0.3,9.5,20.7,2.9,0.5,3.4,0.14,2.9,-2.2,0.7,0.8
Wally Szczerbiak,SF,29,BOS,2006-07,32,900,14.8,0.54,0.273,0.325,2.1,11.2,6.5,11.3,1.0,0.3,10.9,25.0,1.0,0.5,1.6,0.083,0.1,-2.8,-2.7,-0.1
Wally Szczerbiak,SF,30,TOT,2007-08,75,1736,13.9,0.539,0.302,0.242,2.2,11.8,6.9,10.1,0.7,0.5,8.7,22.1,2.0,0.9,2.9,0.079,-0.2,-2.5,-2.6,-0.3
Wally Szczerbiak,SF,30,SEA,2007-08,50,1180,15.7,0.573,0.324,0.261,1.5,11.1,6.3,9.9,0.6,0.3,8.9,23.0,1.9,0.4,2.3,0.095,1.2,-2.9,-1.6,0.1
Wally Szczerbiak,SF,30,CLE,2007-08,25,556,10.3,0.451,0.249,0.196,3.6,13.3,8.3,10.4,0.9,1.0,8.1,20.2,0.0,0.5,0.5,0.044,-3.2,-1.5,-4.7,-0.4
Wally Szczerbiak,SF,31,CLE,2008-09,74,1527,12.1,0.581,0.422,0.266,3.5,14.2,9.0,8.3,1.0,0.5,11.0,15.4,2.3,2.2,4.5,0.14,-0.2,0.0,-0.2,0.7
Walt Lemon,PG,25,NOP,2017-18,5,35,6.9,0.491,0.063,0.188,0.0,6.0,3.1,21.1,0.0,2.3,18.8,26.4,-0.1,0.0,-0.1,-0.071,-7.5,-4.2,-11.7,-0.1
Walt Lemon,PG,26,CHI,2018-19,6,167,16.3,0.468,0.057,0.126,2.6,15.1,8.8,30.3,3.2,0.5,9.8,26.6,-0.1,0.2,0.1,0.026,-1.5,0.1,-1.4,0.0
Walter Herrmann,PF,27,CHA,2006-07,48,936,16.1,0.625,0.348,0.161,3.4,14.5,8.8,5.0,0.9,0.6,8.3,18.7,1.8,0.6,2.4,0.125,1.1,-2.4,-1.3,0.2
Walter Herrmann,PF,28,TOT,2007-08,45,373,13.2,0.494,0.444,0.174,6.9,16.1,11.5,8.0,1.0,0.2,7.2,20.8,0.3,0.4,0.7,0.086,-0.7,-2.8,-3.5,-0.1
Walter Herrmann,PF,28,CHA,2007-08,17,174,12.1,0.49,0.4,0.154,6.6,17.3,11.9,3.8,1.2,0.0,5.4,19.3,0.1,0.1,0.2,0.061,-2.1,-3.7,-5.8,-0.2
Walter Herrmann,PF,28,DET,2007-08,28,199,14.0,0.496,0.481,0.19,7.2,15.1,11.1,11.6,0.8,0.4,8.5,22.2,0.2,0.2,0.4,0.108,0.5,-2.0,-1.6,0.0
Walter Herrmann,SF,29,DET,2008-09,59,630,11.4,0.514,0.58,0.121,5.2,15.1,10.1,5.6,0.6,0.5,7.2,17.8,0.5,0.5,1.0,0.074,-0.6,-2.6,-3.2,-0.2
Walter McCarty,SF,31,LAC,2005-06,36,353,5.9,0.407,0.455,0.212,5.2,16.7,11.2,9.8,1.2,1.1,14.9,16.7,-0.5,0.5,0.0,-0.001,-4.0,-0.3,-4.3,-0.2
Walter Sharpe,PF,22,DET,2008-09,8,20,4.8,0.337,0.182,0.182,0.0,18.0,8.9,0.0,0.0,7.7,0.0,28.3,-0.1,0.0,-0.1,-0.131,-12.0,-4.5,-16.5,-0.1
Wayne Ellington,SG,22,MIN,2009-10,76,1384,9.6,0.527,0.362,0.156,2.6,10.4,6.4,8.3,0.7,0.3,13.4,17.4,0.3,0.1,0.4,0.014,-2.1,-2.6,-4.8,-1.0
Wayne Ellington,SG,23,MIN,2010-11,62,1181,8.6,0.488,0.305,0.134,2.4,7.9,5.1,9.4,1.2,0.2,11.2,17.1,0.1,0.1,0.3,0.01,-2.2,-2.3,-4.6,-0.8
Wayne Ellington,SG,24,MIN,2011-12,51,973,9.4,0.487,0.358,0.132,1.6,9.7,5.6,5.5,1.4,0.7,7.5,15.8,0.3,0.5,0.8,0.041,-1.9,-0.7,-2.6,-0.2
Wayne Ellington,SG,25,TOT,2012-13,78,1661,12.2,0.546,0.454,0.142,1.7,10.3,5.8,10.1,1.4,0.1,9.2,16.8,2.1,1.1,3.2,0.093,0.2,-1.6,-1.4,0.3
Wayne Ellington,SG,26,DAL,2013-14,45,393,12.2,0.554,0.468,0.087,2.4,10.2,6.3,7.1,2.1,0.4,7.8,16.4,0.4,0.2,0.7,0.084,0.0,-1.7,-1.7,0.0
Wayne Ellington,SG,27,LAL,2014-15,65,1675,11.6,0.504,0.394,0.104,2.0,12.3,6.9,10.2,1.0,0.1,7.2,18.5,1.1,0.1,1.2,0.034,-0.4,-2.6,-3.0,-0.4
Wayne Ellington,SG,28,BRK,2015-16,76,1615,10.1,0.498,0.478,0.112,1.4,10.9,6.1,7.8,1.5,0.3,7.1,17.5,0.5,0.3,0.8,0.025,-0.9,-2.3,-3.2,-0.5
Wayne Ellington,SG,29,MIA,2016-17,62,1500,12.6,0.565,0.71,0.077,1.3,8.5,4.9,7.1,1.2,0.2,5.0,17.9,2.1,1.2,3.3,0.105,1.8,-1.9,-0.2,0.7
Wayne Ellington,SG,30,MIA,2017-18,77,2041,12.5,0.588,0.827,0.111,1.3,10.7,6.0,5.9,1.3,0.3,6.6,17.3,2.6,1.9,4.5,0.105,1.8,-1.8,0.0,1.0
Wayne Ellington,SG,31,TOT,2018-19,53,1297,11.8,0.569,0.814,0.107,1.1,7.9,4.5,8.3,2.0,0.4,7.7,17.2,1.3,1.4,2.6,0.097,1.2,-1.0,0.2,0.7
Wayne Ellington,SG,31,MIA,2018-19,25,533,10.8,0.547,0.842,0.087,1.2,8.2,4.7,7.8,2.2,0.5,6.8,16.5,0.4,0.6,1.0,0.091,0.5,-0.9,-0.4,0.2
Wayne Ellington,SG,31,DET,2018-19,28,764,12.5,0.584,0.795,0.121,1.1,7.7,4.3,8.6,1.9,0.3,8.3,17.7,0.9,0.7,1.6,0.102,1.7,-1.1,0.6,0.5
Wayne Selden,SG,22,TOT,2016-17,14,236,6.9,0.525,0.483,0.379,0.5,7.2,3.8,8.5,1.3,0.4,15.1,15.3,-0.1,0.2,0.1,0.016,-3.4,-1.6,-5.0,-0.2
Wayne Selden,SG,23,MEM,2017-18,35,692,11.8,0.551,0.454,0.219,2.6,6.8,4.7,16.0,1.3,0.7,15.5,22.6,0.1,0.2,0.3,0.023,-0.7,-3.3,-4.0,-0.4
Wayne Selden,SG,24,TOT,2018-19,75,1439,8.3,0.491,0.36,0.19,2.8,11.0,6.9,11.3,1.1,0.8,13.1,18.4,-1.0,0.8,-0.3,-0.009,-3.5,-1.6,-5.1,-1.1
Wayne Selden,SG,24,MEM,2018-19,32,455,8.8,0.495,0.391,0.18,3.9,7.0,5.4,12.4,1.1,1.2,11.7,19.3,-0.2,0.3,0.1,0.014,-3.2,-2.0,-5.2,-0.4
Wayne Selden,SG,24,CHI,2018-19,43,984,8.1,0.489,0.345,0.196,2.3,12.8,7.5,10.8,1.1,0.6,13.8,18.0,-0.8,0.4,-0.4,-0.019,-3.7,-1.4,-5.1,-0.8
Wayne Simien,PF,22,MIA,2005-06,43,414,11.5,0.541,0.0,0.283,11.3,13.6,12.5,2.7,1.6,0.2,15.1,17.7,0.4,0.5,0.8,0.096,-2.7,-1.8,-4.5,-0.3
Wayne Simien,PF,23,MIA,2006-07,8,93,6.3,0.441,0.0,0.304,6.5,7.4,7.0,6.7,1.1,0.0,10.3,14.8,0.0,0.1,0.0,0.025,-4.5,-1.6,-6.1,-0.1
Wendell Carter,C,19,CHI,2018-19,44,1110,15.2,0.541,0.086,0.302,8.4,21.8,15.0,10.7,1.1,4.5,13.4,19.1,0.7,1.2,1.9,0.08,-2.4,1.8,-0.5,0.4
Wesley Iwundu,SF,23,ORL,2017-18,62,1020,7.8,0.48,0.211,0.216,3.9,11.0,7.4,7.8,1.6,0.9,11.2,11.6,0.0,0.7,0.7,0.032,-3.7,0.2,-3.5,-0.4
Wesley Iwundu,SF,24,ORL,2018-19,68,1233,8.7,0.531,0.288,0.376,3.2,13.0,8.0,7.9,1.1,1.5,12.1,12.8,0.5,1.4,1.9,0.073,-3.4,0.7,-2.7,-0.2
Wesley Johnson,SG,23,MIN,2010-11,79,2069,10.2,0.491,0.424,0.135,2.7,10.4,6.4,11.0,1.4,2.0,11.6,16.8,0.4,0.9,1.3,0.03,-1.1,-0.4,-1.6,0.2
Wesley Johnson,SF,24,MIN,2011-12,65,1469,8.0,0.477,0.426,0.086,1.8,11.6,6.7,6.4,1.2,2.3,12.7,14.3,-0.4,1.0,0.6,0.021,-2.6,1.0,-1.6,0.1
Wesley Johnson,SF,25,PHO,2012-13,50,953,10.3,0.485,0.391,0.088,2.5,12.4,7.3,5.9,1.2,1.4,10.4,21.4,-0.5,0.5,0.0,0.0,-2.6,-2.3,-4.9,-0.7
Wesley Johnson,SF,26,LAL,2013-14,79,2240,11.0,0.522,0.416,0.118,3.3,13.3,8.3,8.2,1.9,2.5,11.6,15.1,0.4,1.5,1.9,0.041,-1.1,1.3,0.2,1.2
Wesley Johnson,SF,27,LAL,2014-15,76,2245,11.1,0.509,0.375,0.162,3.2,12.9,7.8,8.6,1.3,1.6,10.5,16.4,1.0,0.7,1.7,0.037,-0.9,-0.6,-1.5,0.3
Wesley Johnson,SF,28,LAC,2015-16,80,1666,11.0,0.513,0.6,0.089,2.5,13.6,8.1,4.4,2.7,2.6,9.2,16.0,0.0,2.7,2.6,0.076,-1.3,1.8,0.5,1.0
Wesley Johnson,SF,29,LAC,2016-17,68,810,8.4,0.448,0.59,0.085,3.7,20.8,12.5,3.9,1.8,3.0,8.0,12.5,-0.3,1.2,0.9,0.051,-3.4,1.6,-1.8,0.0
Wesley Johnson,SF,30,LAC,2017-18,74,1486,9.8,0.512,0.481,0.158,2.2,13.6,8.0,5.6,2.5,3.5,12.3,13.0,-0.1,1.7,1.7,0.055,-2.0,2.3,0.3,0.9
Wesley Johnson,SF,31,TOT,2018-19,38,534,5.5,0.469,0.594,0.148,2.4,11.7,7.1,5.3,1.2,1.9,11.7,12.0,-0.3,0.3,0.0,0.001,-3.6,-0.7,-4.3,-0.3
Wesley Johnson,SF,31,NOP,2018-19,26,377,6.9,0.517,0.568,0.102,2.8,11.9,7.4,5.2,1.5,1.5,11.5,11.3,0.0,0.2,0.3,0.032,-2.5,-0.4,-2.9,-0.1
Wesley Johnson,SF,31,WAS,2018-19,12,157,2.0,0.372,0.65,0.25,1.4,11.2,6.2,5.6,0.6,2.7,11.9,13.6,-0.3,0.0,-0.2,-0.075,-6.3,-1.5,-7.7,-0.2
Wesley Matthews,SG,23,UTA,2009-10,82,2025,12.3,0.592,0.292,0.342,3.0,8.0,5.6,9.0,1.6,0.6,12.5,16.5,2.6,1.9,4.6,0.108,0.3,-0.5,-0.2,0.9
Wesley Matthews,SG,24,POR,2010-11,82,2758,15.5,0.582,0.386,0.322,2.0,9.7,5.7,10.2,2.0,0.3,11.0,21.3,5.0,2.3,7.2,0.126,2.1,-1.1,1.1,2.1
Wesley Matthews,SG,25,POR,2011-12,66,2228,14.1,0.539,0.442,0.224,2.9,9.0,5.9,8.3,2.3,0.5,8.0,18.7,3.4,1.4,4.8,0.104,1.9,-0.6,1.3,1.9
Wesley Matthews,SG,26,POR,2012-13,69,2403,14.1,0.574,0.526,0.231,1.7,7.6,4.6,11.8,2.0,0.6,10.9,19.1,3.6,1.0,4.7,0.093,2.3,-1.1,1.2,2.0
Wesley Matthews,SG,27,POR,2013-14,82,2780,15.7,0.588,0.506,0.298,2.0,9.1,5.6,10.9,1.4,0.4,8.8,19.6,6.3,1.9,8.2,0.142,3.4,-0.9,2.4,3.1
Wesley Matthews,SG,28,POR,2014-15,60,2024,16.1,0.586,0.592,0.193,2.1,9.5,5.9,10.8,1.9,0.4,9.0,19.8,4.0,2.2,6.2,0.147,3.8,0.1,3.9,3.0
Wesley Matthews,SF,29,DAL,2015-16,78,2644,10.9,0.532,0.615,0.171,1.1,8.8,4.9,8.9,1.5,0.5,7.8,17.2,1.9,1.8,3.7,0.067,0.8,-0.3,0.5,1.6
Wesley Matthews,SG,30,DAL,2016-17,73,2495,11.9,0.533,0.566,0.211,0.8,11.8,6.0,13.6,1.6,0.5,9.9,19.4,1.0,2.1,3.1,0.06,0.2,-0.1,0.1,1.3
Wesley Matthews,SF,31,DAL,2017-18,63,2131,11.4,0.541,0.577,0.145,1.4,9.2,5.2,12.3,1.8,0.7,10.1,17.6,1.0,1.6,2.6,0.059,0.2,-0.2,0.1,1.1
Wesley Matthews,SF,32,TOT,2018-19,69,2091,10.3,0.546,0.577,0.234,1.7,7.1,4.4,11.1,1.3,0.7,10.6,17.8,1.1,1.5,2.7,0.062,-0.3,-1.2,-1.5,0.3
Wesley Matthews,SF,32,DAL,2018-19,44,1312,11.3,0.556,0.561,0.235,1.6,6.6,4.2,11.6,1.2,0.8,10.1,18.9,1.0,0.8,1.8,0.066,0.1,-1.4,-1.3,0.2
Wesley Matthews,SG,32,NYK,2018-19,2,54,2.9,0.33,0.526,0.263,1.9,4.0,2.9,12.9,0.9,1.6,8.6,18.4,-0.1,0.0,-0.1,-0.115,-6.3,-3.4,-9.7,-0.1
Wesley Matthews,SG,32,IND,2018-19,23,725,9.2,0.543,0.619,0.229,1.7,8.1,5.0,10.1,1.3,0.5,11.8,15.8,0.3,0.7,1.0,0.067,-0.5,-0.6,-1.2,0.2
Will Barton,SG,22,POR,2012-13,73,894,9.1,0.437,0.21,0.21,4.6,14.3,9.4,10.4,2.0,0.8,15.1,20.4,-1.1,0.6,-0.5,-0.028,-4.8,-0.9,-5.7,-0.8
Will Barton,SG,23,POR,2013-14,41,387,13.5,0.488,0.212,0.205,4.5,16.0,10.3,13.3,1.2,1.3,9.6,21.2,0.3,0.4,0.6,0.078,-1.9,-0.7,-2.7,-0.1
Will Barton,SG,24,TOT,2014-15,58,983,13.6,0.503,0.241,0.266,2.8,15.3,8.9,13.0,2.5,1.5,13.4,20.2,0.2,1.1,1.3,0.063,-1.7,1.1,-0.6,0.3
Will Barton,SG,25,DEN,2015-16,82,2353,16.0,0.535,0.331,0.273,2.7,20.0,11.2,14.4,1.5,1.3,11.2,23.0,2.4,1.9,4.3,0.088,0.3,-0.4,-0.1,1.1
Will Barton,SG,26,DEN,2016-17,60,1705,15.5,0.547,0.353,0.285,3.8,12.9,8.4,17.7,1.4,1.3,11.5,21.1,2.5,0.8,3.3,0.093,1.3,-1.0,0.3,1.0
Will Barton,SG,27,DEN,2017-18,81,2683,16.2,0.562,0.411,0.22,3.0,14.2,8.6,18.5,1.5,1.6,11.7,20.7,4.4,1.8,6.2,0.111,1.6,-0.6,0.9,2.0
Will Barton,SG,28,DEN,2018-19,43,1189,11.0,0.501,0.426,0.161,2.9,15.3,9.1,14.6,0.7,1.6,11.7,20.0,0.1,1.1,1.2,0.049,-1.8,-0.5,-2.3,-0.1
Will Blalock,PG,23,DET,2006-07,14,166,4.5,0.383,0.167,0.2,4.3,6.4,5.4,14.9,1.7,0.0,26.9,12.8,-0.3,0.1,-0.1,-0.032,-5.4,-0.2,-5.7,-0.2
Will Bynum,PG,23,GSW,2005-06,15,162,8.7,0.457,0.173,0.308,2.0,6.3,4.1,19.2,2.2,0.0,19.2,20.1,-0.2,0.1,-0.1,-0.021,-4.8,-1.8,-6.6,-0.2
Will Bynum,PG,26,DET,2008-09,57,803,17.4,0.52,0.056,0.348,2.8,8.4,5.5,35.3,2.3,0.2,16.2,27.9,0.5,0.8,1.3,0.078,0.2,-1.9,-1.7,0.1
Will Bynum,PG,27,DET,2009-10,63,1667,13.8,0.513,0.103,0.333,1.6,9.2,5.2,28.2,1.8,0.4,15.8,20.1,1.3,0.6,1.9,0.054,-0.6,-2.0,-2.5,-0.2
Will Bynum,PG,28,DET,2010-11,61,1125,15.2,0.524,0.123,0.3,1.6,6.7,4.0,28.6,2.5,0.3,15.3,22.5,1.1,0.4,1.5,0.066,-0.2,-2.9,-3.1,-0.3
Will Bynum,PG,29,DET,2011-12,36,514,10.0,0.459,0.149,0.33,2.3,11.1,6.5,22.4,2.4,0.5,19.6,24.8,-0.7,0.4,-0.2,-0.022,-3.6,-1.6,-5.2,-0.4
Will Bynum,PG,30,DET,2012-13,65,1219,16.6,0.532,0.141,0.243,2.6,6.6,4.6,34.8,2.0,0.3,17.3,27.0,1.2,0.5,1.7,0.067,0.8,-3.2,-2.4,-0.1
Will Bynum,PG,31,DET,2013-14,56,1054,14.4,0.502,0.144,0.281,2.4,8.2,5.1,32.5,1.9,0.5,17.6,23.8,0.6,0.4,1.0,0.047,-0.7,-2.8,-3.5,-0.4
Will Bynum,SG,32,WAS,2014-15,7,67,4.8,0.336,0.29,0.129,3.4,6.6,5.0,42.2,0.8,1.2,19.6,27.6,-0.2,0.1,-0.2,-0.132,-5.8,-3.3,-9.1,-0.1
Will Cherry,PG,23,CLE,2014-15,8,69,5.8,0.347,0.474,0.316,1.7,6.6,4.2,16.4,4.5,1.1,15.6,16.8,-0.1,0.1,0.0,-0.021,-4.4,0.7,-3.7,0.0
Will Conroy,PG,24,TOT,2006-07,7,52,1.1,0.0,0.0,1.333,6.9,9.1,8.1,23.6,0.0,0.0,29.6,6.0,-0.1,0.0,-0.1,-0.062,-6.5,-1.5,-8.0,-0.1
Will Conroy,SG,24,MEM,2006-07,3,17,4.2,,,,7.0,7.0,7.0,7.8,0.0,0.0,,0.0,0.0,0.0,0.0,0.035,-2.9,-0.1,-3.1,0.0
Will Conroy,PG,24,LAC,2006-07,4,35,-0.4,0.0,0.0,1.333,6.9,10.2,8.6,31.3,0.0,0.0,29.6,8.9,-0.1,0.0,-0.1,-0.108,-8.3,-2.1,-10.4,-0.1
Will Conroy,PG,27,HOU,2009-10,5,36,-2.4,0.276,0.3,0.2,0.0,9.9,4.8,28.0,0.0,0.0,26.9,18.3,-0.2,0.0,-0.1,-0.192,-10.2,-3.8,-14.0,-0.1
Will Conroy,PG,30,MIN,2012-13,4,20,-15.2,0.051,0.333,0.222,5.5,0.0,2.9,0.0,0.0,0.0,0.0,22.1,-0.2,0.0,-0.2,-0.433,-15.9,-6.8,-22.8,-0.1
Will Solomon,PG,30,TOT,2008-09,53,712,12.5,0.506,0.351,0.139,2.0,8.5,5.3,30.0,2.0,0.4,17.2,20.2,0.1,0.4,0.5,0.033,-1.1,-2.9,-4.0,-0.4
Will Solomon,PG,30,TOR,2008-09,39,544,12.5,0.504,0.315,0.133,2.0,7.3,4.6,36.1,1.9,0.6,20.4,20.4,0.0,0.3,0.4,0.032,-1.2,-2.8,-4.0,-0.3
Will Solomon,PG,30,SAC,2008-09,14,168,12.6,0.512,0.453,0.156,2.1,12.6,7.3,10.0,2.1,0.0,6.8,19.6,0.1,0.0,0.1,0.037,-0.8,-3.3,-4.0,-0.1
Willie Cauley-Stein,C,22,SAC,2015-16,66,1412,15.3,0.588,0.006,0.369,10.3,16.6,13.5,3.8,1.6,3.8,10.5,13.2,2.4,1.4,3.8,0.13,-0.8,1.5,0.7,1.0
Willie Cauley-Stein,C,23,SAC,2016-17,75,1421,16.3,0.558,0.004,0.314,7.0,20.4,13.8,9.4,1.9,2.8,11.2,19.7,1.4,1.5,2.9,0.1,-2.0,0.8,-1.2,0.3
Willie Cauley-Stein,C,24,SAC,2017-18,73,2044,17.6,0.529,0.016,0.32,7.0,22.0,14.2,13.7,1.9,3.1,11.0,21.8,1.7,2.2,3.9,0.092,-1.3,1.7,0.4,1.2
Willie Cauley-Stein,C,25,SAC,2018-19,81,2213,18.0,0.566,0.003,0.343,8.2,23.7,15.8,12.3,2.0,2.0,9.0,17.5,3.8,2.9,6.7,0.146,-0.2,2.2,2.0,2.3
Willie Green,SG,24,PHI,2005-06,10,153,8.6,0.513,0.288,0.076,0.8,10.7,5.7,5.7,0.7,0.0,15.0,23.9,-0.2,0.0,-0.1,-0.038,-4.5,-4.8,-9.3,-0.3
Willie Green,SG,25,PHI,2006-07,74,1842,10.3,0.458,0.181,0.128,2.7,7.5,5.1,11.2,1.6,0.2,10.4,25.7,-1.8,1.1,-0.7,-0.018,-2.9,-2.6,-5.5,-1.6
Willie Green,SG,26,PHI,2007-08,74,1970,12.8,0.492,0.206,0.17,1.9,9.1,5.5,13.2,1.5,0.9,10.4,23.9,0.4,1.6,2.1,0.05,-1.3,-1.5,-2.8,-0.4
Willie Green,SG,27,PHI,2008-09,81,1828,11.1,0.493,0.245,0.129,1.9,6.4,4.1,14.4,1.5,0.6,8.4,18.9,1.1,1.2,2.3,0.06,-0.9,-1.7,-2.7,-0.3
Willie Green,SG,28,PHI,2009-10,73,1553,12.8,0.538,0.25,0.21,1.5,8.4,4.9,15.8,1.1,0.6,10.1,19.4,1.8,0.3,2.2,0.067,-0.3,-3.0,-3.3,-0.5
Willie Green,SG,29,NOH,2010-11,77,1674,10.8,0.515,0.255,0.164,1.6,10.2,5.9,7.6,1.2,0.6,9.3,20.5,0.3,1.5,1.8,0.052,-1.9,-1.2,-3.1,-0.5
Willie Green,SG,30,ATL,2011-12,53,922,13.9,0.578,0.348,0.172,1.9,8.2,5.1,7.4,1.3,0.5,8.6,19.5,1.4,0.9,2.4,0.122,0.3,-2.0,-1.7,0.1
Willie Green,SG,31,LAC,2012-13,72,1188,11.8,0.562,0.43,0.083,1.7,7.9,4.9,7.1,1.3,0.8,7.2,16.6,1.7,0.9,2.5,0.103,0.3,-1.8,-1.5,0.2
Willie Green,SG,32,LAC,2013-14,55,869,7.1,0.477,0.446,0.125,1.6,8.2,5.0,8.3,1.3,1.0,10.6,16.3,-0.2,0.7,0.5,0.028,-2.6,-0.8,-3.4,-0.3
Willie Green,SG,33,ORL,2014-15,52,951,7.9,0.477,0.395,0.111,1.6,7.9,4.7,10.9,1.4,0.4,13.0,17.6,-0.4,0.4,-0.1,-0.003,-2.8,-2.1,-4.9,-0.7
Willie Reed,C,25,BRK,2015-16,39,426,19.2,0.579,0.0,0.414,12.7,19.6,16.1,3.8,0.7,5.7,9.2,18.1,0.9,0.3,1.2,0.134,-1.2,-0.4,-1.6,0.0
Willie Reed,C,26,MIA,2016-17,71,1031,17.1,0.578,0.014,0.309,13.7,22.0,17.8,3.9,0.9,3.6,8.7,15.3,2.1,1.5,3.6,0.168,-1.3,0.7,-0.6,0.4
Willie Reed,C,27,TOT,2017-18,42,428,19.2,0.671,0.017,0.455,9.1,21.8,15.5,3.6,1.0,4.3,11.6,16.6,1.0,0.5,1.5,0.172,-0.8,-0.1,-0.9,0.1
Willie Warren,PG,21,LAC,2010-11,19,134,10.8,0.48,0.429,0.229,0.9,9.5,5.2,30.4,2.3,0.0,17.2,15.5,0.1,0.1,0.2,0.065,-2.0,-2.5,-4.5,-0.1
Willy Hernangomez,C,22,NYK,2016-17,72,1324,19.0,0.564,0.032,0.269,13.8,27.1,20.4,11.5,1.5,2.2,16.1,20.3,1.8,1.6,3.4,0.123,-0.6,0.6,0.0,0.7
Willy Hernangómez,C,23,TOT,2017-18,48,495,21.2,0.604,0.073,0.549,13.3,27.2,20.2,10.5,1.8,2.7,14.7,21.0,1.1,0.7,1.8,0.174,0.1,0.8,0.9,0.4
Willy Hernangómez,C,24,CHO,2018-19,58,812,20.4,0.587,0.132,0.488,15.3,26.3,20.7,11.5,1.0,2.1,13.9,22.1,1.8,0.8,2.6,0.153,0.2,-0.4,-0.2,0.4
Wilson Chandler,SF,20,NYK,2007-08,35,685,11.7,0.48,0.124,0.223,6.1,15.3,10.6,8.1,1.1,1.8,9.2,19.2,0.2,0.4,0.5,0.038,-2.6,-0.9,-3.5,-0.3
Wilson Chandler,SF,21,NYK,2008-09,82,2735,12.9,0.515,0.298,0.204,3.5,14.7,8.9,9.9,1.3,2.0,10.8,20.5,1.0,2.1,3.1,0.054,-1.2,0.3,-0.9,0.8
Wilson Chandler,SG,22,NYK,2009-10,65,2320,13.7,0.534,0.174,0.186,4.5,12.7,8.5,9.8,1.0,1.6,10.4,20.2,1.8,0.9,2.7,0.057,-1.0,-0.8,-1.8,0.1
Wilson Chandler,SF,23,TOT,2010-11,72,2401,14.6,0.537,0.336,0.169,3.6,15.9,9.7,8.1,1.0,2.9,9.2,20.9,2.1,1.9,3.9,0.079,-0.1,-0.5,-0.5,0.9
Wilson Chandler,SF,24,DEN,2011-12,8,215,9.0,0.445,0.152,0.152,3.4,18.4,11.1,12.0,1.4,2.2,17.6,21.2,-0.3,0.2,-0.1,-0.021,-4.5,0.5,-4.0,-0.1
Wilson Chandler,PF,25,DEN,2012-13,43,1079,16.6,0.556,0.277,0.244,4.8,17.6,11.3,8.3,2.1,0.9,10.6,22.7,1.8,1.3,3.1,0.137,1.2,-0.5,0.7,0.7
Wilson Chandler,SF,26,DEN,2013-14,62,1927,12.4,0.526,0.476,0.206,3.2,13.3,8.2,9.3,1.2,1.2,8.9,19.5,1.8,1.2,3.1,0.076,0.7,-0.6,0.2,1.1
Wilson Chandler,SF,27,DEN,2014-15,78,2471,13.2,0.523,0.416,0.146,4.1,17.2,10.4,8.9,1.2,0.9,9.6,20.1,2.1,1.5,3.6,0.071,0.5,-0.4,0.2,1.3
Wilson Chandler,SF,29,DEN,2016-17,71,2197,14.9,0.545,0.347,0.207,5.2,17.8,11.6,9.8,1.1,1.1,10.0,22.0,2.4,1.1,3.5,0.077,0.5,-1.4,-0.9,0.6
Wilson Chandler,SF,30,DEN,2017-18,74,2346,10.9,0.542,0.39,0.181,4.9,14.1,9.6,9.4,0.9,1.4,11.9,14.3,2.1,1.2,3.3,0.067,-0.5,-0.4,-0.9,0.6
Wilson Chandler,PF,31,TOT,2018-19,51,1177,8.5,0.537,0.579,0.092,4.4,14.6,9.7,9.1,1.0,1.4,13.9,11.8,0.5,1.0,1.5,0.062,-1.3,0.3,-1.0,0.3
Wilson Chandler,PF,31,PHI,2018-19,36,951,9.1,0.561,0.57,0.087,5.0,13.4,9.4,9.9,1.1,1.5,15.4,11.2,0.6,0.9,1.5,0.074,-0.8,0.6,-0.1,0.4
Wilson Chandler,SF,31,LAC,2018-19,15,226,5.8,0.463,0.606,0.106,1.9,19.5,11.0,5.9,0.6,1.1,9.2,14.2,-0.1,0.2,0.0,0.009,-3.5,-1.3,-4.8,-0.2
Xavier Henry,SG,19,MEM,2010-11,38,527,7.0,0.451,0.106,0.325,2.0,6.4,4.2,5.0,1.1,0.5,6.6,16.8,-0.1,0.3,0.2,0.021,-3.9,-2.1,-6.0,-0.5
Xavier Henry,SG,20,NOH,2011-12,45,759,9.2,0.45,0.075,0.373,3.8,12.7,8.3,7.6,1.9,0.9,11.7,18.7,-0.4,0.7,0.2,0.015,-4.2,-0.5,-4.6,-0.5
Xavier Henry,SF,21,NOH,2012-13,50,625,7.6,0.481,0.068,0.571,3.9,13.4,8.6,3.2,1.4,0.7,13.3,17.3,-0.2,0.2,0.0,0.002,-4.6,-2.1,-6.6,-0.7
Xavier Henry,SF,22,LAL,2013-14,43,908,12.3,0.511,0.235,0.513,2.9,10.5,6.7,8.8,2.4,0.6,11.9,23.1,-0.1,0.5,0.3,0.017,-2.2,-1.4,-3.6,-0.4
Xavier Henry,SF,23,LAL,2014-15,9,86,4.9,0.424,0.0,1.846,2.5,2.7,2.6,4.8,1.8,0.0,11.3,13.7,-0.1,0.0,-0.1,-0.03,-5.5,-2.4,-7.9,-0.1
Xavier Munford,SG,23,MEM,2015-16,14,244,9.9,0.481,0.299,0.182,1.3,13.7,7.2,14.3,2.7,1.1,15.3,18.0,-0.2,0.2,0.1,0.017,-2.9,-0.1,-3.1,-0.1
Xavier Munford,SG,25,MIL,2017-18,6,21,-2.1,0.218,0.333,0.333,5.6,0.0,2.8,24.6,2.4,0.0,22.5,19.1,-0.1,0.0,-0.1,-0.197,-9.4,-4.4,-13.7,-0.1
Xavier Rathan-Mayes,SG,23,MEM,2017-18,5,118,0.9,0.315,0.333,0.214,0.0,5.0,2.5,23.0,2.6,2.4,19.3,21.7,-0.5,0.1,-0.4,-0.171,-8.7,-2.0,-10.7,-0.3
Xavier Silas,SG,24,PHI,2011-12,2,39,0.1,0.337,0.4,0.2,5.7,5.7,5.7,11.4,0.0,0.0,15.5,23.3,-0.1,0.0,-0.1,-0.131,-6.8,-3.7,-10.5,-0.1
Xavier Silas,SG,30,BOS,2017-18,2,7,-4.9,0.0,0.667,0.0,15.8,15.4,15.6,0.0,7.1,0.0,0.0,19.1,-0.1,0.0,0.0,-0.25,-12.6,-0.8,-13.4,0.0
Yakhouba Diawara,SG,24,DEN,2006-07,64,1177,5.3,0.45,0.582,0.182,2.6,7.8,5.3,6.5,1.3,0.4,10.5,12.8,-0.2,0.8,0.5,0.021,-2.3,-0.8,-3.1,-0.3
Yakhouba Diawara,SG,25,DEN,2007-08,54,542,8.1,0.518,0.493,0.231,4.7,7.6,6.2,9.3,0.7,0.4,9.8,12.8,0.5,0.3,0.7,0.065,-1.3,-2.1,-3.4,-0.2
Yakhouba Diawara,SF,26,MIA,2008-09,63,851,6.4,0.473,0.751,0.088,3.6,7.9,5.8,4.7,0.8,0.6,6.6,13.3,0.1,0.4,0.5,0.029,-2.0,-2.2,-4.2,-0.5
Yakhouba Diawara,SG,27,MIA,2009-10,6,44,-3.7,0.25,0.6,0.0,2.7,8.0,5.3,9.7,1.2,0.0,23.1,13.9,-0.2,0.0,-0.1,-0.124,-8.0,-0.9,-8.9,-0.1
Yante Maten,PF,22,MIA,2018-19,2,13,5.7,0.25,0.25,0.0,8.2,16.4,12.3,0.0,3.8,0.0,0.0,13.2,0.0,0.0,0.0,-0.026,-8.9,-1.7,-10.6,0.0
Yao Ming,C,25,HOU,2005-06,57,1949,25.6,0.592,0.001,0.439,9.1,25.6,17.5,9.8,0.8,3.9,12.0,29.9,5.0,3.5,8.6,0.211,1.3,1.1,2.4,2.2
Yao Ming,C,26,HOU,2006-07,48,1624,26.5,0.601,0.002,0.504,7.2,24.7,16.0,12.3,0.6,4.5,14.3,33.5,4.0,3.4,7.4,0.22,0.4,2.0,2.3,1.8
Yao Ming,C,27,HOU,2007-08,55,2044,22.5,0.587,0.002,0.477,9.6,22.9,16.4,11.5,0.6,4.0,15.1,27.1,4.2,4.1,8.3,0.196,0.4,2.6,2.9,2.6
Yao Ming,C,28,HOU,2008-09,77,2589,22.7,0.618,0.001,0.426,9.6,24.1,17.1,10.0,0.6,4.2,16.0,26.2,5.6,5.0,10.6,0.196,0.6,2.4,3.0,3.3
Yao Ming,C,30,HOU,2010-11,5,91,19.8,0.579,0.0,0.432,8.7,24.9,16.8,7.3,0.0,6.1,13.7,24.8,0.2,0.1,0.3,0.147,-2.8,0.0,-2.8,0.0
Yaroslav Korolev,SF,18,LAC,2005-06,24,127,4.8,0.392,0.233,0.333,4.8,7.0,5.9,10.3,1.2,0.0,14.9,14.7,-0.1,0.1,0.0,-0.013,-4.8,-1.5,-6.3,-0.1
Yaroslav Korolev,SF,19,LAC,2006-07,10,41,8.0,0.322,0.313,0.375,2.9,5.8,4.4,15.4,3.9,0.0,5.1,22.1,-0.1,0.0,0.0,-0.057,-4.8,-2.0,-6.8,-0.1
Yi Jianlian,PF,20,MIL,2007-08,66,1647,11.3,0.485,0.04,0.279,7.3,17.7,12.3,5.3,1.1,2.7,13.4,18.4,-0.1,0.9,0.7,0.022,-3.9,-0.7,-4.6,-1.1
Yi Jianlian,PF,21,NJN,2008-09,61,1421,10.9,0.474,0.28,0.246,5.5,22.0,13.7,7.0,1.1,2.1,11.2,20.5,-0.5,1.3,0.7,0.024,-3.5,-0.8,-4.3,-0.8
Yi Jianlian,PF,22,NJN,2009-10,52,1655,12.3,0.481,0.073,0.343,7.7,18.7,13.0,4.9,1.2,2.3,10.6,20.1,0.0,1.3,1.3,0.037,-3.4,-0.6,-4.0,-0.8
Yi Jianlian,PF,23,WAS,2010-11,63,1112,10.1,0.459,0.037,0.262,7.8,18.0,12.7,3.5,1.2,2.2,11.6,17.4,-0.4,0.8,0.4,0.016,-4.7,-1.2,-5.9,-1.1
Yi Jianlian,PF,24,DAL,2011-12,30,203,10.4,0.433,0.122,0.256,6.7,20.3,13.6,4.1,1.8,3.1,13.3,24.1,-0.3,0.3,0.0,-0.003,-6.9,-0.4,-7.3,-0.3
Yogi Ferrell,PG,23,TOT,2016-17,46,1197,13.1,0.533,0.447,0.226,1.8,9.2,5.3,23.2,1.8,0.7,13.9,19.6,0.8,1.0,1.8,0.072,-0.1,-0.6,-0.7,0.4
Yogi Ferrell,SG,24,DAL,2017-18,82,2282,11.4,0.54,0.492,0.141,1.2,11.2,6.1,13.5,1.4,0.4,9.1,17.0,1.5,1.5,3.0,0.064,-0.4,-0.6,-1.0,0.6
Yogi Ferrell,PG,25,SAC,2018-19,71,1067,12.7,0.55,0.423,0.19,1.2,9.5,5.3,17.0,1.6,0.3,9.5,16.3,1.3,0.6,1.9,0.087,-0.5,-1.8,-2.3,-0.1
Yuta Watanabe,SF,24,MEM,2018-19,15,174,3.3,0.352,0.314,0.196,2.5,17.7,10.0,6.6,1.1,0.5,9.8,15.8,-0.4,0.2,-0.2,-0.065,-8.2,-1.2,-9.3,-0.3
Zabian Dowdell,PG,26,PHO,2010-11,24,292,11.7,0.457,0.08,0.136,2.0,5.9,4.0,27.7,3.5,0.5,18.0,25.0,-0.4,0.2,-0.1,-0.019,-3.5,-1.0,-4.6,-0.2
Zach Collins,C,20,POR,2017-18,66,1045,7.5,0.475,0.391,0.145,4.7,18.2,11.5,7.1,0.8,2.4,15.9,15.4,-0.7,1.3,0.6,0.03,-4.1,0.9,-3.2,-0.3
Zach Collins,C,21,POR,2018-19,77,1356,13.5,0.562,0.303,0.315,8.8,16.5,12.7,7.1,0.9,3.9,14.5,16.6,1.4,1.5,2.9,0.104,-0.9,1.0,0.1,0.7
Zach LaVine,PG,19,MIN,2014-15,77,1902,11.3,0.515,0.247,0.261,1.6,11.6,6.4,24.0,1.4,0.4,20.4,22.0,-0.7,0.0,-0.7,-0.018,-1.7,-2.7,-4.5,-1.2
Zach LaVine,SG,20,MIN,2015-16,82,2294,14.3,0.548,0.33,0.212,1.4,10.1,5.8,18.6,1.5,0.6,12.9,23.5,1.9,0.7,2.6,0.054,1.0,-2.4,-1.4,0.4
Zach LaVine,SG,21,MIN,2016-17,47,1749,14.6,0.576,0.437,0.197,1.2,9.5,5.3,12.6,1.2,0.5,9.9,21.7,2.6,0.4,3.0,0.082,2.2,-2.4,-0.3,0.8
Zach LaVine,SG,22,CHI,2017-18,24,656,14.6,0.499,0.346,0.301,1.4,14.4,7.7,18.6,1.8,0.5,9.7,29.5,-0.1,0.5,0.3,0.025,-0.6,-2.0,-2.7,-0.1
Zach LaVine,SG,23,CHI,2018-19,63,2171,18.7,0.574,0.283,0.33,2.0,12.9,7.4,22.6,1.3,1.0,14.2,30.5,1.7,1.1,2.8,0.062,1.8,-1.7,0.0,1.1
Zach Lofton,SG,26,DET,2018-19,1,4,-10.0,0.0,1.0,0.0,0.0,0.0,0.0,0.0,12.3,0.0,50.0,21.6,-0.1,0.0,0.0,-0.447,-17.0,8.1,-8.9,0.0
Zach Randolph,PF,24,POR,2005-06,74,2545,16.9,0.483,0.045,0.279,9.0,19.1,14.0,11.4,1.2,0.4,10.7,28.8,0.4,0.9,1.3,0.024,-0.8,-2.2,-2.9,-0.6
Zach Randolph,PF,25,POR,2006-07,68,2425,22.8,0.537,0.037,0.374,10.0,25.6,17.6,12.8,1.2,0.5,12.6,33.1,3.8,1.9,5.7,0.112,1.3,-1.4,-0.1,1.1
Zach Randolph,C,26,NYK,2007-08,69,2244,18.0,0.513,0.076,0.273,9.1,27.6,18.0,11.8,1.4,0.6,13.6,27.4,0.9,2.0,3.0,0.063,-1.0,-0.5,-1.5,0.3
Zach Randolph,PF,27,TOT,2008-09,50,1757,19.6,0.531,0.111,0.279,9.9,23.2,16.3,11.5,1.3,0.7,10.4,28.1,1.7,1.4,3.0,0.083,0.3,-1.5,-1.2,0.3
Zach Randolph,C,27,NYK,2008-09,11,388,19.8,0.517,0.127,0.354,10.9,28.3,19.3,6.6,1.7,0.6,9.5,27.1,0.4,0.5,0.9,0.108,-1.5,-1.6,-3.0,-0.1
Zach Randolph,PF,27,LAC,2008-09,39,1369,19.6,0.535,0.107,0.259,9.6,21.7,15.5,12.9,1.1,0.7,10.7,28.4,1.2,0.9,2.2,0.076,0.8,-1.5,-0.7,0.4
Zach Randolph,PF,28,MEM,2009-10,81,3051,21.2,0.546,0.039,0.348,12.6,23.8,18.2,8.2,1.3,0.8,10.1,24.6,7.0,2.7,9.7,0.153,1.8,-0.9,0.9,2.2
Zach Randolph,PF,29,MEM,2010-11,75,2724,22.6,0.552,0.036,0.333,14.2,26.0,20.1,10.2,1.2,0.7,10.0,25.0,6.8,3.7,10.5,0.185,2.6,-0.1,2.5,3.1
Zach Randolph,PF,30,MEM,2011-12,28,735,17.9,0.5,0.028,0.309,12.1,23.9,17.9,11.2,1.5,0.4,11.0,22.4,1.0,1.1,2.1,0.135,-0.1,0.1,0.1,0.4
Zach Randolph,PF,31,MEM,2012-13,76,2607,17.9,0.506,0.022,0.293,13.8,25.1,19.3,7.3,1.3,1.0,11.5,23.1,3.2,4.7,7.9,0.145,-0.5,0.7,0.2,1.4
Zach Randolph,PF,32,MEM,2013-14,79,2705,18.3,0.51,0.017,0.281,11.6,23.3,17.4,12.7,1.1,0.7,12.0,26.1,2.9,3.5,6.4,0.113,0.1,0.4,0.4,1.7
Zach Randolph,PF,33,MEM,2014-15,71,2304,19.5,0.538,0.021,0.32,11.2,25.8,18.5,11.4,1.6,0.5,12.8,24.3,3.4,3.8,7.2,0.149,0.4,1.1,1.5,2.0
Zach Randolph,PF,34,MEM,2015-16,68,2016,18.3,0.519,0.029,0.238,9.7,20.7,15.0,12.9,1.1,0.6,9.5,24.6,2.8,1.5,4.3,0.103,0.3,-1.1,-0.8,0.6
Zach Randolph,PF,35,MEM,2016-17,73,1786,18.5,0.49,0.098,0.2,11.3,27.4,19.2,13.5,1.1,0.5,8.6,29.2,0.8,2.4,3.2,0.086,-1.4,-0.7,-2.1,0.0
Zach Randolph,PF,36,SAC,2017-18,59,1508,17.3,0.529,0.193,0.14,7.0,23.7,15.0,14.9,1.4,0.6,12.5,27.6,0.3,1.2,1.5,0.048,-0.6,-1.2,-1.8,0.1
Zaza Pachulia,C,21,ATL,2005-06,78,2452,15.0,0.53,0.003,0.593,12.6,17.6,15.0,8.5,1.9,1.2,17.3,19.2,2.5,1.4,3.9,0.077,-0.6,-0.3,-0.9,0.7
Zaza Pachulia,C,22,ATL,2006-07,72,2026,16.8,0.562,0.002,0.607,11.7,18.1,14.9,9.2,2.0,1.4,17.2,21.3,2.7,2.1,4.8,0.114,-0.2,0.1,-0.1,1.0
Zaza Pachulia,C,23,ATL,2007-08,62,944,11.0,0.515,0.012,0.624,11.0,19.5,15.3,6.0,1.3,1.0,18.1,18.3,0.2,0.9,1.1,0.054,-3.6,-1.2,-4.8,-0.7
Zaza Pachulia,C,24,ATL,2008-09,77,1473,14.1,0.571,0.009,0.719,13.8,20.9,17.4,6.0,1.3,1.4,17.8,16.3,2.0,1.9,3.9,0.127,-1.5,0.2,-1.3,0.2
Zaza Pachulia,C,25,ATL,2009-10,78,1089,13.1,0.539,0.016,0.581,12.4,19.0,15.7,5.6,1.8,2.2,15.8,15.5,1.2,1.5,2.7,0.121,-1.7,0.8,-0.9,0.3
Zaza Pachulia,C,26,ATL,2010-11,79,1244,12.4,0.562,0.0,0.772,11.6,20.6,16.1,7.0,1.5,1.3,18.2,14.5,1.5,1.6,3.1,0.118,-2.2,0.8,-1.5,0.2
Zaza Pachulia,C,27,ATL,2011-12,58,1640,14.0,0.557,0.0,0.466,11.1,21.5,16.4,7.4,1.8,1.4,16.5,14.0,2.3,2.8,5.0,0.147,-1.0,2.3,1.4,1.4
Zaza Pachulia,C,28,ATL,2012-13,52,1134,13.1,0.534,0.012,0.427,13.5,20.3,17.0,10.3,1.6,0.8,19.6,14.6,1.2,1.5,2.7,0.116,-1.6,1.6,0.0,0.6
Zaza Pachulia,C,29,MIL,2013-14,53,1325,14.0,0.502,0.003,0.372,11.8,17.1,14.4,16.3,1.8,0.9,18.5,17.0,1.0,0.7,1.7,0.06,-1.0,0.3,-0.7,0.4
Zaza Pachulia,C,30,MIL,2014-15,73,1730,15.6,0.506,0.006,0.302,13.1,19.9,16.5,16.2,2.4,1.0,18.2,19.1,1.3,2.9,4.2,0.116,-0.9,2.2,1.4,1.5
Zaza Pachulia,C,31,DAL,2015-16,76,2004,16.2,0.55,0.006,0.587,13.7,25.7,19.7,9.7,1.6,0.9,16.8,16.2,3.4,2.7,6.0,0.145,-0.8,2.2,1.4,1.7
Zaza Pachulia,C,32,GSW,2016-17,70,1268,16.1,0.588,0.007,0.41,12.9,22.0,17.7,13.6,2.2,2.0,19.4,15.3,2.3,2.5,4.7,0.178,-0.3,3.0,2.7,1.5
Zaza Pachulia,C,33,GSW,2017-18,69,972,17.0,0.612,0.004,0.352,11.0,25.0,18.5,15.2,1.9,1.4,19.1,17.0,1.8,1.4,3.3,0.161,-0.5,1.3,0.8,0.7
Zaza Pachulia,C,34,DET,2018-19,68,878,13.7,0.539,0.021,0.642,11.9,21.5,16.5,14.7,1.7,1.6,18.7,15.0,1.1,1.3,2.3,0.128,-2.1,2.4,0.2,0.5
Zendon Hamilton,C,30,TOT,2005-06,12,49,17.6,0.593,0.0,1.286,7.2,19.5,13.3,0.0,4.3,0.0,21.5,26.3,0.0,0.1,0.1,0.098,-5.9,-3.7,-9.6,-0.1
Zendon Hamilton,C,30,CLE,2005-06,11,46,18.2,0.624,0.0,1.231,7.7,20.8,14.2,0.0,3.5,0.0,23.0,26.2,0.0,0.1,0.1,0.108,-5.8,-4.3,-10.1,-0.1
Zendon Hamilton,C,30,PHI,2005-06,1,3,8.2,0.266,0.0,2.0,0.0,0.0,0.0,0.0,17.3,0.0,0.0,28.6,0.0,0.0,0.0,-0.057,-8.4,6.5,-1.9,0.0
Zhaire Smith,SG,19,PHI,2018-19,6,111,9.5,0.533,0.471,0.235,2.9,9.3,6.2,12.3,0.9,1.4,13.8,16.4,0.0,0.1,0.1,0.048,-2.3,-1.7,-4.0,-0.1
Zhou Qi,C,22,HOU,2017-18,18,124,1.9,0.295,0.594,0.375,5.5,14.4,10.0,2.1,0.8,9.6,21.2,16.8,-0.5,0.2,-0.3,-0.104,-10.3,3.1,-7.2,-0.2
Zhou Qi,PF,23,HOU,2018-19,1,1,80.4,1.0,0.0,0.0,0.0,0.0,0.0,0.0,0.0,0.0,0.0,43.4,0.0,0.0,0.0,1.261,22.1,-12.6,9.5,0.0
Zoran Dragić,SG,25,TOT,2014-15,16,75,8.2,0.435,0.467,0.167,7.8,4.6,6.2,11.2,1.4,0.0,13.4,22.9,-0.1,0.0,-0.1,-0.042,-2.5,-4.0,-6.5,-0.1
Zoran Planinić,PG,23,NJN,2005-06,56,596,6.9,0.45,0.306,0.361,2.7,12.0,7.3,15.0,1.8,0.5,16.9,20.2,-0.8,0.8,0.1,0.005,-5.0,-0.4,-5.5,-0.5
Zydrunas Ilgauskas,C,30,CLE,2005-06,78,2283,21.9,0.576,0.006,0.427,12.6,18.1,15.3,7.4,0.9,4.6,12.8,24.6,5.6,3.1,8.7,0.184,0.8,1.0,1.8,2.2
Zydrunas Ilgauskas,C,31,CLE,2006-07,78,2130,18.0,0.527,0.001,0.242,12.9,20.0,16.4,10.2,1.2,3.6,13.8,21.7,2.6,4.0,6.6,0.148,-0.6,2.6,2.0,2.1
Zydrunas Ilgauskas,C,32,CLE,2007-08,73,2222,18.7,0.522,0.001,0.276,13.1,22.2,17.5,8.5,0.8,4.3,12.0,22.9,2.9,3.2,6.1,0.131,-1.3,1.2,-0.1,1.1
Zydrunas Ilgauskas,C,33,CLE,2008-09,65,1765,18.0,0.523,0.054,0.24,11.0,21.6,16.5,6.4,0.9,3.8,10.1,23.8,2.1,3.5,5.6,0.151,-1.9,1.0,-0.9,0.5
Zydrunas Ilgauskas,C,34,CLE,2009-10,64,1339,11.9,0.491,0.053,0.231,10.7,19.6,15.3,5.6,0.5,2.9,11.6,19.0,0.5,2.0,2.5,0.088,-3.3,0.2,-3.2,-0.4
Zydrunas Ilgauskas,C,35,MIA,2010-11,72,1145,12.8,0.531,0.003,0.144,11.9,17.5,14.9,3.6,1.1,4.0,13.3,16.0,1.0,1.9,2.9,0.122,-2.6,1.0,-1.5,0.1
Álex Abrines,SG,24,OKC,2017-18,75,1134,9.0,0.567,0.759,0.158,2.5,8.9,5.6,3.4,1.7,0.6,7.4,12.7,1.3,1.0,2.2,0.094,-0.5,-1.7,-2.2,-0.1
Álex Abrines,SG,25,OKC,2018-19,31,588,6.3,0.507,0.809,0.083,0.9,7.8,4.2,4.3,1.3,0.9,7.9,12.2,0.1,0.6,0.6,0.053,-2.4,-0.9,-3.4,-0.2
Ángel Delgado,C,24,LAC,2018-19,2,15,4.3,0.255,0.0,0.4,14.6,13.7,14.1,0.0,3.1,0.0,0.0,16.5,0.0,0.0,0.0,-0.055,-8.7,-4.0,-12.7,0.0
Élie Okobo,PG,21,PHO,2018-19,53,958,7.6,0.489,0.455,0.162,1.4,10.1,5.7,18.7,1.6,0.6,18.2,17.0,-0.7,0.2,-0.5,-0.027,-3.7,-2.2,-5.9,-0.9
Ömer Aşık,C,24,CHI,2010-11,82,989,11.8,0.559,0.0,1.028,13.7,22.3,18.1,4.7,1.1,4.3,23.8,12.5,0.5,2.2,2.7,0.13,-3.5,3.0,-0.5,0.4
Ömer Aşık,C,25,CHI,2011-12,66,971,13.4,0.509,0.0,0.66,14.9,25.1,20.1,4.8,1.7,5.0,25.2,12.6,0.1,2.5,2.6,0.129,-3.3,4.4,1.1,0.8
Ömer Aşık,C,26,HOU,2012-13,82,2464,14.9,0.558,0.002,0.487,12.8,31.0,22.0,4.6,0.9,2.7,18.8,16.3,2.0,3.5,5.5,0.108,-2.6,1.3,-1.3,0.5
Ömer Aşık,C,27,HOU,2013-14,48,968,14.0,0.57,0.0,0.663,12.3,30.1,21.7,3.8,0.7,2.8,19.4,13.8,1.0,1.5,2.4,0.121,-3.1,0.7,-2.4,-0.1
Ömer Aşık,C,28,NOP,2014-15,76,1982,15.5,0.545,0.0,0.546,14.0,28.8,21.4,5.4,0.8,2.1,15.7,14.0,2.8,2.2,5.0,0.12,-1.3,0.6,-0.7,0.6
Ömer Aşık,C,29,NOP,2015-16,68,1178,11.0,0.551,0.0,0.574,10.9,28.7,19.5,3.1,0.9,1.6,19.7,11.4,0.7,1.0,1.7,0.07,-4.0,-0.2,-4.2,-0.7
Ömer Aşık,C,31,TOT,2017-18,18,182,3.1,0.397,0.0,0.591,5.5,22.2,14.0,2.1,0.5,1.9,24.5,8.7,-0.2,0.2,-0.1,-0.021,-8.1,0.0,-8.1,-0.3
Šarūnas Jasikevičius,PG,29,IND,2005-06,75,1557,12.9,0.561,0.55,0.31,1.5,9.6,5.7,24.4,1.4,0.2,19.2,18.0,1.6,1.7,3.3,0.103,0.3,-0.9,-0.6,0.6
Šarūnas Jasikevičius,SG,30,TOT,2006-07,63,973,12.4,0.531,0.404,0.295,1.7,6.4,4.0,28.3,1.3,0.1,19.8,20.6,0.6,0.5,1.1,0.056,-1.0,-3.5,-4.5,-0.6
Šarūnas Jasikevičius,SG,30,IND,2006-07,37,664,12.9,0.548,0.389,0.29,1.7,6.7,4.2,28.4,1.0,0.0,19.1,20.8,0.6,0.4,1.0,0.072,-0.2,-3.5,-3.8,-0.3
Šarūnas Jasikevičius,PG,30,GSW,2006-07,26,309,11.3,0.493,0.436,0.307,1.7,5.8,3.7,28.0,2.0,0.2,21.3,20.1,0.0,0.2,0.2,0.023,-2.5,-3.5,-6.0,-0.3
Žarko Čabarkapa,PF,24,GSW,2005-06,61,505,9.9,0.472,0.115,0.483,8.0,16.7,12.3,6.5,1.3,1.0,14.2,21.7,-0.2,0.5,0.3,0.031,-4.8,-1.4,-6.3,-0.5
Željko Rebrača,C,33,LAC,2005-06,29,412,10.7,0.592,0.0,0.427,3.8,13.8,9.0,3.5,0.6,3.5,17.4,15.5,0.2,0.5,0.7,0.086,-3.8,0.4,-3.4,-0.1
